x1,y1,x2,y2,x3,y3,x4,y4,x5,y5,x6,y6,x7,y7,x8,y8,x9,y9,x10,y10
0.126731,-0.463977,0.126731,-0.216039,0.126731,-0.110083,0.126731,-0.207563,0.126731,-0.110083,0.126731,-0.110083,0.126731,-0.228754,0.126731,-0.634567,0.126731,-0.237231,0.126731,-0.749733
0.137750,-0.462918,0.137750,-0.216039,0.137750,-0.110083,0.137750,-0.213920,0.137750,-0.110083,0.137750,-0.110083,0.137750,-0.266898,0.137750,-0.618674,0.137750,-0.311400,0.137750,-0.813633
0.148769,-0.461858,0.148769,-0.216039,0.148769,-0.110083,0.148769,-0.220278,0.148769,-0.110083,0.148769,-0.110083,0.148769,-0.305043,0.148769,-0.661056,0.148769,-0.385569,0.148769,-0.877533
0.159789,-0.460799,0.159789,-0.216039,0.159789,-0.110083,0.159789,-0.226635,0.159789,-0.110083,0.159789,-0.133923,0.159789,-0.343187,0.159789,-0.661056,0.159789,-0.470335,0.159789,-0.941433
0.170808,-0.459739,0.170808,-0.216039,0.170808,-0.110083,0.170808,-0.232992,0.170808,-0.110083,0.170808,-0.218158,0.170808,-0.381331,0.170808,-0.752885,0.170808,-0.491526,0.170808,-1.005333
0.181827,-0.458679,0.181827,-0.216039,0.181827,-0.110083,0.181827,-0.239350,0.181827,-0.110083,0.181827,-0.302394,0.181827,-0.419476,0.181827,-0.899458,0.181827,-0.512717,0.181827,-1.069233
0.192846,-0.457620,0.192846,-0.216039,0.192846,-0.110083,0.192846,-0.245707,0.192846,-0.110083,0.192846,-0.386629,0.192846,-0.457620,0.192846,-0.936543,0.192846,-0.555100,0.192846,-1.133133
0.203866,-0.456560,0.203866,-0.216039,0.203866,-0.110083,0.203866,-0.252064,0.203866,-0.110083,0.203866,-0.470864,0.203866,-0.495764,0.203866,-0.976571,0.203866,-0.639865,0.203866,-1.197032
0.214885,-0.455501,0.214885,-0.216039,0.214885,-0.110083,0.214885,-0.258422,0.214885,-0.110083,0.214885,-0.555100,0.214885,-0.533908,0.214885,-0.989521,0.214885,-0.661056,0.214885,-1.260932
0.225904,-0.454441,0.225904,-0.216039,0.225904,-0.110083,0.225904,-0.264779,0.225904,-0.110083,0.225904,-0.618674,0.225904,-0.572053,0.225904,-1.021308,0.225904,-0.724630,0.225904,-1.324832
0.236923,-0.453382,0.236923,-0.216039,0.236923,-0.110083,0.236923,-0.271137,0.236923,-0.110083,0.236923,-0.724630,0.236923,-0.610197,0.236923,-1.084882,0.236923,-0.809395,0.236923,-1.388732
0.247943,-0.452322,0.247943,-0.216039,0.247943,-0.110083,0.247943,-0.277494,0.247943,-0.110083,0.247943,-0.745821,0.247943,-0.648341,0.247943,-1.084882,0.247943,-0.851778,0.247943,-1.452632
0.258962,-0.451262,0.258962,-0.216039,0.258962,-0.110083,0.258962,-0.283851,0.258962,-0.110083,0.258962,-0.830586,0.258962,-0.686486,0.258962,-1.106073,0.258962,-0.894160,0.258962,-1.516532
0.269981,-0.450203,0.269981,-0.216039,0.269981,-0.110083,0.269981,-0.290209,0.269981,-0.110083,0.269981,-0.883565,0.269981,-0.724630,0.269981,-1.116669,0.269981,-0.936543,0.269981,-1.580432
0.281000,-0.449143,0.281000,-0.216039,0.281000,-0.110083,0.281000,-0.296566,0.281000,-0.110083,0.281000,-0.936543,0.281000,-0.788204,0.281000,-1.127264,0.281000,-1.060159,0.281000,-1.644331
0.292020,-0.448084,0.292020,-0.216039,0.292020,-0.110083,0.292020,-0.302923,0.292020,-0.110083,0.292020,-1.033669,0.292020,-0.894160,0.292020,-1.169647,0.292020,-1.183774,0.292020,-1.708231
0.303039,-0.447024,0.303039,-0.216039,0.303039,-0.110083,0.303039,-0.309281,0.303039,-0.110083,0.303039,-1.130796,0.303039,-0.915351,0.303039,-1.190838,0.303039,-1.307390,0.303039,-1.772131
0.314058,-0.445965,0.314058,-0.216039,0.314058,-0.110083,0.314058,-0.315638,0.314058,-0.110083,0.314058,-1.227923,0.314058,-0.957734,0.314058,-1.243816,0.314058,-1.431006,0.314058,-1.836031
0.325078,-0.444905,0.325078,-0.216039,0.325078,-0.110083,0.325078,-0.321996,0.325078,-0.110083,0.325078,-1.325049,0.325078,-0.978925,0.325078,-1.296794,0.325078,-1.554622,0.325078,-1.899931
0.336097,-0.443845,0.336097,-0.216039,0.336097,-0.110083,0.336097,-0.328353,0.336097,-0.110083,0.336097,-1.422176,0.336097,-1.000117,0.336097,-1.317986,0.336097,-1.678237,0.336097,-1.963831
0.347116,-0.442786,0.347116,-0.216039,0.347116,-0.110083,0.347116,-0.334710,0.347116,-0.110083,0.347116,-1.519303,0.347116,-1.063690,0.347116,-1.339177,0.347116,-1.678237,0.347116,-2.027731
0.358135,-0.441726,0.358135,-0.216039,0.358135,-0.110083,0.358135,-0.341068,0.358135,-0.110083,0.358135,-1.616430,0.358135,-1.084882,0.358135,-1.360368,0.358135,-1.741811,0.358135,-2.091630
0.369155,-0.440667,0.369155,-0.216039,0.369155,-0.110083,0.369155,-0.347425,0.369155,-0.110083,0.369155,-1.713556,0.369155,-1.106073,0.369155,-1.423942,0.369155,-1.868959,0.369155,-2.155530
0.380174,-0.439607,0.380174,-0.216039,0.380174,-0.110083,0.380174,-0.353783,0.380174,-0.110083,0.380174,-1.810683,0.380174,-1.127264,0.380174,-1.466325,0.380174,-1.890150,0.380174,-2.219430
0.391193,-0.438548,0.391193,-0.216039,0.391193,-0.110083,0.391193,-0.360140,0.391193,-0.110083,0.391193,-1.907810,0.391193,-1.169647,0.391193,-1.508707,0.391193,-1.932533,0.391193,-2.283330
0.402212,-0.437488,0.402212,-0.216039,0.402212,-0.110083,0.402212,-0.366497,0.402212,-0.110083,0.402212,-2.004936,0.402212,-1.212029,0.402212,-1.561685,0.402212,-1.953724,0.402212,-2.347230
0.413232,-0.436429,0.413232,-0.216039,0.413232,-0.110083,0.413232,-0.372855,0.413232,-0.110083,0.413232,-2.102063,0.413232,-1.248357,0.413232,-1.614664,0.413232,-2.073808,0.413232,-2.411130
0.424251,-0.435369,0.424251,-0.216039,0.424251,-0.120678,0.424251,-0.379212,0.424251,-0.110083,0.424251,-2.144446,0.424251,-1.275603,0.424251,-1.699429,0.424251,-2.144446,0.424251,-2.475030
0.435270,-0.434309,0.435270,-0.216039,0.435270,-0.131274,0.435270,-0.385569,0.435270,-0.110083,0.435270,-2.239806,0.435270,-1.317986,0.435270,-1.741811,0.435270,-2.156555,0.435270,-2.538929
0.446289,-0.433250,0.446289,-0.216039,0.446289,-0.141870,0.446289,-0.385569,0.446289,-0.110083,0.446289,-2.203310,0.446289,-1.360368,0.446289,-1.805385,0.446289,-2.252328,0.446289,-2.602829
0.457309,-0.432190,0.457309,-0.216039,0.457309,-0.152465,0.457309,-0.406761,0.457309,-0.110083,0.457309,-2.166814,0.457309,-1.402751,0.457309,-1.847768,0.457309,-2.381788,0.457309,-2.666729
0.468328,-0.431131,0.468328,-0.216039,0.468328,-0.163061,0.468328,-0.406761,0.468328,-0.110083,0.468328,-2.130318,0.468328,-1.466325,0.468328,-1.890150,0.468328,-2.466553,0.468328,-2.730629
0.479347,-0.430071,0.479347,-0.216039,0.479347,-0.173657,0.479347,-0.406761,0.479347,-0.110083,0.479347,-2.093822,0.479347,-1.487516,0.479347,-1.890150,0.479347,-2.551318,0.479347,-2.794529
0.490367,-0.429012,0.490367,-0.216039,0.490367,-0.184252,0.490367,-0.406761,0.490367,-0.110083,0.490367,-2.057326,0.490367,-1.487516,0.490367,-1.980566,0.490367,-2.638909,0.490367,-2.858429
0.501386,-0.427952,0.501386,-0.216039,0.501386,-0.194848,0.501386,-0.406761,0.501386,-0.110083,0.501386,-2.020830,0.501386,-1.572281,0.501386,-2.070983,0.501386,-2.773120,0.501386,-2.922329
0.512405,-0.426892,0.512405,-0.216039,0.512405,-0.205444,0.512405,-0.406761,0.512405,-0.110083,0.512405,-1.984334,0.512405,-1.614664,0.512405,-2.161399,0.512405,-2.810457,0.512405,-2.986228
0.523424,-0.425833,0.523424,-0.216039,0.523424,-0.216039,0.523424,-0.449143,0.523424,-0.110083,0.523424,-1.947838,0.523424,-1.614664,0.523424,-2.251815,0.523424,-2.846785,0.523424,-3.050128
0.534444,-0.424773,0.534444,-0.216039,0.534444,-0.226635,0.534444,-0.449143,0.534444,-0.110083,0.534444,-1.911342,0.534444,-1.635855,0.534444,-2.342231,0.534444,-2.907332,0.534444,-3.114028
0.545463,-0.423714,0.545463,-0.216039,0.545463,-0.237231,0.545463,-0.466096,0.545463,-0.110083,0.545463,-1.974915,0.545463,-1.678237,0.545463,-2.335167,0.545463,-2.992097,0.545463,-3.177928
0.556482,-0.422654,0.556482,-0.216039,0.556482,-0.247826,0.556482,-0.470335,0.556482,-0.110083,0.556482,-2.038489,0.556482,-1.699429,0.556482,-2.335167,0.556482,-3.013288,0.556482,-3.241828
0.567501,-0.421595,0.567501,-0.216039,0.567501,-0.258422,0.567501,-0.470335,0.567501,-0.110083,0.567501,-2.038489,0.567501,-1.699429,0.567501,-2.356358,0.567501,-3.055671,0.567501,-3.305728
0.578521,-0.420535,0.578521,-0.216039,0.578521,-0.269017,0.578521,-0.470335,0.578521,-0.110083,0.578521,-2.059680,0.578521,-1.720620,0.578521,-2.441124,0.578521,-3.140436,0.578521,-3.369628
0.589540,-0.419476,0.589540,-0.216039,0.589540,-0.279613,0.589540,-0.491526,0.589540,-0.110083,0.589540,-2.113836,0.589540,-1.720620,0.589540,-2.483506,0.589540,-3.175755,0.589540,-3.433527
0.600559,-0.418416,0.600559,-0.216039,0.600559,-0.290209,0.600559,-0.491526,0.600559,-0.110083,0.600559,-2.167991,0.600559,-1.763003,0.600559,-2.561207,0.600559,-3.225201,0.600559,-3.497427
0.611578,-0.417356,0.611578,-0.216039,0.611578,-0.300804,0.611578,-0.491526,0.611578,-0.110083,0.611578,-2.222147,0.611578,-1.805385,0.611578,-2.610654,0.611578,-3.325103,0.611578,-3.561327
0.622598,-0.416297,0.622598,-0.216039,0.622598,-0.311400,0.622598,-0.512717,0.622598,-0.110083,0.622598,-2.276302,0.622598,-1.847768,0.622598,-2.665146,0.622598,-3.415922,0.622598,-3.625227
0.633617,-0.415237,0.633617,-0.216039,0.633617,-0.321996,0.633617,-0.491526,0.633617,-0.110083,0.633617,-2.330458,0.633617,-1.864721,0.633617,-2.716610,0.633617,-3.452250,0.633617,-3.689127
0.644636,-0.414178,0.644636,-0.216039,0.644636,-0.332591,0.644636,-0.512717,0.644636,-0.110083,0.644636,-2.384613,0.644636,-1.911342,0.644636,-2.758993,0.644636,-3.516581,0.644636,-3.753027
0.655656,-0.413118,0.655656,-0.216039,0.655656,-0.343187,0.655656,-0.512717,0.655656,-0.110083,0.655656,-2.438769,0.655656,-1.890150,0.655656,-2.822567,0.655656,-3.564261,0.655656,-3.816927
0.666675,-0.412059,0.666675,-0.216039,0.666675,-0.353783,0.666675,-0.512717,0.666675,-0.110083,0.666675,-2.492924,0.666675,-1.904278,0.666675,-2.886140,0.666675,-3.606644,0.666675,-3.880826
0.677694,-0.410999,0.677694,-0.216039,0.677694,-0.364378,0.677694,-0.512717,0.677694,-0.110083,0.677694,-2.547080,0.677694,-1.953724,0.677694,-2.907332,0.677694,-3.627835,0.677694,-3.944726
0.688713,-0.409939,0.688713,-0.216039,0.688713,-0.374974,0.688713,-0.512717,0.688713,-0.110083,0.688713,-2.589462,0.688713,-2.017298,0.688713,-2.949714,0.688713,-3.733792,0.688713,-4.008626
0.699733,-0.408880,0.699733,-0.216039,0.699733,-0.385569,0.699733,-0.512717,0.699733,-0.110083,0.699733,-2.631845,0.699733,-2.017298,0.699733,-2.992097,0.699733,-3.747919,0.699733,-4.072526
0.710752,-0.407820,0.710752,-0.216039,0.710752,-0.396165,0.710752,-0.512717,0.710752,-0.110083,0.710752,-2.661513,0.710752,-2.017298,0.710752,-3.045075,0.710752,-3.818557,0.710752,-4.136426
0.721771,-0.406761,0.721771,-0.216039,0.721771,-0.406761,0.721771,-0.533908,0.721771,-0.110083,0.721771,-2.737801,0.721771,-2.080872,0.721771,-3.098053,0.721771,-3.903322,0.721771,-4.200326
0.732790,-0.405701,0.732790,-0.216039,0.732790,-0.417356,0.732790,-0.533908,0.732790,-0.110083,0.732790,-2.808439,0.732790,-2.144446,0.732790,-3.127721,0.732790,-3.988087,0.732790,-4.264226
0.743810,-0.404642,0.743810,-0.216039,0.743810,-0.427952,0.743810,-0.560398,0.743810,-0.110083,0.743810,-2.843758,0.743810,-2.144446,0.743810,-3.151031,0.743810,-3.988087,0.743810,-4.328125
0.754829,-0.403582,0.754829,-0.216039,0.754829,-0.438548,0.754829,-0.555100,0.754829,-0.110083,0.754829,-2.875545,0.754829,-2.165637,0.754829,-3.182818,0.754829,-4.072852,0.754829,-4.392025
0.765848,-0.402522,0.765848,-0.216039,0.765848,-0.449143,0.765848,-0.576291,0.765848,-0.110083,0.765848,-2.907332,0.765848,-2.208019,0.765848,-3.225201,0.765848,-4.168213,0.765848,-4.455925
0.776868,-0.401463,0.776868,-0.216039,0.776868,-0.459739,0.776868,-0.597482,0.776868,-0.110083,0.776868,-2.949714,0.776868,-2.229211,0.776868,-3.309966,0.776868,-4.295360,0.776868,-4.519825
0.787887,-0.400403,0.787887,-0.216039,0.787887,-0.470335,0.787887,-0.618674,0.787887,-0.110083,0.787887,-2.992097,0.787887,-2.271593,0.787887,-3.331157,0.787887,-4.327147,0.787887,-4.583725
0.798906,-0.399344,0.798906,-0.216039,0.798906,-0.480930,0.798906,-0.618674,0.798906,-0.110083,0.798906,-3.013288,0.798906,-2.313976,0.798906,-3.394731,0.798906,-4.411912,0.798906,-4.647625
0.809925,-0.398284,0.809925,-0.216039,0.809925,-0.491526,0.809925,-0.639865,0.809925,-0.120678,0.809925,-3.076862,0.809925,-2.342231,0.809925,-3.426518,0.809925,-4.517869,0.809925,-4.711525
0.820945,-0.397225,0.820945,-0.216039,0.820945,-0.502122,0.820945,-0.639865,0.820945,-0.136572,0.820945,-3.076862,0.820945,-2.356358,0.820945,-3.458305,0.820945,-4.560251,0.820945,-4.775424
0.831964,-0.396165,0.831964,-0.216039,0.831964,-0.512717,0.831964,-0.682247,0.831964,-0.152465,0.831964,-3.133372,0.831964,-2.377550,0.831964,-3.479496,0.831964,-4.602634,0.831964,-4.839324
0.842983,-0.395106,0.842983,-0.216039,0.842983,-0.523313,0.842983,-0.682247,0.842983,-0.168359,0.842983,-3.161627,0.842983,-2.388145,0.842983,-3.543070,0.842983,-4.645017,0.842983,-4.903224
0.854002,-0.394046,0.854002,-0.216039,0.854002,-0.533908,0.854002,-0.673771,0.854002,-0.184252,0.854002,-3.235796,0.854002,-2.398741,0.854002,-3.564261,0.854002,-4.670446,0.854002,-4.967124
0.865022,-0.392986,0.865022,-0.216039,0.865022,-0.544504,0.865022,-0.673771,0.865022,-0.200146,0.865022,-3.309966,0.865022,-2.462315,0.865022,-3.606644,0.865022,-4.760055,0.865022,-5.031024
0.876041,-0.391927,0.876041,-0.216039,0.876041,-0.555100,0.876041,-0.697384,0.876041,-0.216039,0.876041,-3.331157,0.876041,-2.547080,0.876041,-3.627835,0.876041,-4.772164,0.876041,-5.094924
0.887060,-0.390867,0.887060,-0.216039,0.887060,-0.555100,0.887060,-0.788204,0.887060,-0.231933,0.887060,-3.345285,0.887060,-2.568271,0.887060,-3.649026,0.887060,-4.786292,0.887060,-5.158824
0.898079,-0.389808,0.898079,-0.216039,0.898079,-0.582648,0.898079,-0.830586,0.898079,-0.247826,0.898079,-3.359412,0.898079,-2.589462,0.898079,-3.670218,0.898079,-4.916265,0.898079,-5.222723
0.909099,-0.388748,0.909099,-0.216039,0.909099,-0.610197,0.909099,-0.851778,0.909099,-0.263720,0.909099,-3.352348,0.909099,-2.589462,0.909099,-3.744387,0.909099,-4.997851,0.909099,-5.286623
0.920118,-0.387689,0.920118,-0.216039,0.920118,-0.632801,0.920118,-0.872969,0.920118,-0.279613,0.920118,-3.426518,0.920118,-2.610654,0.920118,-3.776174,0.920118,-5.079438,0.920118,-5.350523
0.931137,-0.386629,0.931137,-0.216039,0.931137,-0.632801,0.931137,-0.872969,0.931137,-0.295507,0.931137,-3.430050,0.931137,-2.653036,0.931137,-3.860939,0.931137,-5.132416,0.931137,-5.414423
0.942157,-0.385569,0.942157,-0.216039,0.942157,-0.661056,0.942157,-0.936543,0.942157,-0.311400,0.942157,-3.534593,0.942157,-2.716610,0.942157,-3.903322,0.942157,-5.238372,0.942157,-5.478323
0.953176,-0.384510,0.953176,-0.216039,0.953176,-0.661056,0.953176,-0.936543,0.953176,-0.327293,0.953176,-3.599580,0.953176,-2.758993,0.953176,-3.945704,0.953176,-5.259564,0.953176,-5.542223
0.964195,-0.383450,0.964195,-0.216039,0.964195,-0.682247,0.964195,-0.936543,0.964195,-0.343187,0.964195,-3.613708,0.964195,-2.780184,0.964195,-4.009278,0.964195,-5.280755,0.964195,-5.606122
0.975214,-0.382391,0.975214,-0.216039,0.975214,-0.682247,0.975214,-0.936543,0.975214,-0.359080,0.975214,-3.712600,0.975214,-2.801375,0.975214,-4.051661,0.975214,-5.331614,0.975214,-5.670022
0.986234,-0.381331,0.986234,-0.216039,0.986234,-0.703439,0.986234,-0.957734,0.986234,-0.374974,0.986234,-3.754983,0.986234,-2.864949,0.986234,-4.094043,0.986234,-5.464413,0.986234,-5.733922
0.997253,-0.380272,0.997253,-0.216039,0.997253,-0.724630,0.997253,-0.957734,0.997253,-0.390867,0.997253,-3.780412,0.997253,-2.886140,0.997253,-4.115235,0.997253,-5.480558,0.997253,-5.797822
1.008272,-0.379212,1.008272,-0.216039,1.008272,-0.724630,1.008272,-0.957734,1.008272,-0.406761,1.008272,-3.860939,1.008272,-2.928523,1.008272,-4.136426,1.008272,-5.513859,1.008272,-5.861722
1.019291,-0.378153,1.019291,-0.216039,1.019291,-0.724630,1.019291,-0.957734,1.019291,-0.422654,1.019291,-3.882130,1.019291,-2.949714,1.019291,-4.221191,1.019291,-5.585909,1.019291,-5.925622
1.030311,-0.377093,1.030311,-0.216039,1.030311,-0.745821,1.030311,-0.957734,1.030311,-0.438548,1.030311,-3.896258,1.030311,-2.992097,1.030311,-4.305956,1.030311,-5.630176,1.030311,-5.989522
1.041330,-0.376033,1.041330,-0.216039,1.041330,-0.745821,1.041330,-0.978925,1.041330,-0.454441,1.041330,-3.914624,1.041330,-3.034479,1.041330,-4.305956,1.041330,-5.674442,1.041330,-6.053421
1.052349,-0.374974,1.052349,-0.216039,1.052349,-0.745821,1.052349,-0.978925,1.052349,-0.470335,1.052349,-3.932990,1.052349,-3.034479,1.052349,-4.327147,1.052349,-5.718708,1.052349,-6.117321
1.063368,-0.373914,1.063368,-0.216039,1.063368,-0.745821,1.063368,-0.978925,1.063368,-0.486228,1.063368,-4.007583,1.063368,-3.055671,1.063368,-4.348339,1.063368,-5.746963,1.063368,-6.181221
1.074388,-0.372855,1.074388,-0.216039,1.074388,-0.745821,1.074388,-0.978925,1.074388,-0.502122,1.074388,-4.082176,1.074388,-3.076862,1.074388,-4.426040,1.074388,-5.831728,1.074388,-6.245121
1.085407,-0.371795,1.085407,-0.216039,1.085407,-0.767012,1.085407,-1.000117,1.085407,-0.518015,1.085407,-4.156769,1.085407,-3.140436,1.085407,-4.454295,1.085407,-5.909429,1.085407,-6.309021
1.096426,-0.370736,1.096426,-0.216039,1.096426,-0.767012,1.096426,-1.000117,1.096426,-0.533908,1.096426,-4.231363,1.096426,-3.161627,1.096426,-4.496678,1.096426,-6.001258,1.096426,-6.372921
1.107446,-0.369676,1.107446,-0.216039,1.107446,-0.767012,1.107446,-1.000117,1.107446,-0.549802,1.107446,-4.305956,1.107446,-3.204010,1.107446,-4.623825,1.107446,-6.101917,1.107446,-6.436821
1.118465,-0.368616,1.118465,-0.216039,1.118465,-0.788204,1.118465,-1.042499,1.118465,-0.565695,1.118465,-4.348339,1.118465,-3.225201,1.118465,-4.623825,1.118465,-6.170789,1.118465,-6.500720
1.129484,-0.367557,1.129484,-0.216039,1.129484,-0.788204,1.129484,-1.063690,1.129484,-0.581589,1.129484,-4.369530,1.129484,-3.297251,1.129484,-4.729782,1.129484,-6.191980,1.129484,-6.564620
1.140503,-0.366497,1.140503,-0.216039,1.140503,-0.788204,1.140503,-1.063690,1.140503,-0.597482,1.140503,-4.369530,1.140503,-3.309966,1.140503,-4.772164,1.140503,-6.244958,1.140503,-6.628520
1.151523,-0.365438,1.151523,-0.216039,1.151523,-0.809395,1.151523,-1.063690,1.151523,-0.613376,1.151523,-4.369530,1.151523,-3.345285,1.151523,-4.814547,1.151523,-6.276745,1.151523,-6.692420
1.162542,-0.364378,1.162542,-0.216039,1.162542,-0.809395,1.162542,-1.063690,1.162542,-0.629269,1.162542,-4.369530,1.162542,-3.331157,1.162542,-4.873882,1.162542,-6.345617,1.162542,-6.756320
1.173561,-0.363319,1.173561,-0.216039,1.173561,-0.809395,1.173561,-1.063690,1.173561,-0.645163,1.173561,-4.369530,1.173561,-3.415922,1.173561,-4.941694,1.173561,-6.414488,1.173561,-6.820220
1.184580,-0.362259,1.184580,-0.216039,1.184580,-0.809395,1.184580,-1.084882,1.184580,-0.661056,1.184580,-4.369530,1.184580,-3.437114,1.184580,-5.005268,1.184580,-6.509849,1.184580,-6.884120
1.195600,-0.361200,1.195600,-0.216039,1.195600,-0.809395,1.195600,-1.084882,1.195600,-0.676950,1.195600,-4.397785,1.195600,-3.437114,1.195600,-5.026460,1.195600,-6.526802,1.195600,-6.948019
1.206619,-0.360140,1.206619,-0.216039,1.206619,-0.745821,1.206619,-1.106073,1.206619,-0.692843,1.206619,-4.426040,1.206619,-3.479496,1.206619,-5.047651,1.206619,-6.611567,1.206619,-7.011919
1.217638,-0.359080,1.217638,-0.216039,1.217638,-0.728868,1.217638,-1.106073,1.217638,-0.708736,1.217638,-4.454295,1.217638,-3.521879,1.217638,-5.060366,1.217638,-6.721762,1.217638,-7.075819
1.228658,-0.358021,1.228658,-0.216039,1.228658,-0.767012,1.228658,-1.106073,1.228658,-0.724630,1.228658,-4.581443,1.228658,-3.543070,1.228658,-5.132416,1.228658,-6.848909,1.228658,-7.139719
1.239677,-0.356961,1.239677,-0.216039,1.239677,-0.767012,1.239677,-1.106073,1.239677,-0.740523,1.239677,-4.676803,1.239677,-3.606644,1.239677,-5.132416,1.239677,-6.882816,1.239677,-7.203619
1.250696,-0.355902,1.250696,-0.216039,1.250696,-0.802331,1.250696,-1.106073,1.250696,-0.756417,1.250696,-4.743909,1.250696,-3.627835,1.250696,-5.206585,1.250696,-6.933675,1.250696,-7.267519
1.261715,-0.354842,1.261715,-0.216039,1.261715,-0.830586,1.261715,-1.127264,1.261715,-0.772310,1.261715,-4.811015,1.261715,-3.641963,1.261715,-5.301946,1.261715,-6.976057,1.261715,-7.331419
1.272735,-0.353783,1.272735,-0.216039,1.272735,-0.872969,1.272735,-1.106073,1.272735,-0.788204,1.272735,-4.878121,1.272735,-3.670218,1.272735,-5.323137,1.272735,-7.018440,1.272735,-7.395318
1.283754,-0.352723,1.283754,-0.216039,1.283754,-0.889922,1.283754,-1.106073,1.283754,-0.804097,1.283754,-4.899312,1.283754,-3.691409,1.283754,-5.386711,1.283754,-7.145587,1.283754,-7.459218
1.294773,-0.351663,1.294773,-0.216039,1.294773,-0.936543,1.294773,-1.127264,1.294773,-0.819991,1.294773,-4.899312,1.294773,-3.754983,1.294773,-5.429094,1.294773,-7.173842,1.294773,-7.523118
1.305792,-0.350604,1.305792,-0.216039,1.305792,-0.940781,1.305792,-1.169647,1.305792,-0.835884,1.305792,-4.899312,1.305792,-3.776174,1.305792,-5.471476,1.305792,-7.230353,1.305792,-7.587018
1.316812,-0.349544,1.316812,-0.216039,1.316812,-0.957734,1.316812,-1.169647,1.316812,-0.851778,1.316812,-4.962886,1.316812,-3.818557,1.316812,-5.506795,1.316812,-7.315118,1.316812,-7.650918
1.327831,-0.348485,1.327831,-0.216039,1.327831,-0.925947,1.327831,-1.190838,1.327831,-0.867671,1.327831,-5.026460,1.327831,-3.850344,1.327831,-5.577433,1.327831,-7.315118,1.327831,-7.714818
1.338850,-0.347425,1.338850,-0.216039,1.338850,-0.851778,1.338850,-1.190838,1.338850,-0.883565,1.338850,-5.047651,1.338850,-3.860939,1.338850,-5.602862,1.338850,-7.336309,1.338850,-7.778718
1.349869,-0.346366,1.349869,-0.216039,1.349869,-0.851778,1.349869,-1.169647,1.349869,-0.899458,1.349869,-5.068842,1.349869,-3.882130,1.349869,-5.630411,1.349869,-7.410478,1.349869,-7.842617
1.360889,-0.345306,1.360889,-0.216039,1.360889,-0.851778,1.360889,-1.169647,1.360889,-0.915351,1.360889,-5.174798,1.360889,-3.924513,1.360889,-5.704580,1.360889,-7.484648,1.360889,-7.906517
1.371908,-0.344246,1.371908,-0.216039,1.371908,-0.851778,1.371908,-1.190838,1.371908,-0.931245,1.371908,-5.190692,1.371908,-3.945704,1.371908,-5.736367,1.371908,-7.558817,1.371908,-7.970417
1.382927,-0.343187,1.382927,-0.216039,1.382927,-0.851778,1.382927,-1.212029,1.382927,-0.947138,1.382927,-5.206585,1.382927,-4.009278,1.382927,-5.768154,1.382927,-7.632987,1.382927,-8.034317
1.393947,-0.342127,1.393947,-0.216039,1.393947,-0.857832,1.393947,-1.275603,1.393947,-0.963032,1.393947,-5.222479,1.393947,-4.041065,1.393947,-5.789346,1.393947,-7.664774,1.393947,-8.098217
1.404966,-0.341068,1.404966,-0.216039,1.404966,-0.863887,1.404966,-1.275603,1.404966,-0.978925,1.404966,-5.238372,1.404966,-4.019874,1.404966,-5.848681,1.404966,-7.738943,1.404966,-8.162117
1.415985,-0.340008,1.415985,-0.216039,1.415985,-0.869942,1.415985,-1.268539,1.415985,-0.994819,1.415985,-5.301946,1.415985,-4.072852,1.415985,-5.916493,1.415985,-7.816645,1.415985,-8.226017
1.427004,-0.338949,1.427004,-0.216039,1.427004,-0.875996,1.427004,-1.275603,1.427004,-1.010712,1.427004,-5.301946,1.427004,-4.094043,1.427004,-5.899540,1.427004,-7.887282,1.427004,-8.289916
1.438024,-0.337889,1.438024,-0.216039,1.438024,-0.882051,1.438024,-1.317986,1.438024,-1.026606,1.438024,-5.379647,1.438024,-4.115235,1.438024,-6.022450,1.438024,-7.908473,1.438024,-8.332299
1.449043,-0.336830,1.449043,-0.216039,1.449043,-0.888106,1.449043,-1.275603,1.449043,-1.042499,1.449043,-5.386711,1.449043,-4.157617,1.449043,-6.064832,1.449043,-7.972047,1.449043,-8.438255
1.460062,-0.335770,1.460062,-0.216039,1.460062,-0.894160,1.460062,-1.296794,1.460062,-1.058393,1.460062,-5.386711,1.460062,-4.178808,1.460062,-6.086023,1.460062,-8.102727,1.460062,-8.459447
1.471081,-0.334710,1.471081,-0.216039,1.471081,-0.894160,1.471081,-1.339177,1.471081,-1.074286,1.471081,-5.441809,1.471081,-4.221191,1.471081,-6.128406,1.471081,-8.233406,1.471081,-8.551276
1.482101,-0.333651,1.482101,-0.216039,1.482101,-0.894160,1.482101,-1.339177,1.482101,-1.090179,1.482101,-5.496906,1.482101,-4.221191,1.482101,-6.149597,1.482101,-8.311108,1.482101,-8.643104
1.493120,-0.332591,1.493120,-0.216039,1.493120,-0.894160,1.493120,-1.339177,1.493120,-1.106073,1.493120,-5.552003,1.493120,-4.242382,1.493120,-6.202575,1.493120,-8.374682,1.493120,-8.734933
1.504139,-0.331532,1.504139,-0.216039,1.504139,-0.894160,1.504139,-1.339177,1.504139,-1.121966,1.504139,-5.607101,1.504139,-4.263573,1.504139,-6.255554,1.504139,-8.374682,1.504139,-8.819698
1.515158,-0.330472,1.515158,-0.216039,1.515158,-0.936543,1.515158,-1.360368,1.515158,-1.137860,1.515158,-5.662198,1.515158,-4.327147,1.515158,-6.297936,1.515158,-8.374682,1.515158,-8.883272
1.526178,-0.329413,1.526178,-0.216039,1.526178,-0.936543,1.526178,-1.360368,1.526178,-1.153753,1.526178,-5.704580,1.526178,-4.369530,1.526178,-6.297936,1.526178,-8.443553,1.526178,-8.904464
1.537197,-0.328353,1.537197,-0.216039,1.537197,-0.915351,1.537197,-1.360368,1.537197,-1.169647,1.537197,-5.725772,1.537197,-4.369530,1.537197,-6.340319,1.537197,-8.532102,1.537197,-8.946846
1.548216,-0.327293,1.548216,-0.216039,1.548216,-0.894160,1.548216,-1.360368,1.548216,-1.185540,1.548216,-5.746963,1.548216,-4.411912,1.548216,-6.446275,1.548216,-8.539503,1.548216,-9.010420
1.559236,-0.326234,1.559236,-0.216039,1.559236,-0.894160,1.559236,-1.381560,1.559236,-1.201434,1.559236,-5.768154,1.559236,-4.433104,1.559236,-6.531040,1.559236,-8.624268,1.559236,-9.116376
1.570255,-0.325174,1.570255,-0.216039,1.570255,-0.872969,1.570255,-1.402751,1.570255,-1.217327,1.570255,-5.810537,1.570255,-4.475486,1.570255,-6.548700,1.570255,-8.764601,1.570255,-9.151695
1.581274,-0.324115,1.581274,-0.216039,1.581274,-0.894160,1.581274,-1.423942,1.581274,-1.233221,1.581274,-5.877643,1.581274,-4.464891,1.581274,-6.566359,1.581274,-8.904464,1.581274,-9.148163
1.592293,-0.323055,1.592293,-0.216039,1.592293,-0.894160,1.592293,-1.423942,1.592293,-1.249114,1.592293,-5.944748,1.592293,-4.566306,1.592293,-6.679379,1.592293,-8.968037,1.592293,-9.215092
1.603313,-0.321996,1.603313,-0.216039,1.603313,-0.894160,1.603313,-1.402751,1.603313,-1.265008,1.603313,-5.973003,1.603313,-4.602634,1.603313,-6.721762,1.603313,-9.031611,1.603313,-9.282021
1.614332,-0.320936,1.614332,-0.216039,1.614332,-0.915351,1.614332,-1.423942,1.614332,-1.280901,1.614332,-5.980067,1.614332,-4.623825,1.614332,-6.764144,1.614332,-9.095185,1.614332,-9.348951
1.625351,-0.319877,1.625351,-0.216039,1.625351,-0.915351,1.625351,-1.423942,1.625351,-1.296794,1.625351,-5.980067,1.625351,-4.645017,1.625351,-6.806527,1.625351,-9.158759,1.625351,-9.415880
1.636370,-0.318817,1.636370,-0.216039,1.636370,-0.936543,1.636370,-1.423942,1.636370,-1.312688,1.636370,-6.036577,1.636370,-4.743909,1.636370,-6.863037,1.636370,-9.222333,1.636370,-9.482809
1.647390,-0.317757,1.647390,-0.216039,1.647390,-0.957734,1.647390,-1.466325,1.647390,-1.328581,1.647390,-6.093087,1.647390,-4.779228,1.647390,-6.912483,1.647390,-9.264715,1.647390,-9.549738
1.658409,-0.316698,1.658409,-0.216039,1.658409,-0.957734,1.658409,-1.466325,1.658409,-1.344475,1.658409,-6.149597,1.658409,-4.814547,1.658409,-6.933675,1.658409,-9.307098,1.658409,-9.616667
1.669428,-0.315638,1.669428,-0.216039,1.669428,-0.957734,1.669428,-1.466325,1.669428,-1.360368,1.669428,-6.206107,1.669428,-4.867525,1.669428,-7.018440,1.669428,-9.281668,1.669428,-9.683596
1.680448,-0.314579,1.680448,-0.216039,1.680448,-0.957734,1.680448,-1.466325,1.680448,-1.376262,1.680448,-6.262617,1.680448,-4.878121,1.680448,-7.050227,1.680448,-9.256239,1.680448,-9.750525
1.691467,-0.313519,1.691467,-0.216039,1.691467,-0.978925,1.691467,-1.529899,1.691467,-1.392155,1.691467,-6.319128,1.691467,-4.913439,1.691467,-7.039631,1.691467,-9.285907,1.691467,-9.817454
1.702486,-0.312460,1.702486,-0.216039,1.702486,-0.989521,1.702486,-1.529899,1.702486,-1.408049,1.702486,-6.340319,1.702486,-4.938163,1.702486,-7.103205,1.702486,-9.387625,1.702486,-9.884384
1.713505,-0.311400,1.713505,-0.216039,1.713505,-1.000117,1.713505,-1.508707,1.713505,-1.423942,1.713505,-6.340319,1.713505,-4.962886,1.713505,-7.145587,1.713505,-9.489343,1.713505,-9.951313
1.724525,-0.310340,1.724525,-0.216039,1.724525,-1.010712,1.724525,-1.508707,1.724525,-1.439836,1.724525,-6.374225,1.724525,-4.962886,1.724525,-7.244480,1.724525,-9.591061,1.724525,-9.985219
1.735544,-0.309281,1.735544,-0.216039,1.735544,-1.021308,1.735544,-1.529899,1.735544,-1.455729,1.735544,-6.431441,1.735544,-5.068842,1.735544,-7.272735,1.735544,-9.692779,1.735544,-10.027601
1.746563,-0.308221,1.746563,-0.216039,1.746563,-1.042499,1.746563,-1.529899,1.746563,-1.471623,1.746563,-6.488658,1.746563,-5.090033,1.746563,-7.315118,1.746563,-9.794497,1.746563,-10.140621
1.757582,-0.307162,1.757582,-0.216039,1.757582,-1.042499,1.757582,-1.529899,1.757582,-1.487516,1.757582,-6.545168,1.757582,-5.111225,1.757582,-7.357500,1.757582,-9.836880,1.757582,-10.183004
1.768602,-0.306102,1.768602,-0.216039,1.768602,-1.042499,1.768602,-1.529899,1.768602,-1.503409,1.768602,-6.601678,1.768602,-5.111225,1.768602,-7.399883,1.768602,-9.847475,1.768602,-10.218323
1.779621,-0.305043,1.779621,-0.216039,1.779621,-1.042499,1.779621,-1.572281,1.779621,-1.519303,1.779621,-6.658188,1.779621,-5.139480,1.779621,-7.459218,1.779621,-9.858071,1.779621,-10.303088
1.790640,-0.303983,1.790640,-0.216039,1.790640,-1.010712,1.790640,-1.572281,1.790640,-1.535196,1.790640,-6.742953,1.790640,-5.167735,1.790640,-7.505839,1.790640,-9.879262,1.790640,-10.387853
1.801659,-0.302923,1.801659,-0.216039,1.801659,-1.010712,1.801659,-1.593472,1.801659,-1.551090,1.801659,-6.782981,1.801659,-5.195990,1.801659,-7.548222,1.801659,-9.942836,1.801659,-10.394917
1.812679,-0.301864,1.812679,-0.216039,1.812679,-1.000117,1.812679,-1.593472,1.812679,-1.566983,1.812679,-6.823009,1.812679,-5.259564,1.812679,-7.597668,1.812679,-10.006410,1.812679,-10.423172
1.823698,-0.300804,1.823698,-0.216039,1.823698,-1.021308,1.823698,-1.614664,1.823698,-1.582877,1.823698,-6.863037,1.823698,-5.280755,1.823698,-7.640051,1.823698,-10.140621,1.823698,-10.557383
1.834717,-0.299745,1.834717,-0.216039,1.834717,-1.063690,1.834717,-1.614664,1.834717,-1.598770,1.834717,-6.903065,1.834717,-5.344329,1.834717,-7.640051,1.834717,-10.232450,1.834717,-10.627012
1.845737,-0.298685,1.845737,-0.216039,1.845737,-1.059452,1.845737,-1.635855,1.845737,-1.614664,1.845737,-6.943093,1.845737,-5.386711,1.845737,-7.696561,1.845737,-10.324279,1.845737,-10.737509
1.856756,-0.297626,1.856756,-0.216039,1.856756,-1.059452,1.856756,-1.657046,1.856756,-1.630557,1.856756,-6.983121,1.856756,-5.429094,1.856756,-7.767198,1.856756,-10.430236,1.856756,-10.832870
1.867775,-0.296566,1.867775,-0.216039,1.867775,-1.084882,1.867775,-1.678237,1.867775,-1.646451,1.867775,-7.023149,1.867775,-5.429094,1.867775,-7.816645,1.867775,-10.472618,1.867775,-10.832870
1.878794,-0.295507,1.878794,-0.216039,1.878794,-1.063690,1.878794,-1.699429,1.878794,-1.662344,1.878794,-7.063177,1.878794,-5.471476,1.878794,-7.802517,1.878794,-10.504405,1.878794,-10.889380
1.889814,-0.294447,1.889814,-0.216039,1.889814,-1.084882,1.889814,-1.699429,1.889814,-1.678237,1.889814,-7.103205,1.889814,-5.535050,1.889814,-7.883044,1.889814,-10.536192,1.889814,-10.938826
1.900833,-0.293387,1.900833,-0.216039,1.900833,-1.084882,1.900833,-1.699429,1.900833,-1.694131,1.900833,-7.143233,1.900833,-5.556241,1.900833,-7.950856,1.900833,-10.578575,1.900833,-11.065974
1.911852,-0.292328,1.911852,-0.216039,1.911852,-1.084882,1.911852,-1.678237,1.911852,-1.710024,1.911852,-7.183261,1.911852,-5.563305,1.911852,-7.993239,1.911852,-10.684531,1.911852,-11.097761
1.922871,-0.291268,1.922871,-0.237231,1.922871,-1.127264,1.922871,-1.678237,1.922871,-1.725918,1.922871,-7.223289,1.922871,-5.577433,1.922871,-8.014430,1.922871,-10.790487,1.922871,-11.138024
1.933891,-0.290209,1.933891,-0.237231,1.933891,-1.148456,1.933891,-1.734748,1.933891,-1.741811,1.933891,-7.263317,1.933891,-5.619815,1.933891,-8.056812,1.933891,-10.790487,1.933891,-11.256695
1.944910,-0.289149,1.944910,-0.237231,1.944910,-1.127264,1.944910,-1.763003,1.944910,-1.757705,1.944910,-7.303345,1.944910,-5.641007,1.944910,-8.056812,1.944910,-10.896444,1.944910,-11.299078
1.955929,-0.288090,1.955929,-0.237231,1.955929,-1.091945,1.955929,-1.763003,1.955929,-1.773598,1.955929,-7.343373,1.955929,-5.683389,1.955929,-8.141577,1.955929,-11.002400,1.955929,-11.362652
1.966948,-0.287030,1.966948,-0.237231,1.966948,-1.091945,1.966948,-1.784194,1.966948,-1.789492,1.966948,-7.383401,1.966948,-5.725772,1.966948,-8.226343,1.966948,-11.023591,1.966948,-11.415630
1.977968,-0.285970,1.977968,-0.237231,1.977968,-1.091945,1.977968,-1.805385,1.977968,-1.805385,1.977968,-7.423429,1.977968,-5.746963,1.977968,-8.247534,1.977968,-11.044783,1.977968,-11.442119
1.988987,-0.284911,1.988987,-0.237231,1.988987,-1.115155,1.988987,-1.805385,1.988987,-1.821279,1.988987,-7.463457,1.988987,-5.789346,1.988987,-8.318171,1.988987,-11.075056,1.988987,-11.468608
2.000006,-0.283851,2.000006,-0.237231,2.000006,-1.127264,2.000006,-1.805385,2.000006,-1.837172,2.000006,-7.503485,2.000006,-5.831728,2.000006,-8.395873,2.000006,-11.123493,2.000006,-11.532182
2.011026,-0.282792,2.011026,-0.237231,2.011026,-1.127264,2.011026,-1.805385,2.011026,-1.853066,2.011026,-7.543513,2.011026,-5.874111,2.011026,-8.476400,2.011026,-11.235504,2.011026,-11.648734
2.022045,-0.281732,2.022045,-0.237231,2.022045,-1.127264,2.022045,-1.826576,2.022045,-1.868959,2.022045,-7.583540,2.022045,-5.916493,2.022045,-8.487702,2.022045,-11.341461,2.022045,-11.691117
2.033064,-0.280673,2.033064,-0.237231,2.033064,-1.148456,2.033064,-1.826576,2.033064,-1.884852,2.033064,-7.623568,2.033064,-5.933446,2.033064,-8.501829,2.033064,-11.362652,2.033064,-11.779414
2.044083,-0.279613,2.044083,-0.237231,2.044083,-1.148456,2.044083,-1.847768,2.044083,-1.900746,2.044083,-7.663596,2.044083,-5.948280,2.044083,-8.616868,2.044083,-11.426226,2.044083,-11.828860
2.055103,-0.279613,2.055103,-0.230167,2.055103,-1.169647,2.055103,-1.847768,2.055103,-1.916639,2.055103,-7.703624,2.055103,-5.980067,2.055103,-8.647141,2.055103,-11.475672,2.055103,-11.878306
2.066122,-0.279613,2.066122,-0.223103,2.066122,-1.190838,2.066122,-1.847768,2.066122,-1.932533,2.066122,-7.743652,2.066122,-5.980067,2.066122,-8.671359,2.066122,-11.489800,2.066122,-11.895966
2.077141,-0.300804,2.077141,-0.216039,2.077141,-1.212029,2.077141,-1.847768,2.077141,-1.948426,2.077141,-7.783680,2.077141,-6.043641,2.077141,-8.734933,2.077141,-11.553373,2.077141,-11.913625
2.088160,-0.300804,2.088160,-0.216039,2.088160,-1.233221,2.088160,-1.890150,2.088160,-1.964320,2.088160,-7.823708,2.088160,-6.107215,2.088160,-8.777316,2.088160,-11.574565,2.088160,-12.033709
2.099180,-0.300804,2.099180,-0.216039,2.099180,-1.233221,2.099180,-1.911342,2.099180,-1.980213,2.099180,-7.844900,2.099180,-6.107215,2.099180,-8.862081,2.099180,-11.680521,2.099180,-12.083155
2.110199,-0.300804,2.110199,-0.216039,2.110199,-1.233221,2.110199,-1.932533,2.110199,-1.996107,2.110199,-7.866091,2.110199,-6.128406,2.110199,-8.883272,2.110199,-11.765286,2.110199,-12.167920
2.121218,-0.300804,2.121218,-0.216039,2.121218,-1.233221,2.121218,-1.953724,2.121218,-2.012000,2.121218,-7.929665,2.121218,-6.191980,2.121218,-8.904464,2.121218,-11.807669,2.121218,-12.189112
2.132237,-0.300804,2.132237,-0.216039,2.132237,-1.275603,2.132237,-1.953724,2.132237,-2.027894,2.132237,-7.993239,2.132237,-6.223767,2.132237,-8.982165,2.132237,-11.903029,2.132237,-12.210303
2.143257,-0.300804,2.143257,-0.216039,2.143257,-1.275603,2.143257,-1.974915,2.143257,-2.043787,2.143257,-8.032361,2.143257,-6.276745,2.143257,-9.010420,2.143257,-11.998390,2.143257,-12.337451
2.154276,-0.300804,2.154276,-0.216039,2.154276,-1.275603,2.154276,-1.996107,2.154276,-2.059680,2.154276,-8.071483,2.154276,-6.276745,2.154276,-9.081058,2.154276,-11.998390,2.154276,-12.455516
2.165295,-0.300804,2.165295,-0.216039,2.165295,-1.275603,2.165295,-2.017298,2.165295,-2.075574,2.165295,-8.110606,2.165295,-6.297936,2.165295,-9.116376,2.165295,-12.104347,2.165295,-12.521108
2.176315,-0.279613,2.176315,-0.288247,2.176315,-1.275603,2.176315,-2.038489,2.176315,-2.091467,2.176315,-8.149728,2.176315,-6.319128,2.176315,-9.169355,2.176315,-12.210303,2.176315,-12.577619
2.187334,-0.279613,2.187334,-0.360454,2.187334,-1.296794,2.187334,-2.017298,2.187334,-2.107361,2.187334,-8.188850,2.187334,-6.425084,2.187334,-9.222333,2.187334,-12.231494,2.187334,-12.651788
2.198353,-0.279613,2.198353,-0.432661,2.198353,-1.317986,2.198353,-2.038489,2.198353,-2.123254,2.198353,-8.227973,2.198353,-6.488658,2.198353,-9.222333,2.198353,-12.273877,2.198353,-12.725957
2.209372,-0.279613,2.209372,-0.504869,2.209372,-1.317986,2.209372,-2.091467,2.209372,-2.139148,2.209372,-8.267095,2.209372,-6.484117,2.209372,-9.292970,2.209372,-12.316259,2.209372,-12.782468
2.220392,-0.300804,2.220392,-0.577076,2.220392,-1.296794,2.220392,-2.116191,2.220392,-2.155041,2.220392,-8.306217,2.220392,-6.479576,2.220392,-9.374204,2.220392,-12.337451,2.220392,-12.824850
2.231411,-0.300804,2.231411,-0.649283,2.231411,-1.296794,2.231411,-2.102063,2.231411,-2.170935,2.231411,-8.345340,2.231411,-6.516913,2.231411,-9.455437,2.231411,-12.422216,2.231411,-12.888424
2.242430,-0.279613,2.242430,-0.721490,2.242430,-1.312688,2.242430,-2.123254,2.242430,-2.186828,2.242430,-8.384462,2.242430,-6.516913,2.242430,-9.476628,2.242430,-12.528172,2.242430,-13.011333
2.253449,-0.258422,2.253449,-0.793698,2.253449,-1.339177,2.253449,-2.144446,2.253449,-2.202722,2.253449,-8.423585,2.253449,-6.573423,2.253449,-9.448373,2.253449,-12.612937,2.253449,-13.057954
2.264469,-0.258422,2.264469,-0.865905,2.264469,-1.360368,2.264469,-2.165637,2.264469,-2.218615,2.264469,-8.462707,2.264469,-6.594614,2.264469,-9.476628,2.264469,-12.676511,2.264469,-13.100337
2.275488,-0.279613,2.275488,-0.938112,2.275488,-1.360368,2.275488,-2.165637,2.275488,-2.234509,2.275488,-8.501829,2.275488,-6.647592,2.275488,-9.534904,2.275488,-12.704766,2.275488,-13.142719
2.286507,-0.279613,2.286507,-1.010320,2.286507,-1.360368,2.286507,-2.165637,2.286507,-2.250402,2.286507,-8.575999,2.286507,-6.700571,2.286507,-9.593180,2.286507,-12.733021,2.286507,-13.172387
2.297527,-0.279613,2.297527,-1.082527,2.297527,-1.360368,2.297527,-2.165637,2.297527,-2.250402,2.297527,-8.650168,2.297527,-6.742953,2.297527,-9.651456,2.297527,-12.761276,2.297527,-13.269867
2.308546,-0.279613,2.308546,-1.154734,2.308546,-1.381560,2.308546,-2.165637,2.308546,-2.250402,2.308546,-8.727870,2.308546,-6.827718,2.308546,-9.709732,2.308546,-12.789531,2.308546,-13.354632
2.319565,-0.279613,2.319565,-1.226942,2.319565,-1.402751,2.319565,-2.179764,2.319565,-2.250402,2.319565,-8.784380,2.319565,-6.848909,2.319565,-9.836880,2.319565,-12.817786,2.319565,-13.418206
2.330584,-0.279613,2.330584,-1.299149,2.330584,-1.381560,2.330584,-2.193892,2.330584,-2.292785,2.330584,-8.798507,2.330584,-6.870101,2.330584,-9.872199,2.330584,-12.846041,2.330584,-13.449993
2.341604,-0.321996,2.341604,-1.371356,2.341604,-1.392155,2.341604,-2.208019,2.341604,-2.292785,2.341604,-8.883272,2.341604,-6.954866,2.341604,-9.942836,2.341604,-12.973189,2.341604,-13.529460
2.352623,-0.321996,2.352623,-1.443564,2.352623,-1.429240,2.352623,-2.208019,2.352623,-2.292785,2.352623,-8.925655,2.352623,-6.967581,2.352623,-9.964027,2.352623,-13.079145,2.352623,-13.608927
2.363642,-0.321996,2.363642,-1.515771,2.363642,-1.466325,2.363642,-2.208019,2.363642,-2.292785,2.363642,-8.959561,2.363642,-6.976057,2.363642,-10.027601,2.363642,-13.142719,2.363642,-13.665437
2.374661,-0.343187,2.374661,-1.587978,2.374661,-1.466325,2.374661,-2.250402,2.374661,-2.335167,2.374661,-8.993467,2.374661,-7.039631,2.374661,-10.112366,2.374661,-13.178038,2.374661,-13.757266
2.385681,-0.343187,2.385681,-1.660186,2.385681,-1.466325,2.385681,-2.271593,2.385681,-2.377550,2.385681,-9.027373,2.385681,-7.060822,2.385681,-10.133558,2.385681,-13.206293,2.385681,-13.789053
2.396700,-0.385569,2.396700,-1.732393,2.396700,-1.466325,2.396700,-2.292785,2.396700,-2.377550,2.396700,-9.061279,2.396700,-7.060822,2.396700,-10.133558,2.396700,-13.269867,2.396700,-13.820840
2.407719,-0.364378,2.407719,-1.804600,2.407719,-1.466325,2.407719,-2.292785,2.407719,-2.377550,2.407719,-9.095185,2.407719,-7.060822,2.407719,-10.133558,2.407719,-13.354632,2.407719,-13.854141
2.418738,-0.364378,2.418738,-1.876808,2.418738,-1.482218,2.418738,-2.292785,2.418738,-2.377550,2.418738,-9.158759,2.418738,-7.103205,2.418738,-10.250110,2.418738,-13.375823,2.418738,-13.905605
2.429758,-0.364378,2.429758,-1.949015,2.429758,-1.482218,2.429758,-2.292785,2.429758,-2.377550,2.429758,-9.179950,2.429758,-7.187970,2.429758,-10.324279,2.429758,-13.397015,2.429758,-13.958584
2.440777,-0.364378,2.440777,-2.021222,2.440777,-1.572281,2.440777,-2.309738,2.440777,-2.398741,2.440777,-9.222333,2.440777,-7.247306,2.440777,-10.345470,2.440777,-13.439397,2.440777,-14.011562
2.451796,-0.364378,2.451796,-2.093430,2.451796,-1.572281,2.451796,-2.326691,2.451796,-2.462315,2.451796,-9.270337,2.451796,-7.272735,2.451796,-10.366662,2.451796,-13.534758,2.451796,-14.075136
2.462816,-0.364378,2.462816,-2.165637,2.462816,-1.572281,2.462816,-2.343644,2.462816,-2.462315,2.462816,-9.318342,2.462816,-7.325713,2.462816,-10.465554,2.462816,-13.630119,2.462816,-14.202283
2.473835,-0.364378,2.473835,-2.186828,2.473835,-1.545035,2.473835,-2.360597,2.473835,-2.483506,2.473835,-9.366347,2.473835,-7.378691,2.473835,-10.527715,2.473835,-13.672501,2.473835,-14.308240
2.484854,-0.385569,2.484854,-2.229211,2.484854,-1.529899,2.484854,-2.377550,2.484854,-2.525889,2.484854,-9.414352,2.484854,-7.406946,2.484854,-10.578575,2.484854,-13.736075,2.484854,-14.393005
2.495873,-0.385569,2.495873,-2.229211,2.495873,-1.572281,2.495873,-2.377550,2.495873,-2.547080,2.495873,-9.462356,2.495873,-7.435202,2.495873,-10.654863,2.495873,-13.875938,2.495873,-14.435387
2.506893,-0.385569,2.506893,-2.229211,2.506893,-1.593472,2.506893,-2.364064,2.506893,-2.568271,2.506893,-9.510361,2.506893,-7.463457,2.506893,-10.699668,2.506893,-13.925586,2.506893,-14.504259
2.517912,-0.385569,2.517912,-2.250402,2.517912,-1.593472,2.517912,-2.350579,2.517912,-2.547080,2.517912,-9.558366,2.517912,-7.516435,2.517912,-10.705722,2.517912,-13.975234,2.517912,-14.562535
2.528931,-0.406761,2.528931,-2.250402,2.528931,-1.614664,2.528931,-2.337094,2.528931,-2.638909,2.528931,-9.606371,2.528931,-7.569413,2.528931,-10.832870,2.528931,-14.024882,2.528931,-14.657896
2.539950,-0.406761,2.539950,-2.250402,2.539950,-1.617691,2.539950,-2.323608,2.539950,-2.653036,2.539950,-9.654375,2.539950,-7.569413,2.539950,-10.854061,2.539950,-14.074530,2.539950,-14.753256
2.550970,-0.406761,2.550970,-2.250402,2.550970,-1.661284,2.550970,-2.310123,2.550970,-2.642441,2.550970,-9.702380,2.550970,-7.590604,2.550970,-10.846997,2.550970,-14.124178,2.550970,-14.753256
2.561989,-0.406761,2.561989,-2.268061,2.561989,-1.699429,2.561989,-2.296638,2.561989,-2.667164,2.561989,-9.750385,2.561989,-7.611796,2.561989,-10.875252,2.561989,-14.173826,2.561989,-14.774448
2.573008,-0.427952,2.573008,-2.285721,2.573008,-1.699429,2.573008,-2.283152,2.573008,-2.716610,2.573008,-9.798390,2.573008,-7.675369,2.573008,-10.938826,2.573008,-14.223474,2.573008,-14.901595
2.584027,-0.427952,2.584027,-2.313976,2.584027,-1.699429,2.584027,-2.269667,2.584027,-2.716610,2.584027,-9.846394,2.584027,-7.675369,2.584027,-10.974145,2.584027,-14.244666,2.584027,-14.965169
2.595047,-0.427952,2.595047,-2.313976,2.595047,-1.699429,2.595047,-2.256181,2.595047,-2.758993,2.595047,-9.894399,2.595047,-7.738943,2.595047,-11.002400,2.595047,-14.287048,2.595047,-14.965169
2.606066,-0.427952,2.606066,-2.335167,2.606066,-1.699429,2.606066,-2.242696,2.606066,-2.780184,2.606066,-9.942404,2.606066,-7.802517,2.606066,-11.070212,2.606066,-14.371813,2.606066,-15.049934
2.617085,-0.427952,2.617085,-2.349295,2.617085,-1.720620,2.617085,-2.229211,2.617085,-2.801375,2.617085,-9.990408,2.617085,-7.851963,2.617085,-11.150739,2.617085,-14.498961,2.617085,-15.177082
2.628105,-0.427952,2.628105,-2.363422,2.628105,-1.741811,2.628105,-2.215725,2.628105,-2.843758,2.628105,-10.038413,2.628105,-7.866091,2.628105,-11.157803,2.628105,-14.604918,2.628105,-15.177082
2.639124,-0.449143,2.639124,-2.377550,2.639124,-1.763003,2.639124,-2.202240,2.639124,-2.843758,2.639124,-10.086418,2.639124,-7.897878,2.639124,-11.186058,2.639124,-14.664253,2.639124,-15.272443
2.650143,-0.470335,2.650143,-2.391677,2.650143,-1.784194,2.650143,-2.188755,2.650143,-2.822567,2.650143,-10.134423,2.650143,-7.929665,2.650143,-11.256695,2.650143,-14.723589,2.650143,-15.367804
2.661162,-0.470335,2.661162,-2.405805,2.661162,-1.784194,2.661162,-2.175269,2.661162,-2.822567,2.661162,-10.182427,2.661162,-7.972047,2.661162,-11.299078,2.661162,-14.782924,2.661162,-15.418663
2.672182,-0.470335,2.672182,-2.419932,2.672182,-1.805385,2.672182,-2.161784,2.672182,-2.864949,2.672182,-10.230432,2.672182,-8.035621,2.672182,-11.405034,2.672182,-14.842260,2.672182,-15.494951
2.683201,-0.470335,2.683201,-2.419932,2.683201,-1.830815,2.683201,-2.148299,2.683201,-2.907332,2.683201,-10.278437,2.683201,-8.078004,2.683201,-11.468608,2.683201,-14.901595,2.683201,-15.572653
2.694220,-0.491526,2.694220,-2.419932,2.694220,-1.858363,2.694220,-2.134813,2.694220,-2.917927,2.694220,-10.326442,2.694220,-8.063876,2.694220,-11.510991,2.694220,-14.901595,2.694220,-15.588193
2.705239,-0.491526,2.705239,-2.483506,2.705239,-1.847768,2.705239,-2.121328,2.705239,-2.928523,2.705239,-10.374446,2.705239,-8.106259,2.705239,-11.532182,2.705239,-14.975765,2.705239,-15.622099
2.716259,-0.512717,2.716259,-2.462315,2.716259,-1.837172,2.716259,-2.107842,2.716259,-2.970905,2.716259,-10.422451,2.716259,-8.134514,2.716259,-11.553373,2.716259,-15.049934,2.716259,-15.743192
2.727278,-0.512717,2.727278,-2.483506,2.727278,-1.847768,2.727278,-2.094357,2.727278,-2.970905,2.727278,-10.470456,2.727278,-8.148641,2.727278,-11.680521,2.727278,-15.134699,2.727278,-15.834012
2.738297,-0.512717,2.738297,-2.504697,2.738297,-1.840704,2.738297,-2.080872,2.738297,-2.970905,2.738297,-10.518461,2.738297,-8.162769,2.738297,-11.712308,2.738297,-15.134699,2.738297,-15.827957
2.749317,-0.512717,2.749317,-2.504697,2.749317,-1.853822,2.749317,-2.067386,2.749317,-3.013288,2.749317,-10.566465,2.749317,-8.233406,2.749317,-11.739857,2.749317,-15.212401,2.749317,-15.834012
2.760336,-0.512717,2.760336,-2.504697,2.760336,-1.879555,2.760336,-2.053901,2.760336,-3.013288,2.760336,-10.614470,2.760336,-8.261661,2.760336,-11.786477,2.760336,-15.283038,2.760336,-15.939968
2.771355,-0.512717,2.771355,-2.547080,2.771355,-1.950697,2.771355,-2.040416,2.771355,-3.055671,2.771355,-10.662475,2.771355,-8.332299,2.771355,-11.850051,2.771355,-15.388995,2.771355,-16.003542
2.782374,-0.512717,2.782374,-2.568271,2.782374,-1.953724,2.782374,-2.026930,2.782374,-3.055671,2.782374,-10.710479,2.782374,-8.388809,2.782374,-11.858528,2.782374,-15.431377,2.782374,-16.088307
2.793394,-0.512717,2.793394,-2.589462,2.793394,-1.974915,2.793394,-2.013445,2.793394,-3.087458,2.793394,-10.758484,2.793394,-8.445319,2.793394,-11.987795,2.793394,-15.505547,2.793394,-16.194263
2.804413,-0.512717,2.804413,-2.610654,2.804413,-1.996107,2.804413,-1.999960,2.804413,-3.119244,2.804413,-10.806489,2.804413,-8.518782,2.804413,-12.045011,2.804413,-15.579716,2.804413,-16.300220
2.815432,-0.533908,2.815432,-2.610654,2.815432,-1.996107,2.815432,-1.986474,2.815432,-3.151031,2.815432,-10.854494,2.815432,-8.515957,2.815432,-12.095870,2.815432,-15.636226,2.815432,-16.384985
2.826451,-0.533908,2.826451,-2.631845,2.826451,-2.017298,2.826451,-1.972989,2.826451,-3.182818,2.826451,-10.902498,2.826451,-8.572467,2.826451,-12.146729,2.826451,-15.692736,2.826451,-16.448559
2.837471,-0.555100,2.837471,-2.653036,2.837471,-2.038489,2.837471,-1.959504,2.837471,-3.182818,2.837471,-10.950503,2.837471,-8.607786,2.837471,-12.210303,2.837471,-15.757723,2.837471,-16.490941
2.848490,-0.555100,2.848490,-2.674228,2.848490,-2.102063,2.848490,-1.946018,2.848490,-3.182818,2.848490,-10.998508,2.848490,-8.671359,2.848490,-12.242090,2.848490,-15.791629,2.848490,-16.533324
2.859509,-0.555100,2.859509,-2.695419,2.859509,-2.102063,2.859509,-1.932533,2.859509,-3.204010,2.859509,-11.046513,2.859509,-8.713742,2.859509,-12.273877,2.859509,-15.865799,2.859509,-16.596898
2.870528,-0.555100,2.870528,-2.695419,2.870528,-2.165637,2.870528,-1.932533,2.870528,-3.225201,2.870528,-11.094517,2.870528,-8.770252,2.870528,-12.401025,2.870528,-15.939968,2.870528,-16.692258
2.881548,-0.555100,2.881548,-2.737801,2.881548,-2.165637,2.881548,-1.932533,2.881548,-3.246392,2.881548,-11.142522,2.881548,-8.812635,2.881548,-12.497899,2.881548,-15.961159,2.881548,-16.787619
2.892567,-0.555100,2.892567,-2.758993,2.892567,-2.165637,2.892567,-1.953724,2.892567,-3.267583,2.892567,-11.190527,2.892567,-8.826762,2.892567,-12.549363,2.892567,-16.037448,2.892567,-16.849679
2.903586,-0.576291,2.903586,-2.801375,2.903586,-2.208019,2.903586,-1.953724,2.903586,-3.309966,2.903586,-11.238532,2.903586,-8.855017,2.903586,-12.570555,2.903586,-16.113737,2.903586,-16.911740
2.914606,-0.597482,2.914606,-2.822567,2.914606,-2.208019,2.914606,-1.974915,2.914606,-3.331157,2.914606,-11.286536,2.914606,-8.936250,2.914606,-12.697702,2.914606,-16.190025,2.914606,-16.966231
2.925625,-0.597482,2.925625,-2.843758,2.925625,-2.229211,2.925625,-2.038489,2.925625,-3.352348,2.925625,-11.334541,2.925625,-8.968037,2.925625,-12.697702,2.925625,-16.266314,2.925625,-17.020723
2.936644,-0.597482,2.936644,-2.843758,2.936644,-2.271593,2.936644,-2.059680,2.936644,-3.373540,2.936644,-11.382546,2.936644,-8.989229,2.936644,-12.740085,2.936644,-16.342602,2.936644,-17.063106
2.947663,-0.597482,2.947663,-2.843758,2.947663,-2.292785,2.947663,-2.080872,2.947663,-3.394731,2.947663,-11.430550,2.947663,-9.031611,2.947663,-12.803659,2.947663,-16.342602,2.947663,-17.173300
2.958683,-0.597482,2.958683,-2.864949,2.958683,-2.292785,2.958683,-2.123254,2.958683,-3.479496,2.958683,-11.478555,2.958683,-9.031611,2.958683,-12.824850,2.958683,-16.441495,2.958683,-17.256855
2.969702,-0.618674,2.969702,-2.886140,2.969702,-2.292785,2.969702,-2.123254,2.969702,-3.479496,2.969702,-11.526560,2.969702,-9.031611,2.969702,-12.930806,2.969702,-16.528615,2.969702,-17.266542
2.980721,-0.618674,2.980721,-2.907332,2.980721,-2.323058,2.980721,-2.208019,2.980721,-3.521879,2.980721,-11.574565,2.980721,-9.095185,2.980721,-13.008508,2.980721,-16.615734,2.980721,-17.342831
2.991740,-0.618674,2.991740,-2.907332,2.991740,-2.353331,2.991740,-2.292785,2.991740,-3.564261,2.991740,-11.659330,2.991740,-9.158759,2.991740,-13.107400,2.991740,-16.702854,2.991740,-17.465740
3.002760,-0.639865,3.002760,-2.928523,3.002760,-2.383604,3.002760,-2.305499,3.002760,-3.599580,3.002760,-11.712308,3.002760,-9.222333,3.002760,-13.142719,3.002760,-16.755832,3.002760,-17.518718
3.013779,-0.661056,3.013779,-2.928523,3.013779,-2.413878,3.013779,-2.335167,3.013779,-3.606644,3.013779,-11.765286,3.013779,-9.285907,3.013779,-13.206293,3.013779,-16.808811,3.013779,-17.607015
3.024798,-0.661056,3.024798,-2.942650,3.024798,-2.444151,3.024798,-2.335167,3.024798,-3.627835,3.024798,-11.786477,3.024798,-9.349480,3.024798,-13.291058,3.024798,-16.927482,3.024798,-17.656462
3.035817,-0.661056,3.035817,-2.956778,3.035817,-2.474424,3.035817,-2.335167,3.035817,-3.627835,3.035817,-11.807669,3.035817,-9.363608,3.035817,-13.280463,3.035817,-16.978341,3.035817,-17.720035
3.046837,-0.682247,3.046837,-2.970905,3.046837,-2.504697,3.046837,-2.335167,3.046837,-3.659622,3.046837,-11.828860,3.046837,-9.448373,3.046837,-13.361696,3.046837,-17.052510,3.046837,-17.741227
3.057856,-0.703439,3.057856,-2.985033,3.057856,-2.547080,3.057856,-2.313976,3.057856,-3.691409,3.057856,-11.883681,3.057856,-9.540202,3.057856,-13.382887,3.057856,-17.126680,3.057856,-17.783609
3.068875,-0.703439,3.068875,-2.999161,3.068875,-2.589462,3.068875,-2.313976,3.068875,-3.733792,3.068875,-11.938502,3.068875,-9.561393,3.068875,-13.404078,3.068875,-17.169062,3.068875,-17.833056
3.079895,-0.703439,3.079895,-3.013288,3.079895,-2.589462,3.079895,-2.335167,3.079895,-3.754983,3.079895,-11.993323,3.079895,-9.582584,3.079895,-13.481780,3.079895,-17.232636,3.079895,-17.892593
3.090914,-0.703439,3.090914,-3.013288,3.090914,-2.653036,3.090914,-2.448187,3.090914,-3.786770,3.090914,-12.048144,3.090914,-9.582584,3.090914,-13.524162,3.090914,-17.296210,3.090914,-17.981395
3.101933,-0.703439,3.101933,-2.992097,3.101933,-2.653036,3.101933,-2.455251,3.101933,-3.818557,3.101933,-12.102965,3.101933,-9.646158,3.101933,-13.573609,3.101933,-17.359784,3.101933,-18.037905
3.112952,-0.745821,3.112952,-3.034479,3.112952,-2.674228,3.112952,-2.483506,3.112952,-3.797365,3.112952,-12.157785,3.112952,-9.677945,3.112952,-13.637182,3.112952,-17.423358,3.112952,-18.087351
3.123972,-0.745821,3.123972,-3.034479,3.123972,-2.674228,3.123972,-2.508936,3.123972,-3.839748,3.123972,-12.212606,3.123972,-9.709732,3.123972,-13.723360,3.123972,-17.486931,3.123972,-18.165052
3.134991,-0.767012,3.134991,-3.055671,3.134991,-2.701776,3.134991,-2.568271,3.134991,-3.860939,3.134991,-12.267427,3.134991,-9.752115,3.134991,-13.799649,3.134991,-17.550505,3.134991,-18.296438
3.146010,-0.767012,3.146010,-3.055671,3.146010,-2.729325,3.146010,-2.610654,3.146010,-3.903322,3.146010,-12.322248,3.146010,-9.836880,3.146010,-13.820840,3.146010,-17.614079,3.146010,-18.427824
3.157029,-0.767012,3.157029,-3.071564,3.157029,-2.756874,3.157029,-2.610654,3.157029,-3.945704,3.157029,-12.377069,3.157029,-9.879262,3.157029,-13.884414,3.157029,-17.677653,3.157029,-18.473840
3.168049,-0.767012,3.168049,-3.087458,3.168049,-2.784422,3.168049,-2.589462,3.168049,-3.995151,3.168049,-12.431890,3.168049,-9.942836,3.168049,-13.947988,3.168049,-17.741227,3.168049,-18.567687
3.179068,-0.767012,3.179068,-3.103351,3.179068,-2.811971,3.179068,-2.589462,3.179068,-4.030469,3.179068,-12.486711,3.179068,-9.964027,3.179068,-14.045468,3.179068,-17.804801,3.179068,-18.652452
3.190087,-0.767012,3.190087,-3.119244,3.190087,-2.839520,3.190087,-2.711312,3.190087,-4.062256,3.190087,-12.541532,3.190087,-10.002878,3.190087,-14.096327,3.190087,-17.868374,3.190087,-18.673643
3.201107,-0.767012,3.201107,-3.151031,3.201107,-2.867068,3.201107,-2.737801,3.201107,-4.094043,3.201107,-12.596353,3.201107,-10.041729,3.201107,-14.096327,3.201107,-17.931948,3.201107,-18.694834
3.212126,-0.767012,3.212126,-3.182818,3.212126,-2.894617,3.212126,-2.822567,3.212126,-4.157617,3.212126,-12.651174,3.212126,-10.112366,3.212126,-14.209347,3.212126,-17.995522,3.212126,-18.800791
3.223145,-0.767012,3.223145,-3.140436,3.223145,-2.922166,3.223145,-2.822567,3.223145,-4.157617,3.223145,-12.705995,3.223145,-10.112366,3.223145,-14.251730,3.223145,-18.059096,3.223145,-18.857301
3.234164,-0.767012,3.234164,-3.161627,3.234164,-2.949714,3.234164,-2.801375,3.234164,-4.157617,3.234164,-12.760816,3.234164,-10.152100,3.234164,-14.282810,3.234164,-18.122670,3.234164,-18.853769
3.245184,-0.788204,3.245184,-3.182818,3.245184,-2.992097,3.245184,-2.822567,3.245184,-4.178808,3.245184,-12.815637,3.245184,-10.191834,3.245184,-14.301176,3.245184,-18.186244,3.245184,-18.935002
3.256203,-0.809395,3.256203,-3.204010,3.256203,-3.020352,3.256203,-2.864949,3.256203,-4.178808,3.256203,-12.870457,3.256203,-10.231567,3.256203,-14.414196,3.256203,-18.249817,3.256203,-18.995750
3.267222,-0.809395,3.267222,-3.225201,3.267222,-3.048607,3.267222,-2.864949,3.267222,-4.235318,3.267222,-12.925278,3.267222,-10.271301,3.267222,-14.477770,3.267222,-18.313391,3.267222,-19.049788
3.278241,-0.809395,3.278241,-3.225201,3.278241,-3.055671,3.278241,-2.864949,3.278241,-4.284765,3.278241,-12.980099,3.278241,-10.303088,3.278241,-14.520152,3.278241,-18.376965,3.278241,-19.111596
3.289261,-0.830586,3.289261,-3.246392,3.289261,-3.076862,3.289261,-2.949714,3.289261,-4.305956,3.289261,-13.034920,3.289261,-10.352534,3.289261,-14.630347,3.289261,-18.440539,3.289261,-19.245808
3.300280,-0.830586,3.300280,-3.246392,3.300280,-3.076862,3.300280,-2.949714,3.300280,-4.284765,3.300280,-13.089741,3.300280,-10.366662,3.300280,-14.689683,3.300280,-18.504113,3.300280,-19.266999
3.311299,-0.830586,3.311299,-3.288775,3.311299,-3.098053,3.311299,-2.970905,3.311299,-4.348339,3.311299,-13.144562,3.311299,-10.451427,3.311299,-14.749018,3.311299,-18.567687,3.311299,-19.292428
3.322318,-0.830586,3.322318,-3.288775,3.322318,-3.140436,3.322318,-3.055671,3.322318,-4.390721,3.322318,-13.199383,3.322318,-10.560411,3.322318,-14.816830,3.322318,-18.631260,3.322318,-19.415338
3.333338,-0.851778,3.333338,-3.331157,3.333338,-3.182818,3.333338,-3.034479,3.333338,-4.411912,3.333338,-13.254204,3.333338,-10.578575,3.333338,-14.880404,3.333338,-18.694834,3.333338,-19.509185
3.344357,-0.851778,3.344357,-3.331157,3.344357,-3.182818,3.344357,-3.055671,3.344357,-4.461359,3.344357,-13.309025,3.344357,-10.620957,3.344357,-14.901595,3.344357,-18.758408,3.344357,-19.542485
3.355376,-0.851778,3.355376,-3.331157,3.355376,-3.214605,3.355376,-3.098053,3.355376,-4.496678,3.355376,-13.363846,3.355376,-10.684531,3.355376,-14.994837,3.355376,-18.821982,3.355376,-19.648442
3.366396,-0.851778,3.366396,-3.415922,3.366396,-3.246392,3.366396,-3.098053,3.366396,-4.539060,3.366396,-13.418667,3.366396,-10.769296,3.366396,-15.062649,3.366396,-18.885556,3.366396,-19.708988
3.377415,-0.851778,3.377415,-3.415922,3.377415,-3.288775,3.377415,-3.098053,3.377415,-4.581443,3.377415,-13.473488,3.377415,-10.798964,3.377415,-15.088079,3.377415,-18.956193,3.377415,-19.763480
3.388434,-0.872969,3.388434,-3.437114,3.388434,-3.309966,3.388434,-3.133372,3.388434,-4.623825,3.388434,-13.528308,3.388434,-10.828632,3.388434,-15.113508,3.388434,-19.012703,3.388434,-19.817972
3.399453,-0.894160,3.399453,-3.455008,3.399453,-3.373540,3.399453,-3.189882,3.399453,-4.666208,3.399453,-13.583129,3.399453,-10.858299,3.399453,-15.204328,3.399453,-19.055086,3.399453,-19.881546
3.410473,-0.894160,3.410473,-3.472903,3.410473,-3.394731,3.410473,-3.182818,3.410473,-4.645017,3.410473,-13.637950,3.410473,-10.887967,3.410473,-15.226528,3.410473,-19.139851,3.410473,-19.892142
3.421492,-0.915351,3.421492,-3.490798,3.421492,-3.415922,3.421492,-3.204010,3.421492,-4.708590,3.421492,-13.692771,3.421492,-10.917635,3.421492,-15.311293,3.421492,-19.209875,3.421492,-19.945120
3.432511,-0.915351,3.432511,-3.508693,3.432511,-3.415922,3.432511,-3.225201,3.432511,-4.763688,3.432511,-13.747592,3.432511,-11.023591,3.432511,-15.357208,3.432511,-19.279898,3.432511,-20.008694
3.443530,-0.936543,3.443530,-3.526588,3.443530,-3.458305,3.443530,-3.267583,3.443530,-4.814547,3.443530,-13.802413,3.443530,-11.069506,3.443530,-15.346612,3.443530,-19.349921,3.443530,-20.051076
3.454550,-0.957734,3.454550,-3.544483,3.454550,-3.479496,3.454550,-3.267583,3.454550,-4.856929,3.454550,-13.857234,3.454550,-11.115420,3.454550,-15.477998,3.454550,-19.419945,3.454550,-20.128778
3.465569,-0.978925,3.465569,-3.562378,3.465569,-3.500687,3.465569,-3.309966,3.465569,-4.878121,3.465569,-13.912055,3.465569,-11.138024,3.465569,-15.551461,3.465569,-19.489968,3.465569,-20.185288
3.476588,-0.978925,3.476588,-3.580272,3.476588,-3.500687,3.476588,-3.331157,3.476588,-4.920503,3.476588,-13.966876,3.476588,-11.224909,3.476588,-15.622099,3.476588,-19.559991,3.476588,-20.277116
3.487607,-0.978925,3.487607,-3.598167,3.487607,-3.564261,3.487607,-3.352348,3.487607,-4.984077,3.487607,-14.021697,3.487607,-11.270823,3.487607,-15.653886,3.487607,-19.630015,3.487607,-20.368945
3.498627,-0.978925,3.498627,-3.616062,3.498627,-3.553666,3.498627,-3.391199,3.498627,-4.984077,3.498627,-14.076518,3.498627,-11.313206,3.498627,-15.723817,3.498627,-19.700038,3.498627,-20.432519
3.509646,-0.978925,3.509646,-3.633957,3.509646,-3.543070,3.509646,-3.430050,3.509646,-5.026460,3.509646,-14.131339,3.509646,-11.415630,3.509646,-15.855203,3.509646,-19.770061,3.509646,-20.538476
3.520665,-1.000117,3.520665,-3.651852,3.520665,-3.543070,3.520665,-3.468901,3.520665,-5.068842,3.520665,-14.186159,3.520665,-11.465581,3.520665,-15.897586,3.520665,-19.840085,3.520665,-20.631717
3.531685,-1.000117,3.531685,-3.669747,3.531685,-3.560023,3.531685,-3.507751,3.531685,-5.121820,3.531685,-14.240980,3.531685,-11.515532,3.531685,-15.961159,3.531685,-19.910108,3.531685,-20.686815
3.542704,-1.000117,3.542704,-3.687642,3.542704,-3.606644,3.542704,-3.546602,3.542704,-5.174798,3.542704,-14.295801,3.542704,-11.565483,3.542704,-16.088307,3.542704,-19.980131,3.542704,-20.729197
3.553723,-1.000117,3.553723,-3.705536,3.553723,-3.649026,3.553723,-3.585453,3.553723,-5.181862,3.553723,-14.350622,3.553723,-11.615434,3.553723,-16.130690,3.553723,-20.050155,3.553723,-20.775112
3.564742,-1.021308,3.564742,-3.723431,3.564742,-3.733792,3.564742,-3.634899,3.564742,-5.185394,3.564742,-14.376052,3.564742,-11.665384,3.564742,-16.151881,3.564742,-20.120178,3.564742,-20.821026
3.575762,-1.021308,3.575762,-3.741326,3.575762,-3.739089,3.575762,-3.684345,3.575762,-5.217181,3.575762,-14.401481,3.575762,-11.715335,3.575762,-16.215455,3.575762,-20.190202,3.575762,-20.835153
3.586781,-1.042499,3.586781,-3.759221,3.586781,-3.744387,3.586781,-3.670218,3.586781,-5.266627,3.586781,-14.470706,3.586781,-11.765286,3.586781,-16.317879,3.586781,-20.260225,3.586781,-20.962301
3.597800,-1.042499,3.597800,-3.777116,3.597800,-3.749685,3.597800,-3.712600,3.597800,-5.307597,3.597800,-14.559003,3.597800,-11.828860,3.597800,-16.420304,3.597800,-20.330248,3.597800,-21.034957
3.608819,-1.063690,3.608819,-3.795011,3.608819,-3.754983,3.608819,-3.733792,3.608819,-5.348567,3.608819,-14.647300,3.608819,-11.871243,3.608819,-16.512133,3.608819,-20.400272,3.608819,-21.106402
3.619839,-1.063690,3.619839,-3.812906,3.619839,-3.760281,3.619839,-3.744387,3.619839,-5.389537,3.619839,-14.668491,3.619839,-11.913625,3.619839,-16.526260,3.619839,-20.470295,3.619839,-21.174214
3.630858,-1.084882,3.630858,-3.830800,3.630858,-3.765578,3.630858,-3.802663,3.630858,-5.430507,3.630858,-14.753256,3.630858,-11.991326,3.630858,-16.618089,3.630858,-20.540318,3.630858,-21.292885
3.641877,-1.084882,3.641877,-3.848695,3.641877,-3.770876,3.641877,-3.860939,3.641877,-5.471476,3.641877,-14.838022,3.641877,-12.005454,3.641877,-16.724045,3.641877,-20.610342,3.641877,-21.381888
3.652896,-1.106073,3.652896,-3.866590,3.652896,-3.776174,3.652896,-3.988087,3.652896,-5.512446,3.652896,-14.922787,3.652896,-12.040773,3.652896,-16.830002,3.652896,-20.680365,3.652896,-21.470892
3.663916,-1.106073,3.663916,-3.884485,3.663916,-3.824914,3.663916,-4.037533,3.663916,-5.553416,3.663916,-15.007552,3.663916,-12.104347,3.663916,-16.893576,3.663916,-20.750388,3.663916,-21.555657
3.674935,-1.127264,3.674935,-3.902380,3.674935,-3.873654,3.674935,-4.055193,3.674935,-5.594386,3.674935,-15.000488,3.674935,-12.125538,3.674935,-16.925363,3.674935,-20.750388,3.674935,-21.612167
3.685954,-1.127264,3.685954,-3.920275,3.685954,-3.882130,3.685954,-4.072852,3.685954,-5.635356,3.685954,-15.056998,3.685954,-12.132602,3.685954,-17.004830,3.685954,-20.792771,3.685954,-21.647486
3.696974,-1.127264,3.696974,-3.938170,3.696974,-3.903322,3.696974,-4.178808,3.696974,-5.676325,3.696974,-15.071126,3.696974,-12.203239,3.696974,-17.084297,3.696974,-20.792771,3.696974,-21.682805
3.707993,-1.148456,3.707993,-3.956064,3.707993,-3.924513,3.707993,-4.200000,3.707993,-5.704580,3.707993,-15.138938,3.707993,-12.245622,3.707993,-17.137275,3.707993,-20.856345,3.707993,-21.809952
3.719012,-1.148456,3.719012,-3.973959,3.719012,-3.935109,3.719012,-4.200000,3.719012,-5.732835,3.719012,-15.206750,3.719012,-12.288004,3.719012,-17.163764,3.719012,-20.921845,3.719012,-21.824080
3.730031,-1.148456,3.730031,-3.991854,3.730031,-3.945704,3.730031,-4.200000,3.730031,-5.810537,3.730031,-15.274562,3.730031,-12.386897,3.730031,-17.190254,3.730031,-20.987345,3.730031,-21.859399
3.741051,-1.148456,3.741051,-4.009749,3.741051,-4.069825,3.741051,-4.254155,3.741051,-5.852919,3.741051,-15.342374,3.741051,-12.501683,3.741051,-17.253827,3.741051,-21.052846,3.741051,-21.894717
3.752070,-1.169647,3.752070,-4.027644,3.752070,-4.083448,3.752070,-4.308311,3.752070,-5.895302,3.752070,-15.410186,3.752070,-12.528172,3.752070,-17.335061,3.752070,-21.118346,3.752070,-22.000674
3.763089,-1.190838,3.763089,-4.045539,3.763089,-4.094043,3.763089,-4.362466,3.763089,-6.001258,3.763089,-15.477998,3.763089,-12.528172,3.763089,-17.416294,3.763089,-21.183846,3.763089,-22.064248
3.774108,-1.212029,3.774108,-4.063434,3.774108,-4.136426,3.774108,-4.416622,3.774108,-6.022450,3.774108,-15.545810,3.774108,-12.655320,3.774108,-17.550505,3.774108,-21.249347,3.774108,-22.149013
3.785128,-1.233221,3.785128,-4.081328,3.785128,-4.221191,3.785128,-4.470777,3.785128,-6.015386,3.785128,-15.613622,3.785128,-12.740085,3.785128,-17.635270,3.785128,-21.314847,3.785128,-22.250731
3.796147,-1.233221,3.796147,-4.099223,3.796147,-4.245914,3.796147,-4.524933,3.796147,-6.128406,3.796147,-15.681434,3.796147,-12.782468,3.796147,-17.773014,3.796147,-21.380347,3.796147,-22.360926
3.807166,-1.233221,3.807166,-4.117118,3.807166,-4.284765,3.807166,-4.579088,3.807166,-6.156661,3.807166,-15.749247,3.807166,-12.846041,3.807166,-17.840119,3.807166,-21.445848,3.807166,-22.473946
3.818186,-1.268539,3.818186,-4.135013,3.818186,-4.323615,3.818186,-4.633244,3.818186,-6.170789,3.818186,-15.817059,3.818186,-12.909615,3.818186,-17.931948,3.818186,-21.511348,3.818186,-22.488073
3.829205,-1.275603,3.829205,-4.152908,3.829205,-4.348339,3.829205,-4.687399,3.829205,-6.234362,3.829205,-15.884871,3.829205,-12.973189,3.829205,-17.953140,3.829205,-21.576848,3.829205,-22.558711
3.840224,-1.275603,3.840224,-4.170803,3.840224,-4.348339,3.840224,-4.729782,3.840224,-6.319128,3.840224,-15.952683,3.840224,-13.015572,3.840224,-17.981395,3.840224,-21.629826,3.840224,-22.615221
3.851243,-1.275603,3.851243,-4.188698,3.851243,-4.403762,3.851243,-4.729782,3.851243,-6.340319,3.851243,-16.020495,3.851243,-13.057954,3.851243,-18.101479,3.851243,-21.682805,3.851243,-22.699986
3.862263,-1.275603,3.862263,-4.206592,3.862263,-4.454295,3.862263,-4.777344,3.862263,-6.361510,3.862263,-16.088307,3.862263,-13.104575,3.862263,-18.158998,3.862263,-21.718123,3.862263,-22.810181
3.873282,-1.275603,3.873282,-4.224487,3.873282,-4.482007,3.873282,-4.824907,3.873282,-6.382701,3.873282,-16.156119,3.873282,-13.113051,3.873282,-18.249817,3.873282,-21.753442,3.873282,-22.837729
3.884301,-1.296794,3.884301,-4.242382,3.884301,-4.545115,3.884301,-4.872470,3.884301,-6.475943,3.884301,-16.223931,3.884301,-13.121528,3.884301,-18.292200,3.884301,-21.788761,3.884301,-22.890708
3.895320,-1.339177,3.895320,-4.263573,3.895320,-4.623825,3.895320,-4.920032,3.895320,-6.552232,3.895320,-16.291743,3.895320,-13.206293,3.895320,-18.355774,3.895320,-21.878067,3.895320,-22.975473
3.906340,-1.360368,3.906340,-4.263573,3.906340,-4.623825,3.906340,-4.967595,3.906340,-6.558286,3.906340,-16.359555,3.906340,-13.291058,3.906340,-18.427824,3.906340,-21.967373,3.906340,-22.996664
3.917359,-1.339177,3.917359,-4.348339,3.917359,-4.708590,3.917359,-5.015158,3.917359,-6.573423,3.917359,-16.427367,3.917359,-13.322845,3.917359,-18.529542,3.917359,-22.056679,3.917359,-23.017855
3.928378,-1.360368,3.928378,-4.348339,3.928378,-4.729782,3.928378,-5.062720,3.928378,-6.665252,3.928378,-16.495180,3.928378,-13.428802,3.928378,-18.631260,3.928378,-22.145985,3.928378,-23.149241
3.939397,-1.360368,3.939397,-4.411912,3.939397,-4.814547,3.939397,-5.110283,3.939397,-6.721762,3.939397,-16.562992,3.939397,-13.517099,3.939397,-18.708962,3.939397,-22.235292,3.939397,-23.272151
3.950417,-1.360368,3.950417,-4.454295,3.950417,-4.842258,3.950417,-5.157845,3.950417,-6.806527,3.950417,-16.630804,3.950417,-13.566545,3.950417,-18.749932,3.950417,-22.324598,3.950417,-23.335724
3.961436,-1.402751,3.961436,-4.454295,3.961436,-4.869970,3.961436,-5.205408,3.961436,-6.827718,3.961436,-16.698616,3.961436,-13.630119,3.961436,-18.843173,3.961436,-22.413904,3.961436,-23.399298
3.972455,-1.402751,3.972455,-4.454295,3.972455,-4.899312,3.972455,-5.252971,3.972455,-6.947802,3.972455,-16.766428,3.972455,-13.746671,3.972455,-18.965023,3.972455,-22.503210,3.972455,-23.462872
3.983475,-1.423942,3.983475,-4.560251,3.983475,-5.026460,3.983475,-5.300533,3.983475,-6.990185,3.983475,-16.834240,3.983475,-13.778458,3.983475,-19.033895,3.983475,-22.592516,3.983475,-23.590020
3.994494,-1.445133,3.994494,-4.560251,3.994494,-5.047651,3.994494,-5.348096,3.994494,-7.018440,3.994494,-16.902052,3.994494,-13.863223,3.994494,-19.161042,3.994494,-22.681822,3.994494,-23.632402
4.005513,-1.466325,4.005513,-4.581443,4.005513,-5.050300,4.005513,-5.395659,4.005513,-7.082014,4.005513,-16.969864,4.005513,-13.969179,4.005513,-19.207663,4.005513,-22.771128,4.005513,-23.717167
4.016532,-1.466325,4.016532,-4.581443,4.016532,-5.071130,4.016532,-5.443221,4.016532,-7.131460,4.016532,-17.037676,4.016532,-14.053944,4.016532,-19.330573,4.016532,-22.860434,4.016532,-23.759550
4.027552,-1.487516,4.027552,-4.645017,4.027552,-5.091960,4.027552,-5.458762,4.027552,-7.230353,4.027552,-17.105488,4.027552,-14.075136,4.027552,-19.436529,4.027552,-22.949740,4.027552,-23.865506
4.038571,-1.487516,4.038571,-4.645017,4.038571,-5.180578,4.038571,-5.524455,4.038571,-7.284844,4.038571,-17.173300,4.038571,-14.138709,4.038571,-19.526003,4.038571,-23.039046,4.038571,-23.950271
4.049590,-1.487516,4.049590,-4.666208,4.049590,-5.280755,4.049590,-5.619815,4.049590,-7.308054,4.049590,-17.241113,4.049590,-14.138709,4.049590,-19.568975,4.049590,-23.128353,4.049590,-23.999718
4.060609,-1.508707,4.060609,-4.708590,4.060609,-5.301946,4.060609,-5.662198,4.060609,-7.332071,4.060609,-17.308925,4.060609,-14.223474,4.060609,-19.680229,4.060609,-23.217659,4.060609,-24.056228
4.071629,-1.529899,4.071629,-4.708590,4.071629,-5.323137,4.071629,-5.724359,4.071629,-7.431670,4.071629,-17.376737,4.071629,-14.350622,4.071629,-19.690824,4.071629,-23.306965,4.071629,-24.162184
4.082648,-1.551090,4.082648,-4.750973,4.082648,-5.429094,4.082648,-5.786520,4.082648,-7.505839,4.082648,-17.444549,4.082648,-14.456579,4.082648,-19.775590,4.082648,-23.396271,4.082648,-24.302047
4.093667,-1.551090,4.093667,-4.793355,4.093667,-5.429094,4.093667,-5.848681,4.093667,-7.505839,4.093667,-17.486931,4.093667,-14.460817,4.093667,-19.860355,4.093667,-23.485577,4.093667,-24.352906
4.104686,-1.551090,4.104686,-4.835738,4.104686,-5.429094,4.104686,-5.910842,4.104686,-7.590604,4.104686,-17.571697,4.104686,-14.477770,4.104686,-19.923928,4.104686,-23.574883,4.104686,-24.416480
4.115706,-1.551090,4.115706,-4.878121,4.115706,-5.429094,4.115706,-5.973003,4.115706,-7.675369,4.115706,-17.642334,4.115706,-14.604918,4.115706,-20.051076,4.115706,-23.664189,4.115706,-24.543627
4.126725,-1.572281,4.126725,-4.899312,4.126725,-5.467238,4.126725,-6.029513,4.126725,-7.760134,4.126725,-17.726556,4.126725,-14.689683,4.126725,-20.140080,4.126725,-23.753495,4.126725,-24.628392
4.137744,-1.572281,4.137744,-4.920503,4.137744,-5.513859,4.137744,-6.022450,4.137744,-7.802517,4.137744,-17.810778,4.137744,-14.753256,4.137744,-20.185288,4.137744,-23.842801,4.137744,-24.702562
4.148764,-1.607600,4.148764,-4.941694,4.148764,-5.513859,4.148764,-6.071896,4.148764,-7.866091,4.148764,-17.894999,4.148764,-14.816830,4.148764,-20.332617,4.148764,-23.932107,4.148764,-24.840305
4.159783,-1.635855,4.159783,-4.962886,4.159783,-5.563305,4.159783,-6.191980,4.159783,-7.908473,4.159783,-17.979221,4.159783,-14.922787,4.159783,-20.477256,4.159783,-24.021414,4.159783,-24.861496
4.170802,-1.657046,4.170802,-4.984077,4.170802,-5.641007,4.170802,-6.276745,4.170802,-7.976286,4.170802,-18.063443,4.170802,-15.028743,4.170802,-20.549071,4.170802,-24.110720,4.170802,-24.956857
4.181821,-1.657046,4.181821,-4.962886,4.181821,-5.662198,4.181821,-6.276745,4.181821,-8.056812,4.181821,-18.147665,4.181821,-15.049934,4.181821,-20.681517,4.181821,-24.200026,4.181821,-25.052218
4.192841,-1.678237,4.192841,-5.005268,4.192841,-5.676325,4.192841,-6.361510,4.192841,-8.113322,4.192841,-18.231886,4.192841,-15.155891,4.192841,-20.801247,4.192841,-24.289332,4.192841,-25.158174
4.203860,-1.699429,4.203860,-5.068842,4.203860,-5.746963,4.203860,-6.382701,4.203860,-8.205151,4.203860,-18.316108,4.203860,-15.177082,4.203860,-20.835153,4.203860,-24.374097,4.203860,-25.200557
4.214879,-1.699429,4.214879,-5.068842,4.214879,-5.768154,4.214879,-6.488658,4.214879,-8.226343,4.214879,-18.400330,4.214879,-15.261847,4.214879,-20.912855,4.214879,-24.384693,4.214879,-25.285322
4.225898,-1.699429,4.225898,-5.090033,4.225898,-5.810537,4.225898,-6.531040,4.225898,-8.268725,4.225898,-18.484552,4.225898,-15.346612,4.225898,-21.055543,4.225898,-24.395288,4.225898,-25.363023
4.236918,-1.720620,4.236918,-5.132416,4.236918,-5.895302,4.236918,-6.594614,4.236918,-8.353490,4.236918,-18.568773,4.236918,-15.463164,4.236918,-21.112229,4.236918,-24.437671,4.236918,-25.433661
4.247937,-1.741811,4.247937,-5.132416,4.247937,-5.937685,4.247937,-6.662426,4.247937,-8.459447,4.247937,-18.652995,4.247937,-15.532036,4.247937,-21.168916,4.247937,-24.527326,4.247937,-25.518426
4.258956,-1.741811,4.258956,-5.132416,4.258956,-5.958876,4.258956,-6.753549,4.258956,-8.523021,4.258956,-18.737217,4.258956,-15.600908,4.258956,-21.298713,4.258956,-24.616982,4.258956,-25.603191
4.269976,-1.741811,4.269976,-5.195990,4.269976,-6.001258,4.269976,-6.785336,4.269976,-8.565403,4.269976,-18.843173,4.269976,-15.696268,4.269976,-21.428509,4.269976,-24.706637,4.269976,-25.673122
4.280995,-1.741811,4.280995,-5.217181,4.280995,-6.064832,4.280995,-6.877165,4.280995,-8.628977,4.280995,-18.936415,4.280995,-15.733353,4.280995,-21.480310,4.280995,-24.796292,4.280995,-25.743054
4.292014,-1.784194,4.292014,-5.217181,4.292014,-6.086023,4.292014,-6.901888,4.292014,-8.713742,4.292014,-18.942066,4.292014,-15.770438,4.292014,-21.572610,4.292014,-24.885948,4.292014,-25.857487
4.303033,-1.784194,4.303033,-5.238372,4.303033,-6.128406,4.303033,-6.976057,4.303033,-8.756125,4.303033,-19.021651,4.303033,-15.876394,4.303033,-21.682199,4.303033,-24.975603,4.303033,-25.984634
4.314053,-1.805385,4.314053,-5.280755,4.314053,-6.191980,4.314053,-7.039631,4.314053,-8.756125,4.314053,-19.101236,4.314053,-15.876394,4.314053,-21.791788,4.314053,-25.065259,4.314053,-26.069399
4.325072,-1.805385,4.325072,-5.309010,4.325072,-6.269681,4.325072,-7.039631,4.325072,-8.869145,4.325072,-19.180821,4.325072,-15.961159,4.325072,-21.852335,4.325072,-25.154914,4.325072,-26.196547
4.336091,-1.847768,4.336091,-5.365520,4.336091,-6.308532,4.336091,-7.145587,4.336091,-8.982165,4.336091,-19.260406,4.336091,-16.045924,4.336091,-21.937100,4.336091,-25.244570,4.336091,-26.238930
4.347110,-1.847768,4.347110,-5.386711,4.347110,-6.368574,4.347110,-7.209161,4.347110,-9.095185,4.347110,-19.339991,4.347110,-16.102435,4.347110,-22.064248,4.347110,-25.334225,4.347110,-26.327933
4.358130,-1.868959,4.358130,-5.386711,4.358130,-6.425084,4.358130,-7.230353,4.358130,-9.116376,4.358130,-19.419576,4.358130,-16.158945,4.358130,-22.191395,4.358130,-25.423880,4.358130,-26.445545
4.369149,-1.868959,4.369149,-5.407903,4.369149,-6.488658,4.369149,-7.315118,4.369149,-9.137568,4.369149,-19.499161,4.369149,-16.215455,4.369149,-22.233778,4.369149,-25.513536,4.369149,-26.450842
4.380168,-1.890150,4.380168,-5.407903,4.380168,-6.509849,4.380168,-7.371628,4.380168,-9.201141,4.380168,-19.578746,4.380168,-16.268433,4.380168,-22.379762,4.380168,-25.603191,4.380168,-26.573752
4.391187,-1.890150,4.391187,-5.429094,4.391187,-6.552232,4.391187,-7.431670,4.391187,-9.243524,4.391187,-19.658331,4.391187,-16.321411,4.391187,-22.445691,4.391187,-25.603191,4.391187,-26.607658
4.402207,-1.890150,4.402207,-5.513859,4.402207,-6.594614,4.402207,-7.489946,4.402207,-9.307098,4.402207,-19.737916,4.402207,-16.363794,4.402207,-22.505026,4.402207,-25.652638,4.402207,-26.673351
4.413226,-1.932533,4.413226,-5.556241,4.413226,-6.636997,4.413226,-7.548222,4.413226,-9.349480,4.413226,-19.817501,4.413226,-16.480346,4.413226,-22.636412,4.413226,-25.687956,4.413226,-26.794141
4.424245,-1.932533,4.424245,-5.535050,4.424245,-6.700571,4.424245,-7.590604,4.424245,-9.434246,4.424245,-19.897086,4.424245,-16.596898,4.424245,-22.763560,4.424245,-25.730339,4.424245,-26.847422
4.435265,-1.932533,4.435265,-5.577433,4.435265,-6.742953,4.435265,-7.632987,4.435265,-9.476628,4.435265,-19.976671,4.435265,-16.713450,4.435265,-22.818657,4.435265,-25.821624,4.435265,-26.929765
4.446284,-1.953724,4.446284,-5.605688,4.446284,-6.785336,4.446284,-7.675369,4.446284,-9.519011,4.446284,-20.056256,4.446284,-16.830002,4.446284,-22.890708,4.446284,-25.912910,4.446284,-26.980624
4.457303,-1.953724,4.457303,-5.662198,4.457303,-6.823480,4.457303,-7.696561,4.457303,-9.603776,4.457303,-20.135841,4.457303,-16.830002,4.457303,-22.975473,4.457303,-26.004195,4.457303,-27.086581
4.468322,-1.974915,4.468322,-5.662198,4.468322,-6.870101,4.468322,-7.781326,4.468322,-9.667350,4.468322,-20.199415,4.468322,-16.885099,4.468322,-22.996664,4.468322,-26.095481,4.468322,-27.158631
4.479342,-1.996107,4.479342,-5.683389,4.479342,-6.933675,4.479342,-7.844900,4.479342,-9.709732,4.479342,-20.262989,4.479342,-16.928894,4.479342,-23.123812,4.479342,-26.186766,4.479342,-27.171346
4.490361,-2.038489,4.490361,-5.704580,4.490361,-6.954866,4.490361,-7.887282,4.490361,-9.783902,4.490361,-20.354818,4.490361,-16.992468,4.490361,-23.242483,4.490361,-26.278052,4.490361,-27.311208
4.501380,-2.038489,4.501380,-5.725772,4.501380,-6.976057,4.501380,-7.972047,4.501380,-9.870180,4.501380,-20.439040,4.501380,-17.056042,4.501380,-23.272151,4.501380,-26.369337,4.501380,-27.376195
4.512399,-2.059680,4.512399,-5.746963,4.512399,-7.060822,4.512399,-8.042685,4.512399,-9.956964,4.512399,-20.523261,4.512399,-17.140807,4.512399,-23.327248,4.512399,-26.460623,4.512399,-27.446832
4.523419,-2.059680,4.523419,-5.768154,4.523419,-7.124396,4.523419,-8.078004,4.523419,-10.017006,4.523419,-20.607483,4.523419,-17.260891,4.523419,-23.446524,4.523419,-26.551908,4.523419,-27.573980
4.534438,-2.102063,4.534438,-5.789346,4.534438,-7.145587,4.534438,-8.183960,4.534438,-10.055856,4.534438,-20.691705,4.534438,-17.380975,4.534438,-23.565801,4.534438,-26.643194,4.534438,-27.637554
4.545457,-2.102063,4.545457,-5.845856,4.545457,-7.209161,4.545457,-8.205151,4.545457,-10.122962,4.545457,-20.775927,4.545457,-17.444549,4.545457,-23.688912,4.545457,-26.734479,4.545457,-27.743510
4.556476,-2.102063,4.556476,-5.874111,4.556476,-7.272735,4.556476,-8.311108,4.556476,-10.239514,4.556476,-20.860148,4.556476,-17.503884,4.556476,-23.793691,4.556476,-26.825765,4.556476,-27.849467
4.567496,-2.123254,4.567496,-5.905898,4.567496,-7.336309,4.567496,-8.395873,4.567496,-10.303088,4.567496,-20.944370,4.567496,-17.558982,4.567496,-23.898471,4.567496,-26.917050,4.567496,-27.888317
4.578515,-2.144446,4.578515,-5.937685,4.578515,-7.336309,4.578515,-8.459447,4.578515,-10.345470,4.578515,-21.028592,4.578515,-17.614079,4.578515,-24.003250,4.578515,-27.008336,4.578515,-27.927168
4.589534,-2.144446,4.589534,-5.958876,4.589534,-7.421074,4.589534,-8.565403,4.589534,-10.477916,4.589534,-21.112814,4.589534,-17.647985,4.589534,-24.113974,4.589534,-27.099621,4.589534,-27.997806
4.600554,-2.208019,4.600554,-5.980067,4.600554,-7.442265,4.600554,-8.565403,4.600554,-10.499864,4.600554,-21.197035,4.600554,-17.771500,4.600554,-24.224699,4.600554,-27.190907,4.600554,-28.117890
4.611573,-2.208019,4.611573,-6.001258,4.611573,-7.505839,4.611573,-8.650168,4.611573,-10.578575,4.611573,-21.281257,4.611573,-17.889566,4.611573,-24.335423,4.611573,-27.282193,4.611573,-28.227882
4.622592,-2.229211,4.622592,-6.022450,4.622592,-7.548222,4.622592,-8.756125,4.622592,-10.663340,4.622592,-21.365479,4.622592,-17.953140,4.622592,-24.446147,4.622592,-27.373478,4.622592,-28.331568
4.633611,-2.229211,4.633611,-6.054237,4.633611,-7.611796,4.633611,-8.862081,4.633611,-10.748105,4.633611,-21.449701,4.633611,-18.037905,4.633611,-24.543627,4.633611,-27.464764,4.633611,-28.439795
4.644631,-2.250402,4.644631,-6.086023,4.644631,-7.675369,4.644631,-8.925655,4.644631,-10.854061,4.644631,-21.534466,4.644631,-18.155634,4.644631,-24.684902,4.644631,-27.556049,4.644631,-28.566943
4.655650,-2.271593,4.655650,-6.149597,4.655650,-7.781326,4.655650,-8.989229,4.655650,-10.887362,4.655650,-21.668677,4.655650,-18.273363,4.655650,-24.794895,4.655650,-27.647335,4.655650,-28.682990
4.666669,-2.292785,4.666669,-6.149597,4.666669,-7.823708,4.666669,-9.052802,4.666669,-10.981209,4.666669,-21.703996,4.666669,-18.313391,4.666669,-24.891770,4.666669,-27.738620,4.666669,-28.706200
4.677688,-2.313976,4.677688,-6.191980,4.677688,-7.866091,4.677688,-9.116376,4.677688,-11.055378,4.677688,-21.795597,4.677688,-18.436301,4.677688,-24.988644,4.677688,-27.829906,4.677688,-28.821238
4.688708,-2.335167,4.688708,-6.234362,4.688708,-7.908473,4.688708,-9.196903,4.688708,-11.129548,4.688708,-21.887198,4.688708,-18.546495,4.688708,-25.121090,4.688708,-27.921191,4.688708,-28.951413
4.699727,-2.335167,4.699727,-6.255554,4.699727,-7.972047,4.699727,-9.285907,4.699727,-11.171930,4.699727,-21.978799,4.699727,-18.616124,4.699727,-25.200557,4.699727,-28.012477,4.699727,-29.022051
4.710746,-2.335167,4.710746,-6.276745,4.710746,-8.014430,4.710746,-9.349480,4.710746,-11.214313,4.710746,-22.070400,4.710746,-18.685752,4.710746,-25.306513,4.710746,-28.103762,4.710746,-29.142135
4.721765,-2.356358,4.721765,-6.297936,4.721765,-8.078004,4.721765,-9.370672,4.721765,-11.320269,4.721765,-22.162001,4.721765,-18.817744,4.721765,-25.370087,4.721765,-28.156740,4.721765,-29.226900
4.732785,-2.377550,4.732785,-6.361510,4.732785,-8.086480,4.732785,-9.440300,4.732785,-11.426226,4.732785,-22.253602,4.732785,-18.832578,4.732785,-25.471805,4.732785,-28.216782,4.732785,-29.226900
4.743804,-2.419932,4.743804,-6.382701,4.743804,-8.128863,4.743804,-9.535964,4.743804,-11.532182,4.743804,-22.345203,4.743804,-18.919462,4.743804,-25.550213,4.743804,-28.266229,4.743804,-29.332856
4.754823,-2.419932,4.754823,-6.382701,4.754823,-8.179722,4.754823,-9.603776,4.754823,-11.574565,4.754823,-22.436804,4.754823,-18.936415,4.754823,-25.624382,4.754823,-28.315675,4.754823,-29.426703
4.765843,-2.462315,4.765843,-6.460403,4.765843,-8.226343,4.765843,-9.667350,4.765843,-11.606352,4.765843,-22.528405,4.765843,-19.076277,4.765843,-25.772721,4.765843,-28.416741,4.765843,-29.528119
4.776862,-2.483506,4.776862,-6.488658,4.776862,-8.289916,4.776862,-9.688541,4.776862,-11.680521,4.776862,-22.620006,4.776862,-19.161042,4.776862,-25.848405,4.776862,-28.517807,4.776862,-29.629534
4.787881,-2.483506,4.787881,-6.552232,4.787881,-8.395873,4.787881,-9.805093,4.787881,-11.765286,4.787881,-22.711607,4.787881,-19.161042,4.787881,-25.971642,4.787881,-28.618873,4.787881,-29.636598
4.798900,-2.483506,4.798900,-6.573423,4.798900,-8.438255,4.798900,-9.921645,4.798900,-11.797073,4.798900,-22.803208,4.798900,-19.309381,4.798900,-26.094879,4.798900,-28.719939,4.798900,-29.746086
4.809920,-2.525889,4.809920,-6.573423,4.809920,-8.493353,4.809920,-9.968266,4.809920,-11.897732,4.809920,-22.894809,4.809920,-19.394147,4.809920,-26.218117,4.809920,-28.821005,4.809920,-29.892911
4.820939,-2.568271,4.820939,-6.615805,4.820939,-8.616868,4.820939,-10.050912,4.820939,-11.998390,4.820939,-22.986410,4.820939,-19.436529,4.820939,-26.341354,4.820939,-28.922071,4.820939,-29.994327
4.831958,-2.568271,4.831958,-6.658188,4.831958,-8.692551,4.831958,-10.133558,4.831958,-12.118474,4.831958,-23.078011,4.831958,-19.563677,4.831958,-26.463910,4.831958,-29.023138,4.831958,-30.095742
4.842977,-2.568271,4.842977,-6.700571,4.842977,-8.713742,4.842977,-10.165345,4.842977,-12.146729,4.842977,-23.169612,4.842977,-19.643733,4.842977,-26.586467,4.842977,-29.124204,4.842977,-30.210175
4.853997,-2.589462,4.853997,-6.764144,4.853997,-8.766720,4.853997,-10.260705,4.853997,-12.252686,4.853997,-23.261213,4.853997,-19.669633,4.853997,-26.698780,4.853997,-29.225270,4.853997,-30.244081
4.865016,-2.610654,4.865016,-6.785336,4.865016,-8.798507,4.865016,-10.296024,4.865016,-12.358642,4.865016,-23.352814,4.865016,-19.810908,4.865016,-26.811094,4.865016,-29.326336,4.865016,-30.323195
4.876035,-2.631845,4.876035,-6.827718,4.876035,-8.917178,4.876035,-10.409044,4.876035,-12.479735,4.876035,-23.444415,4.876035,-19.865299,4.876035,-26.917050,4.876035,-29.427402,4.876035,-30.402309
4.887055,-2.653036,4.887055,-6.848909,4.887055,-8.946846,4.887055,-10.481095,4.887055,-12.591746,4.887055,-23.536016,4.887055,-19.919690,4.887055,-27.023007,4.887055,-29.528468,4.887055,-30.481424
4.898074,-2.674228,4.898074,-6.870101,4.898074,-9.010420,4.898074,-10.553145,4.898074,-12.651788,4.898074,-23.627617,4.898074,-20.017170,4.898074,-27.128963,4.898074,-29.629534,4.898074,-30.583142
4.909093,-2.695419,4.909093,-6.891292,4.909093,-9.031611,4.909093,-10.636851,4.909093,-12.711830,4.909093,-23.719218,4.909093,-20.114650,4.909093,-27.260349,4.909093,-29.693108,4.909093,-30.703226
4.920112,-2.716610,4.920112,-6.912483,4.920112,-9.063398,4.920112,-10.658630,4.920112,-12.718894,4.920112,-23.810819,4.920112,-20.170277,4.920112,-27.331794,4.920112,-29.735491,4.920112,-30.823310
4.931132,-2.737801,4.931132,-6.954866,4.931132,-9.116376,4.931132,-10.705722,4.931132,-12.740085,4.931132,-23.902420,4.931132,-20.225904,4.931132,-27.416055,4.931132,-29.822375,4.931132,-30.858628
4.942151,-2.737801,4.942151,-6.954866,4.942151,-9.158759,4.942151,-10.832870,4.942151,-12.782468,4.942151,-23.994021,4.942151,-20.302344,4.942151,-27.500315,4.942151,-29.909259,4.942151,-30.943393
4.953170,-2.822567,4.953170,-6.997248,4.953170,-9.222333,4.953170,-10.875252,4.953170,-12.867233,4.953170,-24.085622,4.953170,-20.404516,4.953170,-27.584576,4.953170,-29.996143,4.953170,-31.049350
4.964189,-2.822567,4.964189,-7.039631,4.964189,-9.307098,4.964189,-10.917635,4.964189,-13.015572,4.964189,-24.177223,4.964189,-20.506689,4.964189,-27.634527,4.964189,-30.083028,4.964189,-31.112924
4.975209,-2.822567,4.975209,-7.060822,4.975209,-9.328289,4.975209,-11.002400,4.975209,-13.036763,4.975209,-24.268824,4.975209,-20.609113,4.975209,-27.658745,4.975209,-30.169912,4.975209,-31.197689
4.986228,-2.843758,4.986228,-7.082014,4.986228,-9.391863,4.986228,-11.104118,4.986228,-13.087622,4.986228,-24.360425,4.986228,-20.729197,4.986228,-27.807084,4.986228,-30.256796,4.986228,-31.282454
4.997247,-2.843758,4.997247,-7.103205,4.997247,-9.476628,4.997247,-11.138024,4.997247,-13.227484,4.997247,-24.452026,4.997247,-20.801247,4.997247,-27.944827,4.997247,-30.343680,4.997247,-31.319539
5.008266,-2.886140,5.008266,-7.145587,5.008266,-9.519011,5.008266,-11.214313,5.008266,-13.291058,5.008266,-24.543627,5.008266,-20.856345,5.008266,-28.082571,5.008266,-30.430564,5.008266,-31.446686
5.019286,-2.886140,5.019286,-7.166779,5.019286,-9.561393,5.019286,-11.299078,5.019286,-13.392776,5.019286,-24.615148,5.019286,-20.919919,5.019286,-28.216782,5.019286,-30.517449,5.019286,-31.557941
5.030305,-2.907332,5.030305,-7.209161,5.030305,-9.603776,5.030305,-11.375367,5.030305,-13.418206,5.030305,-24.686668,5.030305,-20.972897,5.030305,-28.348639,5.030305,-30.604333,5.030305,-31.579132
5.041324,-2.928523,5.041324,-7.240948,5.041324,-9.688541,5.041324,-11.426226,5.041324,-13.477541,5.041324,-24.758189,5.041324,-21.068258,5.041324,-28.480496,5.041324,-30.618460,5.041324,-31.642706
5.052344,-2.939119,5.052344,-7.293926,5.052344,-9.709732,5.052344,-11.510991,5.052344,-13.577140,5.052344,-24.829710,5.052344,-21.216596,5.052344,-28.612353,5.052344,-30.699694,5.052344,-31.791045
5.063363,-2.949714,5.063363,-7.315118,5.063363,-9.709732,5.063363,-11.532182,5.063363,-13.608927,5.063363,-24.882688,5.063363,-21.258979,5.063363,-28.654735,5.063363,-30.780927,5.063363,-31.875810
5.074382,-2.970905,5.074382,-7.349024,5.074382,-9.773306,5.074382,-11.638138,5.074382,-13.647072,5.074382,-24.999240,5.074382,-21.334326,5.074382,-28.718309,5.074382,-30.851565,5.074382,-31.897001
5.085401,-2.992097,5.085401,-7.357500,5.085401,-9.858071,5.085401,-11.722904,5.085401,-13.736075,5.085401,-25.115792,5.085401,-21.409673,5.085401,-28.781883,5.085401,-30.922202,5.085401,-31.960575
5.096421,-3.013288,5.096421,-7.378691,5.096421,-9.858071,5.096421,-11.744095,5.096421,-13.791172,5.096421,-25.158174,5.096421,-21.485019,5.096421,-28.845457,5.096421,-31.006967,5.096421,-32.024149
5.107440,-3.013288,5.107440,-7.410478,5.107440,-9.934360,5.107440,-11.828860,5.107440,-13.884414,5.107440,-25.221748,5.107440,-21.545061,5.107440,-28.951413,5.107440,-31.128817,5.107440,-32.161892
5.118459,-3.013288,5.118459,-7.484648,5.118459,-9.999346,5.118459,-11.892434,5.118459,-13.947988,5.118459,-25.264131,5.118459,-21.555657,5.118459,-28.993796,5.118459,-31.250667,5.118459,-32.214870
5.129478,-3.034479,5.129478,-7.484648,5.129478,-10.061507,5.129478,-11.934816,5.129478,-14.043349,5.129478,-25.306513,5.129478,-21.576848,5.129478,-29.099752,5.129478,-31.372517,5.129478,-32.278444
5.140498,-3.034479,5.140498,-7.527030,5.140498,-10.112366,5.140498,-12.012518,5.140498,-14.096327,5.140498,-25.348896,5.140498,-21.707023,5.140498,-29.216304,5.140498,-31.494367,5.140498,-32.386755
5.151517,-3.034479,5.151517,-7.548222,5.151517,-10.175940,5.151517,-12.083155,5.151517,-14.223474,5.151517,-25.476044,5.151517,-21.790275,5.151517,-29.332856,5.151517,-31.549464,5.151517,-32.512725
5.162536,-3.098053,5.162536,-7.569413,5.162536,-10.239514,5.162536,-12.167920,5.162536,-14.294112,5.162536,-25.603191,5.162536,-21.873526,5.162536,-29.470600,5.162536,-31.583370,5.162536,-32.638696
5.173555,-3.098053,5.173555,-7.611796,5.173555,-10.292492,5.173555,-12.248447,5.173555,-14.369459,5.173555,-25.730339,5.173555,-21.987959,5.173555,-29.608343,5.173555,-31.616217,5.173555,-32.681078
5.184575,-3.119244,5.184575,-7.640051,5.184575,-10.303088,5.184575,-12.379833,5.184575,-14.465661,5.184575,-25.857487,5.184575,-22.085439,5.184575,-29.671917,5.184575,-31.685088,5.184575,-32.765843
5.195594,-3.140436,5.195594,-7.668306,5.195594,-10.387853,5.195594,-12.464598,5.195594,-14.541344,5.195594,-25.984634,5.195594,-22.177268,5.195594,-29.799064,5.195594,-31.769853,5.195594,-32.892991
5.206613,-3.119244,5.206613,-7.696561,5.206613,-10.469591,5.206613,-12.544066,5.206613,-14.689683,5.206613,-26.031255,5.206613,-22.254969,5.206613,-29.926212,5.206613,-31.897001,5.206613,-32.998947
5.217633,-3.161627,5.217633,-7.696561,5.217633,-10.530894,5.217633,-12.549363,5.217633,-14.753256,5.217633,-26.019953,5.217633,-22.371521,5.217633,-29.954467,5.217633,-32.024149,5.217633,-33.020139
5.228652,-3.161627,5.228652,-7.738943,5.228652,-10.548301,5.228652,-12.676511,5.228652,-14.774448,5.228652,-26.058804,5.228652,-22.366980,5.228652,-30.032168,5.228652,-32.031212,5.228652,-33.041330
5.239671,-3.182818,5.239671,-7.738943,5.239671,-10.642148,5.239671,-12.718894,5.239671,-14.859213,5.239671,-26.179771,5.239671,-22.509264,5.239671,-30.138125,5.239671,-32.073595,5.239671,-33.138204
5.250690,-3.204010,5.250690,-7.802517,5.250690,-10.684531,5.250690,-12.803659,5.250690,-14.927025,5.250690,-26.300737,5.250690,-22.594030,5.250690,-30.217592,5.250690,-32.198388,5.250690,-33.210860
5.261710,-3.225201,5.261710,-7.802517,5.261710,-10.769296,5.261710,-12.846041,5.261710,-14.996956,5.261710,-26.421704,5.261710,-22.606744,5.261710,-30.297059,5.261710,-32.270203,5.261710,-33.283516
5.272729,-3.246392,5.272729,-7.866091,5.272729,-10.824393,5.272729,-12.888424,5.272729,-15.049934,5.272729,-26.542671,5.272729,-22.685858,5.272729,-30.432154,5.272729,-32.342018,5.272729,-33.368281
5.283748,-3.246392,5.283748,-7.866091,5.283748,-10.875252,5.283748,-12.951998,5.283748,-15.105032,5.283748,-26.599181,5.283748,-22.827134,5.283748,-30.567248,5.283748,-32.384400,5.283748,-33.481049
5.294767,-3.267583,5.294767,-7.919069,5.294767,-10.951541,5.294767,-13.057954,5.294767,-15.240656,5.294767,-26.691010,5.294767,-22.862452,5.294767,-30.714999,5.294767,-32.482410,5.294767,-33.592303
5.305787,-3.288775,5.305787,-7.950856,5.305787,-10.981209,5.305787,-13.142719,5.305787,-15.325421,5.305787,-26.782839,5.305787,-22.933090,5.305787,-30.840576,5.305787,-32.580420,5.305787,-33.620558
5.316806,-3.309966,5.316806,-7.993239,5.316806,-11.044783,5.316806,-13.269867,5.316806,-15.424314,5.316806,-26.864812,5.316806,-23.070833,5.316806,-30.966154,5.316806,-32.678429,5.316806,-33.719451
5.327825,-3.331157,5.327825,-8.035621,5.327825,-11.150739,5.327825,-13.312250,5.327825,-15.431377,5.327825,-26.946784,5.327825,-23.208577,5.327825,-31.091732,5.327825,-32.776439,5.327825,-33.848953
5.338845,-3.331157,5.338845,-8.035621,5.338845,-11.171930,5.338845,-13.391717,5.338845,-15.579716,5.338845,-27.028756,5.338845,-23.258023,5.338845,-31.240071,5.338845,-32.874449,5.338845,-33.978455
5.349864,-3.373540,5.349864,-8.099195,5.349864,-11.235504,5.349864,-13.471184,5.349864,-15.600908,5.349864,-27.110729,5.349864,-23.307469,5.349864,-31.314241,5.349864,-32.972458,5.349864,-34.107958
5.360883,-3.373540,5.360883,-8.099195,5.360883,-11.299078,5.360883,-13.551408,5.360883,-15.706864,5.360883,-27.192701,5.360883,-23.441681,5.360883,-31.374283,5.360883,-33.070468,5.360883,-34.185659
5.371902,-3.373540,5.371902,-8.120386,5.371902,-11.341461,5.371902,-13.570783,5.371902,-15.749247,5.371902,-27.274674,5.371902,-23.491127,5.371902,-31.378992,5.371902,-33.168478,5.371902,-34.228042
5.382922,-3.373540,5.382922,-8.141577,5.382922,-11.426226,5.382922,-13.672501,5.382922,-15.834012,5.382922,-27.356646,5.382922,-23.590020,5.382922,-31.515558,5.382922,-33.232052,5.382922,-34.333998
5.393941,-3.415922,5.393941,-8.183960,5.393941,-11.451655,5.393941,-13.714884,5.393941,-15.834012,5.393941,-27.438619,5.393941,-23.653594,5.393941,-31.600323,5.393941,-33.338008,5.393941,-34.376381
5.404960,-3.437114,5.404960,-8.205151,5.404960,-11.510991,5.404960,-13.820840,5.404960,-15.961159,5.404960,-27.520591,5.404960,-23.717167,5.404960,-31.727471,5.404960,-33.359199,5.404960,-34.515301
5.415979,-3.458305,5.415979,-8.226343,5.415979,-11.510991,5.415979,-13.850508,5.415979,-16.052988,5.415979,-27.602564,5.415979,-23.759550,5.415979,-31.791045,5.415979,-33.451028,5.415979,-34.577698
5.426999,-3.479496,5.426999,-8.289916,5.426999,-11.574565,5.426999,-13.918320,5.426999,-16.088307,5.426999,-27.684536,5.426999,-23.844315,5.426999,-31.911835,5.426999,-33.542857,5.426999,-34.625378
5.438018,-3.500687,5.438018,-8.289916,5.438018,-11.627543,5.438018,-13.955052,5.438018,-16.187200,5.438018,-27.766509,5.438018,-23.929080,5.438018,-32.032625,5.438018,-33.634686,5.438018,-34.720360
5.449037,-3.500687,5.449037,-8.353490,5.449037,-11.722904,5.449037,-14.032753,5.449037,-16.281854,5.449037,-27.848481,5.449037,-23.929080,5.449037,-32.084695,5.449037,-33.726515,5.449037,-34.815343
5.460056,-3.521879,5.460056,-8.353490,5.460056,-11.765286,5.460056,-14.170496,5.460056,-16.376508,5.460056,-27.930454,5.460056,-24.045632,5.460056,-32.170561,5.460056,-33.818344,5.460056,-34.855303
5.471076,-3.543070,5.471076,-8.417064,5.471076,-11.828860,5.471076,-14.308240,5.471076,-16.463695,5.471076,-28.012426,5.471076,-24.183376,5.471076,-32.299635,5.471076,-33.910172,5.471076,-34.990928
5.482095,-3.585453,5.482095,-8.417064,5.482095,-11.850051,5.482095,-14.407132,5.482095,-16.490941,5.482095,-28.094398,5.482095,-24.246949,5.482095,-32.437379,5.482095,-33.973746,5.482095,-35.111012
5.493114,-3.585453,5.493114,-8.480638,5.493114,-11.943293,5.493114,-14.456579,5.493114,-16.622327,5.493114,-28.176371,5.493114,-24.352906,5.493114,-32.575122,5.493114,-33.973746,5.493114,-35.139267
5.504134,-3.585453,5.504134,-8.523021,5.504134,-12.040773,5.504134,-14.520152,5.504134,-16.734641,5.504134,-28.258343,5.504134,-24.501245,5.504134,-32.686376,5.504134,-34.117847,5.504134,-35.287606
5.515153,-3.606644,5.515153,-8.544212,5.515153,-12.083155,5.515153,-14.647300,5.515153,-16.787619,5.515153,-28.340316,5.515153,-24.586010,5.515153,-32.791008,5.515153,-34.164468,5.515153,-35.361775
5.526172,-3.627835,5.526172,-8.586594,5.526172,-12.104347,5.526172,-14.668491,5.526172,-16.840597,5.526172,-28.422288,5.526172,-24.660179,5.526172,-32.895640,5.526172,-34.270424,5.526172,-35.414753
5.537191,-3.627835,5.537191,-8.628977,5.537191,-12.146729,5.537191,-14.689683,5.537191,-16.893576,5.537191,-28.504261,5.537191,-24.751756,5.537191,-33.000272,5.537191,-34.376381,5.537191,-35.443008
5.548211,-3.670218,5.548211,-8.650168,5.548211,-12.231494,5.548211,-14.779746,5.548211,-17.020723,5.548211,-28.586233,5.548211,-24.843332,5.548211,-33.104904,5.548211,-34.482337,5.548211,-35.584283
5.559230,-3.670218,5.559230,-8.713742,5.559230,-12.330387,5.559230,-14.869808,5.559230,-17.133743,5.559230,-28.668206,5.559230,-24.903879,5.559230,-33.163180,5.559230,-34.575579,5.559230,-35.640794
5.570249,-3.691409,5.570249,-8.756125,5.570249,-12.379833,5.570249,-14.936914,5.570249,-17.169062,5.570249,-28.750178,5.570249,-24.974517,5.570249,-33.277461,5.570249,-34.634914,5.570249,-35.647857
5.581268,-3.691409,5.581268,-8.777316,5.581268,-12.422216,5.581268,-15.004020,5.581268,-17.190254,5.581268,-28.832151,5.581268,-25.073409,5.581268,-33.359199,5.581268,-34.694250,5.581268,-35.746750
5.592288,-3.691409,5.592288,-8.819698,5.592288,-12.443407,5.592288,-15.071126,5.592288,-17.296210,5.592288,-28.914123,5.592288,-25.158174,5.592288,-33.446992,5.592288,-34.762062,5.592288,-35.859770
5.603307,-3.733792,5.603307,-8.819698,5.603307,-12.485790,5.603307,-15.155891,5.603307,-17.317401,5.603307,-28.996096,5.603307,-25.172302,5.603307,-33.446992,5.603307,-34.779015,5.603307,-35.923344
5.614326,-3.754983,5.614326,-8.819698,5.614326,-12.570555,5.614326,-15.177082,5.614326,-17.402166,5.614326,-29.078068,5.614326,-25.166651,5.614326,-33.507538,5.614326,-34.884971,5.614326,-35.965726
5.625345,-3.754983,5.625345,-8.904464,5.625345,-12.634129,5.625345,-15.283038,5.625345,-17.472804,5.625345,-29.160041,5.625345,-25.285322,5.625345,-33.613495,5.625345,-34.906163,5.625345,-36.029300
5.636365,-3.776174,5.636365,-8.904464,5.636365,-12.697702,5.636365,-15.314825,5.636365,-17.486931,5.636365,-29.242013,5.636365,-25.364789,5.636365,-33.726515,5.636365,-34.927354,5.636365,-36.092874
5.647384,-3.776174,5.647384,-8.946846,5.647384,-12.761276,5.647384,-15.388995,5.647384,-17.550505,5.647384,-29.323985,5.647384,-25.444257,5.647384,-33.839535,5.647384,-35.014768,5.647384,-36.177639
5.658403,-3.797365,5.658403,-8.946846,5.658403,-12.803659,5.658403,-15.452569,5.658403,-17.656462,5.658403,-29.405958,5.658403,-25.476044,5.658403,-33.952555,5.658403,-35.102182,5.658403,-36.256350
5.669423,-3.818557,5.669423,-8.968037,5.669423,-12.846041,5.669423,-15.545810,5.669423,-17.762418,5.669423,-29.487930,5.669423,-25.624382,5.669423,-34.016129,5.669423,-35.189596,5.669423,-36.375929
5.680442,-3.839748,5.680442,-9.010420,5.680442,-12.899020,5.680442,-15.596669,5.680442,-17.825992,5.680442,-29.569903,5.680442,-25.666765,5.680442,-34.150340,5.680442,-35.277010,5.680442,-36.495508
5.691461,-3.839748,5.691461,-9.031611,5.691461,-12.973189,5.691461,-15.685673,5.691461,-17.868374,5.691461,-29.651875,5.691461,-25.709148,5.691461,-34.185659,5.691461,-35.364424,5.691461,-36.601465
5.702480,-3.860939,5.702480,-9.073994,5.702480,-13.015572,5.702480,-15.706864,5.702480,-17.931948,5.702480,-29.733848,5.702480,-25.762126,5.702480,-34.305743,5.702480,-35.451838,5.702480,-36.612060
5.713500,-3.903322,5.713500,-9.095185,5.713500,-13.036763,5.713500,-15.766200,5.713500,-17.942544,5.713500,-29.815820,5.713500,-25.772721,5.713500,-34.425827,5.713500,-35.539252,5.713500,-36.696826
5.724519,-3.903322,5.724519,-9.073994,5.724519,-13.100337,5.724519,-15.844607,5.724519,-18.016713,5.724519,-29.897793,5.724519,-25.822168,5.724519,-34.545911,5.724519,-35.626666,5.724519,-36.735676
5.735538,-3.903322,5.735538,-9.095185,5.735538,-13.113051,5.735538,-15.876394,5.735538,-18.101479,5.735538,-29.979765,5.735538,-25.956379,5.735538,-34.618903,5.735538,-35.632721,5.735538,-36.834569
5.746557,-3.945704,5.746557,-9.137568,5.746557,-13.163911,5.746557,-15.961159,5.746557,-18.189271,5.746557,-30.061738,5.746557,-26.055272,5.746557,-34.683065,5.746557,-35.647857,5.746557,-36.876951
5.757577,-3.945704,5.757577,-9.137568,5.757577,-13.248676,5.757577,-16.003542,5.757577,-18.228626,5.757577,-30.143710,5.757577,-26.154164,5.757577,-34.747228,5.757577,-35.722027,5.757577,-36.919334
5.768596,-3.945704,5.768596,-9.137568,5.768596,-13.269867,5.768596,-16.067116,5.768596,-18.340637,5.768596,-30.225683,5.768596,-26.224802,5.768596,-34.786079,5.768596,-35.796196,5.768596,-36.982908
5.779615,-3.966896,5.779615,-9.201141,5.779615,-13.291058,5.779615,-16.109498,5.779615,-18.376965,5.779615,-30.307655,5.779615,-26.295440,5.779615,-34.906163,5.779615,-35.895089,5.779615,-37.081801
5.790635,-3.966896,5.790635,-9.250588,5.790635,-13.365228,5.790635,-16.130690,5.790635,-18.504113,5.790635,-30.392420,5.790635,-26.366077,5.790635,-35.026246,5.790635,-35.944535,5.790635,-37.152438
5.801654,-3.988087,5.801654,-9.307098,5.801654,-13.439397,5.801654,-16.257837,5.801654,-18.588878,5.801654,-30.455994,5.801654,-26.395745,5.801654,-35.099911,5.801654,-36.082279,5.801654,-37.194821
5.812673,-4.009278,5.812673,-9.349480,5.812673,-13.481780,5.812673,-16.279029,5.812673,-18.673643,5.812673,-30.530163,5.812673,-26.507352,5.812673,-35.177865,5.812673,-36.220022,5.812673,-37.328023
5.823692,-4.030469,5.823692,-9.349480,5.823692,-13.545354,5.823692,-16.390283,5.823692,-18.800791,5.823692,-30.604333,5.823692,-26.570926,5.823692,-35.255819,5.823692,-36.283596,5.823692,-37.381304
5.834712,-4.072852,5.834712,-9.391863,5.834712,-13.587736,5.834712,-16.501537,5.834712,-18.885556,5.834712,-30.678502,5.834712,-26.680415,5.834712,-35.329988,5.834712,-36.329510,5.834712,-37.483022
5.845731,-4.072852,5.845731,-9.434246,5.845731,-13.655548,5.845731,-16.612791,5.845731,-18.906747,5.845731,-30.752672,5.845731,-26.789903,5.845731,-35.478327,5.845731,-36.375425,5.845731,-37.533881
5.856750,-4.072852,5.856750,-9.413054,5.856750,-13.706407,5.856750,-16.724045,5.856750,-19.023299,5.856750,-30.826841,5.856750,-26.853477,5.856750,-35.626666,5.856750,-36.488445,5.856750,-37.639838
5.867769,-4.094043,5.867769,-9.413054,5.867769,-13.799649,5.867769,-16.766428,5.867769,-19.139851,5.867769,-30.901011,5.867769,-26.853477,5.867769,-35.711431,5.867769,-36.601465,5.867769,-37.661029
5.878789,-4.136426,5.878789,-9.476628,5.878789,-13.820840,5.878789,-16.885099,5.878789,-19.182234,5.878789,-30.975180,5.878789,-27.001816,5.878789,-35.796196,5.878789,-36.686230,5.878789,-37.766985
5.889808,-4.157617,5.889808,-9.504883,5.889808,-13.905605,5.889808,-16.935958,5.889808,-19.214021,5.889808,-31.049350,5.889808,-27.065389,5.889808,-35.876252,5.889808,-36.770995,5.889808,-37.872942
5.900827,-4.157617,5.900827,-9.534904,5.900827,-13.947988,5.900827,-16.967745,5.900827,-19.272297,5.900827,-31.123519,5.900827,-27.107772,5.900827,-35.902153,5.900827,-36.855760,5.900827,-37.894133
5.911846,-4.157617,5.911846,-9.564925,5.911846,-13.969179,5.911846,-17.063106,5.911846,-19.330573,5.911846,-31.197689,5.911846,-27.222810,5.911846,-36.029300,5.911846,-36.865179,5.911846,-37.957707
5.922866,-4.200000,5.922866,-9.594946,5.922866,-14.011562,5.922866,-17.077233,5.922866,-19.425933,5.922866,-31.271858,5.922866,-27.337849,5.922866,-36.135257,5.922866,-36.874597,5.922866,-38.063663
5.933885,-4.221191,5.933885,-9.624967,5.933885,-14.075136,5.933885,-17.154935,5.933885,-19.478912,5.933885,-31.346028,5.933885,-27.340876,5.933885,-36.241213,5.933885,-36.884015,5.933885,-38.096964
5.944904,-4.221191,5.944904,-9.656754,5.944904,-14.117518,5.944904,-17.232636,5.944904,-19.527349,5.944904,-31.420197,5.944904,-27.393854,5.944904,-36.347170,5.944904,-36.919334,5.944904,-38.164910
5.955924,-4.263573,5.955924,-9.688541,5.955924,-14.138709,5.955924,-17.275019,5.955924,-19.597583,5.955924,-31.494367,5.955924,-27.446832,5.955924,-36.357765,5.955924,-36.961717,5.955924,-38.260439
5.966943,-4.295360,5.966943,-9.702668,5.966943,-14.202283,5.966943,-17.338592,5.966943,-19.634314,5.966943,-31.568536,5.966943,-27.517470,5.966943,-36.453126,5.966943,-37.057077,5.966943,-38.296767
5.977962,-4.327147,5.977962,-9.716796,5.977962,-14.265857,5.977962,-17.402166,5.977962,-19.754398,5.977962,-31.642706,5.977962,-27.604253,5.977962,-36.580274,5.977962,-37.135485,5.977962,-38.416209
5.988981,-4.305956,5.988981,-9.730923,5.988981,-14.329431,5.988981,-17.508123,5.988981,-19.817972,5.988981,-31.716875,5.988981,-27.692651,5.988981,-36.686230,5.988981,-37.177161,5.988981,-38.454188
6.000001,-4.284765,6.000001,-9.752115,6.000001,-14.429333,6.000001,-17.628207,6.000001,-19.870950,6.000001,-31.791045,6.000001,-27.726557,6.000001,-36.820441,6.000001,-37.247799,6.000001,-38.545008
6.011020,-4.327147,6.011020,-9.815689,6.011020,-14.435387,6.011020,-17.667057,6.011020,-19.923928,6.011020,-31.865214,6.011020,-27.760463,6.011020,-36.880483,6.011020,-37.343160,6.011020,-38.635828
6.022039,-4.348339,6.022039,-9.836880,6.022039,-14.530748,6.022039,-17.720035,6.022039,-19.966311,6.022039,-31.939384,6.022039,-27.785893,6.022039,-36.940525,6.022039,-37.406733,6.022039,-38.657019
6.033058,-4.348339,6.033058,-9.858071,6.033058,-14.583726,6.033058,-17.762418,6.033058,-20.061672,6.033058,-32.013553,6.033058,-27.934232,6.033058,-37.004099,6.033058,-37.486201,6.033058,-38.805358
6.044078,-4.390721,6.044078,-9.879262,6.044078,-14.636704,6.044078,-17.896629,6.044078,-20.157033,6.044078,-32.087722,6.044078,-28.061380,6.044078,-37.099460,6.044078,-37.555072,6.044078,-38.898599
6.055097,-4.390721,6.055097,-9.921645,6.055097,-14.689683,6.055097,-17.910757,6.055097,-20.252393,6.055097,-32.161892,6.055097,-28.106411,6.055097,-37.163034,6.055097,-37.597455,6.055097,-38.932506
6.066116,-4.390721,6.066116,-9.921645,6.066116,-14.753256,6.066116,-17.974331,6.066116,-20.347754,6.066116,-32.236061,6.066116,-28.151442,6.066116,-37.194821,6.066116,-37.687518,6.066116,-38.966412
6.077135,-4.390721,6.077135,-9.921645,6.077135,-14.795639,6.077135,-18.037905,6.077135,-20.386605,6.077135,-32.310231,6.077135,-28.180580,6.077135,-37.279586,6.077135,-37.788706,6.077135,-39.070249
6.088155,-4.411912,6.088155,-9.942836,6.088155,-14.795639,6.088155,-18.101479,6.088155,-20.425455,6.088155,-32.384400,6.088155,-28.209718,6.088155,-37.332564,6.088155,-37.889895,6.088155,-39.102036
6.099174,-4.433104,6.099174,-9.985219,6.099174,-14.838022,6.099174,-18.101479,6.099174,-20.496093,6.099174,-32.405592,6.099174,-28.315675,6.099174,-37.433223,6.099174,-37.978898,6.099174,-39.135942
6.110193,-4.433104,6.110193,-10.027601,6.110193,-14.880404,6.110193,-18.143861,6.110193,-20.531412,6.110193,-32.464221,6.110193,-28.421631,6.110193,-37.533881,6.110193,-37.978898,6.110193,-39.150473
6.121213,-4.454295,6.121213,-10.062920,6.121213,-14.901595,6.121213,-18.232864,6.121213,-20.619709,6.121213,-32.522850,6.121213,-28.449886,6.121213,-37.597455,6.121213,-38.031050,6.121213,-39.229183
6.132232,-4.454295,6.132232,-10.098239,6.132232,-15.007552,6.132232,-18.334583,6.132232,-20.708006,6.132232,-32.581479,6.132232,-28.569970,6.132232,-37.639838,6.132232,-38.083201,6.132232,-39.324544
6.143251,-4.496678,6.143251,-10.133558,6.143251,-15.034041,6.143251,-18.440539,6.143251,-20.750388,6.143251,-32.640108,6.143251,-28.675927,6.143251,-37.777581,6.143251,-38.135353,6.143251,-39.398714
6.154270,-4.517869,6.154270,-10.133558,6.154270,-15.060530,6.154270,-18.472326,6.154270,-20.835153,6.154270,-32.698738,6.154270,-28.781883,6.154270,-37.915324,6.154270,-38.187504,6.154270,-39.462287
6.165290,-4.539060,6.165290,-10.133558,6.165290,-15.113508,6.165290,-18.504113,6.165290,-20.877536,6.165290,-32.757367,6.165290,-28.781883,6.165290,-38.000089,6.165290,-38.239656,6.165290,-39.504670
6.176309,-4.560251,6.176309,-10.133558,6.176309,-15.177082,6.176309,-18.610069,6.176309,-20.962301,6.176309,-32.815996,6.176309,-28.824266,6.176309,-38.091918,6.176309,-38.291807,6.176309,-39.557648
6.187328,-4.581443,6.187328,-10.168876,6.187328,-15.219465,6.187328,-18.673643,6.187328,-20.983492,6.187328,-32.874625,6.187328,-28.951413,6.187328,-38.169619,6.187328,-38.343959,6.187328,-39.653009
6.198347,-4.581443,6.198347,-10.185359,6.198347,-15.261847,6.198347,-18.687771,6.198347,-21.047066,6.198347,-32.933255,6.198347,-28.958477,6.198347,-38.233193,6.198347,-38.396111,6.198347,-39.665118
6.209367,-4.602634,6.209367,-10.201841,6.209367,-15.304230,6.209367,-18.800791,6.209367,-21.094747,6.209367,-32.991884,6.209367,-28.958477,6.209367,-38.296767,6.209367,-38.448262,6.209367,-39.695392
6.220386,-4.623825,6.220386,-10.218323,6.220386,-15.353676,6.220386,-18.832578,6.220386,-21.142427,6.220386,-33.050513,6.220386,-29.057370,6.220386,-38.348568,6.220386,-38.500414,6.220386,-39.801348
6.231405,-4.628063,6.231405,-10.260705,6.231405,-15.378399,6.231405,-18.864365,6.231405,-21.190107,6.231405,-33.109142,6.231405,-29.085625,6.231405,-38.421560,6.231405,-38.552565,6.231405,-39.801348
6.242424,-4.623825,6.242424,-10.303088,6.242424,-15.410186,6.242424,-18.885556,6.242424,-21.237788,6.242424,-33.167771,6.242424,-29.124475,6.242424,-38.494552,6.242424,-38.604717,6.242424,-39.801348
6.253444,-4.645017,6.253444,-10.281897,6.253444,-15.441973,6.253444,-18.906747,6.253444,-21.311957,6.253444,-33.226401,6.253444,-29.163326,6.253444,-38.546353,6.253444,-38.656869,6.253444,-39.801348
6.264463,-4.645017,6.264463,-10.313684,6.264463,-15.473760,6.264463,-18.991512,6.264463,-21.386127,6.264463,-33.285030,6.264463,-29.226900,6.264463,-38.598154,6.264463,-38.709020,6.264463,-39.928496
6.275482,-4.645017,6.275482,-10.345470,6.275482,-15.537334,6.275482,-19.097469,6.275482,-21.386127,6.275482,-33.343659,6.275482,-29.290474,6.275482,-38.720593,6.275482,-38.761172,6.275482,-40.013261
6.286502,-4.687399,6.286502,-10.324279,6.286502,-15.579716,6.286502,-19.129256,6.286502,-21.470892,6.286502,-33.402288,6.286502,-29.417621,6.286502,-38.797652,6.286502,-38.813323,6.286502,-40.085311
6.297521,-4.687399,6.297521,-10.366662,6.297521,-15.622099,6.297521,-19.182234,6.297521,-21.513274,6.297521,-33.460917,6.297521,-29.460004,6.297521,-38.868932,6.297521,-38.865475,6.297521,-40.119217
6.308540,-4.729782,6.308540,-10.430236,6.308540,-15.643290,6.308540,-19.238744,6.308540,-21.598040,6.308540,-33.519547,6.308540,-29.523578,6.308540,-38.940211,6.308540,-38.917627,6.308540,-40.218110
6.319559,-4.750973,6.319559,-10.472618,6.319559,-15.706864,6.319559,-19.330573,6.319559,-21.647486,6.319559,-33.578176,6.319559,-29.565960,6.319559,-39.045526,6.319559,-38.969778,6.319559,-40.278152
6.330579,-4.750973,6.330579,-10.493809,6.330579,-15.749247,6.330579,-19.372955,6.330579,-21.696932,6.330579,-33.636805,6.330579,-29.636598,6.330579,-39.102036,6.330579,-39.021930,6.330579,-40.352321
6.341598,-4.772164,6.341598,-10.536192,6.341598,-15.834012,6.341598,-19.425933,6.341598,-21.746378,6.341598,-33.695434,6.341598,-29.684631,6.341598,-39.144418,6.341598,-39.074081,6.341598,-40.479469
6.352617,-4.793355,6.352617,-10.557383,6.352617,-15.876394,6.352617,-19.478912,6.352617,-21.795825,6.352617,-33.754063,6.352617,-29.703704,6.352617,-39.173556,6.352617,-39.126233,6.352617,-40.500660
6.363636,-4.814547,6.363636,-10.578575,6.363636,-15.939968,6.363636,-19.542485,6.363636,-21.845271,6.363636,-33.812693,6.363636,-29.793767,6.363636,-39.202694,6.363636,-39.178384,6.363636,-40.543043
6.374656,-4.856929,6.374656,-10.599766,6.374656,-15.961159,6.374656,-19.606059,6.374656,-21.894717,6.374656,-33.871322,6.374656,-29.883829,6.374656,-39.313949,6.374656,-39.230536,6.374656,-40.641935
6.385675,-4.856929,6.385675,-10.620957,6.385675,-15.982351,6.385675,-19.627251,6.385675,-21.965355,6.385675,-33.929951,6.385675,-29.883829,6.385675,-39.398714,6.385675,-39.282688,6.385675,-40.652026
6.396694,-4.878121,6.396694,-10.642148,6.396694,-16.003542,6.396694,-19.690824,6.396694,-21.993610,6.396694,-33.988580,6.396694,-29.910319,6.396694,-39.392659,6.396694,-39.334839,6.396694,-40.682300
6.407714,-4.899312,6.407714,-10.663340,6.407714,-16.045924,6.407714,-19.743803,6.407714,-22.021865,6.407714,-34.047209,6.407714,-29.936808,6.407714,-39.462287,6.407714,-39.386991,6.407714,-40.712573
6.418733,-4.920503,6.418733,-10.726914,6.418733,-16.088307,6.418733,-19.796781,6.418733,-22.092503,6.418733,-34.105839,6.418733,-30.042764,6.418733,-39.525861,6.418733,-39.439142,6.418733,-40.776147
6.429752,-4.920503,6.429752,-10.790487,6.429752,-16.109498,6.429752,-19.807376,6.429752,-22.156620,6.429752,-34.164468,6.429752,-30.092564,6.429752,-39.628790,6.429752,-39.491294,6.429752,-40.839721
6.440771,-4.899312,6.440771,-10.790487,6.440771,-16.130690,6.440771,-19.881546,6.440771,-22.220737,6.440771,-34.206850,6.440771,-30.142363,6.440771,-39.653009,6.440771,-39.543446,6.440771,-40.882103
6.451791,-4.920503,6.451791,-10.811679,6.451791,-16.173072,6.451791,-19.945120,6.451791,-22.284854,6.451791,-34.355189,6.451791,-30.207753,6.451791,-39.737774,6.451791,-39.595597,6.451791,-41.009251
6.462810,-4.941694,6.462810,-10.811679,6.462810,-16.215455,6.462810,-20.029885,6.462810,-22.348971,6.462810,-34.465384,6.462810,-30.340956,6.462810,-39.770738,6.462810,-39.647749,6.462810,-41.051633
6.473829,-4.962886,6.473829,-10.875252,6.473829,-16.236646,6.473829,-20.093459,6.473829,-22.413089,6.473829,-34.508280,6.473829,-30.405539,6.473829,-39.843731,6.473829,-39.699900,6.473829,-41.061052
6.484848,-4.962886,6.484848,-10.896444,6.484848,-16.342602,6.484848,-20.135841,6.484848,-22.477206,6.484848,-34.551177,6.484848,-30.470122,6.484848,-39.949687,6.484848,-39.752052,6.484848,-41.129335
6.495868,-4.973481,6.495868,-10.896444,6.495868,-16.384985,6.495868,-20.135841,6.495868,-22.541323,6.495868,-34.594073,6.495868,-30.515330,6.495868,-40.013261,6.495868,-39.804204,6.495868,-41.221164
6.506887,-4.984077,6.506887,-10.917635,6.506887,-16.427367,6.506887,-20.284180,6.506887,-22.605440,6.506887,-34.636969,6.506887,-30.583142,6.506887,-40.087430,6.506887,-39.856355,6.506887,-41.284737
6.517906,-5.005268,6.517906,-10.938826,6.517906,-16.490941,6.517906,-20.305371,6.517906,-22.669557,6.517906,-34.679865,6.517906,-30.583142,6.517906,-40.151004,6.517906,-39.908507,6.517906,-41.305929
6.528925,-5.026460,6.528925,-10.960018,6.528925,-16.512133,6.528925,-20.390137,6.528925,-22.733675,6.528925,-34.722762,6.528925,-30.696162,6.528925,-40.161600,6.528925,-39.960658,6.528925,-41.348311
6.539945,-5.047651,6.539945,-10.981209,6.539945,-16.554515,6.539945,-20.379541,6.539945,-22.797792,6.539945,-34.765658,6.539945,-30.699694,6.539945,-40.267556,6.539945,-40.012810,6.539945,-41.369503
6.550964,-5.047651,6.550964,-11.002400,6.550964,-16.671067,6.550964,-20.480200,6.550964,-22.861909,6.550964,-34.808554,6.550964,-30.780927,6.550964,-40.323424,6.550964,-40.064961,6.550964,-41.411885
6.561983,-5.047651,6.561983,-10.981209,6.561983,-16.724045,6.561983,-20.580858,6.561983,-22.926026,6.561983,-34.851451,6.561983,-30.837437,6.561983,-40.439441,6.561983,-40.117113,6.561983,-41.496650
6.573003,-5.047651,6.573003,-10.981209,6.573003,-16.724045,6.573003,-20.602049,6.573003,-22.954281,6.573003,-34.894347,6.573003,-30.851565,6.573003,-40.491242,6.573003,-40.169265,6.573003,-41.560224
6.584022,-5.068842,6.584022,-11.009464,6.584022,-16.745237,6.584022,-20.637368,6.584022,-22.968409,6.584022,-34.937243,6.584022,-30.865692,6.584022,-40.500660,6.584022,-40.221416,6.584022,-41.560224
6.595041,-5.068842,6.595041,-11.037719,6.595041,-16.787619,6.595041,-20.736261,6.595041,-23.039046,6.595041,-34.980139,6.595041,-30.879820,6.595041,-40.585425,6.595041,-40.273568,6.595041,-41.581415
6.606060,-5.090033,6.606060,-11.065974,6.606060,-16.787619,6.606060,-20.729197,6.606060,-23.102620,6.606060,-35.023036,6.606060,-30.985776,6.606060,-40.648999,6.606060,-40.325719,6.606060,-41.644989
6.617080,-5.111225,6.617080,-11.108357,6.617080,-16.830002,6.617080,-20.764516,6.617080,-23.145003,6.617080,-35.065932,6.617080,-31.006967,6.617080,-40.684318,6.617080,-40.377871,6.617080,-41.687372
6.628099,-5.111225,6.628099,-11.108357,6.628099,-16.872384,6.628099,-20.806898,6.628099,-23.187385,6.628099,-35.108828,6.628099,-31.049350,6.628099,-40.712573,6.628099,-40.430023,6.628099,-41.708563
6.639118,-5.132416,6.639118,-11.171930,6.639118,-16.914767,6.639118,-20.849281,6.639118,-23.236832,6.639118,-35.151725,6.639118,-31.070541,6.639118,-40.776147,6.639118,-40.458278,6.639118,-41.788030
6.650137,-5.132416,6.650137,-11.171930,6.650137,-16.935958,6.650137,-20.930514,6.650137,-23.314533,6.650137,-35.194621,6.650137,-31.187093,6.650137,-40.867976,6.650137,-40.458278,6.650137,-41.842774
6.661157,-5.132416,6.661157,-11.193122,6.661157,-17.003770,6.661157,-21.018811,6.661157,-23.356916,6.661157,-35.237517,6.661157,-31.197689,6.661157,-40.882103,6.661157,-40.479469,6.661157,-41.856902
6.672176,-5.132416,6.672176,-11.214313,6.672176,-17.031319,6.672176,-21.047066,6.672176,-23.407775,6.672176,-35.280413,6.672176,-31.229476,6.672176,-40.956273,6.672176,-40.585425,6.672176,-41.878093
6.683195,-5.132416,6.683195,-11.256695,6.683195,-17.094893,6.683195,-21.047066,6.683195,-23.458634,6.683195,-35.323310,6.683195,-31.261263,6.683195,-41.009251,6.683195,-40.648999,6.683195,-41.948731
6.694214,-5.174798,6.694214,-11.277887,6.694214,-17.126680,6.694214,-21.085211,6.694214,-23.509493,6.694214,-35.366206,6.694214,-31.331900,6.694214,-41.072825,6.694214,-40.648999,6.694214,-42.026432
6.705234,-5.195990,6.705234,-11.299078,6.705234,-17.169062,6.705234,-21.123355,6.705234,-23.560352,6.705234,-35.409102,6.705234,-31.444920,6.705234,-41.100071,6.705234,-40.712573,6.705234,-42.068815
6.716253,-5.195990,6.716253,-11.320269,6.716253,-17.211445,6.716253,-21.161499,6.716253,-23.611211,6.716253,-35.451999,6.716253,-31.487303,6.716253,-41.118235,6.716253,-40.776147,6.716253,-42.132389
6.727272,-5.195990,6.727272,-11.338433,6.727272,-17.232636,6.727272,-21.199643,6.727272,-23.632402,6.727272,-35.494895,6.727272,-31.473175,6.727272,-41.136399,6.727272,-40.839721,6.727272,-42.132389
6.738292,-5.195990,6.738292,-11.356597,6.738292,-17.253827,6.738292,-21.237788,6.738292,-23.632402,6.738292,-35.537791,6.738292,-31.515558,6.738292,-41.190890,6.738292,-40.882103,6.738292,-42.153580
6.749311,-5.217181,6.749311,-11.374761,6.749311,-17.275019,6.749311,-21.280170,6.749311,-23.695976,6.749311,-35.580687,6.749311,-31.579132,6.749311,-41.284737,6.749311,-40.882103,6.749311,-42.174771
6.760330,-5.217181,6.760330,-11.392925,6.760330,-17.296210,6.760330,-21.343744,6.760330,-23.717167,6.760330,-35.623584,6.760330,-31.642706,6.760330,-41.305929,6.760330,-40.924486,6.760330,-42.238345
6.771349,-5.217181,6.771349,-11.411089,6.771349,-17.317401,6.771349,-21.396722,6.771349,-23.780741,6.771349,-35.666480,6.771349,-31.628578,6.771349,-41.305929,6.771349,-40.966868,6.771349,-42.280728
6.782369,-5.217181,6.782369,-11.429253,6.782369,-17.338592,6.782369,-21.449701,6.782369,-23.801932,6.782369,-35.709376,6.782369,-31.663897,6.782369,-41.354366,6.782369,-41.009251,6.782369,-42.280728
6.793388,-5.238372,6.793388,-11.447417,6.793388,-17.380975,6.793388,-21.456764,6.793388,-23.851379,6.793388,-35.752273,6.793388,-31.706279,6.793388,-41.454268,6.793388,-41.062229,6.793388,-42.365493
6.804407,-5.255325,6.804407,-11.447417,6.804407,-17.402166,6.804407,-21.513274,6.804407,-23.900825,6.804407,-35.795169,6.804407,-31.791045,6.804407,-41.493623,6.804407,-41.051633,6.804407,-42.407875
6.815426,-5.272278,6.815426,-11.447417,6.815426,-17.444549,6.815426,-21.513274,6.815426,-23.950271,6.815426,-35.838065,6.815426,-31.791045,6.815426,-41.560224,6.815426,-41.072825,6.815426,-42.429067
6.826446,-5.289231,6.826446,-11.468608,6.826446,-17.486931,6.826446,-21.576848,6.826446,-23.971463,6.826446,-35.880961,6.826446,-31.854618,6.826446,-41.602607,6.826446,-41.051633,6.826446,-42.450258
6.837465,-5.306184,6.837465,-11.489800,6.837465,-17.508123,6.837465,-21.619231,6.837465,-23.971463,6.837465,-35.902153,6.837465,-31.854618,6.837465,-41.623798,6.837465,-41.079888,6.837465,-42.471449
6.848484,-5.323137,6.848484,-11.489800,6.848484,-17.529314,6.848484,-21.612167,6.848484,-24.003250,6.848484,-35.902153,6.848484,-31.911128,6.848484,-41.623798,6.848484,-41.115207,6.848484,-42.492640
6.859504,-5.323137,6.859504,-11.489800,6.859504,-17.550505,6.859504,-21.663968,6.859504,-24.013845,6.859504,-35.965726,6.859504,-31.939384,6.859504,-41.673244,6.859504,-41.115207,6.859504,-42.543499
6.870523,-5.323137,6.870523,-11.532182,6.870523,-17.571697,6.870523,-21.715769,6.870523,-24.098610,6.870523,-35.986918,6.870523,-31.939384,6.870523,-41.708563,6.870523,-41.150526,6.870523,-42.556214
6.881542,-5.323137,6.881542,-11.542778,6.881542,-17.614079,6.881542,-21.767570,6.881542,-24.140993,6.881542,-36.008109,6.881542,-31.939384,6.881542,-41.729754,6.881542,-41.185845,6.881542,-42.556214
6.892561,-5.344329,6.892561,-11.553373,6.892561,-17.614079,6.892561,-21.799357,6.892561,-24.191852,6.892561,-36.029300,6.892561,-31.971170,6.892561,-41.772137,6.892561,-41.221164,6.892561,-42.598597
6.903581,-5.386711,6.903581,-11.532182,6.903581,-17.656462,6.903581,-21.831144,6.903581,-24.242711,6.903581,-36.071683,6.903581,-32.002957,6.903581,-41.856902,6.903581,-41.263546,6.903581,-42.640979
6.914600,-5.386711,6.914600,-11.574565,6.914600,-17.688249,6.914600,-21.873526,6.914600,-24.246949,6.914600,-36.092874,6.914600,-32.045340,6.914600,-41.878093,6.914600,-41.284737,6.914600,-42.662171
6.925619,-5.386711,6.925619,-11.574565,6.925619,-17.720035,6.925619,-21.894717,6.925619,-24.331714,6.925619,-36.114065,6.925619,-32.087722,6.925619,-41.878093,6.925619,-41.263546,6.925619,-42.683362
6.936638,-5.386711,6.936638,-11.595756,6.936638,-17.741227,6.936638,-21.915909,6.936638,-24.352906,6.936638,-36.135257,6.936638,-32.142820,6.936638,-41.920476,6.936638,-41.316524,6.936638,-42.704553
6.947658,-5.407903,6.947658,-11.595756,6.947658,-17.762418,6.947658,-21.937100,6.947658,-24.352906,6.947658,-36.156448,6.947658,-32.193679,6.947658,-41.962858,6.947658,-41.369503,6.947658,-42.683362
6.958677,-5.429094,6.958677,-11.595756,6.958677,-17.783609,6.958677,-21.958291,6.958677,-24.374097,6.958677,-36.198831,6.958677,-32.214870,6.958677,-41.984050,6.958677,-41.369503,6.958677,-42.746936
6.969696,-5.429094,6.969696,-11.616947,6.969696,-17.804801,6.969696,-21.979483,6.969696,-24.416480,6.969696,-36.241213,6.969696,-32.278444,6.969696,-42.026432,6.969696,-41.411885,6.969696,-42.746936
6.980715,-5.429094,6.980715,-11.616947,6.980715,-17.825992,6.980715,-22.000674,6.980715,-24.458862,6.980715,-36.241213,6.980715,-32.320827,6.980715,-42.062760,6.980715,-41.433076,6.980715,-42.789318
6.991735,-5.429094,6.991735,-11.616947,6.991735,-17.825992,6.991735,-22.117226,6.991735,-24.501245,6.991735,-36.262404,6.991735,-32.320827,6.991735,-42.111197,6.991735,-41.454268,6.991735,-42.831701
7.002754,-5.429094,7.002754,-11.631075,7.002754,-17.868374,7.002754,-22.170204,7.002754,-24.543627,7.002754,-36.294191,7.002754,-32.320827,7.002754,-42.132389,7.002754,-41.454268,7.002754,-42.852892
7.013773,-5.450285,7.013773,-11.645202,7.013773,-17.868374,7.013773,-22.170204,7.013773,-24.586010,7.013773,-36.325978,7.013773,-32.342018,7.013773,-42.132389,7.013773,-41.454268,7.013773,-42.874083
7.024793,-5.471476,7.024793,-11.659330,7.024793,-17.953140,7.024793,-22.216825,7.024793,-24.607201,7.024793,-36.318914,7.024793,-32.405592,7.024793,-42.153580,7.024793,-41.482523,7.024793,-42.874083
7.035812,-5.471476,7.035812,-11.659330,7.035812,-17.953140,7.035812,-22.254969,7.035812,-24.628392,7.035812,-36.322446,7.035812,-32.384400,7.035812,-42.174771,7.035812,-41.510778,7.035812,-42.895275
7.046831,-5.471476,7.046831,-11.722904,7.046831,-17.953140,7.046831,-22.276160,7.046831,-24.670775,7.046831,-36.325978,7.046831,-32.456451,7.046831,-42.217154,7.046831,-41.539033,7.046831,-42.937657
7.057850,-5.492668,7.057850,-11.744095,7.057850,-17.981395,7.057850,-22.297352,7.057850,-24.649584,7.057850,-36.368361,7.057850,-32.532739,7.057850,-42.217154,7.057850,-41.546097,7.057850,-42.937657
7.068870,-5.513859,7.068870,-11.744095,7.068870,-18.016713,7.068870,-22.297352,7.068870,-24.670775,7.068870,-36.410743,7.068870,-32.568058,7.068870,-42.280728,7.068870,-41.560224,7.068870,-42.937657
7.079889,-5.513859,7.079889,-11.786477,7.079889,-18.059096,7.079889,-22.382117,7.079889,-24.702562,7.079889,-36.453126,7.079889,-32.600551,7.079889,-42.301919,7.079889,-41.581415,7.079889,-42.958848
7.090908,-5.513859,7.090908,-11.786477,7.090908,-18.059096,7.090908,-22.424499,7.090908,-24.734349,7.090908,-36.495508,7.090908,-32.659887,7.090908,-42.301919,7.090908,-41.602607,7.090908,-42.980040
7.101927,-5.556241,7.101927,-11.807669,7.101927,-18.066160,7.101927,-22.442159,7.101927,-24.744944,7.101927,-36.516700,7.101927,-32.659887,7.101927,-42.323110,7.101927,-41.623798,7.101927,-43.001231
7.112947,-5.556241,7.112947,-11.828860,7.112947,-18.094415,7.112947,-22.459818,7.112947,-24.755540,7.112947,-36.491270,7.112947,-32.638696,7.112947,-42.365493,7.112947,-41.602607,7.112947,-43.022422
7.123966,-5.556241,7.123966,-11.828860,7.123966,-18.122670,7.123966,-22.488073,7.123966,-24.840305,7.123966,-36.537891,7.123966,-32.617504,7.123966,-42.365493,7.123966,-41.623798,7.123966,-43.022422
7.134985,-5.556241,7.134985,-11.828860,7.134985,-18.122670,7.134985,-22.558711,7.134985,-24.840305,7.134985,-36.537891,7.134985,-32.674015,7.134985,-42.416352,7.134985,-41.666180,7.134985,-43.064805
7.146004,-5.577433,7.146004,-11.850051,7.146004,-18.143861,7.146004,-22.558711,7.146004,-24.833241,7.146004,-36.573210,7.146004,-32.681078,7.146004,-42.429067,7.146004,-41.666180,7.146004,-43.107187
7.157024,-5.577433,7.157024,-11.871243,7.157024,-18.165052,7.157024,-22.572838,7.157024,-24.903879,7.157024,-36.587337,7.157024,-32.702270,7.157024,-42.450258,7.157024,-41.687372,7.157024,-43.107187
7.168043,-5.577433,7.168043,-11.913625,7.168043,-18.207435,7.168043,-22.594030,7.168043,-24.946262,7.168043,-36.587337,7.168043,-32.765843,7.168043,-42.492640,7.168043,-41.687372,7.168043,-43.107187
7.179062,-5.577433,7.179062,-11.920689,7.179062,-18.249817,7.179062,-22.631114,7.179062,-24.962155,7.179062,-36.587337,7.179062,-32.787035,7.179062,-42.471449,7.179062,-41.687372,7.179062,-43.128379
7.190082,-5.577433,7.190082,-11.927753,7.190082,-18.292200,7.190082,-22.668199,7.190082,-24.978048,7.190082,-36.622656,7.190082,-32.787035,7.190082,-42.492640,7.190082,-41.687372,7.190082,-43.138974
7.201101,-5.577433,7.201101,-11.934816,7.201101,-18.292200,7.201101,-22.705284,7.201101,-24.993942,7.201101,-36.643847,7.201101,-32.808226,7.201101,-42.535023,7.201101,-41.679666,7.201101,-43.149570
7.212120,-5.577433,7.212120,-11.941880,7.212120,-18.292200,7.212120,-22.742369,7.212120,-25.009835,7.212120,-36.665039,7.212120,-32.829417,7.212120,-42.513832,7.212120,-41.671960,7.212120,-43.162285
7.223139,-5.598624,7.223139,-11.948944,7.223139,-18.313391,7.223139,-22.721177,7.223139,-25.025729,7.223139,-36.665039,7.223139,-32.861204,7.223139,-42.535023,7.223139,-41.664254,7.223139,-43.213144
7.234159,-5.598624,7.234159,-11.956008,7.234159,-18.355774,7.234159,-22.735305,7.234159,-25.041622,7.234159,-36.707421,7.234159,-32.871800,7.234159,-42.513832,7.234159,-41.656548,7.234159,-43.213144
7.245178,-5.598624,7.245178,-11.956008,7.245178,-18.355774,7.245178,-22.749432,7.245178,-25.057516,7.245178,-36.665039,7.245178,-32.892991,7.245178,-42.556214,7.245178,-41.648842,7.245178,-43.213144
7.256197,-5.641007,7.256197,-11.956008,7.256197,-18.355774,7.256197,-22.763560,7.256197,-25.073409,7.256197,-36.665039,7.256197,-32.882395,7.256197,-42.577405,7.256197,-41.641136,7.256197,-43.213144
7.267216,-5.619815,7.267216,-11.956008,7.267216,-18.355774,7.267216,-22.763560,7.267216,-25.089303,7.267216,-36.665039,7.267216,-32.882395,7.267216,-42.577405,7.267216,-41.633430,7.267216,-43.213144
7.278236,-5.619815,7.278236,-11.956008,7.278236,-18.376965,7.278236,-22.784751,7.278236,-25.105196,7.278236,-36.686230,7.278236,-32.914182,7.278236,-42.556214,7.278236,-41.625724,7.278236,-43.213144
7.289255,-5.598624,7.289255,-11.998390,7.289255,-18.419348,7.289255,-22.848325,7.289255,-25.121090,7.289255,-36.665039,7.289255,-32.928310,7.289255,-42.619788,7.289255,-41.618018,7.289255,-43.213144
7.300274,-5.641007,7.300274,-11.998390,7.300274,-18.419348,7.300274,-22.848325,7.300274,-25.136983,7.300274,-36.665039,7.300274,-32.956565,7.300274,-42.640979,7.300274,-41.610313,7.300274,-43.213144
7.311294,-5.641007,7.311294,-12.005454,7.311294,-18.461730,7.311294,-22.848325,7.311294,-25.136983,7.311294,-36.665039,7.311294,-32.956565,7.311294,-42.619788,7.311294,-41.602607,7.311294,-43.213144
7.322313,-5.641007,7.322313,-12.012518,7.322313,-18.482922,7.322313,-22.848325,7.322313,-25.136983,7.322313,-36.665039,7.322313,-32.956565,7.322313,-42.619788,7.322313,-41.594901,7.322313,-43.213144
7.333332,-5.641007,7.333332,-12.019582,7.333332,-18.525304,7.333332,-22.865984,7.333332,-25.200557,7.333332,-36.707421,7.333332,-32.956565,7.333332,-42.619788,7.333332,-41.587195,7.333332,-43.213144
7.344351,-5.641007,7.344351,-12.040773,7.344351,-18.546495,7.344351,-22.883644,7.344351,-25.221748,7.344351,-36.707421,7.344351,-32.956565,7.344351,-42.640979,7.344351,-41.579489,7.344351,-43.213144
7.355371,-5.641007,7.355371,-12.040773,7.355371,-18.567687,7.355371,-22.901303,7.355371,-25.221748,7.355371,-36.707421,7.355371,-32.956565,7.355371,-42.640979,7.355371,-41.571783,7.355371,-43.213144
7.366390,-5.641007,7.366390,-12.040773,7.366390,-18.588878,7.366390,-22.918963,7.366390,-25.242939,7.366390,-36.707421,7.366390,-32.977756,7.366390,-42.640979,7.366390,-41.564077,7.366390,-43.213144
7.377409,-5.641007,7.377409,-12.045482,7.377409,-18.588878,7.377409,-22.936622,7.377409,-25.242939,7.377409,-36.686230,7.377409,-33.020139,7.377409,-42.640979,7.377409,-41.556371,7.377409,-43.213144
7.388428,-5.641007,7.388428,-12.050191,7.388428,-18.588878,7.388428,-22.954281,7.388428,-25.264131,7.388428,-36.686230,7.388428,-33.020139,7.388428,-42.640979,7.388428,-41.548665,7.388428,-43.213144
7.399448,-5.655134,7.399448,-12.054900,7.399448,-18.610069,7.399448,-22.975473,7.399448,-25.264131,7.399448,-36.686230,7.399448,-33.041330,7.399448,-42.640979,7.399448,-41.540959,7.399448,-43.213144
7.410467,-5.669262,7.410467,-12.059609,7.410467,-18.610069,7.410467,-22.968409,7.410467,-25.278258,7.410467,-36.686230,7.410467,-33.041330,7.410467,-42.640979,7.410467,-41.533253,7.410467,-43.213144
7.421486,-5.683389,7.421486,-12.064319,7.421486,-18.610069,7.421486,-22.996664,7.421486,-25.292386,7.421486,-36.686230,7.421486,-33.041330,7.421486,-42.662171,7.421486,-41.525547,7.421486,-43.213144
7.432505,-5.683389,7.432505,-12.069028,7.432505,-18.610069,7.432505,-23.017855,7.432505,-25.306513,7.432505,-36.707421,7.432505,-33.041330,7.432505,-42.662171,7.432505,-41.517842,7.432505,-43.213144
7.443525,-5.683389,7.443525,-12.073737,7.443525,-18.610069,7.443525,-23.039046,7.443525,-25.306513,7.443525,-36.696826,7.443525,-33.062521,7.443525,-42.662171,7.443525,-41.510136,7.443525,-43.213144
7.454544,-5.683389,7.454544,-12.078446,7.454544,-18.631260,7.454544,-23.060238,7.454544,-25.348896,7.454544,-36.686230,7.454544,-33.062521,7.454544,-42.662171,7.454544,-41.502430,7.454544,-43.213144
7.465563,-5.687627,7.465563,-12.083155,7.465563,-18.652452,7.465563,-23.102620,7.465563,-25.359491,7.465563,-36.675634,7.465563,-33.062521,7.465563,-42.619788,7.465563,-41.494724,7.465563,-43.213144
7.476583,-5.691866,7.476583,-12.083155,7.476583,-18.659516,7.476583,-23.113922,7.476583,-25.370087,7.476583,-36.665039,7.476583,-33.062521,7.476583,-42.640979,7.476583,-41.487018,7.476583,-43.213144
7.487602,-5.696104,7.487602,-12.083155,7.487602,-18.652452,7.487602,-23.125224,7.487602,-25.377151,7.487602,-36.665039,7.487602,-33.062521,7.487602,-42.640979,7.487602,-41.479312,7.487602,-43.191953
7.498621,-5.700342,7.498621,-12.083155,7.498621,-18.694834,7.498621,-23.136526,7.498621,-25.384215,7.498621,-36.686230,7.498621,-33.062521,7.498621,-42.619788,7.498621,-41.471606,7.498621,-43.191953
7.509640,-5.704580,7.509640,-12.083155,7.509640,-18.694834,7.509640,-23.147828,7.509640,-25.391278,7.509640,-36.707421,7.509640,-33.062521,7.509640,-42.588001,7.509640,-41.463900,7.509640,-43.191953
7.520660,-5.704580,7.520660,-12.083155,7.520660,-18.716026,7.520660,-23.159130,7.520660,-25.391278,7.520660,-36.685588,7.520660,-33.062521,7.520660,-42.588001,7.520660,-41.456194,7.520660,-43.213144
7.531679,-5.704580,7.531679,-12.125538,7.531679,-18.737217,7.531679,-23.170432,7.531679,-25.391278,7.531679,-36.663754,7.531679,-33.062521,7.531679,-42.577405,7.531679,-41.448488,7.531679,-43.191953
7.542698,-5.704580,7.542698,-12.125538,7.542698,-18.737217,7.542698,-23.181734,7.542698,-25.391278,7.542698,-36.641921,7.542698,-33.062521,7.542698,-42.577405,7.542698,-41.440782,7.542698,-43.149570
7.553717,-5.725772,7.553717,-12.125538,7.553717,-18.758408,7.553717,-23.193036,7.553717,-25.412470,7.553717,-36.620087,7.553717,-33.062521,7.553717,-42.535023,7.553717,-41.433076,7.553717,-43.107187
7.564737,-5.725772,7.564737,-12.125538,7.564737,-18.779599,7.564737,-23.204338,7.564737,-25.433661,7.564737,-36.598254,7.564737,-33.062521,7.564737,-42.535023,7.564737,-41.425370,7.564737,-43.107187
7.575756,-5.725772,7.575756,-12.125538,7.575756,-18.779599,7.575756,-23.215640,7.575756,-25.454852,7.575756,-36.576421,7.575756,-33.062521,7.575756,-42.535023,7.575756,-41.417665,7.575756,-43.085996
7.586775,-5.725772,7.586775,-12.125538,7.586775,-18.779599,7.586775,-23.226942,7.586775,-25.454852,7.586775,-36.554587,7.586775,-33.062521,7.586775,-42.513832,7.586775,-41.409959,7.586775,-43.085996
7.597794,-5.725772,7.597794,-12.146729,7.597794,-18.779599,7.597794,-23.238244,7.597794,-25.476044,7.597794,-36.532754,7.597794,-33.062521,7.597794,-42.513832,7.597794,-41.402253,7.597794,-43.085996
7.608814,-5.725772,7.608814,-12.146729,7.608814,-18.779599,7.608814,-23.249546,7.608814,-25.476044,7.608814,-36.510920,7.608814,-33.062521,7.608814,-42.492640,7.608814,-41.394547,7.608814,-43.085996
7.619833,-5.725772,7.619833,-12.146729,7.619833,-18.779599,7.619833,-23.260849,7.619833,-25.476044,7.619833,-36.489087,7.619833,-33.062521,7.619833,-42.492640,7.619833,-41.386841,7.619833,-43.085996
7.630852,-5.725772,7.630852,-12.146729,7.630852,-18.821982,7.630852,-23.272151,7.630852,-25.476044,7.630852,-36.467253,7.630852,-33.062521,7.630852,-42.492640,7.630852,-41.379135,7.630852,-43.064805
7.641872,-5.725772,7.641872,-12.146729,7.641872,-18.821982,7.641872,-23.272151,7.641872,-25.476044,7.641872,-36.445420,7.641872,-33.062521,7.641872,-42.471449,7.641872,-41.371429,7.641872,-43.064805
7.652891,-5.725772,7.652891,-12.146729,7.652891,-18.821982,7.652891,-23.272151,7.652891,-25.476044,7.652891,-36.423587,7.652891,-33.062521,7.652891,-42.441781,7.652891,-41.363723,7.652891,-43.064805
7.663910,-5.725772,7.663910,-12.146729,7.663910,-18.821982,7.663910,-23.293342,7.663910,-25.476044,7.663910,-36.401753,7.663910,-33.062521,7.663910,-42.416352,7.663910,-41.356017,7.663910,-43.022422
7.674929,-5.725772,7.674929,-12.146729,7.674929,-18.821982,7.674929,-23.314533,7.674929,-25.476044,7.674929,-36.379920,7.674929,-33.062521,7.674929,-42.382446,7.674929,-41.348311,7.674929,-42.980040
7.685949,-5.746963,7.685949,-12.167920,7.685949,-18.843173,7.685949,-23.321597,7.685949,-25.476044,7.685949,-36.358086,7.685949,-33.062521,7.685949,-42.344301,7.685949,-41.327120,7.685949,-42.937657
7.696968,-5.746963,7.696968,-12.167920,7.696968,-18.843173,7.696968,-23.328661,7.696968,-25.476044,7.696968,-36.336253,7.696968,-33.062521,7.696968,-42.344301,7.696968,-41.284737,7.696968,-42.937657
7.707987,-5.746963,7.707987,-12.167920,7.707987,-18.843173,7.707987,-23.335724,7.707987,-25.476044,7.707987,-36.314419,7.707987,-33.062521,7.707987,-42.344301,7.707987,-41.274142,7.707987,-42.937657
7.719006,-5.746963,7.719006,-12.167920,7.719006,-18.843173,7.719006,-23.342788,7.719006,-25.476044,7.719006,-36.292586,7.719006,-33.062521,7.719006,-42.323110,7.719006,-41.263546,7.719006,-42.884679
7.730026,-5.746963,7.730026,-12.167920,7.730026,-18.843173,7.730026,-23.349852,7.730026,-25.476044,7.730026,-36.270752,7.730026,-33.062521,7.730026,-42.259536,7.730026,-41.221164,7.730026,-42.874083
7.741045,-5.746963,7.741045,-12.167920,7.741045,-18.843173,7.741045,-23.356916,7.741045,-25.511362,7.741045,-36.248919,7.741045,-33.062521,7.741045,-42.238345,7.741045,-41.199972,7.741045,-42.874083
7.752064,-5.746963,7.752064,-12.167920,7.752064,-18.843173,7.752064,-23.356916,7.752064,-25.511362,7.752064,-36.227086,7.752064,-33.062521,7.752064,-42.217154,7.752064,-41.221164,7.752064,-42.874083
7.763083,-5.746963,7.763083,-12.167920,7.763083,-18.843173,7.763083,-23.356916,7.763083,-25.511362,7.763083,-36.205252,7.763083,-33.062521,7.763083,-42.187486,7.763083,-41.178781,7.763083,-42.852892
7.774103,-5.746963,7.774103,-12.167920,7.774103,-18.843173,7.774103,-23.356916,7.774103,-25.511362,7.774103,-36.183419,7.774103,-33.049277,7.774103,-42.153580,7.774103,-41.199972,7.774103,-42.817573
7.785122,-5.746963,7.785122,-12.167920,7.785122,-18.843173,7.785122,-23.356916,7.785122,-25.511362,7.785122,-36.161585,7.785122,-33.036032,7.785122,-42.132389,7.785122,-41.178781,7.785122,-42.789318
7.796141,-5.746963,7.796141,-12.167920,7.796141,-18.843173,7.796141,-23.356916,7.796141,-25.511362,7.796141,-36.139752,7.796141,-33.022788,7.796141,-42.111197,7.796141,-41.178781,7.796141,-42.810510
7.807161,-5.746963,7.807161,-12.167920,7.807161,-18.843173,7.807161,-23.356916,7.807161,-25.518426,7.807161,-36.117918,7.807161,-33.009543,7.807161,-42.111197,7.807161,-41.094016,7.807161,-42.768127
7.818180,-5.746963,7.818180,-12.167920,7.818180,-18.864365,7.818180,-23.356916,7.818180,-25.518426,7.818180,-36.096085,7.818180,-32.996299,7.818180,-42.047623,7.818180,-41.065761,7.818180,-42.768127
7.829199,-5.746963,7.829199,-12.167920,7.829199,-18.864365,7.829199,-23.356916,7.829199,-25.518426,7.829199,-36.074252,7.829199,-32.983054,7.829199,-42.026432,7.829199,-41.009251,7.829199,-42.746936
7.840218,-5.746963,7.840218,-12.167920,7.840218,-18.864365,7.840218,-23.356916,7.840218,-25.518426,7.840218,-36.052418,7.840218,-32.969809,7.840218,-42.012305,7.840218,-41.009251,7.840218,-42.732808
7.851238,-5.746963,7.851238,-12.167920,7.851238,-18.864365,7.851238,-23.356916,7.851238,-25.518426,7.851238,-36.030585,7.851238,-32.956565,7.851238,-41.913412,7.851238,-40.988060,7.851238,-42.718681
7.862257,-5.768154,7.862257,-12.167920,7.862257,-18.864365,7.862257,-23.356916,7.862257,-25.518426,7.862257,-36.008751,7.862257,-32.956565,7.862257,-41.920476,7.862257,-40.903294,7.862257,-42.690426
7.873276,-5.768154,7.873276,-12.167920,7.873276,-18.864365,7.873276,-23.356916,7.873276,-25.511362,7.873276,-35.986918,7.873276,-32.956565,7.873276,-41.890808,7.873276,-40.882103,7.873276,-42.662171
7.884295,-5.768154,7.884295,-12.167920,7.884295,-18.864365,7.884295,-23.356916,7.884295,-25.476044,7.884295,-35.976322,7.884295,-32.935374,7.884295,-41.888689,7.884295,-40.860912,7.884295,-42.598597
7.895315,-5.768154,7.895315,-12.167920,7.895315,-18.864365,7.895315,-23.356916,7.895315,-25.472191,7.895315,-35.965726,7.895315,-32.935374,7.895315,-41.851604,7.895315,-40.839721,7.895315,-42.605660
7.906334,-5.768154,7.906334,-12.167920,7.906334,-18.864365,7.906334,-23.356916,7.906334,-25.468338,7.906334,-35.944535,7.906334,-32.935374,7.906334,-41.814519,7.906334,-40.829125,7.906334,-42.556214
7.917353,-5.768154,7.917353,-12.167920,7.917353,-18.864365,7.917353,-23.356916,7.917353,-25.464485,7.917353,-35.944535,7.917353,-32.935374,7.917353,-41.825115,7.917353,-40.818529,7.917353,-42.549150
7.928373,-5.768154,7.928373,-12.167920,7.928373,-18.864365,7.928373,-23.356916,7.928373,-25.460632,7.928373,-35.880961,7.928373,-32.923264,7.928373,-41.782733,7.928373,-40.765551,7.928373,-42.492640
7.939392,-5.768154,7.939392,-12.167920,7.939392,-18.864365,7.939392,-23.356916,7.939392,-25.456779,7.939392,-35.838579,7.939392,-32.911155,7.939392,-41.750946,7.939392,-40.712573,7.939392,-42.492640
7.950411,-5.768154,7.950411,-12.167920,7.950411,-18.864365,7.950411,-23.356916,7.950411,-25.452926,7.950411,-35.809971,7.950411,-32.899046,7.950411,-41.721278,7.950411,-40.733764,7.950411,-42.471449
7.961430,-5.768154,7.961430,-12.167920,7.961430,-18.864365,7.961430,-23.356916,7.961430,-25.449073,7.961430,-35.781362,7.961430,-32.886936,7.961430,-41.666180,7.961430,-40.641935,7.961430,-42.407875
7.972450,-5.768154,7.972450,-12.167920,7.972450,-18.864365,7.972450,-23.356916,7.972450,-25.445220,7.972450,-35.752754,7.972450,-32.874827,7.972450,-41.623798,7.972450,-40.648999,7.972450,-42.365493
7.983469,-5.768154,7.983469,-12.167920,7.983469,-18.864365,7.983469,-23.356916,7.983469,-25.441367,7.983469,-35.724146,7.983469,-32.862718,7.983469,-41.623798,7.983469,-40.613680,7.983469,-42.365493
7.994488,-5.768154,7.994488,-12.167920,7.994488,-18.864365,7.994488,-23.356916,7.994488,-25.437514,7.994488,-35.695538,7.994488,-32.850609,7.994488,-41.581415,7.994488,-40.596021,7.994488,-42.351365
8.005507,-5.768154,8.005507,-12.167920,8.005507,-18.864365,8.005507,-23.356916,8.005507,-25.433661,8.005507,-35.666929,8.005507,-32.829417,8.005507,-41.549628,8.005507,-40.543043,8.005507,-42.323110
8.016527,-5.768154,8.016527,-12.167920,8.016527,-18.864365,8.016527,-23.356916,8.016527,-25.433661,8.016527,-35.638321,8.016527,-32.787035,8.016527,-41.517842,8.016527,-40.521851,8.016527,-42.280728
8.027546,-5.768154,8.027546,-12.167920,8.027546,-18.864365,8.027546,-23.356916,8.027546,-25.433661,8.027546,-35.609713,8.027546,-32.765843,8.027546,-41.475459,8.027546,-40.472405,8.027546,-42.238345
8.038565,-5.768154,8.038565,-12.167920,8.038565,-18.864365,8.038565,-23.356916,8.038565,-25.433661,8.038565,-35.581105,8.038565,-32.758780,8.038565,-41.443672,8.038565,-40.426491,8.038565,-42.164176
8.049584,-5.768154,8.049584,-12.167920,8.049584,-18.864365,8.049584,-23.356916,8.049584,-25.433661,8.049584,-35.552497,8.049584,-32.710746,8.049584,-41.424600,8.049584,-40.437086,8.049584,-42.132389
8.060604,-5.768154,8.060604,-12.167920,8.060604,-18.864365,8.060604,-23.356916,8.060604,-25.412470,8.060604,-35.523888,8.060604,-32.710746,8.060604,-41.390694,8.060604,-40.362917,8.060604,-42.132389
8.071623,-5.768154,8.071623,-12.167920,8.071623,-18.864365,8.071623,-23.356916,8.071623,-25.433661,8.071623,-35.495280,8.071623,-32.710746,8.071623,-41.348311,8.071623,-40.309939,8.071623,-42.090006
8.082642,-5.768154,8.082642,-12.167920,8.082642,-18.864365,8.082642,-23.356916,8.082642,-25.423065,8.082642,-35.466672,8.082642,-32.670483,8.082642,-41.305929,8.082642,-40.309939,8.082642,-42.090006
8.093662,-5.768154,8.093662,-12.167920,8.093662,-18.864365,8.093662,-23.356916,8.093662,-25.412470,8.093662,-35.438064,8.093662,-32.659887,8.093662,-41.327120,8.093662,-40.221642,8.093662,-42.100602
8.104681,-5.768154,8.104681,-12.167920,8.104681,-18.864365,8.104681,-23.356916,8.104681,-25.401874,8.104681,-35.409455,8.104681,-32.638696,8.104681,-41.272023,8.104681,-40.133345,8.104681,-42.026432
8.115700,-5.768154,8.115700,-12.167920,8.115700,-18.864365,8.115700,-23.356916,8.115700,-25.391278,8.115700,-35.380847,8.115700,-32.638696,8.115700,-41.216925,8.115700,-40.098026,8.115700,-41.984050
8.126719,-5.768154,8.126719,-12.167920,8.126719,-18.864365,8.126719,-23.356916,8.126719,-25.380683,8.126719,-35.352239,8.126719,-32.638696,8.126719,-41.161828,8.126719,-40.098026,8.126719,-41.962858
8.137739,-5.768154,8.137739,-12.167920,8.137739,-18.864365,8.137739,-23.356916,8.137739,-25.370087,8.137739,-35.323631,8.137739,-32.638696,8.137739,-41.106731,8.137739,-40.034452,8.137739,-41.920476
8.148758,-5.768154,8.148758,-12.167920,8.148758,-18.864365,8.148758,-23.356916,8.148758,-25.359491,8.148758,-35.295023,8.148758,-32.638696,8.148758,-41.051633,8.148758,-40.034452,8.148758,-41.899285
8.159777,-5.768154,8.159777,-12.167920,8.159777,-18.864365,8.159777,-23.356916,8.159777,-25.348896,8.159777,-35.266414,8.159777,-32.575122,8.159777,-41.030442,8.159777,-39.976933,8.159777,-41.846306
8.170796,-5.768154,8.170796,-12.167920,8.170796,-18.864365,8.170796,-23.356916,8.170796,-25.338300,8.170796,-35.245223,8.170796,-32.553931,8.170796,-41.010764,8.170796,-39.919414,8.170796,-41.835711
8.181816,-5.768154,8.181816,-12.167920,8.181816,-18.843173,8.181816,-23.356916,8.181816,-25.327705,8.181816,-35.224032,8.181816,-32.511548,8.181816,-40.991087,8.181816,-39.861894,8.181816,-41.772137
8.192835,-5.768154,8.192835,-12.167920,8.192835,-18.843173,8.192835,-23.356916,8.192835,-25.317109,8.192835,-35.075693,8.192835,-32.490357,8.192835,-40.908592,8.192835,-39.804375,8.192835,-41.687372
8.203854,-5.768154,8.203854,-12.167920,8.203854,-18.843173,8.203854,-23.356916,8.203854,-25.306513,8.203854,-35.046025,8.203854,-32.447974,8.203854,-40.850316,8.203854,-39.746856,8.203854,-41.708563
8.214873,-5.768154,8.214873,-12.167920,8.214873,-18.843173,8.214873,-23.356916,8.214873,-25.295918,8.214873,-35.016357,8.214873,-32.426783,8.214873,-40.765551,8.214873,-39.689337,8.214873,-41.644989
8.225893,-5.768154,8.225893,-12.167920,8.225893,-18.843173,8.225893,-23.356916,8.225893,-25.285322,8.225893,-34.986689,8.225893,-32.394996,8.225893,-40.746479,8.225893,-39.631818,8.225893,-41.644989
8.236912,-5.768154,8.236912,-12.167920,8.236912,-18.843173,8.236912,-23.342788,8.236912,-25.285322,8.236912,-34.957022,8.236912,-32.363209,8.236912,-40.712573,8.236912,-39.582371,8.236912,-41.581415
8.247931,-5.768154,8.247931,-12.167920,8.247931,-18.843173,8.247931,-23.328661,8.247931,-25.285322,8.247931,-34.927354,8.247931,-32.342018,8.247931,-40.670190,8.247931,-39.532925,8.247931,-41.560224
8.258951,-5.768154,8.258951,-12.146729,8.258951,-18.843173,8.258951,-23.314533,8.258951,-25.264131,8.258951,-34.906163,8.258951,-32.320827,8.258951,-40.613680,8.258951,-39.483479,8.258951,-41.475459
8.269970,-5.768154,8.269970,-12.146729,8.269970,-18.843173,8.269970,-23.314533,8.269970,-25.264131,8.269970,-34.948545,8.269970,-32.299635,8.269970,-40.619331,8.269970,-39.483479,8.269970,-41.433076
8.280989,-5.768154,8.280989,-12.146729,8.280989,-18.843173,8.280989,-23.314533,8.280989,-25.221748,8.280989,-34.927354,8.280989,-32.299635,8.280989,-40.613680,8.280989,-39.462287,8.280989,-41.390694
8.292008,-5.768154,8.292008,-12.146729,8.292008,-18.843173,8.292008,-23.314533,8.292008,-25.179366,8.292008,-34.880262,8.292008,-32.299635,8.292008,-40.521851,8.292008,-39.402952,8.292008,-41.369503
8.303028,-5.768154,8.303028,-12.146729,8.303028,-18.843173,8.303028,-23.314533,8.303028,-25.189961,8.303028,-34.833170,8.303028,-32.244538,8.303028,-40.477955,8.303028,-39.343616,8.303028,-41.327120
8.314047,-5.768154,8.314047,-12.146729,8.314047,-18.843173,8.314047,-23.314533,8.314047,-25.200557,8.314047,-34.786079,8.314047,-32.221934,8.314047,-40.434059,8.314047,-39.284281,8.314047,-41.284737
8.325066,-5.768154,8.325066,-12.146729,8.325066,-18.821982,8.325066,-23.314533,8.325066,-25.179366,8.325066,-34.738987,8.325066,-32.193679,8.325066,-40.331130,8.325066,-39.224945,8.325066,-41.263546
8.336085,-5.768154,8.336085,-12.146729,8.336085,-18.821982,8.336085,-23.303596,8.336085,-25.158174,8.336085,-34.691895,8.336085,-32.087722,8.336085,-40.288747,8.336085,-39.165610,8.336085,-41.178781
8.347105,-5.768154,8.347105,-12.146729,8.347105,-18.821982,8.347105,-23.292658,8.347105,-25.136983,8.347105,-34.644803,8.347105,-32.094786,8.347105,-40.225174,8.347105,-39.091440,8.347105,-41.079888
8.358124,-5.768154,8.358124,-12.125538,8.358124,-18.800791,8.358124,-23.281721,8.358124,-25.115792,8.358124,-34.597712,8.358124,-32.094786,8.358124,-40.225174,8.358124,-39.054355,8.358124,-41.044570
8.369143,-5.768154,8.369143,-12.125538,8.369143,-18.800791,8.369143,-23.270783,8.369143,-25.136983,8.369143,-34.550620,8.369143,-32.038276,8.369143,-40.161600,8.369143,-39.017271,8.369143,-41.009251
8.380163,-5.768154,8.380163,-12.125538,8.380163,-18.779599,8.380163,-23.259846,8.380163,-25.120030,8.380163,-34.503528,8.380163,-32.024149,8.380163,-40.098026,8.380163,-38.974888,8.380163,-40.988060
8.391182,-5.768154,8.391182,-12.125538,8.391182,-18.779599,8.391182,-23.248908,8.391182,-25.103077,8.391182,-34.456437,8.391182,-32.024149,8.391182,-40.085311,8.391182,-38.918378,8.391182,-40.966868
8.402201,-5.768154,8.402201,-12.125538,8.402201,-18.779599,8.402201,-23.237971,8.402201,-25.086124,8.402201,-34.409345,8.402201,-31.956337,8.402201,-39.949687,8.402201,-38.932506,8.402201,-40.903294
8.413220,-5.768154,8.413220,-12.125538,8.413220,-18.779599,8.413220,-23.227034,8.413220,-25.069171,8.413220,-34.362253,8.413220,-31.918192,8.413220,-39.843731,8.413220,-38.794762,8.413220,-40.839721
8.424240,-5.768154,8.424240,-12.117061,8.424240,-18.758408,8.424240,-23.216096,8.424240,-25.052218,8.424240,-34.315161,8.424240,-31.939384,8.424240,-39.822539,8.424240,-38.794762,8.424240,-40.839721
8.435259,-5.746963,8.435259,-12.108585,8.435259,-18.737217,8.435259,-23.205159,8.435259,-25.038090,8.435259,-34.268070,8.435259,-31.897001,8.435259,-39.822539,8.435259,-38.784167,8.435259,-40.818529
8.446278,-5.746963,8.446278,-12.100108,8.446278,-18.737217,8.446278,-23.194221,8.446278,-25.023963,8.446278,-34.220978,8.446278,-31.918192,8.446278,-39.780157,8.446278,-38.741784,8.446278,-40.776147
8.457297,-5.746963,8.457297,-12.091632,8.457297,-18.716026,8.457297,-23.183284,8.457297,-25.009835,8.457297,-34.173886,8.457297,-31.875810,8.457297,-39.695392,8.457297,-38.678210,8.457297,-40.733764
8.468317,-5.746963,8.468317,-12.083155,8.468317,-18.694834,8.468317,-23.172346,8.468317,-24.995708,8.468317,-34.126794,8.468317,-31.812236,8.468317,-39.695392,8.468317,-38.657019,8.468317,-40.712573
8.479336,-5.746963,8.479336,-12.083155,8.479336,-18.673643,8.479336,-23.161409,8.479336,-24.981580,8.479336,-34.079703,8.479336,-31.798108,8.479336,-39.610626,8.479336,-38.572254,8.479336,-40.670190
8.490355,-5.746963,8.490355,-12.083155,8.490355,-18.673643,8.490355,-23.150472,8.490355,-24.967453,8.490355,-34.032611,8.490355,-31.769853,8.490355,-39.525861,8.490355,-38.529871,8.490355,-40.627808
8.501374,-5.746963,8.501374,-12.083155,8.501374,-18.652452,8.501374,-23.139534,8.501374,-24.936843,8.501374,-33.985519,8.501374,-31.769853,8.501374,-39.462287,8.501374,-38.498084,8.501374,-40.543043
8.512394,-5.746963,8.512394,-12.083155,8.512394,-18.631260,8.512394,-23.128597,8.512394,-24.906234,8.512394,-33.938427,8.512394,-31.706279,8.512394,-39.441096,8.512394,-38.466297,8.512394,-40.415895
8.523413,-5.746963,8.523413,-12.083155,8.523413,-18.652452,8.523413,-23.117659,8.523413,-24.875624,8.523413,-33.891336,8.523413,-31.642706,8.523413,-39.419905,8.523413,-38.423915,8.523413,-40.373512
8.534432,-5.746963,8.534432,-12.061964,8.534432,-18.631260,8.534432,-23.106722,8.534432,-24.840305,8.534432,-33.844244,8.534432,-31.621514,8.534432,-39.324544,8.534432,-38.303831,8.534432,-40.345257
8.545452,-5.746963,8.545452,-12.083155,8.545452,-18.631260,8.545452,-23.095784,8.545452,-24.861496,8.545452,-33.797152,8.545452,-31.610919,8.545452,-39.229183,8.545452,-38.183747,8.545452,-40.309939
8.556471,-5.746963,8.556471,-12.083155,8.556471,-18.631260,8.556471,-23.084847,8.556471,-24.819114,8.556471,-33.750061,8.556471,-31.600323,8.556471,-39.144418,8.556471,-38.063663,8.556471,-40.220935
8.567490,-5.746963,8.567490,-12.061964,8.567490,-18.631260,8.567490,-23.073910,8.567490,-24.797923,8.567490,-33.702969,8.567490,-31.600323,8.567490,-39.116163,8.567490,-37.978898,8.567490,-40.201863
8.578509,-5.746963,8.578509,-12.061964,8.578509,-18.631260,8.578509,-23.062972,8.578509,-24.776731,8.578509,-33.655877,8.578509,-31.557941,8.578509,-39.034930,8.578509,-37.948288,8.578509,-40.182791
8.589529,-5.746963,8.589529,-12.040773,8.589529,-18.631260,8.589529,-23.052035,8.589529,-24.748476,8.589529,-33.613495,8.589529,-31.494367,8.589529,-38.953697,8.589529,-37.917679,8.589529,-40.119217
8.600548,-5.746963,8.600548,-12.040773,8.600548,-18.631260,8.600548,-23.041097,8.600548,-24.734349,8.600548,-33.571112,8.600548,-31.494367,8.600548,-38.911314,8.600548,-37.887069,8.600548,-40.013261
8.611567,-5.725772,8.611567,-12.040773,8.611567,-18.610069,8.611567,-23.030160,8.611567,-24.713157,8.611567,-33.528729,8.611567,-31.451984,8.611567,-38.890123,8.611567,-37.766985,8.611567,-39.992069
8.622586,-5.725772,8.622586,-12.040773,8.622586,-18.610069,8.622586,-23.019222,8.622586,-24.734349,8.622586,-33.528729,8.622586,-31.409602,8.622586,-38.911314,8.622586,-37.766985,8.622586,-39.970878
8.633606,-5.725772,8.633606,-12.033709,8.633606,-18.610069,8.633606,-23.008285,8.633606,-24.716689,8.633606,-33.475751,8.633606,-31.367219,8.633606,-38.900719,8.633606,-37.766985,8.633606,-39.970878
8.644625,-5.725772,8.644625,-12.026645,8.644625,-18.588878,8.644625,-22.997347,8.644625,-24.699030,8.644625,-33.422773,8.644625,-31.367219,8.644625,-38.771452,8.644625,-37.714007,8.644625,-39.839492
8.655644,-5.725772,8.655644,-12.019582,8.655644,-18.588878,8.655644,-22.986410,8.655644,-24.681371,8.655644,-33.369795,8.655644,-31.367219,8.655644,-38.750866,8.655644,-37.661029,8.655644,-39.801348
8.666663,-5.725772,8.666663,-12.012518,8.666663,-18.588878,8.666663,-22.975473,8.666663,-24.663711,8.666663,-33.316817,8.666663,-31.367219,8.666663,-38.644304,8.666663,-37.639838,8.666663,-39.737774
8.677683,-5.725772,8.677683,-12.005454,8.677683,-18.567687,8.677683,-22.975473,8.677683,-24.646052,8.677683,-33.263838,8.677683,-31.261263,8.677683,-38.529871,8.677683,-37.597455,8.677683,-39.674200
8.688702,-5.725772,8.688702,-11.998390,8.688702,-18.567687,8.688702,-22.975473,8.688702,-24.628392,8.688702,-33.210860,8.688702,-31.278216,8.688702,-38.491727,8.688702,-37.470307,8.688702,-39.674200
8.699721,-5.725772,8.699721,-11.991326,8.699721,-18.567687,8.699721,-22.975473,8.699721,-24.596605,8.699721,-33.157882,8.699721,-31.176497,8.699721,-38.466297,8.699721,-37.343160,8.699721,-39.589435
8.710741,-5.725772,8.710741,-11.984263,8.710741,-18.504113,8.710741,-22.975473,8.710741,-24.564819,8.710741,-33.104904,8.710741,-31.190625,8.710741,-38.474774,8.710741,-37.343160,8.710741,-39.554116
8.721760,-5.725772,8.721760,-11.977199,8.721760,-18.482922,8.721760,-22.954281,8.721760,-24.543627,8.721760,-33.051926,8.721760,-31.169434,8.721760,-38.360341,8.721760,-37.300777,8.721760,-39.504670
8.732779,-5.725772,8.732779,-11.970135,8.732779,-18.482922,8.732779,-22.933090,8.732779,-24.522436,8.732779,-32.998947,8.732779,-31.148242,8.732779,-38.322197,8.732779,-37.279586,8.732779,-39.483479
8.743798,-5.725772,8.743798,-11.963071,8.743798,-18.461730,8.743798,-22.890708,8.743798,-24.522436,8.743798,-32.945969,8.743798,-31.105860,8.743798,-38.254385,8.743798,-37.180693,8.743798,-39.398714
8.754818,-5.725772,8.754818,-11.956008,8.754818,-18.461730,8.754818,-22.890708,8.754818,-24.498890,8.754818,-32.892991,8.754818,-31.077605,8.754818,-38.131946,8.754818,-37.081801,8.754818,-39.377522
8.765837,-5.725772,8.765837,-11.948944,8.765837,-18.440539,8.765837,-22.890708,8.765837,-24.475344,8.765837,-32.840013,8.765837,-31.077605,8.765837,-38.121182,8.765837,-37.025290,8.765837,-39.292757
8.776856,-5.704580,8.776856,-11.941880,8.776856,-18.419348,8.776856,-22.911899,8.776856,-24.451798,8.776856,-32.787035,8.776856,-31.049350,8.776856,-38.084854,8.776856,-37.004099,8.776856,-39.207992
8.787875,-5.725772,8.787875,-11.934816,8.787875,-18.419348,8.787875,-22.848325,8.787875,-24.374097,8.787875,-32.734056,8.787875,-30.996372,8.787875,-37.978898,8.787875,-36.982908,8.787875,-39.123227
8.798895,-5.725772,8.798895,-11.927753,8.798895,-18.419348,8.798895,-22.823602,8.798895,-24.352906,8.798895,-32.681078,8.798895,-30.964585,8.798895,-37.915324,8.798895,-36.919334,8.798895,-39.038462
8.809914,-5.704580,8.809914,-11.920689,8.809914,-18.376965,8.809914,-22.798879,8.809914,-24.352906,8.809914,-32.659887,8.809914,-30.922202,8.809914,-37.915324,8.809914,-36.919334,8.809914,-39.045526
8.820933,-5.683389,8.820933,-11.913625,8.820933,-18.376965,8.820933,-22.805942,8.820933,-24.352906,8.820933,-32.596313,8.820933,-30.893947,8.820933,-37.851750,8.820933,-36.827505,8.820933,-39.017271
8.831953,-5.704580,8.831953,-11.913625,8.831953,-18.376965,8.831953,-22.788604,8.831953,-24.331714,8.831953,-32.596313,8.831953,-30.879820,8.831953,-37.761687,8.831953,-36.834569,8.831953,-38.985484
8.842972,-5.704580,8.842972,-11.913625,8.842972,-18.376965,8.842972,-22.771266,8.842972,-24.324651,8.842972,-32.536157,8.842972,-30.816246,8.842972,-37.675156,8.842972,-36.696826,8.842972,-38.911314
8.853991,-5.704580,8.853991,-11.892434,8.853991,-18.366369,8.853991,-22.753927,8.853991,-24.289332,8.853991,-32.476001,8.853991,-30.752672,8.853991,-37.586859,8.853991,-36.672102,8.853991,-38.858336
8.865010,-5.704580,8.865010,-11.860647,8.865010,-18.366369,8.865010,-22.736589,8.865010,-24.204567,8.865010,-32.415846,8.865010,-30.731481,8.865010,-37.512690,8.865010,-36.578508,8.865010,-38.805358
8.876030,-5.704580,8.876030,-11.828860,8.876030,-18.292200,8.876030,-22.719251,8.876030,-24.193971,8.876030,-32.355690,8.876030,-30.752672,8.876030,-37.491499,8.876030,-36.484913,8.876030,-38.784167
8.887049,-5.704580,8.887049,-11.828860,8.887049,-18.271009,8.887049,-22.701912,8.887049,-24.119802,8.887049,-32.295534,8.887049,-30.667907,8.887049,-37.413797,8.887049,-36.453126,8.887049,-38.699401
8.898068,-5.704580,8.898068,-11.820383,8.898068,-18.271009,8.898068,-22.684574,8.898068,-24.140993,8.898068,-32.235378,8.898068,-30.625524,8.898068,-37.336096,8.898068,-36.347170,8.898068,-38.614636
8.909087,-5.683389,8.909087,-11.811907,8.909087,-18.271009,8.909087,-22.667236,8.909087,-24.098610,8.909087,-32.175222,8.909087,-30.625524,8.909087,-37.304813,8.909087,-36.315383,8.909087,-38.559539
8.920107,-5.641007,8.920107,-11.803430,8.920107,-18.271009,8.920107,-22.649898,8.920107,-24.077419,8.920107,-32.115066,8.920107,-30.597269,8.920107,-37.273531,8.920107,-36.304787,8.920107,-38.532899
8.931126,-5.641007,8.931126,-11.794954,8.931126,-18.292200,8.931126,-22.632559,8.931126,-24.077419,8.931126,-32.054910,8.931126,-30.604333,8.931126,-37.194821,8.931126,-36.220022,8.931126,-38.508680
8.942145,-5.641007,8.942145,-11.786477,8.942145,-18.263945,8.942145,-22.615221,8.942145,-24.056228,8.942145,-31.994754,8.942145,-30.506853,8.942145,-37.085837,8.942145,-36.135257,8.942145,-38.415438
8.953164,-5.641007,8.953164,-11.807669,8.953164,-18.207435,8.953164,-22.615221,8.953164,-24.013845,8.953164,-31.934598,8.953164,-30.455994,8.953164,-37.061618,8.953164,-36.092874,8.953164,-38.373056
8.964184,-5.641007,8.964184,-11.807669,8.964184,-18.196839,8.964184,-22.594030,8.964184,-23.971463,8.964184,-31.874443,8.964184,-30.427739,8.964184,-37.046482,8.964184,-35.990450,8.964184,-38.296061
8.975203,-5.641007,8.975203,-11.807669,8.975203,-18.186244,8.975203,-22.572838,8.975203,-23.950271,8.975203,-31.814287,8.975203,-30.399484,8.975203,-36.919334,8.975203,-35.888025,8.975203,-38.219066
8.986222,-5.641007,8.986222,-11.807669,8.986222,-18.168584,8.986222,-22.560124,8.986222,-23.929080,8.986222,-31.754131,8.986222,-30.328846,8.986222,-36.839867,8.986222,-35.746750,8.986222,-38.195049
8.997242,-5.641007,8.997242,-11.807669,8.997242,-18.150925,8.997242,-22.547409,8.997242,-23.907889,8.997242,-31.693975,8.997242,-30.286464,8.997242,-36.792186,8.997242,-35.714963,8.997242,-38.169619
9.008261,-5.641007,9.008261,-11.786477,9.008261,-18.133265,9.008261,-22.534694,9.008261,-23.886698,9.008261,-31.633819,9.008261,-30.261034,9.008261,-36.728613,9.008261,-35.683176,9.008261,-38.042472
9.019280,-5.641007,9.019280,-11.786477,9.019280,-18.115606,9.019280,-22.521979,9.019280,-23.861974,9.019280,-31.573663,9.019280,-30.180507,9.019280,-36.612060,9.019280,-35.640794,9.019280,-37.940754
9.030299,-5.641007,9.030299,-11.786477,9.030299,-18.097947,9.030299,-22.509264,9.030299,-23.837251,9.030299,-31.513507,9.030299,-30.131061,9.030299,-36.566146,9.030299,-35.541901,9.030299,-37.947111
9.041319,-5.641007,9.041319,-11.765286,9.041319,-18.080287,9.041319,-22.509264,9.041319,-23.812528,9.041319,-31.453351,9.041319,-30.046296,9.041319,-36.499747,9.041319,-35.467731,9.041319,-37.830559
9.052338,-5.641007,9.052338,-11.765286,9.052338,-18.059096,9.052338,-22.509264,9.052338,-23.787805,9.052338,-31.393195,9.052338,-30.053360,9.052338,-36.395607,9.052338,-35.424172,9.052338,-37.816432
9.063357,-5.641007,9.063357,-11.765286,9.063357,-18.052032,9.063357,-22.509264,9.063357,-23.763082,9.063357,-31.333040,9.063357,-30.015215,9.063357,-36.296310,9.063357,-35.380612,9.063357,-37.755683
9.074376,-5.641007,9.074376,-11.765286,9.074376,-18.052032,9.074376,-22.466882,9.074376,-23.738359,9.074376,-31.272884,9.074376,-29.957999,9.074376,-36.268762,9.074376,-35.337052,9.074376,-37.694935
9.085396,-5.641007,9.085396,-11.765286,9.085396,-18.052032,9.085396,-22.424499,9.085396,-23.713635,9.085396,-31.212728,9.085396,-29.926212,9.085396,-36.241213,9.085396,-35.245223,9.085396,-37.682220
9.096415,-5.619815,9.096415,-11.765286,9.096415,-18.016713,9.096415,-22.382117,9.096415,-23.688912,9.096415,-31.152572,9.096415,-29.862638,9.096415,-36.135257,9.096415,-35.160458,9.096415,-37.533881
9.107434,-5.619815,9.107434,-11.744095,9.107434,-17.974331,9.107434,-22.382117,9.107434,-23.664189,9.107434,-31.092416,9.107434,-29.848511,9.107434,-36.071683,9.107434,-35.118075,9.107434,-37.491499
9.118453,-5.619815,9.118453,-11.744095,9.118453,-17.995522,9.118453,-22.339734,9.118453,-23.639466,9.118453,-31.032260,9.118453,-29.813192,9.118453,-36.029300,9.118453,-35.089820,9.118453,-37.449116
9.129473,-5.619815,9.129473,-11.744095,9.129473,-17.995522,9.129473,-22.318543,9.129473,-23.614743,9.129473,-30.972104,9.129473,-29.777873,9.129473,-35.944535,9.129473,-35.012119,9.129473,-37.396138
9.140492,-5.619815,9.140492,-11.744095,9.140492,-17.974331,9.140492,-22.284637,9.140492,-23.590020,9.140492,-30.911948,9.140492,-29.714299,9.140492,-35.893071,9.140492,-34.906163,9.140492,-37.364351
9.151511,-5.619815,9.151511,-11.680521,9.151511,-17.953140,9.151511,-22.212587,9.151511,-23.565297,9.151511,-30.851792,9.151511,-29.714299,9.151511,-35.817388,9.151511,-34.821397,9.151511,-37.343160
9.162531,-5.619815,9.162531,-11.680521,9.162531,-17.953140,9.162531,-22.212587,9.162531,-23.540573,9.162531,-30.791637,9.162531,-29.693108,9.162531,-35.711431,9.162531,-34.800206,9.162531,-37.194821
9.173550,-5.619815,9.173550,-11.680521,9.173550,-17.953140,9.173550,-22.212587,9.173550,-23.515850,9.173550,-30.731481,9.173550,-29.629534,9.173550,-35.626666,9.173550,-34.779015,9.173550,-37.194821
9.184569,-5.619815,9.184569,-11.680521,9.184569,-17.942544,9.184569,-22.219650,9.184569,-23.491127,9.184569,-30.720885,9.184569,-29.650725,9.184569,-35.605475,9.184569,-34.711203,9.184569,-37.138311
9.195588,-5.619815,9.195588,-11.659330,9.195588,-17.931948,9.195588,-22.191395,9.195588,-23.466404,9.195588,-30.583142,9.195588,-29.587152,9.195588,-35.563092,9.195588,-34.634914,9.195588,-37.110056
9.206608,-5.619815,9.206608,-11.638138,9.206608,-17.910757,9.206608,-22.191395,9.206608,-23.441681,9.206608,-30.583142,9.206608,-29.549007,9.206608,-35.510114,9.206608,-34.637740,9.206608,-36.974431
9.217627,-5.619815,9.217627,-11.616947,9.217627,-17.889566,9.217627,-22.156077,9.217627,-23.356916,9.217627,-30.498377,9.217627,-29.523578,9.217627,-35.448306,9.217627,-34.503528,9.217627,-36.940525
9.228646,-5.619815,9.228646,-11.616947,9.228646,-17.868374,9.228646,-22.120758,9.228646,-23.356916,9.228646,-30.455994,9.228646,-29.460004,9.228646,-35.386498,9.228646,-34.448431,9.228646,-36.866356
9.239665,-5.619815,9.239665,-11.616947,9.239665,-17.847183,9.239665,-22.085439,9.239665,-23.335724,9.239665,-30.413611,9.239665,-29.417621,9.239665,-35.329988,9.239665,-34.393334,9.239665,-36.813378
9.250685,-5.619815,9.250685,-11.616947,9.250685,-17.847183,9.250685,-22.043056,9.250685,-23.314533,9.250685,-30.371229,9.250685,-29.375239,9.250685,-35.195777,9.250685,-34.338236,9.250685,-36.756868
9.261704,-5.619815,9.261704,-11.616947,9.261704,-17.847183,9.261704,-22.026911,9.261704,-23.314533,9.261704,-30.328846,9.261704,-29.354048,9.261704,-35.166513,9.261704,-34.228042,9.261704,-36.762519
9.272723,-5.619815,9.272723,-11.602820,9.272723,-17.847183,9.272723,-22.010765,9.272723,-23.293342,9.272723,-30.191103,9.272723,-29.362524,9.272723,-35.146330,9.272723,-34.185659,9.272723,-36.734970
9.283742,-5.619815,9.283742,-11.588692,9.283742,-17.847183,9.283742,-21.994619,9.283742,-23.250959,9.283742,-30.049121,9.283742,-29.290474,9.283742,-35.054502,9.283742,-34.083941,9.283742,-36.707421
9.294762,-5.619815,9.294762,-11.574565,9.294762,-17.804801,9.294762,-21.978473,9.294762,-23.229768,9.294762,-30.018041,9.294762,-29.260806,9.294762,-35.012119,9.294762,-34.030256,9.294762,-36.672102
9.305781,-5.619815,9.305781,-11.574565,9.305781,-17.783609,9.305781,-21.962328,9.305781,-23.208577,9.305781,-29.986960,9.305781,-29.205709,9.305781,-34.990928,9.305781,-33.994938,9.305781,-36.622656
9.316800,-5.556241,9.316800,-11.574565,9.316800,-17.741227,9.316800,-21.946182,9.316800,-23.187385,9.316800,-29.955880,9.316800,-29.184517,9.316800,-34.855303,9.316800,-33.905934,9.316800,-36.550606
9.327820,-5.556241,9.327820,-11.574565,9.327820,-17.720035,9.327820,-21.930036,9.327820,-23.166194,9.327820,-29.877472,9.327820,-29.099752,9.327820,-34.838350,9.327820,-33.903109,9.327820,-36.478555
9.338839,-5.556241,9.338839,-11.574565,9.338839,-17.720035,9.338839,-21.913890,9.338839,-23.145003,9.338839,-29.799064,9.338839,-29.078561,9.338839,-34.821397,9.338839,-33.790089,9.338839,-36.406505
9.349858,-5.556241,9.349858,-11.574565,9.349858,-17.720035,9.349858,-21.897745,9.349858,-23.123812,9.349858,-29.799064,9.349858,-29.014987,9.349858,-34.715441,9.349858,-33.677068,9.349858,-36.334455
9.360877,-5.556241,9.360877,-11.553373,9.360877,-17.720035,9.360877,-21.881599,9.360877,-23.102620,9.360877,-29.671917,9.360877,-28.993796,9.360877,-34.617961,9.360877,-33.592303,9.360877,-36.262404
9.371897,-5.556241,9.371897,-11.553373,9.371897,-17.677653,9.371897,-21.865453,9.371897,-23.102620,9.371897,-29.608343,9.371897,-28.986732,9.371897,-34.540613,9.371897,-33.541444,9.371897,-36.177639
9.382916,-5.556241,9.382916,-11.553373,9.382916,-17.698844,9.382916,-21.849308,9.382916,-23.092025,9.382916,-29.608343,9.382916,-28.938698,9.382916,-34.461146,9.382916,-33.528729,9.382916,-36.135257
9.393935,-5.556241,9.393935,-11.553373,9.393935,-17.656462,9.393935,-21.833162,9.393935,-23.081429,9.393935,-29.576556,9.393935,-28.904792,9.393935,-34.397572,9.393935,-33.380390,9.393935,-35.993982
9.404954,-5.556241,9.404954,-11.510991,9.404954,-17.635270,9.404954,-21.817016,9.404954,-23.017855,9.404954,-29.544769,9.404954,-28.866648,9.404954,-34.369317,9.404954,-33.338008,9.404954,-35.923344
9.415974,-5.556241,9.415974,-11.510991,9.415974,-17.656462,9.415974,-21.800870,9.415974,-22.996664,9.415974,-29.502386,9.415974,-28.803074,9.415974,-34.264370,9.415974,-33.295625,9.415974,-35.909216
9.426993,-5.556241,9.426993,-11.510991,9.426993,-17.614079,9.426993,-21.784725,9.426993,-22.954281,9.426993,-29.354048,9.426993,-28.771287,9.426993,-34.164468,9.426993,-33.221456,9.426993,-35.845643
9.438012,-5.556241,9.438012,-11.510991,9.438012,-17.592888,9.438012,-21.768579,9.438012,-22.954281,9.438012,-29.311665,9.438012,-28.739500,9.438012,-34.079703,9.438012,-33.147286,9.438012,-35.838579
9.449032,-5.556241,9.449032,-11.489800,9.449032,-17.550505,9.449032,-21.752433,9.449032,-22.933090,9.449032,-29.248091,9.449032,-28.739500,9.449032,-34.034293,9.449032,-33.136691,9.449032,-35.745337
9.460051,-5.556241,9.460051,-11.489800,9.460051,-17.571697,9.460051,-21.736287,9.460051,-22.890708,9.460051,-29.184517,9.460051,-28.711245,9.460051,-33.952555,9.460051,-33.062521,9.460051,-35.677525
9.471070,-5.556241,9.471070,-11.489800,9.471070,-17.555214,9.471070,-21.720142,9.471070,-22.848325,9.471070,-29.163326,9.471070,-28.682990,9.471070,-33.896045,9.471070,-33.009543,9.471070,-35.605475
9.482089,-5.556241,9.482089,-11.489800,9.482089,-17.538732,9.482089,-21.703996,9.482089,-22.805942,9.482089,-29.142135,9.482089,-28.661799,9.482089,-33.839535,9.482089,-32.956565,9.482089,-35.499518
9.493109,-5.556241,9.493109,-11.468608,9.493109,-17.522250,9.493109,-21.672209,9.493109,-22.763560,9.493109,-29.120943,9.493109,-28.633544,9.493109,-33.730047,9.493109,-32.871800,9.493109,-35.478327
9.504128,-5.556241,9.504128,-11.447417,9.504128,-17.505768,9.504128,-21.640422,9.504128,-22.784751,9.504128,-29.042536,9.504128,-28.591161,9.504128,-33.617733,9.504128,-32.771141,9.504128,-35.416519
9.515147,-5.556241,9.515147,-11.426226,9.515147,-17.489286,9.515147,-21.640422,9.515147,-22.699986,9.515147,-28.964128,9.515147,-28.591161,9.515147,-33.617733,9.515147,-32.670483,9.515147,-35.354711
9.526166,-5.556241,9.526166,-11.405034,9.526166,-17.472804,9.526166,-21.612167,9.526166,-22.721177,9.526166,-28.909031,9.526166,-28.598867,9.526166,-33.613495,9.526166,-32.569824,9.526166,-35.292903
9.537186,-5.556241,9.537186,-11.426226,9.537186,-17.456322,9.537186,-21.598040,9.537186,-22.678795,9.537186,-28.846516,9.537186,-28.567616,9.537186,-33.486347,9.537186,-32.469165,9.537186,-35.231095
9.548205,-5.556241,9.548205,-11.426226,9.548205,-17.439840,9.548205,-21.572610,9.548205,-22.664667,9.548205,-28.784002,9.548205,-28.477055,9.548205,-33.409150,9.548205,-32.447974,9.548205,-35.181649
9.559224,-5.556241,9.559224,-11.426226,9.559224,-17.423358,9.559224,-21.534466,9.559224,-22.650540,9.559224,-28.721488,9.559224,-28.414567,9.559224,-33.331953,9.559224,-32.416187,9.559224,-35.132203
9.570243,-5.556241,9.570243,-11.426226,9.570243,-17.423358,9.570243,-21.513274,9.570243,-22.636412,9.570243,-28.658974,9.570243,-28.315675,9.570243,-33.239620,9.570243,-32.384400,9.570243,-35.096884
9.581263,-5.513859,9.581263,-11.421987,9.581263,-17.402166,9.581263,-21.513274,9.581263,-22.594030,9.581263,-28.596459,9.581263,-28.294484,9.581263,-33.147286,9.581263,-32.338991,9.581263,-35.054502
9.592282,-5.506795,9.592282,-11.417749,9.592282,-17.402166,9.592282,-21.492083,9.592282,-22.594030,9.592282,-28.533945,9.592282,-28.273292,9.592282,-33.126095,9.592282,-32.295397,9.592282,-35.005055
9.603301,-5.471476,9.603301,-11.413511,9.603301,-17.388039,9.603301,-21.470892,9.603301,-22.530456,9.603301,-28.471431,9.603301,-28.273292,9.603301,-33.055458,9.603301,-32.214870,9.603301,-34.927354
9.614321,-5.492668,9.614321,-11.409273,9.614321,-17.352720,9.614321,-21.439105,9.614321,-22.516328,9.614321,-28.408916,9.614321,-28.209718,9.614321,-32.956565,9.614321,-32.100437,9.614321,-34.863780
9.625340,-5.492668,9.625340,-11.405034,9.625340,-17.317401,9.625340,-21.407318,9.625340,-22.502201,9.625340,-28.346402,9.625340,-28.188527,9.625340,-32.948088,9.625340,-32.041102,9.625340,-34.842589
9.636359,-5.492668,9.636359,-11.405034,9.636359,-17.296210,9.636359,-21.386127,9.636359,-22.488073,9.636359,-28.283888,9.636359,-28.146145,9.636359,-32.882395,9.636359,-31.956337,9.636359,-34.779015
9.647378,-5.492668,9.647378,-11.405034,9.647378,-17.275019,9.647378,-21.354340,9.647378,-22.445691,9.647378,-28.221374,9.647378,-28.119656,9.647378,-32.826239,9.647378,-31.897001,9.647378,-34.634914
9.658398,-5.492668,9.658398,-11.405034,9.658398,-17.253827,9.658398,-21.322553,9.658398,-22.403308,9.658398,-28.158859,9.658398,-28.009915,9.658398,-32.770082,9.658398,-31.868746,9.658398,-34.609485
9.669417,-5.471476,9.669417,-11.383843,9.669417,-17.253827,9.669417,-21.343744,9.669417,-22.360926,9.669417,-28.096345,9.669417,-27.976614,9.669417,-32.685317,9.669417,-31.871571,9.669417,-34.577698
9.680436,-5.471476,9.680436,-11.362652,9.680436,-17.232636,9.680436,-21.322553,9.680436,-22.318543,9.680436,-28.033831,9.680436,-27.913041,9.680436,-32.611450,9.680436,-31.748662,9.680436,-34.574166
9.691455,-5.471476,9.691455,-11.362652,9.691455,-17.232636,9.691455,-21.322553,9.691455,-22.254969,9.691455,-27.971317,9.691455,-27.838871,9.691455,-32.522144,9.691455,-31.658599,9.691455,-34.473860
9.702475,-5.471476,9.702475,-11.341461,9.702475,-17.232636,9.702475,-21.322553,9.702475,-22.276160,9.702475,-27.908802,9.702475,-27.722319,9.702475,-32.464927,9.702475,-31.568536,9.702475,-34.482337
9.713494,-5.471476,9.713494,-11.341461,9.713494,-17.211445,9.713494,-21.308425,9.713494,-22.254969,9.713494,-27.846288,9.713494,-27.678171,9.713494,-32.377337,9.713494,-31.478473,9.713494,-34.397572
9.724513,-5.492668,9.724513,-11.320269,9.724513,-17.211445,9.724513,-21.294298,9.724513,-22.254969,9.724513,-27.783774,9.724513,-27.634022,9.724513,-32.312350,9.724513,-31.388410,9.724513,-34.259829
9.735532,-5.471476,9.735532,-11.284951,9.735532,-17.169062,9.735532,-21.280170,9.735532,-22.254969,9.735532,-27.721259,9.735532,-27.589874,9.735532,-32.193679,9.735532,-31.324836,9.735532,-34.122085
9.746552,-5.471476,9.746552,-11.277887,9.746552,-17.169062,9.746552,-21.266043,9.746552,-22.222559,9.746552,-27.658745,9.746552,-27.545725,9.746552,-32.151296,9.746552,-31.261263,9.746552,-34.079703
9.757571,-5.450285,9.757571,-11.277887,9.757571,-17.169062,9.757571,-21.251915,9.757571,-22.190149,9.757571,-27.596231,9.757571,-27.501577,9.757571,-32.002957,9.757571,-31.197689,9.757571,-34.086766
9.768590,-5.450285,9.768590,-11.277887,9.768590,-17.169062,9.768590,-21.237788,9.768590,-22.157739,9.768590,-27.533717,9.768590,-27.457428,9.768590,-31.992362,9.768590,-31.176497,9.768590,-34.016129
9.779610,-5.450285,9.779610,-11.256695,9.779610,-17.147871,9.779610,-21.223660,9.779610,-22.125328,9.779610,-27.471202,9.779610,-27.413280,9.779610,-31.981766,9.779610,-31.162370,9.779610,-33.965270
9.790629,-5.450285,9.790629,-11.228440,9.790629,-17.084297,9.790629,-21.209533,9.790629,-22.092918,9.790629,-27.408688,9.790629,-27.369131,9.790629,-31.897001,9.790629,-31.148242,9.790629,-33.914411
9.801648,-5.429094,9.801648,-11.235504,9.801648,-17.073701,9.801648,-21.195405,9.801648,-22.060508,9.801648,-27.346174,9.801648,-27.324983,9.801648,-31.854618,9.801648,-31.134115,9.801648,-33.863552
9.812667,-5.429094,9.812667,-11.235504,9.812667,-17.063106,9.812667,-21.142427,9.812667,-22.028098,9.812667,-27.283660,9.812667,-27.280834,9.812667,-31.806181,9.812667,-31.070541,9.812667,-33.812693
9.823687,-5.429094,9.823687,-11.214313,9.823687,-17.052510,9.823687,-21.089449,9.823687,-21.995688,9.823687,-27.221145,9.823687,-27.236686,9.823687,-31.748662,9.823687,-31.006967,9.823687,-33.761834
9.834706,-5.429094,9.834706,-11.193122,9.834706,-17.020723,9.834706,-21.110640,9.834706,-21.963277,9.834706,-27.158631,9.834706,-27.192537,9.834706,-31.706279,9.834706,-30.922202,9.834706,-33.687664
9.845725,-5.429094,9.845725,-11.193122,9.845725,-17.041915,9.845725,-21.094747,9.845725,-21.930867,9.845725,-27.096117,9.845725,-27.192537,9.845725,-31.610919,9.845725,-30.840086,9.845725,-33.654111
9.856744,-5.429094,9.856744,-11.193122,9.856744,-17.020723,9.856744,-21.078853,9.856744,-21.898457,9.856744,-27.033603,9.856744,-27.171346,9.856744,-31.503449,9.856744,-30.757970,9.856744,-33.620558
9.867764,-5.429094,9.867764,-11.193122,9.867764,-16.999532,9.867764,-21.062960,9.867764,-21.866047,9.867764,-26.971088,9.867764,-27.150155,9.867764,-31.467121,9.867764,-30.675854,9.867764,-33.613495
9.878783,-5.429094,9.878783,-11.193122,9.878783,-16.978341,9.878783,-21.047066,9.878783,-21.833637,9.878783,-26.908574,9.878783,-27.128963,9.878783,-31.374283,9.878783,-30.593737,9.878783,-33.532261
9.889802,-5.429094,9.889802,-11.193122,9.889802,-16.957149,9.889802,-21.025875,9.889802,-21.801226,9.889802,-26.846060,9.889802,-27.107772,9.889802,-31.296581,9.889802,-30.511621,9.889802,-33.451028
9.900822,-5.429094,9.900822,-11.193122,9.900822,-16.957149,9.900822,-20.962301,9.900822,-21.768816,9.900822,-26.783545,9.900822,-27.086581,9.900822,-31.296581,9.900822,-30.429505,9.900822,-33.422773
9.911841,-5.429094,9.911841,-11.150739,9.911841,-16.957149,9.911841,-20.941110,9.911841,-21.736406,9.911841,-26.721031,9.911841,-27.065389,9.911841,-31.182552,9.911841,-30.347389,9.911841,-33.295625
9.922860,-5.407903,9.922860,-11.150739,9.922860,-16.935958,9.922860,-20.898727,9.922860,-21.703996,9.922860,-26.658517,9.922860,-26.963671,9.922860,-31.148242,9.922860,-30.265273,9.922860,-33.182605
9.933879,-5.407903,9.933879,-11.150739,9.933879,-16.914767,9.933879,-20.856345,9.933879,-21.703996,9.933879,-26.596003,9.933879,-26.959433,9.933879,-31.142591,9.933879,-30.265273,9.933879,-33.168478
9.944899,-5.407903,9.944899,-11.150739,9.944899,-16.893576,9.944899,-20.856345,9.944899,-21.661613,9.944899,-26.533488,9.944899,-26.959433,9.944899,-31.108685,9.944899,-30.265273,9.944899,-33.062521
9.955918,-5.407903,9.955918,-11.150739,9.955918,-16.872384,9.955918,-20.877536,9.955918,-21.619231,9.955918,-26.470974,9.955918,-26.870430,9.955918,-31.006967,9.955918,-30.265273,9.955918,-33.027203
9.966937,-5.407903,9.966937,-11.129548,9.966937,-16.851193,9.966937,-20.845749,9.966937,-21.640422,9.966937,-26.408460,9.966937,-26.758931,9.966937,-30.928257,9.966937,-30.159316,9.966937,-32.991884
9.977956,-5.407903,9.977956,-11.108357,9.977956,-16.830002,9.977956,-20.813962,9.977956,-21.640422,9.977956,-26.387268,9.977956,-26.723069,9.977956,-30.826841,9.977956,-30.081615,9.977956,-32.956565
9.988976,-5.407903,9.988976,-11.087165,9.988976,-16.830002,9.988976,-20.792771,9.988976,-21.598040,9.988976,-26.366077,9.988976,-26.683946,9.988976,-30.816246,9.988976,-30.032168,9.988976,-32.891065
9.999995,-5.386711,9.999995,-11.065974,9.999995,-16.830002,9.999995,-20.750388,9.999995,-21.534466,9.999995,-26.344886,9.999995,-26.683946,9.999995,-30.717353,9.999995,-29.947403,9.999995,-32.825564
10.011014,-5.386711,10.011014,-11.065974,10.011014,-16.830002,10.011014,-20.750388,10.011014,-21.492083,10.011014,-26.316631,10.011014,-26.683946,10.011014,-30.676383,10.011014,-29.841447,10.011014,-32.760064
10.022033,-5.365520,10.022033,-11.065974,10.022033,-16.808811,10.022033,-20.729197,10.022033,-21.492083,10.022033,-26.262770,10.022033,-26.587622,10.022033,-30.604333,10.022033,-29.841447,10.022033,-32.694564
10.033053,-5.365520,10.033053,-11.044783,10.033053,-16.787619,10.033053,-20.708006,10.033053,-21.449701,10.033053,-26.208909,10.033053,-26.577990,10.033053,-30.496863,10.033053,-29.714299,10.033053,-32.629063
10.044072,-5.365520,10.044072,-11.023591,10.044072,-16.787619,10.044072,-20.686815,10.044072,-21.449701,10.044072,-26.155047,10.044072,-26.577990,10.044072,-30.389393,10.044072,-29.629534,10.044072,-32.563563
10.055091,-5.344329,10.055091,-11.023591,10.055091,-16.766428,10.055091,-20.665623,10.055091,-21.386127,10.055091,-26.101186,10.055091,-26.577990,10.055091,-30.335910,10.055091,-29.608343,10.055091,-32.498063
10.066111,-5.344329,10.066111,-11.002400,10.066111,-16.702854,10.066111,-20.644432,10.066111,-21.364935,10.066111,-26.005825,10.066111,-26.505940,10.066111,-30.261034,10.066111,-29.580088,10.066111,-32.432562
10.077130,-5.344329,10.077130,-11.002400,10.077130,-16.695790,10.077130,-20.623241,10.077130,-21.343744,10.077130,-25.931656,10.077130,-26.505940,10.077130,-30.219863,10.077130,-29.509450,10.077130,-32.367062
10.088149,-5.344329,10.088149,-11.002400,10.088149,-16.682840,10.088149,-20.602049,10.088149,-21.322553,10.088149,-25.857487,10.088149,-26.429651,10.088149,-30.133887,10.088149,-29.502386,10.088149,-32.301562
10.099168,-5.344329,10.099168,-11.002400,10.099168,-16.669890,10.099168,-20.602049,10.099168,-21.301362,10.099168,-25.783317,10.099168,-26.366077,10.099168,-29.989786,10.099168,-29.431749,10.099168,-32.236061
10.110188,-5.344329,10.110188,-11.002400,10.110188,-16.656940,10.110188,-20.602049,10.110188,-21.280170,10.110188,-25.709148,10.110188,-26.355482,10.110188,-29.968595,10.110188,-29.361111,10.110188,-32.172488
10.121207,-5.344329,10.121207,-10.981209,10.121207,-16.643989,10.121207,-20.559667,10.121207,-21.258979,10.121207,-25.709148,10.121207,-26.344886,10.121207,-29.940340,10.121207,-29.290474,10.121207,-32.176726
10.132226,-5.344329,10.132226,-10.981209,10.132226,-16.631039,10.132226,-20.545539,10.132226,-21.237788,10.132226,-25.709148,10.132226,-26.323695,10.132226,-29.938927,10.132226,-29.269282,10.132226,-32.123041
10.143245,-5.344329,10.143245,-10.981209,10.143245,-16.618089,10.143245,-20.531412,10.143245,-21.216596,10.143245,-25.656169,10.143245,-26.310980,10.143245,-29.820256,10.143245,-29.180985,10.143245,-32.066531
10.154265,-5.344329,10.154265,-10.981209,10.154265,-16.596898,10.154265,-20.517284,10.154265,-21.195405,10.154265,-25.603191,10.154265,-26.217738,10.154265,-29.735491,10.154265,-29.092688,10.154265,-31.974702
10.165284,-5.344329,10.165284,-10.981209,10.165284,-16.554515,10.165284,-20.453710,10.165284,-21.174214,10.165284,-25.505711,10.165284,-26.175356,10.165284,-29.735491,10.165284,-29.004391,10.165284,-31.936356
10.176303,-5.344329,10.176303,-10.981209,10.176303,-16.554515,10.176303,-20.453710,10.176303,-21.153023,10.176303,-25.423065,10.176303,-26.132973,10.176303,-29.693108,10.176303,-28.916094,10.176303,-31.898010
10.187322,-5.344329,10.187322,-10.981209,10.187322,-16.512133,10.187322,-20.432519,10.187322,-21.131831,10.187322,-25.370087,10.187322,-26.111782,10.187322,-29.565960,10.187322,-28.827797,10.187322,-31.859664
10.198342,-5.323137,10.198342,-10.981209,10.198342,-16.490941,10.198342,-20.432519,10.198342,-21.110640,10.198342,-25.320641,10.198342,-26.058804,10.198342,-29.557484,10.198342,-28.739500,10.198342,-31.821318
10.209361,-5.323137,10.209361,-10.960018,10.209361,-16.490941,10.209361,-20.390137,10.209361,-21.089449,10.209361,-25.271194,10.209361,-26.005825,10.209361,-29.460004,10.209361,-28.728905,10.209361,-31.782972
10.220380,-5.301946,10.220380,-10.960018,10.220380,-16.490941,10.220380,-20.347754,10.220380,-21.047066,10.220380,-25.221748,10.220380,-25.942252,10.220380,-29.362524,10.220380,-28.718309,10.220380,-31.744626
10.231400,-5.280755,10.231400,-10.960018,10.231400,-16.448559,10.231400,-20.347754,10.231400,-21.018811,10.231400,-25.172302,10.231400,-25.921060,10.231400,-29.332856,10.231400,-28.650497,10.231400,-31.706279
10.242419,-5.280755,10.242419,-10.981209,10.242419,-16.406176,10.242419,-20.347754,10.242419,-21.025875,10.242419,-25.122856,10.242419,-25.878678,10.242419,-29.311665,10.242419,-28.605289,10.242419,-31.600323
10.253438,-5.280755,10.253438,-10.960018,10.253438,-16.406176,10.253438,-20.326563,10.253438,-20.962301,10.253438,-25.073409,10.253438,-25.815104,10.253438,-29.205709,10.253438,-28.520524,10.253438,-31.579132
10.264457,-5.280755,10.264457,-10.960018,10.264457,-16.427367,10.264457,-20.326563,10.264457,-20.983492,10.264457,-25.023963,10.264457,-25.815104,10.264457,-29.099752,10.264457,-28.506396,10.264457,-31.430793
10.275477,-5.280755,10.275477,-10.960018,10.275477,-16.384985,10.275477,-20.326563,10.275477,-20.941110,10.275477,-24.974517,10.275477,-25.815104,10.275477,-29.099752,10.275477,-28.464014,10.275477,-31.430793
10.286496,-5.280755,10.286496,-10.960018,10.286496,-16.363794,10.286496,-20.262989,10.286496,-20.909323,10.286496,-24.925070,10.286496,-25.762126,10.286496,-29.071497,10.286496,-28.421631,10.286496,-31.388410
10.297515,-5.280755,10.297515,-10.917635,10.297515,-16.363794,10.297515,-20.220606,10.297515,-20.877536,10.297515,-24.875624,10.297515,-25.709148,10.297515,-28.993796,10.297515,-28.322739,10.297515,-31.331900
10.308534,-5.280755,10.308534,-10.917635,10.308534,-16.321411,10.308534,-20.220606,10.308534,-20.856345,10.308534,-24.826178,10.308534,-25.687956,10.308534,-28.930222,10.308534,-28.273292,10.308534,-31.282454
10.319554,-5.259564,10.319554,-10.896444,10.319554,-16.300220,10.319554,-20.199415,10.319554,-20.835153,10.319554,-24.776731,10.319554,-25.695020,10.319554,-28.866648,10.319554,-28.209718,10.319554,-31.240071
10.330573,-5.238372,10.330573,-10.896444,10.330573,-16.279029,10.330573,-20.178224,10.330573,-20.813962,10.330573,-24.755540,10.330573,-25.687956,10.330573,-28.803074,10.330573,-28.209718,10.330573,-31.218880
10.341592,-5.217181,10.341592,-10.896444,10.341592,-16.279029,10.341592,-20.157033,10.341592,-20.813962,10.341592,-24.713157,10.341592,-25.603191,10.341592,-28.732437,10.341592,-28.124953,10.341592,-31.197689
10.352612,-5.217181,10.352612,-10.896444,10.352612,-16.257837,10.352612,-20.135841,10.352612,-20.729197,10.352612,-24.670775,10.352612,-25.571404,10.352612,-28.697118,10.352612,-28.068443,10.352612,-31.155306
10.363631,-5.217181,10.363631,-10.896444,10.363631,-16.243710,10.363631,-20.114650,10.363631,-20.729197,10.363631,-24.628392,10.363631,-25.539617,10.363631,-28.654735,10.363631,-27.969551,10.363631,-31.086435
10.374650,-5.217181,10.374650,-10.896444,10.374650,-16.229582,10.374650,-20.093459,10.374650,-20.729197,10.374650,-24.557755,10.374650,-25.486639,10.374650,-28.591161,10.374650,-27.955423,10.374650,-31.017563
10.385669,-5.217181,10.385669,-10.896444,10.385669,-16.215455,10.385669,-20.072267,10.385669,-20.708006,10.385669,-24.487117,10.385669,-25.476044,10.385669,-28.548779,10.385669,-27.898913,10.385669,-30.998491
10.396689,-5.217181,10.396689,-10.896444,10.396689,-16.194263,10.396689,-20.065204,10.396689,-20.665623,10.396689,-24.416480,10.396689,-25.483107,10.396689,-28.442823,10.396689,-27.870658,10.396689,-30.908075
10.407708,-5.217181,10.407708,-10.896444,10.407708,-16.194263,10.407708,-20.058140,10.407708,-20.665623,10.407708,-24.352906,10.407708,-25.384215,10.407708,-28.421631,10.407708,-27.807084,10.407708,-30.869224
10.418727,-5.217181,10.418727,-10.896444,10.418727,-16.194263,10.418727,-20.051076,10.418727,-20.644432,10.418727,-24.331714,10.418727,-25.391278,10.418727,-28.400440,10.418727,-27.796489,10.418727,-30.858628
10.429746,-5.217181,10.429746,-10.896444,10.429746,-16.194263,10.429746,-20.051076,10.429746,-20.644432,10.429746,-24.268141,10.429746,-25.370087,10.429746,-28.400440,10.429746,-27.764702,10.429746,-30.837437
10.440766,-5.217181,10.440766,-10.896444,10.440766,-16.194263,10.440766,-20.036949,10.440766,-20.644432,10.440766,-24.254013,10.440766,-25.348896,10.440766,-28.315675,10.440766,-27.732915,10.440766,-30.816246
10.451785,-5.217181,10.451785,-10.875252,10.451785,-16.151881,10.451785,-20.022821,10.451785,-20.602049,10.451785,-24.197503,10.451785,-25.313577,10.451785,-28.188527,10.451785,-27.701128,10.451785,-30.738544
10.462804,-5.217181,10.462804,-10.875252,10.462804,-16.109498,10.462804,-20.008694,10.462804,-20.591454,10.462804,-24.152913,10.462804,-25.271194,10.462804,-28.146145,10.462804,-27.595171,10.462804,-30.752672
10.473823,-5.217181,10.473823,-10.875252,10.473823,-16.130690,10.473823,-20.008694,10.473823,-20.580858,10.473823,-24.108323,10.473823,-25.264131,10.473823,-28.061380,10.473823,-27.573980,10.473823,-30.650954
10.484843,-5.217181,10.484843,-10.854061,10.484843,-16.130690,10.484843,-19.987502,10.484843,-20.570262,10.484843,-24.063733,10.484843,-25.242939,10.484843,-27.976614,10.484843,-27.545725,10.484843,-30.604333
10.495862,-5.217181,10.495862,-10.854061,10.495862,-16.088307,10.495862,-19.966311,10.495862,-20.559667,10.495862,-24.019143,10.495862,-25.211153,10.495862,-27.955423,10.495862,-27.517470,10.495862,-30.561950
10.506881,-5.217181,10.506881,-10.832870,10.506881,-16.088307,10.506881,-19.945120,10.506881,-20.474902,10.506881,-23.974553,10.506881,-25.200557,10.506881,-27.946947,10.506881,-27.531598,10.506881,-30.515330
10.517901,-5.217181,10.517901,-10.832870,10.517901,-16.088307,10.517901,-19.923928,10.517901,-20.474902,10.517901,-23.929963,10.517901,-25.179366,10.517901,-27.891849,10.517901,-27.429879,10.517901,-30.455994
10.528920,-5.217181,10.528920,-10.832870,10.528920,-16.074180,10.528920,-19.902737,10.528920,-20.432519,10.528920,-23.885373,10.528920,-25.136983,10.528920,-27.828275,10.528920,-27.353591,10.528920,-30.328846
10.539939,-5.217181,10.539939,-10.832870,10.539939,-16.060052,10.539939,-19.881546,10.539939,-20.453710,10.539939,-23.840783,10.539939,-25.115792,10.539939,-27.800020,10.539939,-27.330280,10.539939,-30.314719
10.550958,-5.217181,10.550958,-10.832870,10.550958,-16.063584,10.550958,-19.881546,10.550958,-20.411328,10.550958,-23.796193,10.550958,-25.101664,10.550958,-27.722319,10.550958,-27.326749,10.550958,-30.300591
10.561978,-5.217181,10.561978,-10.832870,10.561978,-16.067116,10.561978,-19.839163,10.561978,-20.411328,10.561978,-23.751603,10.561978,-25.073409,10.561978,-27.679937,10.561978,-27.323217,10.561978,-30.286464
10.572997,-5.217181,10.572997,-10.832870,10.572997,-16.003542,10.572997,-19.839163,10.572997,-20.347754,10.572997,-23.707013,10.572997,-25.016899,10.572997,-27.679937,10.572997,-27.319685,10.572997,-30.201699
10.584016,-5.217181,10.584016,-10.832870,10.584016,-16.003542,10.584016,-19.839163,10.584016,-20.347754,10.584016,-23.662423,10.584016,-25.002772,10.584016,-27.605767,10.584016,-27.256111,10.584016,-30.166380
10.595035,-5.217181,10.595035,-10.811679,10.595035,-16.003542,10.595035,-19.796781,10.595035,-20.326563,10.595035,-23.617833,10.595035,-24.988644,10.595035,-27.531598,10.595035,-27.164282,10.595035,-30.116934
10.606055,-5.217181,10.606055,-10.811679,10.606055,-16.024733,10.606055,-19.754398,10.606055,-20.326563,10.606055,-23.573243,10.606055,-24.988644,10.606055,-27.510406,10.606055,-27.144504,10.606055,-30.095742
10.617074,-5.217181,10.617074,-10.811679,10.617074,-15.961159,10.617074,-19.775590,10.617074,-20.326563,10.617074,-23.528653,10.617074,-24.988644,10.617074,-27.506168,10.617074,-27.124725,10.617074,-30.095742
10.628093,-5.217181,10.628093,-10.811679,10.628093,-15.961159,10.628093,-19.754398,10.628093,-20.284180,10.628093,-23.484063,10.628093,-24.967453,10.628093,-27.468024,10.628093,-27.128963,10.628093,-30.010977
10.639112,-5.195990,10.639112,-10.811679,10.639112,-15.961159,10.639112,-19.754398,10.639112,-20.262989,10.639112,-23.431085,10.639112,-24.927189,10.639112,-27.423715,10.639112,-27.023007,10.639112,-29.975658
10.650132,-5.195990,10.650132,-10.811679,10.650132,-15.961159,10.650132,-19.712016,10.650132,-20.227670,10.650132,-23.378107,10.650132,-24.886926,10.650132,-27.379406,10.650132,-26.980624,10.650132,-29.919148
10.661151,-5.195990,10.661151,-10.811679,10.661151,-15.918777,10.661151,-19.712016,10.661151,-20.192351,10.661151,-23.335724,10.661151,-24.819114,10.661151,-27.335097,10.661151,-26.959433,10.661151,-29.862638
10.672170,-5.195990,10.672170,-10.811679,10.672170,-15.939968,10.672170,-19.704952,10.672170,-20.157033,10.672170,-23.272151,10.672170,-24.776731,10.672170,-27.290788,10.672170,-26.938242,10.672170,-29.792001
10.683190,-5.195990,10.683190,-10.811679,10.683190,-15.897586,10.683190,-19.648442,10.683190,-20.142905,10.683190,-23.229768,10.683190,-24.797923,10.683190,-27.246479,10.683190,-26.832285,10.683190,-29.735491
10.694209,-5.195990,10.694209,-10.811679,10.694209,-15.897586,10.694209,-19.648442,10.694209,-20.128778,10.694209,-23.229768,10.694209,-24.720221,10.694209,-27.202169,10.694209,-26.811094,10.694209,-29.714299
10.705228,-5.195990,10.705228,-10.811679,10.705228,-15.876394,10.705228,-19.627251,10.705228,-20.114650,10.705228,-23.189228,10.705228,-24.691966,10.705228,-27.157860,10.705228,-26.768712,10.705228,-29.714299
10.716247,-5.195990,10.716247,-10.811679,10.716247,-15.876394,10.716247,-19.606059,10.716247,-20.100522,10.716247,-23.148688,10.716247,-24.628392,10.716247,-27.113551,10.716247,-26.716911,10.716247,-29.682512
10.727267,-5.195990,10.727267,-10.806969,10.727267,-15.855203,10.727267,-19.584868,10.727267,-20.086395,10.727267,-23.108148,10.727267,-24.649584,10.727267,-27.069242,10.727267,-26.726329,10.727267,-29.650725
10.738286,-5.174798,10.738286,-10.802260,10.738286,-15.855203,10.738286,-19.584868,10.738286,-20.072267,10.738286,-23.067609,10.738286,-24.607201,10.738286,-27.024933,10.738286,-26.683946,10.738286,-29.640130
10.749305,-5.174798,10.749305,-10.797551,10.749305,-15.855203,10.749305,-19.563677,10.749305,-20.051076,10.749305,-23.027069,10.749305,-24.543627,10.749305,-26.980624,10.749305,-26.544689,10.749305,-29.629534
10.760324,-5.174798,10.760324,-10.792842,10.760324,-15.855203,10.760324,-19.542485,10.760324,-20.029885,10.760324,-22.986529,10.760324,-24.543627,10.760324,-26.927646,10.760324,-26.535607,10.760324,-29.597747
10.771344,-5.153607,10.771344,-10.788133,10.771344,-15.812820,10.771344,-19.542485,10.771344,-20.029885,10.771344,-22.945989,10.771344,-24.543627,10.771344,-26.874668,10.771344,-26.544689,10.771344,-29.565960
10.782363,-5.153607,10.782363,-10.783424,10.782363,-15.791629,10.782363,-19.521294,10.782363,-20.008694,10.782363,-22.905449,10.782363,-24.543627,10.782363,-26.832285,10.782363,-26.493225,10.782363,-29.502386
10.793382,-5.153607,10.793382,-10.778714,10.793382,-15.791629,10.793382,-19.500103,10.793382,-20.008694,10.793382,-22.864909,10.793382,-24.522436,10.793382,-26.789903,10.793382,-26.493225,10.793382,-29.438813
10.804401,-5.153607,10.804401,-10.774005,10.804401,-15.770438,10.804401,-19.489507,10.804401,-19.991741,10.804401,-22.824370,10.804401,-24.501245,10.804401,-26.726329,10.804401,-26.472034,10.804401,-29.387954
10.815421,-5.132416,10.815421,-10.769296,10.815421,-15.770438,10.815421,-19.478912,10.815421,-19.974788,10.815421,-22.783830,10.815421,-24.480053,10.815421,-26.705138,10.815421,-26.429651,10.815421,-29.332856
10.826440,-5.132416,10.826440,-10.769296,10.826440,-15.770438,10.826440,-19.468316,10.826440,-19.957835,10.826440,-22.743290,10.826440,-24.437671,10.826440,-26.620373,10.826440,-26.387268,10.826440,-29.301069
10.837459,-5.132416,10.837459,-10.769296,10.837459,-15.770438,10.837459,-19.457720,10.837459,-19.940882,10.837459,-22.702750,10.837459,-24.395288,10.837459,-26.570926,10.837459,-26.260121,10.837459,-29.260806
10.848479,-5.132416,10.848479,-10.769296,10.848479,-15.749247,10.848479,-19.447125,10.848479,-19.923928,10.848479,-22.662210,10.848479,-24.395288,10.848479,-26.542671,10.848479,-26.231866,10.848479,-29.205709
10.859498,-5.132416,10.859498,-10.763998,10.859498,-15.728055,10.859498,-19.436529,10.859498,-19.902737,10.859498,-22.621670,10.859498,-24.338778,10.859498,-26.500289,10.859498,-26.141450,10.859498,-29.163326
10.870517,-5.132416,10.870517,-10.758700,10.870517,-15.728055,10.870517,-19.425933,10.870517,-19.881546,10.870517,-22.581131,10.870517,-24.310523,10.870517,-26.429651,10.870517,-26.048208,10.870517,-29.163326
10.881536,-5.132416,10.881536,-10.753403,10.881536,-15.728055,10.881536,-19.415338,10.881536,-19.860355,10.881536,-22.540591,10.881536,-24.246949,10.881536,-26.344886,10.881536,-26.062336,10.881536,-29.099752
10.892556,-5.132416,10.892556,-10.748105,10.892556,-15.692736,10.892556,-19.394147,10.892556,-19.849759,10.892556,-22.500051,10.892556,-24.254013,10.892556,-26.323695,10.892556,-25.984634,10.892556,-29.014987
10.903575,-5.132416,10.903575,-10.742807,10.903575,-15.685673,10.903575,-19.380661,10.903575,-19.839163,10.903575,-22.459511,10.903575,-24.268141,10.903575,-26.260121,10.903575,-25.887154,10.903575,-28.993796
10.914594,-5.132416,10.914594,-10.737509,10.914594,-15.664481,10.914594,-19.367176,10.914594,-19.820091,10.914594,-22.418971,10.914594,-24.225758,10.914594,-26.217738,10.914594,-25.857487,10.914594,-28.993796
10.925613,-5.132416,10.925613,-10.732211,10.925613,-15.664481,10.925613,-19.353690,10.925613,-19.801019,10.925613,-22.378431,10.925613,-24.172780,10.925613,-26.161228,10.925613,-25.836295,10.925613,-28.944349
10.936633,-5.132416,10.936633,-10.726914,10.936633,-15.650354,10.936633,-19.340205,10.936633,-19.781947,10.936633,-22.337892,10.936633,-24.119802,10.936633,-26.111782,10.936633,-25.815104,10.936633,-28.958477
10.947652,-5.132416,10.947652,-10.726914,10.947652,-15.643290,10.947652,-19.326720,10.947652,-19.762875,10.947652,-22.297352,10.947652,-24.098610,10.947652,-26.079995,10.947652,-25.793913,10.947652,-28.933754
10.958671,-5.132416,10.958671,-10.726914,10.958671,-15.622099,10.958671,-19.313234,10.958671,-19.743803,10.958671,-22.284637,10.958671,-24.098610,10.958671,-26.048208,10.958671,-25.765658,10.958671,-28.909031
10.969691,-5.132416,10.969691,-10.726914,10.969691,-15.593844,10.969691,-19.299749,10.969691,-19.724730,10.969691,-22.206229,10.969691,-24.098610,10.969691,-26.005825,10.969691,-25.737403,10.969691,-28.909031
10.980710,-5.132416,10.980710,-10.726914,10.980710,-15.586780,10.980710,-19.286264,10.980710,-19.705658,10.980710,-22.127821,10.980710,-24.035037,10.980710,-25.942252,10.980710,-25.709148,10.980710,-28.824266
10.991729,-5.132416,10.991729,-10.726914,10.991729,-15.579716,10.991729,-19.272778,10.991729,-19.686586,10.991729,-22.089677,10.991729,-24.022322,10.991729,-25.912584,10.991729,-25.645574,10.991729,-28.781883
11.002748,-5.132416,11.002748,-10.726914,11.002748,-15.558525,11.002748,-19.259293,11.002748,-19.667514,11.002748,-22.051533,11.002748,-23.971463,11.002748,-25.836295,11.002748,-25.620851,11.002748,-28.739500
11.013768,-5.132416,11.013768,-10.726914,11.013768,-15.537334,11.013768,-19.245808,11.013768,-19.648442,11.013768,-22.013389,11.013768,-23.907889,11.013768,-25.793913,11.013768,-25.596127,11.013768,-28.718309
11.024787,-5.132416,11.024787,-10.726914,11.024787,-15.537334,11.024787,-19.245808,11.024787,-19.648442,11.024787,-21.975244,11.024787,-23.929080,11.024787,-25.772721,11.024787,-25.567872,11.024787,-28.647672
11.035806,-5.121820,11.035806,-10.705722,11.035806,-15.537334,11.035806,-19.245808,11.035806,-19.606059,11.035806,-21.937100,11.035806,-23.929080,11.035806,-25.751530,11.035806,-25.497235,11.035806,-28.569970
11.046825,-5.111225,11.046825,-10.705722,11.046825,-15.494951,11.046825,-19.224616,11.046825,-19.606059,11.046825,-21.898956,11.046825,-23.865506,11.046825,-25.709148,11.046825,-25.433661,11.046825,-28.485205
11.057845,-5.111225,11.057845,-10.705722,11.057845,-15.473760,11.057845,-19.203425,11.057845,-19.584868,11.057845,-21.860811,11.057845,-23.865506,11.057845,-25.709148,11.057845,-25.416002,11.057845,-28.464014
11.068864,-5.090033,11.068864,-10.705722,11.068864,-15.473760,11.068864,-19.245808,11.068864,-19.577804,11.068864,-21.822667,11.068864,-23.844315,11.068864,-25.645574,11.068864,-25.398342,11.068864,-28.414567
11.079883,-5.090033,11.079883,-10.705722,11.079883,-15.494951,11.079883,-19.224616,11.079883,-19.517762,11.079883,-21.784523,11.079883,-23.801932,11.079883,-25.582000,11.079883,-25.360669,11.079883,-28.365121
11.090902,-5.068842,11.090902,-10.684531,11.090902,-15.452569,11.090902,-19.182234,11.090902,-19.457720,11.090902,-21.746378,11.090902,-23.801932,11.090902,-25.560809,11.090902,-25.322995,11.090902,-28.365121
11.101922,-5.068842,11.101922,-10.684531,11.101922,-15.452569,11.101922,-19.161042,11.101922,-19.457720,11.101922,-21.708234,11.101922,-23.780741,11.101922,-25.518426,11.101922,-25.285322,11.101922,-28.340398
11.112941,-5.068842,11.112941,-10.684531,11.112941,-15.452569,11.112941,-19.139851,11.112941,-19.436529,11.112941,-21.670090,11.112941,-23.780741,11.112941,-25.433661,11.112941,-25.242939,11.112941,-28.315675
11.123960,-5.068842,11.123960,-10.705722,11.123960,-15.431377,11.123960,-19.118660,11.123960,-19.436529,11.123960,-21.631946,11.123960,-23.695976,11.123960,-25.412470,11.123960,-25.200557,11.123960,-28.209718
11.134980,-5.068842,11.134980,-10.705722,11.134980,-15.410186,11.134980,-19.161042,11.134980,-19.436529,11.134980,-21.593801,11.134980,-23.695976,11.134980,-25.391278,11.134980,-25.158174,11.134980,-28.223846
11.145999,-5.068842,11.145999,-10.642148,11.145999,-15.410186,11.145999,-19.161042,11.145999,-19.415338,11.145999,-21.555657,11.145999,-23.695976,11.145999,-25.391278,11.145999,-25.124654,11.145999,-28.167336
11.157018,-5.068842,11.157018,-10.663340,11.157018,-15.388995,11.157018,-19.139851,11.157018,-19.415338,11.157018,-21.569784,11.157018,-23.660657,11.157018,-25.348896,11.157018,-25.091133,11.157018,-28.141906
11.168037,-5.068842,11.168037,-10.642148,11.168037,-15.388995,11.168037,-19.139851,11.168037,-19.337636,11.168037,-21.509743,11.168037,-23.625339,11.168037,-25.327705,11.168037,-25.057612,11.168037,-28.103762
11.179057,-5.068842,11.179057,-10.642148,11.179057,-15.388995,11.179057,-19.139851,11.179057,-19.337636,11.179057,-21.449701,11.179057,-23.590020,11.179057,-25.200557,11.179057,-25.024091,11.179057,-28.068443
11.190076,-5.068842,11.190076,-10.642148,11.190076,-15.367804,11.190076,-19.118660,11.190076,-19.351764,11.190076,-21.407318,11.190076,-23.564590,11.190076,-25.168770,11.190076,-24.990571,11.190076,-27.997806
11.201095,-5.068842,11.201095,-10.663340,11.201095,-15.346612,11.201095,-19.118660,11.201095,-19.288190,11.201095,-21.364935,11.201095,-23.526446,11.201095,-25.115792,11.201095,-24.957050,11.201095,-27.934232
11.212114,-5.068842,11.212114,-10.642148,11.212114,-15.325421,11.212114,-19.116011,11.212114,-19.270115,11.212114,-21.322553,11.212114,-23.526446,11.212114,-25.115792,11.212114,-24.923529,11.212114,-27.913041
11.223134,-5.068842,11.223134,-10.642148,11.223134,-15.312706,11.223134,-19.113362,11.223134,-19.252040,11.223134,-21.276910,11.223134,-23.505255,11.223134,-25.059282,11.223134,-24.890008,11.223134,-27.870658
11.234153,-5.047651,11.234153,-10.642148,11.234153,-15.299991,11.234153,-19.080516,11.234153,-19.233965,11.234153,-21.231267,11.234153,-23.484063,11.234153,-25.073409,11.234153,-24.856488,11.234153,-27.849467
11.245172,-5.047651,11.245172,-10.642148,11.245172,-15.287277,11.245172,-19.033895,11.245172,-19.215890,11.245172,-21.185625,11.245172,-23.445919,11.245172,-24.956857,11.245172,-24.822967,11.245172,-27.800020
11.256191,-5.047651,11.256191,-10.620957,11.256191,-15.274562,11.256191,-19.076277,11.256191,-19.197816,11.256191,-21.139982,11.256191,-23.420489,11.256191,-24.861496,11.256191,-24.789446,11.256191,-27.796489
11.267211,-5.047651,11.267211,-10.620957,11.267211,-15.261847,11.267211,-19.076277,11.267211,-19.179741,11.267211,-21.094339,11.267211,-23.356916,11.267211,-24.840305,11.267211,-24.755925,11.267211,-27.764702
11.278230,-5.047651,11.278230,-10.620957,11.278230,-15.240656,11.278230,-19.055086,11.278230,-19.161666,11.278230,-21.048696,11.278230,-23.356916,11.278230,-24.819114,11.278230,-24.722405,11.278230,-27.764702
11.289249,-5.047651,11.289249,-10.620957,11.289249,-15.230060,11.289249,-19.033895,11.289249,-19.143591,11.289249,-21.003054,11.289249,-23.356916,11.289249,-24.804986,11.289249,-24.688884,11.289249,-27.679937
11.300269,-5.047651,11.300269,-10.599766,11.300269,-15.219465,11.300269,-19.033895,11.300269,-19.125516,11.300269,-20.957411,11.300269,-23.335724,11.300269,-24.854433,11.300269,-24.655363,11.300269,-27.672873
11.311288,-5.047651,11.311288,-10.599766,11.311288,-15.219465,11.311288,-18.991512,11.311288,-19.107441,11.311288,-20.911768,11.311288,-23.293342,11.311288,-24.840305,11.311288,-24.621842,11.311288,-27.679937
11.322307,-5.026460,11.322307,-10.578575,11.322307,-15.184146,11.322307,-19.012703,11.322307,-19.089366,11.322307,-20.866125,11.322307,-23.279214,11.322307,-24.840305,11.322307,-24.588322,11.322307,-27.626958
11.333326,-5.026460,11.333326,-10.578575,11.333326,-15.155891,11.333326,-18.991512,11.333326,-19.071291,11.333326,-20.820483,11.333326,-23.275682,11.333326,-24.736468,11.333326,-24.554801,11.333326,-27.573980
11.344346,-5.026460,11.344346,-10.578575,11.344346,-15.184146,11.344346,-18.970321,11.344346,-19.053216,11.344346,-20.774840,11.344346,-23.272151,11.344346,-24.632631,11.344346,-24.521280,11.344346,-27.489215
11.355365,-5.005268,11.355365,-10.578575,11.355365,-15.177082,11.355365,-18.970321,11.355365,-19.035141,11.355365,-20.729197,11.355365,-23.208577,11.355365,-24.607201,11.355365,-24.487759,11.355365,-27.463785
11.366384,-5.005268,11.366384,-10.578575,11.366384,-15.155891,11.366384,-18.949130,11.366384,-19.017066,11.366384,-20.700942,11.366384,-23.229768,11.366384,-24.581772,11.366384,-24.454239,11.366384,-27.468024
11.377403,-5.005268,11.377403,-10.557383,11.377403,-15.134699,11.377403,-18.949130,11.377403,-18.998991,11.377403,-20.672687,11.377403,-23.190917,11.377403,-24.509721,11.377403,-24.420718,11.377403,-27.425641
11.388423,-4.998204,11.388423,-10.557383,11.388423,-15.113508,11.388423,-18.906747,11.388423,-18.980917,11.388423,-20.644432,11.388423,-23.152067,11.388423,-24.437671,11.388423,-24.387197,11.388423,-27.362067
11.399442,-5.005268,11.399442,-10.557383,11.399442,-15.092317,11.399442,-18.885556,11.399442,-18.962842,11.399442,-20.623241,11.399442,-23.152067,11.399442,-24.412241,11.399442,-24.353676,11.399442,-27.362067
11.410461,-4.984077,11.410461,-10.557383,11.410461,-15.092317,11.410461,-18.864365,11.410461,-18.944767,11.410461,-20.602049,11.410461,-23.102620,11.410461,-24.374097,11.410461,-24.320156,11.410461,-27.277302
11.421481,-4.984077,11.421481,-10.557383,11.421481,-15.092317,11.421481,-18.838464,11.421481,-18.926692,11.421481,-20.538476,11.421481,-23.102620,11.421481,-24.344429,11.421481,-24.286635,11.421481,-27.263175
11.432500,-4.984077,11.432500,-10.578575,11.432500,-15.092317,11.432500,-18.821982,11.432500,-18.908617,11.432500,-20.510221,11.432500,-23.060238,11.432500,-24.352906,11.432500,-24.253114,11.432500,-27.245515
11.443519,-4.984077,11.443519,-10.557383,11.443519,-15.049934,11.443519,-18.821982,11.443519,-18.890542,11.443519,-20.481965,11.443519,-23.060238,11.443519,-24.293570,11.443519,-24.219593,11.443519,-27.256111
11.454538,-4.984077,11.454538,-10.557383,11.454538,-15.007552,11.454538,-18.800791,11.454538,-18.872467,11.454538,-20.453710,11.454538,-23.039046,11.454538,-24.246949,11.454538,-24.186073,11.454538,-27.234920
11.465558,-4.984077,11.465558,-10.557383,11.465558,-15.007552,11.465558,-18.800791,11.465558,-18.854392,11.465558,-20.453710,11.465558,-22.996664,11.465558,-24.162184,11.465558,-24.152552,11.465558,-27.171346
11.476577,-4.984077,11.476577,-10.557383,11.476577,-14.986361,11.476577,-18.747813,11.476577,-18.836317,11.476577,-20.439583,11.476577,-22.940154,11.476577,-24.084483,11.476577,-24.119031,11.476577,-27.171346
11.487596,-4.984077,11.487596,-10.557383,11.487596,-14.986361,11.487596,-18.747813,11.487596,-18.818242,11.487596,-20.390137,11.487596,-22.933090,11.487596,-24.070355,11.487596,-24.085510,11.487596,-27.109538
11.498615,-4.962886,11.498615,-10.557383,11.498615,-14.986361,11.498615,-18.716026,11.498615,-18.800167,11.498615,-20.331861,11.498615,-22.933090,11.498615,-24.045632,11.498615,-24.051990,11.498615,-27.047730
11.509635,-4.962886,11.509635,-10.557383,11.509635,-14.965169,11.509635,-18.694834,11.509635,-18.782093,11.509635,-20.273585,11.509635,-22.911899,11.509635,-23.988416,11.509635,-24.018469,11.509635,-26.985922
11.520654,-4.962886,11.520654,-10.557383,11.520654,-14.943978,11.520654,-18.664225,11.520654,-18.764018,11.520654,-20.215309,11.520654,-22.890708,11.520654,-23.929080,11.520654,-23.984948,11.520654,-26.924114
11.531673,-4.962886,11.531673,-10.557383,11.531673,-14.943978,11.531673,-18.659516,11.531673,-18.745943,11.531673,-20.157033,11.531673,-22.805942,11.531673,-23.929080,11.531673,-23.951427,11.531673,-26.904336
11.542692,-4.962886,11.542692,-10.557383,11.542692,-14.943978,11.542692,-18.662084,11.542692,-18.727868,11.542692,-20.098757,11.542692,-22.784751,11.542692,-23.854911,11.542692,-23.917907,11.542692,-26.853477
11.553712,-4.941694,11.553712,-10.557383,11.553712,-14.965169,11.553712,-18.610069,11.553712,-18.709793,11.553712,-20.040481,11.553712,-22.742369,11.553712,-23.823124,11.553712,-23.884386,11.553712,-26.853477
11.564731,-4.941694,11.564731,-10.557383,11.564731,-14.943978,11.564731,-18.550348,11.564731,-18.691718,11.564731,-19.982204,11.564731,-22.721177,11.564731,-23.759550,11.564731,-23.850865,11.564731,-26.805796
11.575750,-4.941694,11.575750,-10.557383,11.575750,-14.901595,11.575750,-18.542642,11.575750,-18.673643,11.575750,-19.923928,11.575750,-22.705284,11.575750,-23.695976,11.575750,-23.817344,11.575750,-26.758116
11.586770,-4.941694,11.586770,-10.557383,11.586770,-14.859213,11.586770,-18.542642,11.586770,-18.655568,11.586770,-19.923928,11.586770,-22.689390,11.586770,-23.685380,11.586770,-23.783824,11.586770,-26.768712
11.597789,-4.941694,11.597789,-10.557383,11.597789,-14.859213,11.597789,-18.525304,11.597789,-18.637493,11.597789,-19.881546,11.597789,-22.684093,11.597789,-23.674785,11.597789,-23.750303,11.597789,-26.736925
11.608808,-4.920503,11.608808,-10.557383,11.608808,-14.880404,11.608808,-18.496407,11.608808,-18.619418,11.608808,-19.817972,11.608808,-22.678795,11.608808,-23.660657,11.608808,-23.716782,11.608808,-26.705138
11.619827,-4.920503,11.619827,-10.557383,11.619827,-14.859213,11.619827,-18.461730,11.619827,-18.601343,11.619827,-19.775590,11.619827,-22.657603,11.619827,-23.581543,11.619827,-23.683261,11.619827,-26.641564
11.630847,-4.920503,11.630847,-10.536192,11.630847,-14.838022,11.630847,-18.482922,11.630847,-18.583268,11.630847,-19.764994,11.630847,-22.636412,11.630847,-23.568828,11.630847,-23.649741,11.630847,-26.630968
11.641866,-4.920503,11.641866,-10.536192,11.641866,-14.838022,11.641866,-18.461730,11.641866,-18.565194,11.641866,-19.754398,11.641866,-22.615221,11.641866,-23.547637,11.641866,-23.616220,11.641866,-26.609777
11.652885,-4.920503,11.652885,-10.536192,11.652885,-14.816830,11.652885,-18.461730,11.652885,-18.547119,11.652885,-19.659037,11.652885,-22.594030,11.652885,-23.441681,11.652885,-23.582699,11.652885,-26.535607
11.663904,-4.899312,11.663904,-10.536192,11.663904,-14.793284,11.663904,-18.398156,11.663904,-18.529044,11.663904,-19.634314,11.663904,-22.586966,11.663904,-23.335724,11.663904,-23.549178,11.663904,-26.472034
11.674924,-4.899312,11.674924,-10.536192,11.674924,-14.769739,11.674924,-18.398156,11.674924,-18.510969,11.674924,-19.606059,11.674924,-22.530456,11.674924,-23.314533,11.674924,-23.515658,11.674924,-26.482629
11.685943,-4.899312,11.685943,-10.536192,11.685943,-14.746193,11.685943,-18.402395,11.685943,-18.492894,11.685943,-19.553081,11.685943,-22.530456,11.685943,-23.321597,11.685943,-23.482137,11.685943,-26.408460
11.696962,-4.899312,11.696962,-10.536192,11.696962,-14.732065,11.696962,-18.313391,11.696962,-18.474819,11.696962,-19.493039,11.696962,-22.488073,11.696962,-23.229768,11.696962,-23.448616,11.696962,-26.302503
11.707981,-4.899312,11.707981,-10.536192,11.707981,-14.732065,11.707981,-18.313391,11.707981,-18.456744,11.707981,-19.415338,11.707981,-22.445691,11.707981,-23.187385,11.707981,-23.415095,11.707981,-26.288376
11.719001,-4.899312,11.719001,-10.536192,11.719001,-14.710874,11.719001,-18.334583,11.719001,-18.438669,11.719001,-19.382374,11.719001,-22.459818,11.719001,-23.145003,11.719001,-23.381575,11.719001,-26.302503
11.730020,-4.899312,11.730020,-10.536192,11.730020,-14.689683,11.730020,-18.292200,11.730020,-18.420594,11.730020,-19.349409,11.730020,-22.403308,11.730020,-23.145003,11.730020,-23.348054,11.730020,-26.260121
11.741039,-4.878121,11.741039,-10.536192,11.741039,-14.668491,11.741039,-18.228626,11.741039,-18.402519,11.741039,-19.316445,11.741039,-22.332670,11.741039,-23.102620,11.741039,-23.314533,11.741039,-26.196547
11.752059,-4.878121,11.752059,-10.536192,11.752059,-14.633173,11.752059,-18.228626,11.752059,-18.384444,11.752059,-19.283481,11.752059,-22.276160,11.752059,-22.996664,11.752059,-23.307469,11.752059,-26.175356
11.763078,-4.878121,11.763078,-10.536192,11.763078,-14.626109,11.763078,-18.228626,11.763078,-18.366369,11.763078,-19.250517,11.763078,-22.290288,11.763078,-22.954281,11.763078,-23.250959,11.763078,-26.154164
11.774097,-4.878121,11.774097,-10.536192,11.774097,-14.590790,11.774097,-18.186244,11.774097,-18.348295,11.774097,-19.217553,11.774097,-22.276160,11.774097,-22.926026,11.774097,-23.208577,11.774097,-26.132973
11.785116,-4.878121,11.785116,-10.536192,11.785116,-14.583726,11.785116,-18.186244,11.785116,-18.330220,11.785116,-19.184588,11.785116,-22.276160,11.785116,-22.933090,11.785116,-23.208577,11.785116,-26.055272
11.796136,-4.878121,11.796136,-10.536192,11.796136,-14.562535,11.796136,-18.228626,11.796136,-18.312145,11.796136,-19.151624,11.796136,-22.262033,11.796136,-22.911899,11.796136,-23.166194,11.796136,-26.022779
11.807155,-4.856929,11.807155,-10.451427,11.807155,-14.541344,11.807155,-18.207435,11.807155,-18.294070,11.807155,-19.118660,11.807155,-22.191395,11.807155,-22.827134,11.807155,-23.123812,11.807155,-26.003706
11.818174,-4.835738,11.818174,-10.451427,11.818174,-14.541344,11.818174,-18.186244,11.818174,-18.275995,11.818174,-19.072745,11.818174,-22.191395,11.818174,-22.805942,11.818174,-23.102620,11.818174,-25.984634
11.829193,-4.814547,11.829193,-10.451427,11.829193,-14.498961,11.829193,-18.143861,11.829193,-18.257920,11.829193,-19.026831,11.829193,-22.134885,11.829193,-22.784751,11.829193,-23.072953,11.829193,-25.878678
11.840213,-4.793355,11.840213,-10.451427,11.840213,-14.498961,11.840213,-18.056069,11.840213,-18.239845,11.840213,-18.995750,11.840213,-22.064248,11.840213,-22.678795,11.840213,-22.986068,11.840213,-25.836295
11.851232,-4.793355,11.851232,-10.451427,11.851232,-14.469293,11.851232,-18.059096,11.851232,-18.221770,11.851232,-18.944891,11.851232,-22.064248,11.851232,-22.636412,11.851232,-22.996664,11.851232,-25.836295
11.862251,-4.772164,11.862251,-10.451427,11.862251,-14.469293,11.862251,-18.016713,11.862251,-18.203695,11.862251,-18.906747,11.862251,-22.043056,11.862251,-22.657603,11.862251,-22.966391,11.862251,-25.836295
11.873271,-4.793355,11.873271,-10.451427,11.873271,-14.435387,11.873271,-17.995522,11.873271,-18.185620,11.873271,-18.864365,11.873271,-22.021865,11.873271,-22.615221,11.873271,-22.911899,11.873271,-25.709148
11.884290,-4.772164,11.884290,-10.451427,11.884290,-14.371813,11.884290,-17.995522,11.884290,-18.167545,11.884290,-18.821982,11.884290,-21.979483,11.884290,-22.572838,11.884290,-22.869516,11.884290,-25.709148
11.895309,-4.772164,11.895309,-10.451427,11.895309,-14.393005,11.895309,-17.974331,11.895309,-18.149471,11.895309,-18.779599,11.895309,-21.958291,11.895309,-22.537520,11.895309,-22.805942,11.895309,-25.645574
11.906328,-4.750973,11.906328,-10.451427,11.906328,-14.350622,11.906328,-17.953140,11.906328,-18.131396,11.906328,-18.737217,11.906328,-21.937100,11.906328,-22.479597,11.906328,-22.827134,11.906328,-25.596127
11.917348,-4.729782,11.917348,-10.451427,11.917348,-14.340027,11.917348,-17.953140,11.917348,-18.113321,11.917348,-18.716026,11.917348,-21.937100,11.917348,-22.424499,11.917348,-22.805942,11.917348,-25.560809
11.928367,-4.729782,11.928367,-10.451427,11.928367,-14.329431,11.928367,-17.893804,11.928367,-18.095246,11.928367,-18.682120,11.928367,-21.915909,11.928367,-22.369402,11.928367,-22.784751,11.928367,-25.539617
11.939386,-4.729782,11.939386,-10.451427,11.939386,-14.287048,11.939386,-17.880484,11.939386,-18.077171,11.939386,-18.648213,11.939386,-21.894717,11.939386,-22.373035,11.939386,-22.774155,11.939386,-25.518426
11.950405,-4.729782,11.950405,-10.451427,11.950405,-14.265857,11.950405,-17.825992,11.950405,-18.059096,11.950405,-18.614307,11.950405,-21.884122,11.950405,-22.312488,11.950405,-22.763560,11.950405,-25.497235
11.961425,-4.708590,11.961425,-10.451427,11.961425,-14.244666,11.961425,-17.825992,11.961425,-18.037905,11.961425,-18.580401,11.961425,-21.868228,11.961425,-22.276160,11.961425,-22.784751,11.961425,-25.454852
11.972444,-4.708590,11.972444,-10.451427,11.972444,-14.244666,11.972444,-17.825992,11.972444,-18.016713,11.972444,-18.546495,11.972444,-21.852335,11.972444,-22.269097,11.972444,-22.742369,11.972444,-25.384215
11.983463,-4.687399,11.983463,-10.451427,11.983463,-14.202283,11.983463,-17.825992,11.983463,-17.995522,11.983463,-18.489985,11.983463,-21.809952,11.983463,-22.170204,11.983463,-22.678795,11.983463,-25.391278
11.994482,-4.687399,11.994482,-10.451427,11.994482,-14.202283,11.994482,-17.778312,11.994482,-17.974331,11.994482,-18.475858,11.994482,-21.767570,11.994482,-22.156077,11.994482,-22.678795,11.994482,-25.353134
12.005502,-4.687399,12.005502,-10.451427,12.005502,-14.181092,12.005502,-17.759769,12.005502,-17.953140,12.005502,-18.461730,12.005502,-21.788761,12.005502,-22.043056,12.005502,-22.636412,12.005502,-25.327705
12.016521,-4.666208,12.016521,-10.451427,12.016521,-14.159901,12.016521,-17.741227,12.016521,-17.939012,12.016521,-18.362838,12.016521,-21.746378,12.016521,-22.043056,12.016521,-22.594030,12.016521,-25.306513
12.027540,-4.645017,12.027540,-10.451427,12.027540,-14.159901,12.027540,-17.720035,12.027540,-17.910757,12.027540,-18.313391,12.027540,-21.703996,12.027540,-22.021865,12.027540,-22.569306,12.027540,-25.264131
12.038560,-4.645017,12.038560,-10.451427,12.038560,-14.159901,12.038560,-17.677653,12.038560,-17.868374,12.038560,-18.278072,12.038560,-21.640422,12.038560,-21.990078,12.038560,-22.544583,12.038560,-25.211153
12.049579,-4.645017,12.049579,-10.472618,12.049579,-14.138709,12.049579,-17.677653,12.049579,-17.868374,12.049579,-18.249817,12.049579,-21.598040,12.049579,-21.958291,12.049579,-22.519860,12.049579,-25.186429
12.060598,-4.645017,12.060598,-10.472618,12.060598,-14.117518,12.060598,-17.635270,12.060598,-17.847183,12.060598,-18.196839,12.060598,-21.545061,12.060598,-21.884122,12.060598,-22.495137,12.060598,-25.115792
12.071617,-4.645017,12.071617,-10.467774,12.071617,-14.096327,12.071617,-17.635270,12.071617,-17.804801,12.071617,-18.143861,12.071617,-21.492083,12.071617,-21.841739,12.071617,-22.470414,12.071617,-25.073409
12.082637,-4.645017,12.082637,-10.462931,12.082637,-14.075136,12.082637,-17.592888,12.082637,-17.762418,12.082637,-18.112074,12.082637,-21.449701,12.082637,-21.788761,12.082637,-22.445691,12.082637,-25.094600
12.093656,-4.623825,12.093656,-10.458087,12.093656,-14.053944,12.093656,-17.592888,12.093656,-17.720035,12.093656,-18.080287,12.093656,-21.429756,12.093656,-21.767570,12.093656,-22.431563,12.093656,-25.031027
12.104675,-4.623825,12.104675,-10.453243,12.104675,-14.032753,12.104675,-17.550505,12.104675,-17.677653,12.104675,-18.037905,12.104675,-21.409811,12.104675,-21.725187,12.104675,-22.385649,12.104675,-25.009835
12.115694,-4.623825,12.115694,-10.448400,12.115694,-14.022157,12.115694,-17.486931,12.115694,-17.614079,12.115694,-17.995522,12.115694,-21.389866,12.115694,-21.668677,12.115694,-22.339734,12.115694,-24.988644
12.126714,-4.623825,12.126714,-10.443556,12.126714,-14.011562,12.126714,-17.444549,12.126714,-17.592888,12.126714,-17.953140,12.126714,-21.369922,12.126714,-21.682805,12.126714,-22.339734,12.126714,-24.988644
12.137733,-4.623825,12.137733,-10.438712,12.137733,-14.000966,12.137733,-17.444549,12.137733,-17.564633,12.137733,-17.889566,12.137733,-21.349977,12.137733,-21.598040,12.137733,-22.286756,12.137733,-24.903879
12.148752,-4.623825,12.148752,-10.433868,12.148752,-13.990370,12.148752,-17.423358,12.148752,-17.536378,12.148752,-17.868374,12.148752,-21.330032,12.148752,-21.564133,12.148752,-22.191395,12.148752,-24.861496
12.159771,-4.623825,12.159771,-10.429025,12.159771,-13.969179,12.159771,-17.423358,12.159771,-17.508123,12.159771,-17.825992,12.159771,-21.310087,12.159771,-21.534466,12.159771,-22.149013,12.159771,-24.840305
12.170791,-4.623825,12.170791,-10.424181,12.170791,-13.947988,12.170791,-17.391571,12.170791,-17.465740,12.170791,-17.751822,12.170791,-21.290143,12.170791,-21.521751,12.170791,-22.138417,12.170791,-24.808518
12.181810,-4.623825,12.181810,-10.419337,12.181810,-13.926797,12.181810,-17.359784,12.181810,-17.444549,12.181810,-17.720035,12.181810,-21.270198,12.181810,-21.475130,12.181810,-22.106630,12.181810,-24.755540
12.192829,-4.623825,12.192829,-10.414494,12.192829,-13.905605,12.192829,-17.338592,12.192829,-17.423358,12.192829,-17.684717,12.192829,-21.250253,12.192829,-21.428509,12.192829,-22.074843,12.192829,-24.755540
12.203849,-4.623825,12.203849,-10.409650,12.203849,-13.905605,12.203849,-17.317401,12.203849,-17.380975,12.203849,-17.656462,12.203849,-21.230308,12.203849,-21.386127,12.203849,-22.043056,12.203849,-24.748476
12.214868,-4.623825,12.214868,-10.404806,12.214868,-13.905605,12.214868,-17.296210,12.214868,-17.371343,12.214868,-17.571697,12.214868,-21.210364,12.214868,-21.364935,12.214868,-22.000674,12.214868,-24.677839
12.225887,-4.602634,12.225887,-10.399962,12.225887,-13.884414,12.225887,-17.282326,12.225887,-17.361710,12.225887,-17.571697,12.225887,-21.190419,12.225887,-21.301362,12.225887,-21.915909,12.225887,-24.649584
12.236906,-4.602634,12.236906,-10.395119,12.236906,-13.863223,12.236906,-17.268442,12.236906,-17.352078,12.236906,-17.530071,12.236906,-21.170474,12.236906,-21.280170,12.236906,-21.915909,12.236906,-24.649584
12.247926,-4.602634,12.247926,-10.390275,12.247926,-13.842031,12.247926,-17.254558,12.247926,-17.342445,12.247926,-17.488445,12.247926,-21.150530,12.247926,-21.227192,12.247926,-21.898956,12.247926,-24.543627
12.258945,-4.602634,12.258945,-10.385431,12.258945,-13.842031,12.258945,-17.240674,12.258945,-17.332813,12.258945,-17.446819,12.258945,-21.130585,12.258945,-21.131831,12.258945,-21.882003,12.258945,-24.480053
12.269964,-4.581443,12.269964,-10.380587,12.269964,-13.820840,12.269964,-17.226790,12.269964,-17.323181,12.269964,-17.405194,12.269964,-21.110640,12.269964,-21.121236,12.269964,-21.865050,12.269964,-24.480053
12.280983,-4.581443,12.280983,-10.375744,12.280983,-13.799649,12.280983,-17.212906,12.280983,-17.313548,12.280983,-17.363568,12.280983,-21.090695,12.280983,-21.068258,12.280983,-21.848097,12.280983,-24.416480
12.292003,-4.581443,12.292003,-10.370900,12.292003,-13.778458,12.292003,-17.199022,12.292003,-17.303916,12.292003,-17.321942,12.292003,-21.070751,12.292003,-21.025875,12.292003,-21.831144,12.292003,-24.327476
12.303022,-4.581443,12.303022,-10.366056,12.303022,-13.778458,12.303022,-17.185138,12.303022,-17.294283,12.303022,-17.280316,12.303022,-21.050806,12.303022,-21.015279,12.303022,-21.795825,12.303022,-24.344429
12.314041,-4.560251,12.314041,-10.361213,12.314041,-13.757266,12.314041,-17.171254,12.314041,-17.284651,12.314041,-17.238691,12.314041,-21.030861,12.314041,-21.018811,12.314041,-21.760506,12.314041,-24.338072
12.325060,-4.560251,12.325060,-10.356369,12.325060,-13.736075,12.325060,-17.157371,12.325060,-17.275019,12.325060,-17.197065,12.325060,-21.010916,12.325060,-20.934046,12.325060,-21.725187,12.325060,-24.331714
12.336080,-4.539060,12.336080,-10.351525,12.336080,-13.714884,12.336080,-17.143487,12.336080,-17.265386,12.336080,-17.155439,12.336080,-20.990972,12.336080,-20.919919,12.336080,-21.689868,12.336080,-24.289332
12.347099,-4.539060,12.347099,-10.346681,12.347099,-13.714884,12.347099,-17.129603,12.347099,-17.255754,12.347099,-17.113814,12.347099,-20.971027,12.347099,-20.835153,12.347099,-21.654550,12.347099,-24.162184
12.358118,-4.517869,12.358118,-10.341838,12.358118,-13.658374,12.358118,-17.115719,12.358118,-17.246121,12.358118,-17.072188,12.358118,-20.951082,12.358118,-20.813962,12.358118,-21.619231,12.358118,-24.130397
12.369138,-4.517869,12.369138,-10.336994,12.369138,-13.651310,12.369138,-17.101835,12.369138,-17.236489,12.369138,-17.030562,12.369138,-20.931137,12.369138,-20.771580,12.369138,-21.598040,12.369138,-24.098610
12.380157,-4.517869,12.380157,-10.332150,12.380157,-13.651310,12.380157,-17.087951,12.380157,-17.226857,12.380157,-16.988936,12.380157,-20.911193,12.380157,-20.729197,12.380157,-21.576848,12.380157,-24.077419
12.391176,-4.517869,12.391176,-10.327307,12.391176,-13.651310,12.391176,-17.074067,12.391176,-17.217224,12.391176,-16.947311,12.391176,-20.891248,12.391176,-20.644432,12.391176,-21.530227,12.391176,-24.070355
12.402195,-4.517869,12.402195,-10.322463,12.402195,-13.608927,12.402195,-17.060183,12.402195,-17.207592,12.402195,-16.905685,12.402195,-20.871303,12.402195,-20.623241,12.402195,-21.485019,12.402195,-23.971463
12.413215,-4.517869,12.413215,-10.317619,12.413215,-13.566545,12.413215,-17.046299,12.413215,-17.197959,12.413215,-16.864059,12.413215,-20.851359,12.413215,-20.602049,12.413215,-21.407318,12.413215,-23.971463
12.424234,-4.496678,12.424234,-10.312775,12.424234,-13.587736,12.424234,-17.032415,12.424234,-17.188327,12.424234,-16.822433,12.424234,-20.831414,12.424234,-20.602049,12.424234,-21.386127,12.424234,-23.950271
12.435253,-4.496678,12.435253,-10.307932,12.435253,-13.545354,12.435253,-17.018531,12.435253,-17.178695,12.435253,-16.780808,12.435253,-20.811469,12.435253,-20.538476,12.435253,-21.364935,12.435253,-23.823124
12.446272,-4.496678,12.446272,-10.303088,12.446272,-13.545354,12.446272,-17.004647,12.446272,-17.169062,12.446272,-16.739182,12.446272,-20.791524,12.446272,-20.496093,12.446272,-21.343744,12.446272,-23.823124
12.457292,-4.496678,12.457292,-10.303088,12.457292,-13.524162,12.457292,-16.990763,12.457292,-17.147871,12.457292,-16.697556,12.457292,-20.771580,12.457292,-20.453710,12.457292,-21.364935,12.457292,-23.801932
12.468311,-4.496678,12.468311,-10.303088,12.468311,-13.524162,12.468311,-16.976879,12.468311,-17.126680,12.468311,-16.655931,12.468311,-20.729197,12.468311,-20.453710,12.468311,-21.343744,12.468311,-23.823124
12.479330,-4.496678,12.479330,-10.303088,12.479330,-13.524162,12.479330,-16.962995,12.479330,-17.084297,12.479330,-16.614305,12.479330,-20.708006,12.479330,-20.390137,12.479330,-21.317255,12.479330,-23.801932
12.490350,-4.496678,12.490350,-10.303088,12.490350,-13.481780,12.490350,-16.949111,12.490350,-16.999532,12.490350,-16.572679,12.490350,-20.665623,12.490350,-20.284180,12.490350,-21.290766,12.490350,-23.759550
12.501369,-4.496678,12.501369,-10.303088,12.501369,-13.469065,12.501369,-16.935227,12.501369,-16.988936,12.501369,-16.531053,12.501369,-20.623241,12.501369,-20.258751,12.501369,-21.264277,12.501369,-23.738359
12.512388,-4.496678,12.512388,-10.303088,12.512388,-13.456350,12.512388,-16.921344,12.512388,-16.988936,12.512388,-16.489428,12.512388,-20.623241,12.512388,-20.199415,12.512388,-21.237788,12.512388,-23.674785
12.523407,-4.475486,12.523407,-10.303088,12.523407,-13.443635,12.523407,-16.907460,12.523407,-16.978341,12.523407,-16.447802,12.523407,-20.580858,12.523407,-20.171160,12.523407,-21.195405,12.523407,-23.674785
12.534427,-4.475486,12.534427,-10.303088,12.534427,-13.430921,12.534427,-16.893576,12.534427,-17.020723,12.534427,-16.406176,12.534427,-20.559667,12.534427,-20.114650,12.534427,-21.195405,12.534427,-23.615449
12.545446,-4.454295,12.545446,-10.303088,12.545446,-13.418206,12.545446,-16.893576,12.545446,-16.999532,12.545446,-16.406176,12.545446,-20.496093,12.545446,-20.093459,12.545446,-21.174214,12.545446,-23.547637
12.556465,-4.433104,12.556465,-10.303088,12.556465,-13.397015,12.556465,-16.861789,12.556465,-16.981576,12.556465,-16.384985,12.556465,-20.411328,12.556465,-20.040481,12.556465,-21.061194,12.556465,-23.505255
12.567484,-4.433104,12.567484,-10.300061,12.567484,-13.397015,12.567484,-16.834240,12.567484,-16.963620,12.567484,-16.342602,12.567484,-20.411328,12.567484,-20.051076,12.567484,-21.068258,12.567484,-23.484063
12.578504,-4.433104,12.578504,-10.297033,12.578504,-13.375823,12.578504,-16.825764,12.578504,-16.945664,12.578504,-16.349666,12.578504,-20.411328,12.578504,-20.008694,12.578504,-21.018811,12.578504,-23.462872
12.589523,-4.433104,12.589523,-10.294006,12.589523,-13.354632,12.589523,-16.801747,12.589523,-16.927708,12.589523,-16.279029,12.589523,-20.411328,12.589523,-19.923928,12.589523,-20.962301,12.589523,-23.399298
12.600542,-4.433104,12.600542,-10.290979,12.600542,-13.354632,12.600542,-16.766428,12.600542,-16.909752,12.600542,-16.215455,12.600542,-20.411328,12.600542,-19.913333,12.600542,-20.941110,12.600542,-23.356916
12.611561,-4.433104,12.611561,-10.287951,12.611561,-13.354632,12.611561,-16.745237,12.611561,-16.891796,12.611561,-16.226050,12.611561,-20.377422,12.611561,-19.902737,12.611561,-20.951705,12.611561,-23.335724
12.622581,-4.411912,12.622581,-10.284924,12.622581,-13.319313,12.622581,-16.702854,12.622581,-16.873840,12.622581,-16.194263,12.622581,-20.318086,12.622581,-19.860355,12.622581,-20.962301,12.622581,-23.335724
12.633600,-4.411912,12.633600,-10.281897,12.633600,-13.294590,12.633600,-16.660472,12.633600,-16.855884,12.633600,-16.130690,12.633600,-20.326563,12.633600,-19.839163,12.633600,-20.941110,12.633600,-23.293342
12.644619,-4.411912,12.644619,-10.278869,12.644619,-13.269867,12.644619,-16.681663,12.644619,-16.837928,12.644619,-16.098903,12.644619,-20.277116,12.644619,-19.750160,12.644619,-20.888132,12.644619,-23.250959
12.655639,-4.411912,12.655639,-10.275842,12.655639,-13.269867,12.655639,-16.618089,12.655639,-16.819972,12.655639,-16.003542,12.655639,-20.284180,12.655639,-19.716254,12.655639,-20.813962,12.655639,-23.208577
12.666658,-4.390721,12.666658,-10.272815,12.666658,-13.269867,12.666658,-16.618089,12.666658,-16.802016,12.666658,-15.982351,12.666658,-20.178224,12.666658,-19.682348,12.666658,-20.792771,12.666658,-23.176790
12.677677,-4.369530,12.677677,-10.269787,12.677677,-13.248676,12.677677,-16.596898,12.677677,-16.784060,12.677677,-15.961159,12.677677,-20.157033,12.677677,-19.683761,12.677677,-20.771580,12.677677,-23.176790
12.688696,-4.369530,12.688696,-10.266760,12.688696,-13.248676,12.688696,-16.596898,12.688696,-16.766104,12.688696,-15.908181,12.688696,-20.157033,12.688696,-19.665395,12.688696,-20.750388,12.688696,-23.166194
12.699716,-4.369530,12.699716,-10.263733,12.699716,-13.185102,12.699716,-16.559224,12.699716,-16.748148,12.699716,-15.855203,12.699716,-20.135841,12.699716,-19.577804,12.699716,-20.729197,12.699716,-23.102620
12.710735,-4.369530,12.710735,-10.260705,12.710735,-13.163911,12.710735,-16.512133,12.710735,-16.730192,12.710735,-15.834012,12.710735,-20.093459,12.710735,-19.529771,12.710735,-20.708006,12.710735,-23.123812
12.721754,-4.369530,12.721754,-10.257678,12.721754,-13.142719,12.721754,-16.490941,12.721754,-16.712237,12.721754,-15.777502,12.721754,-20.051076,12.721754,-19.521294,12.721754,-20.686815,12.721754,-23.024919
12.732773,-4.369530,12.732773,-10.254651,12.732773,-13.121528,12.732773,-16.490941,12.732773,-16.694281,12.732773,-15.781033,12.732773,-20.029885,12.732773,-19.457720,12.732773,-20.623241,12.732773,-23.007260
12.743793,-4.369530,12.743793,-10.251623,12.743793,-13.121528,12.743793,-16.512133,12.743793,-16.676325,12.743793,-15.733353,12.743793,-20.029885,12.743793,-19.415338,12.743793,-20.623241,12.743793,-22.940154
12.754812,-4.369530,12.754812,-10.248596,12.754812,-13.100337,12.754812,-16.490941,12.754812,-16.658369,12.754812,-15.685673,12.754812,-20.008694,12.754812,-19.394147,12.754812,-20.580858,12.754812,-22.933090
12.765831,-4.348339,12.765831,-10.245569,12.765831,-13.100337,12.765831,-16.448559,12.765831,-16.640413,12.765831,-15.664481,12.765831,-19.987502,12.765831,-19.362360,12.765831,-20.559667,12.765831,-22.890708
12.776850,-4.348339,12.776850,-10.242541,12.776850,-13.057954,12.776850,-16.406176,12.776850,-16.622457,12.776850,-15.600908,12.776850,-19.955715,12.776850,-19.252871,12.776850,-20.496093,12.776850,-22.813006
12.787870,-4.348339,12.787870,-10.239514,12.787870,-13.057954,12.787870,-16.363794,12.787870,-16.604501,12.787870,-15.579716,12.787870,-19.923928,12.787870,-19.266999,12.787870,-20.474902,12.787870,-22.784751
12.798889,-4.348339,12.798889,-10.236487,12.798889,-13.057954,12.798889,-16.378930,12.798889,-16.586545,12.798889,-15.537334,12.798889,-19.902737,12.798889,-19.238744,12.798889,-20.474902,12.798889,-22.777687
12.809908,-4.369530,12.809908,-10.233459,12.809908,-13.057954,12.809908,-16.384985,12.809908,-16.568589,12.809908,-15.523206,12.809908,-19.902737,12.809908,-19.245808,12.809908,-20.445234,12.809908,-22.770624
12.820928,-4.348339,12.820928,-10.230432,12.820928,-13.057954,12.820928,-16.321411,12.820928,-16.550633,12.820928,-15.494951,12.820928,-19.888610,12.820928,-19.182234,12.820928,-20.425455,12.820928,-22.699986
12.831947,-4.348339,12.831947,-10.227405,12.831947,-13.015572,12.831947,-16.316113,12.831947,-16.532677,12.831947,-15.463164,12.831947,-19.839163,12.831947,-19.118660,12.831947,-20.418392,12.831947,-22.710582
12.842966,-4.348339,12.842966,-10.224377,12.842966,-12.973189,12.842966,-16.342602,12.842966,-16.514721,12.842966,-15.452569,12.842966,-19.817972,12.842966,-19.131375,12.842966,-20.326563,12.842966,-22.728241
12.853985,-4.327147,12.853985,-10.221350,12.853985,-12.930806,12.853985,-16.300220,12.853985,-16.496765,12.853985,-15.388995,12.853985,-19.817972,12.853985,-19.076277,12.853985,-20.347754,12.853985,-22.682327
12.865005,-4.327147,12.865005,-10.218323,12.865005,-12.930806,12.865005,-16.300220,12.865005,-16.478809,12.865005,-15.367804,12.865005,-19.796781,12.865005,-19.040959,12.865005,-20.347754,12.865005,-22.636412
12.876024,-4.327147,12.876024,-10.218323,12.876024,-12.930806,12.876024,-16.257837,12.876024,-16.460853,12.876024,-15.339549,12.876024,-19.754398,12.876024,-18.978797,12.876024,-20.262989,12.876024,-22.571661
12.887043,-4.327147,12.887043,-10.218323,12.887043,-12.909615,12.887043,-16.194263,12.887043,-16.442897,12.887043,-15.240656,12.887043,-19.754398,12.887043,-18.913811,12.887043,-20.178224,12.887043,-22.506910
12.898062,-4.327147,12.898062,-10.218323,12.898062,-12.888424,12.898062,-16.173072,12.898062,-16.424941,12.898062,-15.184146,12.898062,-19.733207,12.898062,-18.927938,12.898062,-20.199415,12.898062,-22.442159
12.909082,-4.327147,12.909082,-10.218323,12.909082,-12.867233,12.909082,-16.173072,12.909082,-16.406985,12.909082,-15.189797,12.909082,-19.627251,12.909082,-18.864365,12.909082,-20.157033,12.909082,-22.377408
12.920101,-4.327147,12.920101,-10.218323,12.920101,-12.861935,12.920101,-16.130690,12.920101,-16.389029,12.920101,-15.177082,12.920101,-19.606059,12.920101,-18.821982,12.920101,-20.058140,12.920101,-22.312657
12.931120,-4.305956,12.931120,-10.218323,12.931120,-12.856637,12.931120,-16.109498,12.931120,-16.371073,12.931120,-15.113508,12.931120,-19.584868,12.931120,-18.775361,12.931120,-20.029885,12.931120,-22.247905
12.942140,-4.305956,12.942140,-10.218323,12.942140,-12.851339,12.942140,-16.109498,12.942140,-16.353117,12.942140,-15.062649,12.942140,-19.584868,12.942140,-18.737217,12.942140,-20.003396,12.942140,-22.219650
12.953159,-4.305956,12.953159,-10.218323,12.953159,-12.846041,12.953159,-16.088307,12.953159,-16.335161,12.953159,-15.039339,12.953159,-19.584868,12.953159,-18.698366,12.953159,-19.976907,12.953159,-22.191395
12.964178,-4.305956,12.964178,-10.218323,12.964178,-12.824850,12.964178,-16.067116,12.964178,-16.317205,12.964178,-14.986361,12.964178,-19.542485,12.964178,-18.659516,12.964178,-19.950418,12.964178,-22.212587
12.975197,-4.305956,12.975197,-10.218323,12.975197,-12.803659,12.975197,-16.088307,12.975197,-16.299249,12.975197,-14.943978,12.975197,-19.542485,12.975197,-18.610069,12.975197,-19.923928,12.975197,-22.170204
12.986217,-4.305956,12.986217,-10.218323,12.986217,-12.782468,12.986217,-16.067116,12.986217,-16.281293,12.986217,-14.943978,12.986217,-19.500103,12.986217,-18.588878,12.986217,-19.916865,12.986217,-22.166672
12.997236,-4.284765,12.997236,-10.218323,12.997236,-12.761276,12.997236,-16.045924,12.997236,-16.263337,12.997236,-14.880404,12.997236,-19.457720,12.997236,-18.580401,12.997236,-19.909801,12.997236,-22.163140
13.008255,-4.284765,13.008255,-10.218323,13.008255,-12.738801,13.008255,-16.024733,13.008255,-16.245381,13.008255,-14.859213,13.008255,-19.457720,13.008255,-18.571925,13.008255,-19.902737,13.008255,-22.123583
13.019274,-4.284765,13.019274,-10.218323,13.019274,-12.716325,13.019274,-15.982351,13.019274,-16.227425,13.019274,-14.795639,13.019274,-19.436529,13.019274,-18.431457,13.019274,-19.860355,13.019274,-22.064248
13.030294,-4.263573,13.030294,-10.218323,13.030294,-12.693849,13.030294,-15.939968,13.030294,-16.209469,13.030294,-14.732065,13.030294,-19.415338,13.030294,-18.435241,13.030294,-19.846227,13.030294,-22.064248
13.041313,-4.263573,13.041313,-10.218323,13.041313,-12.671374,13.041313,-15.918777,13.041313,-16.191513,13.041313,-14.668491,13.041313,-19.372955,13.041313,-18.376965,13.041313,-19.775590,13.041313,-21.990078
13.052332,-4.263573,13.052332,-10.218323,13.052332,-12.648898,13.052332,-15.918777,13.052332,-16.173557,13.052332,-14.604918,13.052332,-19.330573,13.052332,-18.355774,13.052332,-19.754398,13.052332,-21.979483
13.063351,-4.263573,13.063351,-10.214085,13.063351,-12.626423,13.063351,-15.834012,13.063351,-16.155601,13.063351,-14.541344,13.063351,-19.309381,13.063351,-18.309153,13.063351,-19.747334,13.063351,-21.965355
13.074371,-4.242382,13.074371,-10.209846,13.074371,-12.603947,13.074371,-15.855203,13.074371,-16.137646,13.074371,-14.530748,13.074371,-19.309381,13.074371,-18.249817,13.074371,-19.699301,13.074371,-21.894717
13.085390,-4.228255,13.085390,-10.205608,13.085390,-12.581471,13.085390,-15.855203,13.085390,-16.119690,13.085390,-14.520152,13.085390,-19.288190,13.085390,-18.165052,13.085390,-19.712016,13.085390,-21.880590
13.096409,-4.214127,13.096409,-10.201370,13.096409,-12.558996,13.096409,-15.855203,13.096409,-16.101734,13.096409,-14.498961,13.096409,-19.288190,13.096409,-18.143861,13.096409,-19.627251,13.096409,-21.866462
13.107429,-4.200000,13.107429,-10.197132,13.107429,-12.536520,13.107429,-15.834012,13.107429,-16.083778,13.107429,-14.456579,13.107429,-19.281126,13.107429,-18.090883,13.107429,-19.563677,13.107429,-21.880590
13.118448,-4.200000,13.118448,-10.192893,13.118448,-12.514045,13.118448,-15.807523,13.118448,-16.065822,13.118448,-14.435387,13.118448,-19.210489,13.118448,-18.080287,13.118448,-19.584868,13.118448,-21.795825
13.129467,-4.200000,13.129467,-10.188655,13.129467,-12.506981,13.129467,-15.791629,13.129467,-16.047866,13.129467,-14.385941,13.129467,-19.224616,13.129467,-18.046381,13.129467,-19.574272,13.129467,-21.739315
13.140486,-4.200000,13.140486,-10.184417,13.140486,-12.506981,13.140486,-15.770438,13.140486,-16.029910,13.140486,-14.401481,13.140486,-19.182234,13.140486,-18.037905,13.140486,-19.563677,13.140486,-21.746378
13.151506,-4.200000,13.151506,-10.180179,13.151506,-12.506981,13.151506,-15.749247,13.151506,-16.011954,13.151506,-14.318835,13.151506,-19.182234,13.151506,-17.995522,13.151506,-19.542485,13.151506,-21.739315
13.162525,-4.178808,13.162525,-10.175940,13.162525,-12.485790,13.162525,-15.728055,13.162525,-15.993998,13.162525,-14.244666,13.162525,-19.182234,13.162525,-17.953140,13.162525,-19.457720,13.162525,-21.679273
13.173544,-4.178808,13.173544,-10.175940,13.173544,-12.443407,13.173544,-15.706864,13.173544,-15.976042,13.173544,-14.223474,13.173544,-19.182234,13.173544,-17.931948,13.173544,-19.415338,13.173544,-21.619231
13.184563,-4.178808,13.184563,-10.175940,13.184563,-12.443407,13.184563,-15.706864,13.184563,-15.958086,13.184563,-14.212879,13.184563,-19.125724,13.184563,-17.910757,13.184563,-19.415338,13.184563,-21.619231
13.195583,-4.157617,13.195583,-10.175940,13.195583,-12.443407,13.195583,-15.685673,13.195583,-15.940130,13.195583,-14.202283,13.195583,-19.118660,13.195583,-17.817515,13.195583,-19.394147,13.195583,-21.555657
13.206602,-4.157617,13.206602,-10.175940,13.206602,-12.443407,13.206602,-15.685673,13.206602,-15.922174,13.206602,-14.151424,13.206602,-19.097469,13.206602,-17.804801,13.206602,-19.358828,13.206602,-21.492083
13.217621,-4.157617,13.217621,-10.175940,13.217621,-12.422216,13.217621,-15.685673,13.217621,-15.904218,13.217621,-14.100565,13.217621,-19.055086,13.217621,-17.775133,13.217621,-19.323509,13.217621,-21.492083
13.228640,-4.157617,13.228640,-10.175940,13.228640,-12.422216,13.228640,-15.643290,13.228640,-15.886262,13.228640,-14.049706,13.228640,-19.042977,13.228640,-17.690368,13.228640,-19.296393,13.228640,-21.470892
13.239660,-4.178808,13.239660,-10.173447,13.239660,-12.358642,13.239660,-15.600908,13.239660,-15.868306,13.239660,-13.998847,13.239660,-18.991512,13.239660,-17.656462,13.239660,-19.269277,13.239660,-21.428509
13.250679,-4.157617,13.250679,-10.170954,13.250679,-12.337451,13.250679,-15.622099,13.250679,-15.850350,13.250679,-13.947988,13.250679,-18.970321,13.250679,-17.645866,13.250679,-19.242162,13.250679,-21.420033
13.261698,-4.178808,13.261698,-10.168461,13.261698,-12.316259,13.261698,-15.579716,13.261698,-15.832394,13.261698,-13.940924,13.261698,-18.970321,13.261698,-17.571697,13.261698,-19.215046,13.261698,-21.343744
13.272718,-4.157617,13.272718,-10.165968,13.272718,-12.316259,13.272718,-15.579716,13.272718,-15.814438,13.272718,-13.842031,13.272718,-18.949130,13.272718,-17.518718,13.272718,-19.187930,13.272718,-21.343744
13.283737,-4.157617,13.283737,-10.163475,13.283737,-12.288004,13.283737,-15.558525,13.283737,-15.796482,13.283737,-13.799649,13.283737,-18.885556,13.283737,-17.502825,13.283737,-19.160815,13.283737,-21.343744
13.294756,-4.157617,13.294756,-10.160982,13.294756,-12.252686,13.294756,-15.537334,13.294756,-15.778526,13.294756,-13.785521,13.294756,-18.885556,13.294756,-17.486931,13.294756,-19.133699,13.294756,-21.322553
13.305775,-4.157617,13.305775,-10.158489,13.305775,-12.238558,13.305775,-15.516143,13.305775,-15.760570,13.305775,-13.771394,13.305775,-18.864365,13.305775,-17.476336,13.305775,-19.106583,13.305775,-21.237788
13.316795,-4.157617,13.316795,-10.155996,13.316795,-12.224431,13.316795,-15.516143,13.316795,-15.742614,13.316795,-13.725479,13.316795,-18.821982,13.316795,-17.402166,13.316795,-19.079467,13.316795,-21.216596
13.327814,-4.157617,13.327814,-10.153502,13.327814,-12.210303,13.327814,-15.494951,13.327814,-15.724658,13.327814,-13.698990,13.327814,-18.800791,13.327814,-17.376737,13.327814,-19.052352,13.327814,-21.202469
13.338833,-4.157617,13.338833,-10.151009,13.338833,-12.210303,13.338833,-15.516143,13.338833,-15.706702,13.338833,-13.672501,13.338833,-18.779599,13.338833,-17.351307,13.338833,-19.025236,13.338833,-21.216596
13.349852,-4.157617,13.349852,-10.148516,13.349852,-12.189112,13.349852,-15.473760,13.349852,-15.688746,13.349852,-13.615991,13.349852,-18.779599,13.349852,-17.317401,13.349852,-18.998120,13.349852,-21.153023
13.360872,-4.157617,13.360872,-10.146023,13.360872,-12.167920,13.360872,-15.452569,13.360872,-15.670790,13.360872,-13.591268,13.360872,-18.716026,13.360872,-17.246764,13.360872,-18.971005,13.360872,-21.047066
13.371891,-4.157617,13.371891,-10.143530,13.371891,-12.167920,13.371891,-15.445505,13.371891,-15.652834,13.371891,-13.566545,13.371891,-18.694834,13.371891,-17.232636,13.371891,-18.943889,13.371891,-21.047066
13.382910,-4.157617,13.382910,-10.141037,13.382910,-12.167920,13.382910,-15.431377,13.382910,-15.634878,13.382910,-13.502971,13.382910,-18.652452,13.382910,-17.211445,13.382910,-18.916773,13.382910,-21.068258
13.393930,-4.157617,13.393930,-10.138544,13.393930,-12.167920,13.393930,-15.410186,13.393930,-15.616922,13.393930,-13.446461,13.393930,-18.631260,13.393930,-17.179658,13.393930,-18.889657,13.393930,-20.983492
13.404949,-4.157617,13.404949,-10.136051,13.404949,-12.146729,13.404949,-15.410186,13.404949,-15.598966,13.404949,-13.418206,13.404949,-18.631260,13.404949,-17.169062,13.404949,-18.862542,13.404949,-20.976429
13.415968,-4.157617,13.415968,-10.133558,13.415968,-12.125538,13.415968,-15.367804,13.415968,-15.581010,13.415968,-13.402312,13.415968,-18.631260,13.415968,-17.063106,13.415968,-18.835426,13.415968,-20.877536
13.426987,-4.157617,13.426987,-10.133558,13.426987,-12.125538,13.426987,-15.367804,13.426987,-15.563054,13.426987,-13.386419,13.426987,-18.567687,13.426987,-17.056042,13.426987,-18.808310,13.426987,-20.842217
13.438007,-4.136426,13.438007,-10.133558,13.438007,-12.104347,13.438007,-15.346612,13.438007,-15.545099,13.438007,-13.370526,13.438007,-18.504113,13.438007,-17.041915,13.438007,-18.781194,13.438007,-20.824558
13.449026,-4.136426,13.449026,-10.133558,13.449026,-12.083155,13.449026,-15.325421,13.449026,-15.527143,13.449026,-13.354632,13.449026,-18.482922,13.449026,-16.992468,13.449026,-18.754079,13.449026,-20.806898
13.460045,-4.136426,13.460045,-10.128260,13.460045,-12.083155,13.460045,-15.304230,13.460045,-15.509187,13.460045,-13.301654,13.460045,-18.398156,13.460045,-16.935958,13.460045,-18.726963,13.460045,-20.792771
13.471064,-4.136426,13.471064,-10.122962,13.471064,-12.061964,13.471064,-15.283038,13.471064,-15.491231,13.471064,-13.248676,13.471064,-18.376965,13.471064,-16.914767,13.471064,-18.699847,13.471064,-20.750388
13.482084,-4.094043,13.482084,-10.117664,13.482084,-12.061964,13.482084,-15.261847,13.482084,-15.473275,13.482084,-13.206293,13.482084,-18.376965,13.482084,-16.851193,13.482084,-18.672732,13.482084,-20.750388
13.493103,-4.094043,13.493103,-10.112366,13.493103,-12.061964,13.493103,-15.261847,13.493103,-15.455319,13.493103,-13.163911,13.493103,-18.376965,13.493103,-16.868146,13.493103,-18.645616,13.493103,-20.729197
13.504122,-4.094043,13.504122,-10.107069,13.504122,-12.061964,13.504122,-15.283038,13.504122,-15.437363,13.504122,-13.121528,13.504122,-18.334583,13.504122,-16.774904,13.504122,-18.618500,13.504122,-20.644432
13.515141,-4.115235,13.515141,-10.101771,13.515141,-12.040773,13.515141,-15.251252,13.515141,-15.419407,13.515141,-13.079145,13.515141,-18.292200,13.515141,-16.766428,13.515141,-18.591384,13.515141,-20.623241
13.526161,-4.115235,13.526161,-10.096473,13.526161,-12.040773,13.526161,-15.219465,13.526161,-15.401451,13.526161,-13.036763,13.526161,-18.271009,13.526161,-16.695790,13.526161,-18.564269,13.526161,-20.607347
13.537180,-4.115235,13.537180,-10.091175,13.537180,-11.998390,13.537180,-15.177082,13.537180,-15.383495,13.537180,-12.995496,13.537180,-18.165052,13.537180,-16.702854,13.537180,-18.537153,13.537180,-20.591454
13.548199,-4.094043,13.548199,-10.091175,13.548199,-11.984263,13.548199,-15.155891,13.548199,-15.365539,13.548199,-12.954228,13.548199,-18.165052,13.548199,-16.632217,13.548199,-18.510037,13.548199,-20.521523
13.559219,-4.094043,13.559219,-10.091175,13.559219,-11.970135,13.559219,-15.134699,13.559219,-15.347583,13.559219,-12.912961,13.559219,-18.143861,13.559219,-16.561579,13.559219,-18.482922,13.559219,-20.517284
13.570238,-4.094043,13.570238,-10.091175,13.570238,-11.956008,13.570238,-15.113508,13.570238,-15.329627,13.570238,-12.871694,13.570238,-18.080287,13.570238,-16.512133,13.570238,-18.461730,13.570238,-20.411328
13.581257,-4.094043,13.581257,-10.091175,13.581257,-11.956008,13.581257,-15.113508,13.581257,-15.311671,13.581257,-12.830427,13.581257,-18.059096,13.581257,-16.490941,13.581257,-18.419348,13.581257,-20.390137
13.592276,-4.051661,13.592276,-10.091175,13.592276,-11.956008,13.592276,-15.113508,13.592276,-15.293715,13.592276,-12.789160,13.592276,-18.037905,13.592276,-16.457641,13.592276,-18.376965,13.592276,-20.368945
13.603296,-4.072852,13.603296,-10.091175,13.603296,-11.956008,13.603296,-15.113508,13.603296,-15.275759,13.603296,-12.747892,13.603296,-18.037905,13.603296,-16.368335,13.603296,-18.355774,13.603296,-20.305371
13.614315,-4.072852,13.614315,-10.091175,13.614315,-11.913625,13.614315,-15.092317,13.614315,-15.257803,13.614315,-12.706625,13.614315,-17.974331,13.614315,-16.279029,13.614315,-18.318282,13.614315,-20.259962
13.625334,-4.072852,13.625334,-10.091175,13.625334,-11.850051,13.625334,-15.071126,13.625334,-15.239847,13.625334,-12.665358,13.625334,-17.974331,13.625334,-16.257837,13.625334,-18.280789,13.625334,-20.278126
13.636353,-4.072852,13.636353,-10.091175,13.636353,-11.864179,13.636353,-15.071126,13.636353,-15.221891,13.636353,-12.624091,13.636353,-17.951893,13.636353,-16.228169,13.636353,-18.243297,13.636353,-20.275704
13.647373,-4.072852,13.647373,-10.091175,13.647373,-11.864179,13.647373,-15.049934,13.647373,-15.203935,13.647373,-12.582823,13.647373,-17.929455,13.647373,-16.198502,13.647373,-18.205805,13.647373,-20.185288
13.658392,-4.072852,13.658392,-10.091175,13.658392,-11.864179,13.658392,-14.986361,13.658392,-15.185979,13.658392,-12.541556,13.658392,-17.907017,13.658392,-16.194263,13.658392,-18.168313,13.658392,-20.140080
13.669411,-4.072852,13.669411,-10.091175,13.669411,-11.828860,13.669411,-14.986361,13.669411,-15.168023,13.669411,-12.500289,13.669411,-17.884580,13.669411,-16.151881,13.669411,-18.130820,13.669411,-20.093459
13.680430,-4.072852,13.680430,-10.091175,13.680430,-11.807669,13.680430,-15.016634,13.680430,-15.150067,13.680430,-12.459022,13.680430,-17.862142,13.680430,-16.109498,13.680430,-18.093328,13.680430,-20.058140
13.691450,-4.072852,13.691450,-10.091175,13.691450,-11.786477,13.691450,-15.016634,13.691450,-15.132111,13.691450,-12.417754,13.691450,-17.839704,13.691450,-16.077711,13.691450,-18.055836,13.691450,-20.029885
13.702469,-4.072852,13.702469,-10.091175,13.702469,-11.786477,13.702469,-14.968197,13.702469,-15.114155,13.702469,-12.376487,13.702469,-17.817266,13.702469,-16.045924,13.702469,-18.018343,13.702469,-20.008694
13.713488,-4.072852,13.713488,-10.091175,13.713488,-11.765286,13.713488,-14.968197,13.713488,-15.096199,13.713488,-12.335220,13.713488,-17.794828,13.713488,-15.961159,13.713488,-17.980851,13.713488,-19.923928
13.724508,-4.072852,13.724508,-10.091175,13.724508,-11.744095,13.724508,-14.943978,13.724508,-15.078243,13.724508,-12.293953,13.724508,-17.772390,13.724508,-15.897586,13.724508,-17.943359,13.724508,-19.902737
13.735527,-4.072852,13.735527,-10.091175,13.735527,-11.722904,13.735527,-14.901595,13.735527,-15.060287,13.735527,-12.252686,13.735527,-17.749953,13.735527,-15.901824,13.735527,-17.905867,13.735527,-19.870950
13.746546,-4.072852,13.746546,-10.091175,13.746546,-11.744095,13.746546,-14.880404,13.746546,-15.042331,13.746546,-12.217367,13.746546,-17.727515,13.746546,-15.855203,13.746546,-17.868374,13.746546,-19.839163
13.757565,-4.072852,13.757565,-10.091175,13.757565,-11.659330,13.757565,-14.859213,13.757565,-15.024375,13.757565,-12.132602,13.757565,-17.705077,13.757565,-15.834012,13.757565,-17.830882,13.757565,-19.807376
13.768585,-4.072852,13.768585,-10.091175,13.768585,-11.645202,13.768585,-14.816830,13.768585,-15.006419,13.768585,-12.104347,13.768585,-17.682639,13.768585,-15.770438,13.768585,-17.793390,13.768585,-19.775590
13.779604,-4.072852,13.779604,-10.091175,13.779604,-11.631075,13.779604,-14.816830,13.779604,-14.988463,13.779604,-12.090219,13.779604,-17.660201,13.779604,-15.728055,13.779604,-17.755898,13.779604,-19.761462
13.790623,-4.072852,13.790623,-10.091175,13.790623,-11.616947,13.790623,-14.816830,13.790623,-14.970508,13.790623,-12.076092,13.790623,-17.637763,13.790623,-15.622099,13.790623,-17.718405,13.790623,-19.747334
13.801642,-4.072852,13.801642,-10.091175,13.801642,-11.616947,13.801642,-14.816830,13.801642,-14.952552,13.801642,-12.061964,13.801642,-17.615326,13.801642,-15.600908,13.801642,-17.680913,13.801642,-19.716254
13.812662,-4.094043,13.812662,-10.091175,13.812662,-11.609640,13.812662,-14.774448,13.812662,-14.934596,13.812662,-12.047837,13.812662,-17.592888,13.812662,-15.600908,13.812662,-17.643421,13.812662,-19.676697
13.823681,-4.094043,13.823681,-10.091175,13.823681,-11.602333,13.823681,-14.774448,13.823681,-14.916640,13.823681,-11.977199,13.823681,-17.570450,13.823681,-15.600908,13.823681,-17.605929,13.823681,-19.648442
13.834700,-4.094043,13.834700,-10.091175,13.834700,-11.595025,13.834700,-14.753256,13.834700,-14.898684,13.834700,-11.956008,13.834700,-17.548012,13.834700,-15.516143,13.834700,-17.568436,13.834700,-19.606059
13.845719,-4.094043,13.845719,-10.069984,13.845719,-11.587718,13.845719,-14.753256,13.845719,-14.880728,13.845719,-11.956008,13.845719,-17.525574,13.845719,-15.473760,13.845719,-17.530944,13.845719,-19.563677
13.856739,-4.094043,13.856739,-10.048793,13.856739,-11.580411,13.856739,-14.732065,13.856739,-14.862772,13.856739,-11.892434,13.856739,-17.503137,13.856739,-15.452569,13.856739,-17.493452,13.856739,-19.542485
13.867758,-4.094043,13.867758,-10.048793,13.867758,-11.573103,13.867758,-14.689683,13.867758,-14.844816,13.867758,-11.807669,13.867758,-17.480699,13.867758,-15.367804,13.867758,-17.455960,13.867758,-19.450657
13.878777,-4.094043,13.878777,-10.048793,13.878777,-11.565796,13.878777,-14.668491,13.878777,-14.826860,13.878777,-11.786477,13.878777,-17.458261,13.878777,-15.367804,13.878777,-17.418467,13.878777,-19.457720
13.889797,-4.094043,13.889797,-10.048793,13.889797,-11.558489,13.889797,-14.647300,13.889797,-14.808904,13.889797,-11.786477,13.889797,-17.435823,13.889797,-15.346612,13.889797,-17.380975,13.889797,-19.404742
13.900816,-4.094043,13.900816,-10.048793,13.900816,-11.551181,13.900816,-14.604918,13.900816,-14.790948,13.900816,-11.737031,13.900816,-17.413385,13.900816,-15.304230,13.900816,-17.338592,13.900816,-19.365891
13.911835,-4.094043,13.911835,-10.048793,13.911835,-11.543874,13.911835,-14.583726,13.911835,-14.772992,13.911835,-11.616947,13.911835,-17.390947,13.911835,-15.261847,13.911835,-17.345656,13.911835,-19.330573
13.922854,-4.094043,13.922854,-10.048793,13.922854,-11.536566,13.922854,-14.583726,13.922854,-14.755036,13.922854,-11.583041,13.922854,-17.368510,13.922854,-15.230060,13.922854,-17.331529,13.922854,-19.309381
13.933874,-4.094043,13.933874,-10.048793,13.933874,-11.529259,13.933874,-14.583726,13.933874,-14.737080,13.933874,-11.549135,13.933874,-17.346072,13.933874,-15.189797,13.933874,-17.317401,13.933874,-19.309381
13.944893,-4.072852,13.944893,-10.048793,13.944893,-11.521952,13.944893,-14.583726,13.944893,-14.719124,13.944893,-11.515229,13.944893,-17.323634,13.944893,-15.134699,13.944893,-17.306806,13.944893,-19.288190
13.955912,-4.072852,13.955912,-10.048793,13.955912,-11.514644,13.955912,-14.524862,13.955912,-14.701168,13.955912,-11.481323,13.955912,-17.301196,13.955912,-15.124104,13.955912,-17.296210,13.955912,-19.224616
13.966931,-4.072852,13.966931,-10.048793,13.966931,-11.507337,13.966931,-14.541344,13.966931,-14.683212,13.966931,-11.447417,13.966931,-17.278758,13.966931,-15.113508,13.966931,-17.275019,13.966931,-19.210489
13.977951,-4.072852,13.977951,-10.048793,13.977951,-11.500030,13.977951,-14.498961,13.977951,-14.665256,13.977951,-11.413511,13.977951,-17.256320,13.977951,-15.092317,13.977951,-17.232636,13.977951,-19.210489
13.988970,-4.072852,13.988970,-10.048793,13.988970,-11.492722,13.988970,-14.456579,13.988970,-14.647300,13.988970,-11.379605,13.988970,-17.233883,13.988970,-15.014616,13.988970,-17.211445,13.988970,-19.161042
13.999989,-4.072852,13.999989,-10.048793,13.999989,-11.485415,13.999989,-14.414196,13.999989,-14.626109,13.999989,-11.345699,13.999989,-17.211445,13.999989,-14.972233,13.999989,-17.169062,13.999989,-19.097469
14.011009,-4.072852,14.011009,-10.048793,14.011009,-11.478108,14.011009,-14.393005,14.011009,-14.604918,14.011009,-11.311793,14.011009,-17.189007,14.011009,-14.965169,14.011009,-17.126680,14.011009,-19.083341
14.022028,-4.072852,14.022028,-10.048793,14.022028,-11.470800,14.022028,-14.393005,14.022028,-14.583726,14.022028,-11.277887,14.022028,-17.166569,14.022028,-14.901595,14.022028,-17.105488,14.022028,-19.069214
14.033047,-4.072852,14.033047,-10.048793,14.033047,-11.463493,14.033047,-14.359099,14.033047,-14.506025,14.033047,-11.243981,14.033047,-17.144131,14.033047,-14.880404,14.033047,-17.041915,14.033047,-19.055086
14.044066,-4.072852,14.044066,-10.048793,14.044066,-11.456186,14.044066,-14.329431,14.044066,-14.477770,14.044066,-11.210075,14.044066,-17.121694,14.044066,-14.816830,14.044066,-17.006596,14.044066,-19.012703
14.055086,-4.072852,14.055086,-10.048793,14.055086,-11.448878,14.055086,-14.308240,14.055086,-14.456579,14.055086,-11.176169,14.055086,-17.099256,14.055086,-14.774448,14.055086,-16.992468,14.055086,-18.913811
14.066105,-4.072852,14.066105,-10.048793,14.066105,-11.441571,14.066105,-14.244666,14.066105,-14.371813,14.066105,-11.142263,14.066105,-17.076818,14.066105,-14.765971,14.066105,-16.954501,14.066105,-18.906747
14.077124,-4.072852,14.077124,-10.048793,14.077124,-11.434264,14.077124,-14.244666,14.077124,-14.329431,14.077124,-11.108357,14.077124,-17.054380,14.077124,-14.774448,14.077124,-16.916533,14.077124,-18.885556
14.088143,-4.072852,14.088143,-10.048793,14.088143,-11.426956,14.088143,-14.241134,14.088143,-14.287048,14.088143,-11.074450,14.088143,-17.031942,14.088143,-14.689683,14.088143,-16.878565,14.088143,-18.843173
14.099163,-4.072852,14.099163,-10.048793,14.099163,-11.419649,14.099163,-14.237602,14.099163,-14.244666,14.099163,-11.040544,14.099163,-17.009504,14.099163,-14.647300,14.099163,-16.840597,14.099163,-18.857301
14.110182,-4.072852,14.110182,-10.048793,14.110182,-11.412342,14.110182,-14.234070,14.110182,-14.242435,14.110182,-11.006638,14.110182,-16.987067,14.110182,-14.626109,14.110182,-16.802630,14.110182,-18.834697
14.121201,-4.094043,14.121201,-10.048793,14.121201,-11.405034,14.121201,-14.230538,14.121201,-14.240204,14.121201,-10.972732,14.121201,-16.964629,14.121201,-14.562535,14.121201,-16.764662,14.121201,-18.800791
14.132220,-4.094043,14.132220,-10.048793,14.132220,-11.405034,14.132220,-14.227006,14.132220,-14.237974,14.132220,-10.938826,14.132220,-16.942191,14.132220,-14.520152,14.132220,-16.726694,14.132220,-18.737217
14.143240,-4.094043,14.143240,-10.027601,14.143240,-11.369716,14.143240,-14.223474,14.143240,-14.235743,14.143240,-10.904920,14.143240,-16.919753,14.143240,-14.498961,14.143240,-16.688727,14.143240,-18.673643
14.154259,-4.094043,14.154259,-10.006410,14.154259,-11.334397,14.154259,-14.219943,14.154259,-14.233512,14.154259,-10.871014,14.154259,-16.897315,14.154259,-14.456579,14.154259,-16.650759,14.154259,-18.684239
14.165278,-4.072852,14.165278,-9.999346,14.165278,-11.299078,14.165278,-14.216411,14.165278,-14.231282,14.165278,-10.837108,14.165278,-16.874877,14.165278,-14.414196,14.165278,-16.612791,14.165278,-18.694834
14.176298,-4.072852,14.176298,-9.999346,14.176298,-11.320269,14.176298,-14.212879,14.176298,-14.229051,14.176298,-10.803202,14.176298,-16.852440,14.176298,-14.350622,14.176298,-16.574823,14.176298,-18.610069
14.187317,-4.072852,14.187317,-9.999346,14.187317,-11.320269,14.187317,-14.209347,14.187317,-14.226820,14.187317,-10.769296,14.187317,-16.830002,14.187317,-14.308240,14.187317,-16.536856,14.187317,-18.571925
14.198336,-4.072852,14.198336,-9.999346,14.198336,-11.309674,14.198336,-14.205815,14.198336,-14.224590,14.198336,-10.735390,14.198336,-16.787619,14.198336,-14.287048,14.198336,-16.498888,14.198336,-18.532368
14.209355,-4.072852,14.209355,-9.964027,14.209355,-11.299078,14.209355,-14.202283,14.209355,-14.222359,14.209355,-10.701484,14.209355,-16.755832,14.209355,-14.223474,14.209355,-16.460920,14.209355,-18.535900
14.220375,-4.072852,14.220375,-9.942836,14.220375,-11.277887,14.220375,-14.198751,14.220375,-14.220129,14.220375,-10.667578,14.220375,-16.724045,14.220375,-14.172615,14.220375,-16.422953,14.220375,-18.461730
14.231394,-4.072852,14.231394,-9.942836,14.231394,-11.277887,14.231394,-14.195219,14.231394,-14.217898,14.231394,-10.633672,14.231394,-16.681663,14.231394,-14.138709,14.231394,-16.384985,14.231394,-18.398156
14.242413,-4.072852,14.242413,-9.942836,14.242413,-11.256695,14.242413,-14.191688,14.242413,-14.215667,14.242413,-10.599766,14.242413,-16.660472,14.242413,-14.117518,14.242413,-16.347017,14.242413,-18.355774
14.253432,-4.072852,14.253432,-9.921645,14.253432,-11.256695,14.253432,-14.188156,14.253432,-14.213437,14.253432,-10.585638,14.253432,-16.596898,14.253432,-14.045468,14.253432,-16.309050,14.253432,-18.376965
14.264452,-4.072852,14.264452,-9.921645,14.264452,-11.256695,14.264452,-14.184624,14.264452,-14.211206,14.264452,-10.544669,14.264452,-16.596898,14.264452,-14.011562,14.264452,-16.271082,14.264452,-18.355774
14.275471,-4.072852,14.275471,-9.900454,14.275471,-11.235504,14.275471,-14.181092,14.275471,-14.208975,14.275471,-10.515001,14.275471,-16.533324,14.275471,-14.011562,14.275471,-16.233114,14.275471,-18.334583
14.286490,-4.072852,14.286490,-9.921645,14.286490,-11.235504,14.286490,-14.177560,14.286490,-14.206745,14.286490,-10.472618,14.286490,-16.512133,14.286490,-13.918320,14.286490,-16.195146,14.286490,-18.263945
14.297509,-4.072852,14.297509,-9.921645,14.297509,-11.203717,14.297509,-14.174028,14.297509,-14.204514,14.297509,-10.472618,14.297509,-16.469750,14.297509,-13.901367,14.297509,-16.157179,14.297509,-18.241341
14.308529,-4.072852,14.308529,-9.921645,14.308529,-11.193122,14.308529,-14.170496,14.308529,-14.202283,14.308529,-10.387853,14.308529,-16.427367,14.308529,-13.884414,14.308529,-16.119211,14.308529,-18.207435
14.319548,-4.072852,14.319548,-9.942836,14.319548,-11.193122,14.319548,-14.166964,14.319548,-14.159901,14.319548,-10.303088,14.319548,-16.384985,14.319548,-13.863223,14.319548,-16.081243,14.319548,-18.122670
14.330567,-4.094043,14.330567,-9.921645,14.330567,-11.193122,14.330567,-14.163433,14.330567,-14.133412,14.330567,-10.281897,14.330567,-16.363794,14.330567,-13.820840,14.330567,-16.043276,14.330567,-18.101479
14.341587,-4.094043,14.341587,-9.921645,14.341587,-11.193122,14.341587,-14.159901,14.341587,-14.106922,14.341587,-10.260705,14.341587,-16.342602,14.341587,-13.757266,14.341587,-16.005308,14.341587,-18.094415
14.352606,-4.115235,14.352606,-9.920585,14.352606,-11.193122,14.352606,-14.159901,14.352606,-14.080433,14.352606,-10.218323,14.352606,-16.266314,14.352606,-13.714884,14.352606,-15.967340,14.352606,-18.063334
14.363625,-4.115235,14.363625,-9.919526,14.363625,-11.193122,14.363625,-14.131646,14.363625,-14.053944,14.363625,-10.197132,14.363625,-16.215455,14.363625,-13.672501,14.363625,-15.929372,14.363625,-17.995522
14.374644,-4.115235,14.374644,-9.918466,14.374644,-11.186058,14.374644,-14.103391,14.374644,-14.011562,14.374644,-10.175940,14.374644,-16.173072,14.374644,-13.608927,14.374644,-15.891405,14.374644,-17.978569
14.385664,-4.094043,14.385664,-9.917407,14.385664,-11.129548,14.385664,-14.075136,14.385664,-14.001589,14.385664,-10.154749,14.385664,-16.151881,14.385664,-13.587736,14.385664,-15.853437,14.385664,-17.963735
14.396683,-4.094043,14.396683,-9.916347,14.396683,-11.129548,14.396683,-14.075136,14.396683,-13.991617,14.396683,-10.069984,14.396683,-16.067116,14.396683,-13.566545,14.396683,-15.815469,14.396683,-17.868374
14.407702,-4.094043,14.407702,-9.915288,14.407702,-11.129548,14.407702,-14.032753,14.407702,-13.981645,14.407702,-10.048793,14.407702,-16.067116,14.407702,-13.502971,14.407702,-15.777502,14.407702,-17.809039
14.418721,-4.115235,14.418721,-9.914228,14.418721,-11.108357,14.418721,-13.947988,14.418721,-13.971672,14.418721,-9.964027,14.418721,-16.045924,14.418721,-13.494495,14.418721,-15.735119,14.418721,-17.809039
14.429741,-4.115235,14.429741,-9.913168,14.429741,-11.087165,14.429741,-13.947988,14.429741,-13.961700,14.429741,-9.928709,14.429741,-16.045924,14.429741,-13.443635,14.429741,-15.692736,14.429741,-17.769482
14.440760,-4.115235,14.440760,-9.912109,14.440760,-11.108357,14.440760,-13.926797,14.440760,-13.951728,14.440760,-9.900454,14.440760,-16.024733,14.440760,-13.439397,14.440760,-15.706864,14.440760,-17.720035
14.451779,-4.115235,14.451779,-9.911049,14.451779,-11.108357,14.451779,-13.926797,14.451779,-13.941755,14.451779,-9.879262,14.451779,-16.003542,14.451779,-13.397015,14.451779,-15.685673,14.451779,-17.720035
14.462799,-4.115235,14.462799,-9.909990,14.462799,-11.094229,14.462799,-13.926797,14.462799,-13.931783,14.462799,-9.858071,14.462799,-16.003542,14.462799,-13.354632,14.462799,-15.643290,14.462799,-17.741227
14.473818,-4.136426,14.473818,-9.908930,14.473818,-11.080101,14.473818,-13.870287,14.473818,-13.921810,14.473818,-9.858071,14.473818,-15.982351,14.473818,-13.333441,14.473818,-15.579716,14.473818,-17.681891
14.484837,-4.136426,14.484837,-9.907871,14.484837,-11.065974,14.484837,-13.877350,14.484837,-13.911838,14.484837,-9.815689,14.484837,-15.982351,14.484837,-13.322845,14.484837,-15.558525,14.484837,-17.647985
14.495856,-4.136426,14.495856,-9.906811,14.495856,-11.044783,14.495856,-13.884414,14.495856,-13.901866,14.495856,-9.773306,14.495856,-15.961159,14.495856,-13.312250,14.495856,-15.537334,14.495856,-17.656462
14.506876,-4.136426,14.506876,-9.905751,14.506876,-11.044783,14.506876,-13.842031,14.506876,-13.891893,14.506876,-9.730923,14.506876,-15.982351,14.506876,-13.248676,14.506876,-15.516143,14.506876,-17.592888
14.517895,-4.136426,14.517895,-9.904692,14.517895,-11.034187,14.517895,-13.842031,14.517895,-13.881921,14.517895,-9.730923,14.517895,-15.918777,14.517895,-13.206293,14.517895,-15.477292,14.517895,-17.508123
14.528914,-4.136426,14.528914,-9.903632,14.528914,-11.023591,14.528914,-13.820840,14.528914,-13.871949,14.528914,-9.674413,14.528914,-15.897586,14.528914,-13.185102,14.528914,-15.438441,14.528914,-17.486931
14.539933,-4.136426,14.539933,-9.902573,14.539933,-11.023591,14.539933,-13.799649,14.539933,-13.861976,14.539933,-9.617903,14.539933,-15.876394,14.539933,-13.121528,14.539933,-15.388995,14.539933,-17.497527
14.550953,-4.136426,14.550953,-9.901513,14.550953,-11.023591,14.550953,-13.778458,14.550953,-13.852004,14.550953,-9.582584,14.550953,-15.876394,14.550953,-13.057954,14.550953,-15.378399,14.550953,-17.423358
14.561972,-4.136426,14.561972,-9.900454,14.561972,-11.023591,14.561972,-13.799649,14.561972,-13.842031,14.561972,-9.582584,14.561972,-15.834012,14.561972,-13.015572,14.561972,-15.367804,14.561972,-17.386273
14.572991,-4.136426,14.572991,-9.900454,14.572991,-11.023591,14.572991,-13.778458,14.572991,-13.832059,14.572991,-9.540202,14.572991,-15.774676,14.572991,-12.985904,14.572991,-15.346612,14.572991,-17.349188
14.584010,-4.136426,14.584010,-9.836880,14.584010,-11.023591,14.584010,-13.757266,14.584010,-13.822087,14.584010,-9.497819,14.584010,-15.783153,14.584010,-12.951998,14.584010,-15.304230,14.584010,-17.338592
14.595030,-4.136426,14.595030,-9.836880,14.595030,-11.007698,14.595030,-13.736075,14.595030,-13.812114,14.595030,-9.455437,14.595030,-15.685673,14.595030,-12.888424,14.595030,-15.254783,14.595030,-17.317401
14.606049,-4.157617,14.606049,-9.836880,14.606049,-10.991804,14.606049,-13.736075,14.606049,-13.802142,14.606049,-9.413054,14.606049,-15.685673,14.606049,-12.838978,14.606049,-15.240656,14.606049,-17.338592
14.617068,-4.157617,14.617068,-9.836880,14.617068,-10.975911,14.617068,-13.736075,14.617068,-13.792170,14.617068,-9.370672,14.617068,-15.664481,14.617068,-12.803659,14.617068,-15.219465,14.617068,-17.296210
14.628088,-4.157617,14.628088,-9.836880,14.628088,-10.960018,14.628088,-13.736075,14.628088,-13.782197,14.628088,-9.328289,14.628088,-15.685673,14.628088,-12.782468,14.628088,-15.198273,14.628088,-17.275019
14.639107,-4.157617,14.639107,-9.836880,14.639107,-10.960018,14.639107,-13.707820,14.639107,-13.772225,14.639107,-9.285907,14.639107,-15.643290,14.639107,-12.750681,14.639107,-15.134699,14.639107,-17.222040
14.650126,-4.157617,14.650126,-9.836880,14.650126,-10.960018,14.650126,-13.693693,14.650126,-13.762253,14.650126,-9.285907,14.650126,-15.622099,14.650126,-12.761276,14.650126,-15.113508,14.650126,-17.232636
14.661145,-4.157617,14.661145,-9.836880,14.661145,-10.960018,14.661145,-13.672501,14.661145,-13.752280,14.661145,-9.243524,14.661145,-15.579716,14.661145,-12.676511,14.661145,-15.049934,14.661145,-17.169062
14.672165,-4.157617,14.672165,-9.836880,14.672165,-10.938826,14.672165,-13.651310,14.672165,-13.742308,14.672165,-9.222333,14.672165,-15.558525,14.672165,-12.629890,14.672165,-14.986361,14.672165,-17.105488
14.683184,-4.157617,14.683184,-9.836880,14.683184,-10.917635,14.683184,-13.672501,14.683184,-13.732335,14.683184,-9.179950,14.683184,-15.516143,14.683184,-12.570555,14.683184,-14.965169,14.683184,-17.071582
14.694203,-4.157617,14.694203,-9.794497,14.694203,-10.917635,14.694203,-13.651310,14.694203,-13.722363,14.694203,-9.201141,14.694203,-15.509079,14.694203,-12.549363,14.694203,-14.943978,14.694203,-17.029200
14.705222,-4.157617,14.705222,-9.794497,14.705222,-10.896444,14.705222,-13.651310,14.705222,-13.712391,14.705222,-9.116376,14.705222,-15.473760,14.705222,-12.464598,14.705222,-14.943978,14.705222,-16.978341
14.716242,-4.157617,14.716242,-9.773306,14.716242,-10.896444,14.716242,-13.651310,14.716242,-13.702418,14.716242,-9.111078,14.716242,-15.463164,14.716242,-12.443407,14.716242,-14.880404,14.716242,-16.978341
14.727261,-4.157617,14.727261,-9.752115,14.727261,-10.896444,14.727261,-13.651310,14.727261,-13.692446,14.727261,-9.105781,14.727261,-15.410186,14.727261,-12.464598,14.727261,-14.867689,14.727261,-16.946554
14.738280,-4.157617,14.738280,-9.752115,14.738280,-10.896444,14.738280,-13.651310,14.738280,-13.682474,14.738280,-9.073994,14.738280,-15.431377,14.738280,-12.422216,14.738280,-14.849324,14.738280,-16.935958
14.749299,-4.157617,14.749299,-9.752115,14.749299,-10.896444,14.749299,-13.651310,14.749299,-13.672501,14.749299,-9.073994,14.749299,-15.410186,14.749299,-12.370751,14.749299,-14.830958,14.749299,-16.879448
14.760319,-4.200000,14.760319,-9.773306,14.760319,-10.896444,14.760319,-13.651310,14.760319,-13.662529,14.760319,-9.042207,14.760319,-15.388995,14.760319,-12.351578,14.760319,-14.795639,14.760319,-16.851193
14.771338,-4.200000,14.771338,-9.773306,14.771338,-10.896444,14.771338,-13.630119,14.771338,-13.652557,14.771338,-9.010420,14.771338,-15.346612,14.771338,-12.231494,14.771338,-14.788575,14.771338,-16.830002
14.782357,-4.200000,14.782357,-9.773306,14.782357,-10.896444,14.782357,-13.608927,14.782357,-13.642584,14.782357,-8.969607,14.782357,-15.325421,14.782357,-12.210303,14.782357,-14.689683,14.782357,-16.803513
14.793377,-4.200000,14.793377,-9.773306,14.793377,-10.896444,14.793377,-13.608927,14.793377,-13.632612,14.793377,-8.928794,14.793377,-15.314825,14.793377,-12.157325,14.793377,-14.668491,14.793377,-16.777024
14.804396,-4.221191,14.804396,-9.730923,14.804396,-10.875252,14.804396,-13.587736,14.804396,-13.622639,14.804396,-8.887981,14.804396,-15.304230,14.804396,-12.125538,14.804396,-14.604918,14.804396,-16.745237
14.815415,-4.242382,14.815415,-9.730923,14.815415,-10.875252,14.815415,-13.587736,14.815415,-13.612667,14.815415,-8.847169,14.815415,-15.261847,14.815415,-12.083155,14.815415,-14.548407,14.815415,-16.664710
14.826434,-4.242382,14.826434,-9.730923,14.826434,-10.875252,14.826434,-13.587736,14.826434,-13.602695,14.826434,-8.806356,14.826434,-15.261847,14.826434,-12.061964,14.826434,-14.498961,14.826434,-16.647757
14.837454,-4.242382,14.837454,-9.730923,14.837454,-10.832870,14.837454,-13.587736,14.837454,-13.592722,14.837454,-8.765543,14.837454,-15.240656,14.837454,-12.040773,14.837454,-14.477770,14.837454,-16.630804
14.848473,-4.242382,14.848473,-9.730923,14.848473,-10.832870,14.848473,-13.545354,14.848473,-13.582750,14.848473,-8.724730,14.848473,-15.155891,14.848473,-11.998390,14.848473,-14.477770,14.848473,-16.596898
14.859492,-4.284765,14.859492,-9.730923,14.859492,-10.832870,14.859492,-13.545354,14.859492,-13.572778,14.859492,-8.683917,14.859492,-15.127636,14.859492,-11.963071,14.859492,-14.382409,14.859492,-16.582770
14.870511,-4.242382,14.870511,-9.752115,14.870511,-10.832870,14.870511,-13.524162,14.870511,-13.562805,14.870511,-8.643104,14.870511,-15.092317,14.870511,-11.850051,14.870511,-14.371813,14.870511,-16.503656
14.881531,-4.252978,14.881531,-9.752115,14.881531,-10.832870,14.881531,-13.524162,14.881531,-13.552833,14.881531,-8.607786,14.881531,-15.092317,14.881531,-11.828860,14.881531,-14.276453,14.881531,-16.469750
14.892550,-4.263573,14.892550,-9.730923,14.892550,-10.832870,14.892550,-13.524162,14.892550,-13.542860,14.892550,-8.586594,14.892550,-15.071126,14.892550,-11.800605,14.892550,-14.244666,14.892550,-16.433422
14.903569,-4.274169,14.903569,-9.730923,14.903569,-10.832870,14.903569,-13.502971,14.903569,-13.532888,14.903569,-8.523021,14.903569,-15.049934,14.903569,-11.807669,14.903569,-14.191688,14.903569,-16.413240
14.914588,-4.284765,14.914588,-9.730923,14.914588,-10.832870,14.914588,-13.481780,14.914588,-13.522916,14.914588,-8.491234,14.914588,-15.049934,14.914588,-11.765286,14.914588,-14.181092,14.914588,-16.384985
14.925608,-4.284765,14.925608,-9.730923,14.925608,-10.832870,14.925608,-13.481780,14.925608,-13.512943,14.925608,-8.459447,14.925608,-14.965169,14.925608,-11.722904,14.925608,-14.124582,14.925608,-16.321411
14.936627,-4.284765,14.936627,-9.730923,14.936627,-10.826815,14.936627,-13.481780,14.936627,-13.502971,14.936627,-8.445319,14.936627,-14.958105,14.936627,-11.688998,14.936627,-14.117518,14.936627,-16.289624
14.947646,-4.284765,14.947646,-9.709732,14.947646,-10.820761,14.947646,-13.481780,14.947646,-13.492999,14.947646,-8.401171,14.947646,-14.922787,14.947646,-11.688998,14.947646,-14.071604,14.947646,-16.257837
14.958666,-4.284765,14.958666,-9.709732,14.958666,-10.814706,14.958666,-13.481780,14.958666,-13.483026,14.958666,-8.357022,14.958666,-14.901595,14.958666,-11.616947,14.958666,-14.025689,14.958666,-16.187200
14.969685,-4.284765,14.969685,-9.709732,14.969685,-10.808651,14.969685,-13.460588,14.969685,-13.473054,14.969685,-8.312874,14.969685,-14.891000,14.969685,-11.553373,14.969685,-13.990370,14.969685,-16.162477
14.980704,-4.284765,14.980704,-9.709732,14.980704,-10.802597,14.980704,-13.460588,14.980704,-13.463082,14.980704,-8.268725,14.980704,-14.838022,14.980704,-11.553373,14.980704,-13.969179,14.980704,-16.151881
14.991723,-4.305956,14.991723,-9.709732,14.991723,-10.796542,14.991723,-13.460588,14.991723,-13.453109,14.991723,-8.268725,14.991723,-14.838022,14.991723,-11.532182,14.991723,-13.947988,14.991723,-16.151881
15.002743,-4.305956,15.002743,-9.709732,15.002743,-10.790487,15.002743,-13.418206,15.002743,-13.443137,15.002743,-8.247534,15.002743,-14.827426,15.002743,-11.489800,15.002743,-13.926797,15.002743,-16.116562
15.013762,-4.327147,15.013762,-9.709732,15.013762,-10.790487,15.013762,-13.375823,15.013762,-13.433164,15.013762,-8.226343,15.013762,-14.838022,15.013762,-11.468608,15.013762,-13.905605,15.013762,-16.035329
15.024781,-4.327147,15.024781,-9.709732,15.024781,-10.769296,15.024781,-13.397015,15.024781,-13.423192,15.024781,-8.162769,15.024781,-14.795639,15.024781,-11.405034,15.024781,-13.898542,15.024781,-16.045924
15.035800,-4.348339,15.035800,-9.709732,15.035800,-10.769296,15.035800,-13.397015,15.035800,-13.413220,15.035800,-8.162769,15.035800,-14.742661,15.035800,-11.383843,15.035800,-13.863223,15.035800,-15.992946
15.046820,-4.327147,15.046820,-9.709732,15.046820,-10.763998,15.046820,-13.354632,15.046820,-13.403247,15.046820,-8.148641,15.046820,-14.710874,15.046820,-11.341461,15.046820,-13.806713,15.046820,-15.939968
15.057839,-4.348339,15.057839,-9.709732,15.057839,-10.758700,15.057839,-13.319313,15.057839,-13.393275,15.057839,-8.141577,15.057839,-14.668491,15.057839,-11.299078,15.057839,-13.750203,15.057839,-15.908181
15.068858,-4.348339,15.068858,-9.709732,15.068858,-10.753403,15.068858,-13.333441,15.068858,-13.383303,15.068858,-8.067408,15.068858,-14.668491,15.068858,-11.256695,15.068858,-13.693693,15.068858,-15.876394
15.079878,-4.348339,15.079878,-9.709732,15.079878,-10.748105,15.079878,-13.291058,15.079878,-13.373330,15.079878,-7.993239,15.079878,-14.583726,15.079878,-11.171930,15.079878,-13.637182,15.079878,-15.855203
15.090897,-4.348339,15.090897,-9.709732,15.090897,-10.705722,15.090897,-13.269867,15.090897,-13.363358,15.090897,-7.919069,15.090897,-14.554058,15.090897,-11.150739,15.090897,-13.580672,15.090897,-15.844607
15.101916,-4.348339,15.101916,-9.709732,15.101916,-10.705722,15.101916,-13.274853,15.101916,-13.353386,15.101916,-7.844900,15.101916,-14.562535,15.101916,-11.154977,15.101916,-13.524162,15.101916,-15.834012
15.112935,-4.369530,15.112935,-9.709732,15.112935,-10.705722,15.112935,-13.279839,15.112935,-13.343413,15.112935,-7.844900,15.112935,-14.498961,15.112935,-11.097761,15.112935,-13.524162,15.112935,-15.770438
15.123955,-4.369530,15.123955,-9.688541,15.123955,-10.726914,15.123955,-13.284826,15.123955,-13.333441,15.123955,-7.866091,15.123955,-14.477770,15.123955,-11.044783,15.123955,-13.474716,15.123955,-15.791629
15.134974,-4.369530,15.134974,-9.688541,15.134974,-10.684531,15.134974,-13.289812,15.134974,-13.323468,15.134974,-7.844900,15.134974,-14.456579,15.134974,-11.036306,15.134974,-13.460588,15.134974,-15.749247
15.145993,-4.369530,15.145993,-9.667350,15.145993,-10.663340,15.145993,-13.294798,15.145993,-13.313496,15.145993,-7.823708,15.145993,-14.456579,15.145993,-10.981209,15.145993,-13.418206,15.145993,-15.728055
15.157012,-4.369530,15.157012,-9.667350,15.157012,-10.642148,15.157012,-13.299784,15.157012,-13.303524,15.157012,-7.790155,15.157012,-14.393005,15.157012,-10.917635,15.157012,-13.397015,15.157012,-15.664481
15.168032,-4.369530,15.168032,-9.667350,15.168032,-10.643473,15.168032,-13.304770,15.168032,-13.293551,15.168032,-7.756603,15.168032,-14.350622,15.168032,-10.875252,15.168032,-13.386419,15.168032,-15.622099
15.179051,-4.369530,15.179051,-9.667350,15.179051,-10.644797,15.179051,-13.309756,15.179051,-13.283579,15.179051,-7.723050,15.179051,-14.371813,15.179051,-10.875252,15.179051,-13.333441,15.179051,-15.600908
15.190070,-4.369530,15.190070,-9.667350,15.190070,-10.646122,15.190070,-13.314743,15.190070,-13.273607,15.190070,-7.689497,15.190070,-14.329431,15.190070,-10.832870,15.190070,-13.312250,15.190070,-15.596669
15.201089,-4.369530,15.201089,-9.667350,15.201089,-10.647446,15.201089,-13.319729,15.201089,-13.263634,15.201089,-7.655944,15.201089,-14.308240,15.201089,-10.811679,15.201089,-13.312250,15.201089,-15.537334
15.212109,-4.390721,15.212109,-9.667350,15.212109,-10.648771,15.212109,-13.324715,15.212109,-13.253662,15.212109,-7.622391,15.212109,-14.265857,15.212109,-10.748105,15.212109,-13.269867,15.212109,-15.505547
15.223128,-4.390721,15.223128,-9.646158,15.223128,-10.650095,15.223128,-13.329701,15.223128,-13.243689,15.223128,-7.588838,15.223128,-14.223474,15.223128,-10.705722,15.223128,-13.269867,15.223128,-15.505547
15.234147,-4.411912,15.234147,-9.646158,15.234147,-10.651420,15.234147,-13.334687,15.234147,-13.233717,15.234147,-7.555285,15.234147,-14.202283,15.234147,-10.663340,15.234147,-13.227484,15.234147,-15.452569
15.245167,-4.411912,15.245167,-9.646158,15.245167,-10.652744,15.245167,-13.339674,15.245167,-13.223745,15.245167,-7.521733,15.245167,-14.181092,15.245167,-10.599766,15.245167,-13.163911,15.245167,-15.431377
15.256186,-4.433104,15.256186,-9.624967,15.256186,-10.654068,15.256186,-13.344660,15.256186,-13.213772,15.256186,-7.488180,15.256186,-14.117518,15.256186,-10.557383,15.256186,-13.163911,15.256186,-15.388995
15.267205,-4.433104,15.267205,-9.624967,15.267205,-10.655393,15.267205,-13.349646,15.267205,-13.203800,15.267205,-7.454627,15.267205,-14.117518,15.267205,-10.509703,15.267205,-13.026167,15.267205,-15.339549
15.278224,-4.433104,15.278224,-9.624967,15.278224,-10.656717,15.278224,-13.354632,15.278224,-13.193828,15.278224,-7.421074,15.278224,-14.096327,15.278224,-10.493809,15.278224,-12.973189,15.278224,-15.325421
15.289244,-4.433104,15.289244,-9.624967,15.289244,-10.658042,15.289244,-13.333441,15.289244,-13.183855,15.289244,-7.399883,15.289244,-14.075136,15.289244,-10.459903,15.289244,-12.930806,15.289244,-15.304230
15.300263,-4.454295,15.300263,-9.624967,15.300263,-10.659366,15.300263,-13.333441,15.300263,-13.173883,15.300263,-7.371628,15.300263,-14.039817,15.300263,-10.324279,15.300263,-12.888424,15.300263,-15.283038
15.311282,-4.475486,15.311282,-9.624967,15.311282,-10.660691,15.311282,-13.333441,15.311282,-13.163911,15.311282,-7.357500,15.311282,-14.011562,15.311282,-10.292492,15.311282,-12.863701,15.311282,-15.261847
15.322301,-4.475486,15.322301,-9.624967,15.322301,-10.662015,15.322301,-13.354632,15.322301,-13.100337,15.322301,-7.315118,15.322301,-13.990370,15.322301,-10.281897,15.322301,-12.838978,15.322301,-15.240656
15.333321,-4.475486,15.333321,-9.624967,15.333321,-10.663340,15.333321,-13.354632,15.333321,-13.057954,15.333321,-7.272735,15.333321,-13.958584,15.333321,-10.260705,15.333321,-12.824850,15.333321,-15.181320
15.344340,-4.496678,15.344340,-9.624967,15.344340,-10.642148,15.344340,-13.354632,15.344340,-13.057954,15.344340,-7.219757,15.344340,-13.969179,15.344340,-10.260705,15.344340,-12.824850,15.344340,-15.189797
15.355359,-4.496678,15.355359,-9.624967,15.355359,-10.599766,15.355359,-13.291058,15.355359,-13.015572,15.355359,-7.193268,15.355359,-13.905605,15.355359,-10.165345,15.355359,-12.740085,15.355359,-15.155891
15.366378,-4.496678,15.366378,-9.624967,15.366378,-10.557383,15.366378,-13.146958,15.366378,-13.028021,15.366378,-7.166779,15.366378,-13.884414,15.366378,-10.165345,15.366378,-12.740085,15.366378,-15.113508
15.377398,-4.496678,15.377398,-9.624967,15.377398,-10.578575,15.377398,-13.121528,15.377398,-13.040471,15.377398,-7.166779,15.377398,-13.863223,15.377398,-10.122962,15.377398,-12.676511,15.377398,-15.071126
15.388417,-4.496678,15.388417,-9.624967,15.388417,-10.557383,15.388417,-13.121528,15.388417,-13.052921,15.388417,-7.124396,15.388417,-13.863223,15.388417,-10.129319,15.388417,-12.655320,15.388417,-15.028743
15.399436,-4.517869,15.399436,-9.621576,15.399436,-10.557383,15.399436,-13.121528,15.399436,-13.065371,15.399436,-7.039631,15.399436,-13.827904,15.399436,-10.091175,15.399436,-12.570555,15.399436,-14.996956
15.410456,-4.539060,15.410456,-9.618186,15.410456,-10.557383,15.410456,-13.142719,15.410456,-13.077821,15.410456,-7.018440,15.410456,-13.748790,15.410456,-9.999346,15.410456,-12.477313,15.410456,-15.007552
15.421475,-4.560251,15.421475,-9.614795,15.421475,-10.557383,15.421475,-13.142719,15.421475,-13.090271,15.421475,-7.018440,15.421475,-13.723360,15.421475,-10.006410,15.421475,-12.434931,15.421475,-14.943978
15.432494,-4.560251,15.432494,-9.611405,15.432494,-10.578575,15.432494,-13.142719,15.432494,-13.102721,15.432494,-6.997248,15.432494,-13.736075,15.432494,-9.942836,15.432494,-12.401025,15.432494,-14.893119
15.443513,-4.560251,15.443513,-9.608014,15.443513,-10.578575,15.443513,-13.100337,15.443513,-13.115171,15.443513,-6.997248,15.443513,-13.693693,15.443513,-9.930727,15.443513,-12.393961,15.443513,-14.880404
15.454533,-4.560251,15.454533,-9.604623,15.454533,-10.557383,15.454533,-13.100337,15.454533,-13.127620,15.454533,-6.912483,15.454533,-13.651310,15.454533,-9.858071,15.454533,-12.302132,15.454533,-14.808354
15.465552,-4.602634,15.465552,-9.601233,15.465552,-10.557383,15.465552,-13.079145,15.465552,-13.140070,15.465552,-6.901888,15.465552,-13.630119,15.465552,-9.858071,15.465552,-12.307783,15.465552,-14.816830
15.476571,-4.602634,15.476571,-9.597842,15.476571,-10.557383,15.476571,-13.079145,15.476571,-13.152520,15.476571,-6.891292,15.476571,-13.608927,15.476571,-9.836880,15.476571,-12.273877,15.476571,-14.816830
15.487590,-4.602634,15.487590,-9.594452,15.487590,-10.557383,15.487590,-13.079145,15.487590,-13.164970,15.487590,-6.848909,15.487590,-13.566545,15.487590,-9.730923,15.487590,-12.242090,15.487590,-14.774448
15.498610,-4.602634,15.498610,-9.591061,15.498610,-10.557383,15.498610,-13.057954,15.498610,-13.177420,15.498610,-6.827718,15.498610,-13.566545,15.498610,-9.709732,15.498610,-12.199707,15.498610,-14.732065
15.509629,-4.602634,15.509629,-9.587670,15.509629,-10.557383,15.509629,-13.057954,15.509629,-13.189870,15.509629,-6.820654,15.509629,-13.524162,15.509629,-9.688541,15.509629,-12.189112,15.509629,-14.749018
15.520648,-4.623825,15.520648,-9.584280,15.520648,-10.557383,15.520648,-13.036763,15.520648,-13.202320,15.520648,-6.792399,15.520648,-13.502971,15.520648,-9.654635,15.520648,-12.125538,15.520648,-14.710874
15.531668,-4.623825,15.531668,-9.580889,15.531668,-10.557383,15.531668,-12.994380,15.531668,-13.214770,15.531668,-6.721762,15.531668,-13.460588,15.531668,-9.561393,15.531668,-12.083155,15.531668,-14.626109
15.542687,-4.645017,15.542687,-9.577499,15.542687,-10.557383,15.542687,-12.973189,15.542687,-13.206293,15.542687,-6.629933,15.542687,-13.439397,15.542687,-9.540202,15.542687,-12.030177,15.542687,-14.583726
15.553706,-4.645017,15.553706,-9.574108,15.553706,-10.557383,15.553706,-12.973189,15.553706,-13.185102,15.553706,-6.588728,15.553706,-13.439397,15.553706,-9.535964,15.553706,-12.011105,15.553706,-14.583726
15.564725,-4.645017,15.564725,-9.570717,15.564725,-10.557383,15.564725,-12.951998,15.564725,-13.142719,15.564725,-6.547522,15.564725,-13.397015,15.564725,-9.519011,15.564725,-11.963071,15.564725,-14.514098
15.575745,-4.666208,15.575745,-9.567327,15.575745,-10.557383,15.575745,-12.951998,15.575745,-13.142719,15.575745,-6.506317,15.575745,-13.354632,15.575745,-9.476628,15.575745,-11.892434,15.575745,-14.456579
15.586764,-4.687399,15.586764,-9.563936,15.586764,-10.557383,15.586764,-12.930806,15.586764,-13.100337,15.586764,-6.465112,15.586764,-13.354632,15.586764,-9.434246,15.586764,-11.835924,15.586764,-14.456579
15.597783,-4.687399,15.597783,-9.560546,15.597783,-10.536192,15.597783,-12.909615,15.597783,-13.079145,15.597783,-6.423907,15.597783,-13.354632,15.597783,-9.383386,15.597783,-11.786477,15.597783,-14.414196
15.608802,-4.687399,15.608802,-9.557155,15.608802,-10.536192,15.608802,-12.888424,15.608802,-13.057954,15.608802,-6.382701,15.608802,-13.333441,15.608802,-9.328289,15.608802,-11.793541,15.608802,-14.329431
15.619822,-4.687399,15.619822,-9.553764,15.619822,-10.536192,15.619822,-12.888424,15.619822,-13.036763,15.619822,-6.368574,15.619822,-13.269867,15.619822,-9.328289,15.619822,-11.786477,15.619822,-14.329431
15.630841,-4.708590,15.630841,-9.550374,15.630841,-10.536192,15.630841,-12.867233,15.630841,-12.994380,15.630841,-6.354446,15.630841,-13.248676,15.630841,-9.307098,15.630841,-11.744095,15.630841,-14.287048
15.641860,-4.708590,15.641860,-9.546983,15.641860,-10.515001,15.641860,-12.867233,15.641860,-12.973189,15.641860,-6.340319,15.641860,-13.227484,15.641860,-9.243524,15.641860,-11.712308,15.641860,-14.244666
15.652879,-4.750973,15.652879,-9.543592,15.652879,-10.515001,15.652879,-12.846041,15.652879,-12.951998,15.652879,-6.297936,15.652879,-13.206293,15.652879,-9.196903,15.652879,-11.680521,15.652879,-14.202283
15.663899,-4.750973,15.663899,-9.540202,15.663899,-10.515001,15.663899,-12.846041,15.663899,-12.951998,15.663899,-6.266149,15.663899,-13.206293,15.663899,-9.179950,15.663899,-11.648734,15.663899,-14.202283
15.674918,-4.772164,15.674918,-9.519011,15.674918,-10.515001,15.674918,-12.852399,15.674918,-12.909615,15.674918,-6.234362,15.674918,-13.163911,15.674918,-9.116376,15.674918,-11.616947,15.674918,-14.181092
15.685937,-4.772164,15.685937,-9.497819,15.685937,-10.515001,15.685937,-12.858756,15.685937,-12.909615,15.685937,-6.202575,15.685937,-13.142719,15.685937,-9.073994,15.685937,-11.585160,15.685937,-14.159901
15.696957,-4.793355,15.696957,-9.508415,15.696957,-10.515001,15.696957,-12.865114,15.696957,-12.909615,15.696957,-6.170789,15.696957,-13.100337,15.696957,-9.052802,15.696957,-11.553373,15.696957,-14.138709
15.707976,-4.814547,15.707976,-9.519011,15.707976,-10.515001,15.707976,-12.871471,15.707976,-12.888424,15.707976,-6.139002,15.707976,-13.100337,15.707976,-9.010420,15.707976,-11.521586,15.707976,-14.117518
15.718995,-4.835738,15.718995,-9.509929,15.718995,-10.515001,15.718995,-12.877828,15.718995,-12.867233,15.718995,-6.107215,15.718995,-13.068550,15.718995,-8.968037,15.718995,-11.489800,15.718995,-14.064540
15.730014,-4.835738,15.730014,-9.500847,15.730014,-10.515001,15.730014,-12.884186,15.730014,-12.835446,15.730014,-6.064832,15.730014,-13.079145,15.730014,-8.925655,15.730014,-11.436821,15.730014,-14.045468
15.741034,-4.835738,15.741034,-9.491765,15.741034,-10.493809,15.741034,-12.890543,15.741034,-12.803659,15.741034,-6.086023,15.741034,-13.015572,15.741034,-8.904464,15.741034,-11.383843,15.741034,-14.011562
15.752053,-4.856929,15.752053,-9.482683,15.752053,-10.493809,15.752053,-12.896900,15.752053,-12.816374,15.752053,-6.054237,15.752053,-12.973189,15.752053,-8.862081,15.752053,-11.330865,15.752053,-13.947988
15.763072,-4.878121,15.763072,-9.473601,15.763072,-10.493809,15.763072,-12.903258,15.763072,-12.829088,15.763072,-6.022450,15.763072,-12.951998,15.763072,-8.832413,15.763072,-11.277887,15.763072,-13.947988
15.774091,-4.878121,15.774091,-9.464519,15.774091,-10.472618,15.774091,-12.909615,15.774091,-12.841803,15.774091,-5.992117,15.774091,-12.909615,15.774091,-8.819698,15.774091,-11.224909,15.774091,-13.918320
15.785111,-4.878121,15.785111,-9.455437,15.785111,-10.472618,15.785111,-12.915973,15.785111,-12.854518,15.785111,-5.961784,15.785111,-12.909615,15.785111,-8.798507,15.785111,-11.171930,15.785111,-13.884414
15.796130,-4.878121,15.796130,-9.455437,15.796130,-10.472618,15.796130,-12.922330,15.796130,-12.867233,15.796130,-5.931452,15.796130,-12.888424,15.796130,-8.671359,15.796130,-11.180407,15.796130,-13.884414
15.807149,-4.878121,15.807149,-9.455437,15.807149,-10.451427,15.807149,-12.928687,15.807149,-12.879947,15.807149,-5.901119,15.807149,-12.846041,15.807149,-8.628977,15.807149,-11.171930,15.807149,-13.820840
15.818168,-4.899312,15.818168,-9.455437,15.818168,-10.451427,15.818168,-12.935045,15.818168,-12.892662,15.818168,-5.870787,15.818168,-12.824850,15.818168,-8.624268,15.818168,-11.121071,15.818168,-13.778458
15.829188,-4.899312,15.829188,-9.455437,15.829188,-10.451427,15.829188,-12.941402,15.829188,-12.905377,15.829188,-5.840454,15.829188,-12.803659,15.829188,-8.584240,15.829188,-11.093523,15.829188,-13.778458
15.840207,-4.920503,15.840207,-9.455437,15.840207,-10.451427,15.840207,-12.947760,15.840207,-12.918092,15.840207,-5.810121,15.840207,-12.782468,15.840207,-8.544212,15.840207,-11.065974,15.840207,-13.736075
15.851226,-4.941694,15.851226,-9.455437,15.851226,-10.451427,15.851226,-12.954117,15.851226,-12.930806,15.851226,-5.779789,15.851226,-12.761276,15.851226,-8.513939,15.851226,-11.023591,15.851226,-13.736075
15.862246,-4.941694,15.862246,-9.434246,15.862246,-10.451427,15.862246,-12.960474,15.862246,-12.930806,15.862246,-5.749456,15.862246,-12.740085,15.862246,-8.467923,15.862246,-11.023591,15.862246,-13.672501
15.873265,-4.941694,15.873265,-9.434246,15.873265,-10.451427,15.873265,-12.966832,15.873265,-12.888424,15.873265,-5.719123,15.873265,-12.708298,15.873265,-8.374682,15.873265,-10.949422,15.873265,-13.630119
15.884284,-4.962886,15.884284,-9.434246,15.884284,-10.451427,15.884284,-12.973189,15.884284,-12.888424,15.884284,-5.688791,15.884284,-12.697702,15.884284,-8.374682,15.884284,-10.875252,15.884284,-13.608927
15.895303,-4.962886,15.895303,-9.434246,15.895303,-10.423172,15.895303,-12.930806,15.895303,-12.846041,15.895303,-5.658458,15.895303,-12.665916,15.895303,-8.332299,15.895303,-10.790487,15.895303,-13.587736
15.906323,-4.962886,15.906323,-9.413054,15.906323,-10.421406,15.906323,-12.930806,15.906323,-12.846041,15.906323,-5.628126,15.906323,-12.577619,15.906323,-8.268725,15.906323,-10.748105,15.906323,-13.545354
15.917342,-4.962886,15.917342,-9.413054,15.917342,-10.419640,15.917342,-12.888424,15.917342,-12.862994,15.917342,-5.597793,15.917342,-12.535236,15.917342,-8.226343,15.917342,-10.748105,15.917342,-13.481780
15.928361,-4.962886,15.928361,-9.413054,15.928361,-10.417874,15.928361,-12.846041,15.928361,-12.879947,15.928361,-5.567460,15.928361,-12.506981,15.928361,-8.205151,15.928361,-10.705722,15.928361,-13.460588
15.939380,-4.962886,15.939380,-9.413054,15.939380,-10.416108,15.939380,-12.824850,15.939380,-12.896900,15.939380,-5.537128,15.939380,-12.473680,15.939380,-8.134514,15.939380,-10.642148,15.939380,-13.439397
15.950400,-4.962886,15.950400,-9.413054,15.950400,-10.414342,15.950400,-12.803659,15.950400,-12.913853,15.950400,-5.506795,15.950400,-12.485790,15.950400,-8.120386,15.950400,-10.612481,15.950400,-13.439397
15.961419,-4.962886,15.961419,-9.413054,15.961419,-10.412576,15.961419,-12.803659,15.961419,-12.930806,15.961419,-5.513859,15.961419,-12.443407,15.961419,-8.111910,15.961419,-10.578575,15.961419,-13.418206
15.972438,-4.962886,15.972438,-9.413054,15.972438,-10.410810,15.972438,-12.782468,15.972438,-12.930806,15.972438,-5.478540,15.972438,-12.379833,15.972438,-8.056812,15.972438,-10.493809,15.972438,-13.397015
15.983458,-4.984077,15.983458,-9.391863,15.983458,-10.409044,15.983458,-12.761276,15.983458,-12.930806,15.983458,-5.443221,15.983458,-12.379833,15.983458,-7.972047,15.983458,-10.465554,15.983458,-13.333441
15.994477,-5.026460,15.994477,-9.391863,15.994477,-10.407278,15.994477,-12.761276,15.994477,-12.930806,15.994477,-5.407903,15.994477,-12.322314,15.994477,-7.957920,15.994477,-10.430236,15.994477,-13.312250
16.005496,-5.026460,16.005496,-9.391863,16.005496,-10.405512,16.005496,-12.718894,16.005496,-12.930806,16.005496,-5.365520,16.005496,-12.295068,16.005496,-7.950856,16.005496,-10.387853,16.005496,-13.312250
16.016515,-5.034701,16.016515,-9.391863,16.016515,-10.403747,16.016515,-12.697702,16.016515,-12.888424,16.016515,-5.365520,16.016515,-12.273877,16.016515,-7.887282,16.016515,-10.345470,16.016515,-13.312250
16.027535,-5.042942,16.027535,-9.391863,16.027535,-10.401981,16.027535,-12.697702,16.027535,-12.867233,16.027535,-5.252500,16.027535,-12.210303,16.027535,-7.849138,16.027535,-10.324279,16.027535,-13.269867
16.038554,-5.051183,16.038554,-9.370672,16.038554,-10.400215,16.038554,-12.676511,16.038554,-12.846041,16.038554,-5.259564,16.038554,-12.223018,16.038554,-7.837836,16.038554,-10.218323,16.038554,-13.236566
16.049573,-5.059424,16.049573,-9.349480,16.049573,-10.398449,16.049573,-12.676511,16.049573,-12.846041,16.049573,-5.217181,16.049573,-12.160857,16.049573,-7.789802,16.049573,-10.218323,16.049573,-13.180864
16.060592,-5.067665,16.060592,-9.349480,16.060592,-10.396683,16.060592,-12.697702,16.060592,-12.842781,16.060592,-5.185394,16.060592,-12.146729,16.060592,-7.760134,16.060592,-10.239514,16.060592,-13.163911
16.071612,-5.075906,16.071612,-9.349480,16.071612,-10.394917,16.071612,-12.676511,16.071612,-12.839521,16.071612,-5.153607,16.071612,-12.146729,16.071612,-7.675369,16.071612,-10.218323,16.071612,-13.142719
16.082631,-5.084147,16.082631,-9.349480,16.082631,-10.393151,16.082631,-12.676511,16.082631,-12.836261,16.082631,-5.111225,16.082631,-12.104347,16.082631,-7.664774,16.082631,-10.180179,16.082631,-13.100337
16.093650,-5.092388,16.093650,-9.349480,16.093650,-10.391385,16.093650,-12.655320,16.093650,-12.833001,16.093650,-5.082970,16.093650,-12.083155,16.093650,-7.597668,16.093650,-10.142034,16.093650,-13.079145
16.104669,-5.100629,16.104669,-9.328289,16.104669,-10.389619,16.104669,-12.655320,16.104669,-12.829740,16.104669,-5.054715,16.104669,-12.061964,16.104669,-7.590604,16.104669,-10.103890,16.104669,-13.079145
16.115689,-5.108870,16.115689,-9.328289,16.115689,-10.387853,16.115689,-12.634129,16.115689,-12.826480,16.115689,-5.040587,16.115689,-12.061964,16.115689,-7.537626,16.115689,-10.065746,16.115689,-13.026167
16.126708,-5.117111,16.126708,-9.307098,16.126708,-10.366662,16.126708,-12.612937,16.126708,-12.823220,16.126708,-4.984077,16.126708,-12.019582,16.126708,-7.484648,16.126708,-10.027601,16.126708,-12.994380
16.137727,-5.125352,16.137727,-9.307098,16.137727,-10.361364,16.137727,-12.570555,16.137727,-12.819960,16.137727,-4.973481,16.137727,-11.956008,16.137727,-7.493124,16.137727,-9.989457,16.137727,-12.994380
16.148747,-5.133593,16.148747,-9.307098,16.148747,-10.356066,16.148747,-12.528172,16.148747,-12.816700,16.148747,-4.962886,16.148747,-11.977199,16.148747,-7.442265,16.148747,-9.951313,16.148747,-12.909615
16.159766,-5.141834,16.159766,-9.328289,16.159766,-10.350768,16.159766,-12.528172,16.159766,-12.813439,16.159766,-4.952290,16.159766,-11.934816,16.159766,-7.442265,16.159766,-9.913168,16.159766,-12.909615
16.170785,-5.150075,16.170785,-9.321225,16.170785,-10.345470,16.170785,-12.528172,16.170785,-12.810179,16.170785,-4.941694,16.170785,-11.913625,16.170785,-7.442265,16.170785,-9.875024,16.170785,-12.888424
16.181804,-5.158316,16.181804,-9.321225,16.181804,-10.345470,16.181804,-12.506981,16.181804,-12.806919,16.181804,-4.835738,16.181804,-11.920689,16.181804,-7.343373,16.181804,-9.836880,16.181804,-12.867233
16.192824,-5.166557,16.192824,-9.328289,16.192824,-10.345470,16.192824,-12.471662,16.192824,-12.803659,16.192824,-4.807483,16.192824,-11.864179,16.192824,-7.323594,16.192824,-9.787433,16.192824,-12.846041
16.203843,-5.174798,16.203843,-9.328289,16.203843,-10.345470,16.203843,-12.443407,16.203843,-12.800399,16.203843,-4.779228,16.203843,-11.840162,16.203843,-7.272735,16.203843,-9.773306,16.203843,-12.803659
16.214862,-5.174798,16.214862,-9.328289,16.214862,-10.345470,16.214862,-12.443407,16.214862,-12.797138,16.214862,-4.750973,16.214862,-11.816145,16.214862,-7.237416,16.214862,-9.688541,16.214862,-12.761276
16.225881,-5.174798,16.225881,-9.307098,16.225881,-10.345470,16.225881,-12.436100,16.225881,-12.793878,16.225881,-4.722718,16.225881,-11.786477,16.225881,-7.187970,16.225881,-9.582584,16.225881,-12.761276
16.236901,-5.174798,16.236901,-9.285907,16.236901,-10.345470,16.236901,-12.428792,16.236901,-12.790618,16.236901,-4.694463,16.236901,-11.754691,16.236901,-7.159715,16.236901,-9.561393,16.236901,-12.718894
16.247920,-5.195990,16.247920,-9.283676,16.247920,-10.345470,16.247920,-12.421485,16.247920,-12.787358,16.247920,-4.666208,16.247920,-11.701712,16.247920,-7.082014,16.247920,-9.540202,16.247920,-12.676511
16.258939,-5.195990,16.258939,-9.281445,16.258939,-10.345470,16.258939,-12.414178,16.258939,-12.784098,16.258939,-4.637953,16.258939,-11.659330,16.258939,-7.060822,16.258939,-9.519011,16.258939,-12.676511
16.269958,-5.195990,16.269958,-9.279215,16.269958,-10.345470,16.269958,-12.406870,16.269958,-12.780837,16.269958,-4.609698,16.269958,-11.638138,16.269958,-7.039631,16.269958,-9.476628,16.269958,-12.676511
16.280978,-5.217181,16.280978,-9.276984,16.280978,-10.345470,16.280978,-12.399563,16.280978,-12.777577,16.280978,-4.581443,16.280978,-11.609883,16.280978,-6.997248,16.280978,-9.455437,16.280978,-12.570555
16.291997,-5.217181,16.291997,-9.274753,16.291997,-10.345470,16.291997,-12.392256,16.291997,-12.774317,16.291997,-4.553188,16.291997,-11.595756,16.291997,-6.954866,16.291997,-9.434246,16.291997,-12.528172
16.303016,-5.217181,16.303016,-9.272523,16.303016,-10.345470,16.303016,-12.384948,16.303016,-12.771057,16.303016,-4.524933,16.303016,-11.574565,16.303016,-6.933675,16.303016,-9.420118,16.303016,-12.485790
16.314036,-5.217181,16.314036,-9.270292,16.314036,-10.345470,16.314036,-12.377641,16.314036,-12.767797,16.314036,-4.496678,16.314036,-11.532182,16.314036,-6.870101,16.314036,-9.386212,16.314036,-12.506981
16.325055,-5.217181,16.325055,-9.268061,16.325055,-10.345470,16.325055,-12.370334,16.325055,-12.764536,16.325055,-4.468423,16.325055,-11.532182,16.325055,-6.870101,16.325055,-9.352306,16.325055,-12.464598
16.336074,-5.238372,16.336074,-9.265831,16.336074,-10.345470,16.336074,-12.363026,16.336074,-12.761276,16.336074,-4.440167,16.336074,-11.510991,16.336074,-6.870101,16.336074,-9.318400,16.336074,-12.422216
16.347093,-5.238372,16.347093,-9.263600,16.347093,-10.324279,16.347093,-12.355719,16.347093,-12.761276,16.347093,-4.411912,16.347093,-11.489800,16.347093,-6.848909,16.347093,-9.284494,16.347093,-12.401025
16.358113,-5.259564,16.358113,-9.261369,16.358113,-10.324279,16.358113,-12.348412,16.358113,-12.734787,16.358113,-4.383657,16.358113,-11.468608,16.358113,-6.798050,16.358113,-9.250588,16.358113,-12.307783
16.369132,-5.259564,16.369132,-9.259139,16.369132,-10.324279,16.369132,-12.341104,16.369132,-12.708298,16.369132,-4.355402,16.369132,-11.426226,16.369132,-6.742953,16.369132,-9.179950,16.369132,-12.273877
16.380151,-5.259564,16.380151,-9.256908,16.380151,-10.324279,16.380151,-12.333797,16.380151,-12.681809,16.380151,-4.327147,16.380151,-11.415630,16.380151,-6.662426,16.380151,-9.116376,16.380151,-12.231494
16.391170,-5.280755,16.391170,-9.254677,16.391170,-10.303088,16.391170,-12.326490,16.391170,-12.655320,16.391170,-4.298892,16.391170,-11.405034,16.391170,-6.594614,16.391170,-9.109313,16.391170,-12.252686
16.402190,-5.280755,16.402190,-9.252447,16.402190,-10.303088,16.402190,-12.319182,16.402190,-12.669447,16.402190,-4.270637,16.402190,-11.362652,16.402190,-6.509849,16.402190,-9.081058,16.402190,-12.172159
16.413209,-5.301946,16.413209,-9.250216,16.413209,-10.303088,16.413209,-12.311875,16.413209,-12.725957,16.413209,-4.242382,16.413209,-11.341461,16.413209,-6.509849,16.413209,-9.052802,16.413209,-12.157325
16.424228,-5.301946,16.424228,-9.247985,16.424228,-10.303088,16.424228,-12.304568,16.424228,-12.697702,16.424228,-4.115235,16.424228,-11.299078,16.424228,-6.495722,16.424228,-9.031611,16.424228,-12.146729
16.435247,-5.323137,16.435247,-9.245755,16.435247,-10.303088,16.435247,-12.297260,16.435247,-12.694675,16.435247,-4.122298,16.435247,-11.256695,16.435247,-6.460403,16.435247,-8.996292,16.435247,-12.125538
16.446267,-5.323137,16.446267,-9.243524,16.446267,-10.303088,16.446267,-12.289953,16.446267,-12.691648,16.446267,-4.115235,16.446267,-11.235504,16.446267,-6.425084,16.446267,-8.939782,16.446267,-12.090219
16.457286,-5.344329,16.457286,-9.222333,16.457286,-10.303088,16.457286,-12.282646,16.457286,-12.688620,16.457286,-4.115235,16.457286,-11.214313,16.457286,-6.425084,16.457286,-8.946846,16.457286,-12.083155
16.468305,-5.344329,16.468305,-9.201141,16.468305,-10.303088,16.468305,-12.275338,16.468305,-12.685593,16.468305,-4.084017,16.468305,-11.214313,16.468305,-6.319128,16.468305,-8.798507,16.468305,-12.040773
16.479325,-5.344329,16.479325,-9.222333,16.479325,-10.303088,16.479325,-12.268031,16.479325,-12.682566,16.479325,-4.052800,16.479325,-11.171930,16.479325,-6.255554,16.479325,-8.798507,16.479325,-11.998390
16.490344,-5.344329,16.490344,-9.222333,16.490344,-10.303088,16.490344,-12.260724,16.490344,-12.679538,16.490344,-4.021583,16.490344,-11.143675,16.490344,-6.234362,16.490344,-8.745529,16.490344,-11.998390
16.501363,-5.365520,16.501363,-9.222333,16.501363,-10.303088,16.501363,-12.253416,16.501363,-12.676511,16.501363,-3.990365,16.501363,-11.150739,16.501363,-6.213171,16.501363,-8.692551,16.501363,-11.977199
16.512382,-5.365520,16.512382,-9.222333,16.512382,-10.303088,16.512382,-12.246109,16.512382,-12.676511,16.512382,-3.959148,16.512382,-11.087165,16.512382,-6.191980,16.512382,-8.671359,16.512382,-11.899498
16.523402,-5.365520,16.523402,-9.201141,16.523402,-10.303088,16.523402,-12.238802,16.523402,-12.676511,16.523402,-3.927931,16.523402,-11.044783,16.523402,-6.149597,16.523402,-8.650168,16.523402,-11.886379
16.534421,-5.386711,16.534421,-9.179950,16.534421,-10.303088,16.534421,-12.231494,16.534421,-12.676511,16.534421,-3.896714,16.534421,-11.023591,16.534421,-6.100857,16.534421,-8.628977,16.534421,-11.883957
16.545440,-5.407903,16.545440,-9.179950,16.545440,-10.303088,16.545440,-12.259749,16.545440,-12.676511,16.545440,-3.865496,16.545440,-11.002400,16.545440,-6.052117,16.545440,-8.544212,16.545440,-11.850051
16.556459,-5.407903,16.556459,-9.158759,16.556459,-10.303088,16.556459,-12.231494,16.556459,-12.676511,16.556459,-3.834279,16.556459,-10.960018,16.556459,-6.018211,16.556459,-8.523021,16.556459,-11.807669
16.567479,-5.407903,16.567479,-9.158759,16.567479,-10.303088,16.567479,-12.215601,16.567479,-12.676511,16.567479,-3.803062,16.567479,-10.960018,16.567479,-5.995204,16.567479,-8.395873,16.567479,-11.765286
16.578498,-5.407903,16.578498,-9.158759,16.578498,-10.303088,16.578498,-12.199707,16.578498,-12.676511,16.578498,-3.771845,16.578498,-10.896444,16.578498,-5.937685,16.578498,-8.353490,16.578498,-11.722904
16.589517,-5.429094,16.589517,-9.158759,16.589517,-10.303088,16.589517,-12.183814,16.589517,-12.676511,16.589517,-3.740627,16.589517,-10.896444,16.589517,-5.916493,16.589517,-8.311108,16.589517,-11.722904
16.600537,-5.407903,16.600537,-9.137568,16.600537,-10.303088,16.600537,-12.167920,16.600537,-12.676511,16.600537,-3.709410,16.600537,-10.896444,16.600537,-5.933446,16.600537,-8.289916,16.600537,-11.701712
16.611556,-5.407903,16.611556,-9.158759,16.611556,-10.303088,16.611556,-12.167920,16.611556,-12.655320,16.611556,-3.678193,16.611556,-10.854061,16.611556,-5.831728,16.611556,-8.226343,16.611556,-11.616947
16.622575,-5.429094,16.622575,-9.158759,16.622575,-10.303088,16.622575,-12.167920,16.622575,-12.634129,16.622575,-3.646976,16.622575,-10.832870,16.622575,-5.810537,16.622575,-8.219279,16.622575,-11.595756
16.633594,-5.440313,16.633594,-9.137568,16.633594,-10.303088,16.633594,-12.167920,16.633594,-12.612937,16.633594,-3.615758,16.633594,-10.846997,16.633594,-5.746963,16.633594,-8.212215,16.633594,-11.595756
16.644614,-5.451532,16.644614,-9.137568,16.644614,-10.303088,16.644614,-12.167920,16.644614,-12.612937,16.644614,-3.584541,16.644614,-10.811679,16.644614,-5.725772,16.644614,-8.205151,16.644614,-11.553373
16.655633,-5.462751,16.655633,-9.137568,16.655633,-10.324279,16.655633,-12.167920,16.655633,-12.612937,16.655633,-3.553324,16.655633,-10.776360,16.655633,-5.738486,16.655633,-8.183960,16.655633,-11.553373
16.666652,-5.473969,16.666652,-9.137568,16.666652,-10.303088,16.666652,-12.167920,16.666652,-12.634129,16.666652,-3.522107,16.666652,-10.762232,16.666652,-5.651602,16.666652,-8.162769,16.666652,-11.510991
16.677671,-5.485188,16.677671,-9.137568,16.677671,-10.303088,16.677671,-12.167920,16.677671,-12.591746,16.677671,-3.490889,16.677671,-10.748105,16.677671,-5.619815,16.677671,-8.118460,16.677671,-11.489800
16.688691,-5.496407,16.688691,-9.137568,16.688691,-10.303088,16.688691,-12.167920,16.688691,-12.591746,16.688691,-3.459672,16.688691,-10.680293,16.688691,-5.598624,16.688691,-8.074151,16.688691,-11.468608
16.699710,-5.507626,16.699710,-9.137568,16.699710,-10.303088,16.699710,-12.167920,16.699710,-12.549363,16.699710,-3.428455,16.699710,-10.620957,16.699710,-5.556241,16.699710,-8.029842,16.699710,-11.426226
16.710729,-5.518845,16.710729,-9.137568,16.710729,-10.303088,16.710729,-12.167920,16.710729,-12.549363,16.710729,-3.397238,16.710729,-10.578575,16.710729,-5.506795,16.710729,-7.985533,16.710729,-11.426226
16.721748,-5.530064,16.721748,-9.095185,16.721748,-10.303088,16.721748,-12.160857,16.721748,-12.549363,16.721748,-3.366020,16.721748,-10.557383,16.721748,-5.484191,16.721748,-7.941224,16.721748,-11.383843
16.732768,-5.541283,16.732768,-9.095185,16.732768,-10.303088,16.732768,-12.153793,16.732768,-12.506981,16.732768,-3.334803,16.732768,-10.515001,16.732768,-5.450285,16.732768,-7.896915,16.732768,-11.362652
16.743787,-5.552502,16.743787,-9.095185,16.743787,-10.303088,16.743787,-12.146729,16.743787,-12.506981,16.743787,-3.303586,16.743787,-10.493809,16.743787,-5.429094,16.743787,-7.852606,16.743787,-11.306142
16.754806,-5.563721,16.754806,-9.095185,16.754806,-10.303088,16.754806,-12.139665,16.754806,-12.506981,16.754806,-3.272369,16.754806,-10.472618,16.754806,-5.333733,16.754806,-7.808296,16.754806,-11.256695
16.765826,-5.574940,16.765826,-9.095185,16.765826,-10.303088,16.765826,-12.132602,16.765826,-12.506981,16.765826,-3.241151,16.765826,-10.451427,16.765826,-5.306184,16.765826,-7.763987,16.765826,-11.256695
16.776845,-5.586159,16.776845,-9.095185,16.776845,-10.303088,16.776845,-12.125538,16.776845,-12.506981,16.776845,-3.209934,16.776845,-10.409044,16.776845,-5.259564,16.776845,-7.719678,16.776845,-11.214313
16.787864,-5.597378,16.787864,-9.095185,16.787864,-10.303088,16.787864,-12.125538,16.787864,-12.506981,16.787864,-3.178717,16.787864,-10.366662,16.787864,-5.238372,16.787864,-7.675369,16.787864,-11.214313
16.798883,-5.608596,16.798883,-9.095185,16.798883,-10.303088,16.798883,-12.125538,16.798883,-12.528172,16.798883,-3.147499,16.798883,-10.345470,16.798883,-5.195990,16.798883,-7.640051,16.798883,-11.171930
16.809903,-5.619815,16.809903,-9.073994,16.809903,-10.303088,16.809903,-12.120829,16.809903,-12.528172,16.809903,-3.116890,16.809903,-10.345470,16.809903,-5.174798,16.809903,-7.632987,16.809903,-11.129548
16.820922,-5.619815,16.820922,-9.073994,16.820922,-10.303088,16.820922,-12.116120,16.820922,-12.528172,16.820922,-3.086280,16.820922,-10.324279,16.820922,-5.174798,16.820922,-7.611796,16.820922,-11.104118
16.831941,-5.619815,16.831941,-9.073994,16.831941,-10.303088,16.831941,-12.111410,16.831941,-12.485790,16.831941,-3.055671,16.831941,-10.273420,16.831941,-5.132416,16.831941,-7.590604,16.831941,-11.099275
16.842960,-5.619815,16.842960,-9.073994,16.842960,-10.303088,16.842960,-12.106701,16.842960,-12.464598,16.842960,-3.076862,16.842960,-10.273420,16.842960,-5.090033,16.842960,-7.538332,16.842960,-11.104118
16.853980,-5.619815,16.853980,-9.052802,16.853980,-10.303088,16.853980,-12.101992,16.853980,-12.485790,16.853980,-3.042426,16.853980,-10.239514,16.853980,-5.047651,16.853980,-7.486061,16.853980,-11.044783
16.864999,-5.662198,16.864999,-9.052802,16.864999,-10.303088,16.864999,-12.097283,16.864999,-12.464598,16.864999,-3.007990,16.864999,-10.197132,16.864999,-5.047651,16.864999,-7.433789,16.864999,-10.960018
16.876018,-5.662198,16.876018,-9.052802,16.876018,-10.303088,16.876018,-12.092574,16.876018,-12.443407,16.876018,-2.973554,16.876018,-10.197132,16.876018,-5.047651,16.876018,-7.381517,16.876018,-10.960018
16.887037,-5.662198,16.887037,-9.052802,16.887037,-10.303088,16.887037,-12.087865,16.887037,-12.443407,16.887037,-2.939119,16.887037,-10.175940,16.887037,-4.952290,16.887037,-7.329245,16.887037,-10.938826
16.898057,-5.662198,16.898057,-9.031611,16.898057,-10.303088,16.898057,-12.083155,16.898057,-12.422216,16.898057,-2.904683,16.898057,-10.112366,16.898057,-4.962886,16.898057,-7.304522,16.898057,-10.883729
16.909076,-5.662198,16.909076,-9.031611,16.909076,-10.303088,16.909076,-12.083155,16.909076,-12.401025,16.909076,-2.870247,16.909076,-10.133558,16.909076,-4.842802,16.909076,-7.230353,16.909076,-10.875252
16.920095,-5.662198,16.920095,-9.031611,16.920095,-10.303088,16.920095,-12.083155,16.920095,-12.401025,16.920095,-2.835811,16.920095,-10.069984,16.920095,-4.761569,16.920095,-7.202097,16.920095,-10.832870
16.931115,-5.683389,16.931115,-9.031611,16.931115,-10.303088,16.931115,-12.072560,16.931115,-12.379833,16.931115,-2.801375,16.931115,-10.048793,16.931115,-4.729782,16.931115,-7.173842,16.931115,-10.832870
16.942134,-5.704580,16.942134,-9.031611,16.942134,-10.303088,16.942134,-12.061964,16.942134,-12.401025,16.942134,-2.766939,16.942134,-9.985219,16.942134,-4.712829,16.942134,-7.145587,16.942134,-10.811679
16.953153,-5.704580,16.953153,-9.031611,16.953153,-10.281897,16.953153,-12.061964,16.953153,-12.379833,16.953153,-2.732504,16.953153,-9.985219,16.953153,-4.659144,16.953153,-7.082014,16.953153,-10.755169
16.964172,-5.704580,16.964172,-9.031611,16.964172,-10.281897,16.964172,-12.083155,16.964172,-12.379833,16.964172,-2.698068,16.964172,-9.964027,16.964172,-4.645017,16.964172,-7.082014,16.964172,-10.684531
16.975192,-5.704580,16.975192,-9.031611,16.975192,-10.260705,16.975192,-12.061964,16.975192,-12.379833,16.975192,-2.663632,16.975192,-9.964027,16.975192,-4.619587,16.975192,-7.071418,16.975192,-10.705722
16.986211,-5.704580,16.986211,-9.031611,16.986211,-10.239514,16.986211,-12.061964,16.986211,-12.358642,16.986211,-2.629196,16.986211,-9.942836,16.986211,-4.602634,16.986211,-7.043869,16.986211,-10.684531
16.997230,-5.725772,16.997230,-9.031611,16.997230,-10.239514,16.997230,-12.061964,16.997230,-12.358642,16.997230,-2.594760,16.997230,-9.879262,16.997230,-4.496678,16.997230,-7.039631,16.997230,-10.620957
17.008249,-5.725772,17.008249,-9.010420,17.008249,-10.239514,17.008249,-12.083155,17.008249,-12.337451,17.008249,-2.560324,17.008249,-9.858071,17.008249,-4.433104,17.008249,-6.947802,17.008249,-10.599766
17.019269,-5.725772,17.019269,-9.010420,17.019269,-10.239514,17.019269,-12.083155,17.019269,-12.337451,17.019269,-2.525889,17.019269,-9.858071,17.019269,-4.433104,17.019269,-6.919547,17.019269,-10.599766
17.030288,-5.746963,17.030288,-9.010420,17.030288,-10.239514,17.030288,-12.040773,17.030288,-12.337451,17.030288,-2.491453,17.030288,-9.829816,17.030288,-4.390721,17.030288,-6.877165,17.030288,-10.557383
17.041307,-5.768154,17.041307,-9.010420,17.041307,-10.239514,17.041307,-12.032296,17.041307,-12.337451,17.041307,-2.457017,17.041307,-9.790259,17.041307,-4.348339,17.041307,-6.848909,17.041307,-10.536192
17.052327,-5.768154,17.052327,-9.010420,17.052327,-10.239514,17.052327,-12.023820,17.052327,-12.316259,17.052327,-2.422581,17.052327,-9.773306,17.052327,-4.316552,17.052327,-6.834782,17.052327,-10.505919
17.063346,-5.768154,17.063346,-8.989229,17.063346,-10.239514,17.063346,-12.015343,17.063346,-12.316259,17.063346,-2.388145,17.063346,-9.699136,17.063346,-4.284765,17.063346,-6.827718,17.063346,-10.451427
17.074365,-5.768154,17.074365,-8.989229,17.074365,-10.239514,17.074365,-12.006867,17.074365,-12.295068,17.074365,-2.353709,17.074365,-9.709732,17.074365,-4.284765,17.074365,-6.785336,17.074365,-10.409044
17.085384,-5.810537,17.085384,-8.989229,17.085384,-10.239514,17.085384,-11.998390,17.085384,-12.273877,17.085384,-2.319274,17.085384,-9.667350,17.085384,-4.221191,17.085384,-6.714698,17.085384,-10.345470
17.096404,-5.810537,17.096404,-8.989229,17.096404,-10.239514,17.096404,-11.998390,17.096404,-12.273877,17.096404,-2.284838,17.096404,-9.624967,17.096404,-4.157617,17.096404,-6.644060,17.096404,-10.303088
17.107423,-5.810537,17.107423,-8.968037,17.107423,-10.239514,17.107423,-11.998390,17.107423,-12.252686,17.107423,-2.250402,17.107423,-9.646158,17.107423,-4.094043,17.107423,-6.573423,17.107423,-10.303088
17.118442,-5.810537,17.118442,-8.968037,17.118442,-10.239514,17.118442,-11.977199,17.118442,-12.252686,17.118442,-2.215966,17.118442,-9.624967,17.118442,-4.077090,17.118442,-6.501373,17.118442,-10.239514
17.129461,-5.810537,17.129461,-8.946846,17.129461,-10.239514,17.129461,-11.977199,17.129461,-12.252686,17.129461,-2.181530,17.129461,-9.575521,17.129461,-4.043184,17.129461,-6.509849,17.129461,-10.239514
17.140481,-5.810537,17.140481,-8.946846,17.140481,-10.239514,17.140481,-11.956008,17.140481,-12.252686,17.140481,-2.147095,17.140481,-9.575521,17.140481,-4.009278,17.140481,-6.453339,17.140481,-10.218323
17.151500,-5.821132,17.151500,-8.946846,17.151500,-10.239514,17.151500,-11.956008,17.151500,-12.252686,17.151500,-2.112659,17.151500,-9.497819,17.151500,-3.945704,17.151500,-6.449807,17.151500,-10.188655
17.162519,-5.831728,17.162519,-8.946846,17.162519,-10.239514,17.162519,-11.956008,17.162519,-12.220899,17.162519,-2.078223,17.162519,-9.508415,17.162519,-3.935109,17.162519,-6.446275,17.162519,-10.133558
17.173538,-5.842324,17.173538,-8.968037,17.173538,-10.239514,17.173538,-11.934816,17.173538,-12.189112,17.173538,-2.043787,17.173538,-9.460735,17.173538,-3.887428,17.173538,-6.361510,17.173538,-10.112366
17.184558,-5.852919,17.184558,-8.953910,17.184558,-10.239514,17.184558,-11.934816,17.184558,-12.189112,17.184558,-2.009351,17.184558,-9.413054,17.184558,-3.839748,17.184558,-6.340319,17.184558,-10.112366
17.195577,-5.863515,17.195577,-8.939782,17.195577,-10.239514,17.195577,-11.934816,17.195577,-12.189112,17.195577,-1.974915,17.195577,-9.402459,17.195577,-3.807961,17.195577,-6.319128,17.195577,-10.069984
17.206596,-5.874111,17.206596,-8.925655,17.206596,-10.239514,17.206596,-11.934816,17.206596,-12.210303,17.206596,-1.946660,17.206596,-9.391863,17.206596,-3.776174,17.206596,-6.276745,17.206596,-10.069984
17.217616,-5.884706,17.217616,-8.925655,17.217616,-10.239514,17.217616,-11.920689,17.217616,-12.210303,17.217616,-1.953724,17.217616,-9.391863,17.217616,-3.765578,17.217616,-6.213171,17.217616,-9.985219
17.228635,-5.895302,17.228635,-8.925655,17.228635,-10.239514,17.228635,-11.913625,17.228635,-12.210303,17.228635,-1.890150,17.228635,-9.370672,17.228635,-3.712600,17.228635,-6.149597,17.228635,-9.985219
17.239654,-5.905898,17.239654,-8.925655,17.239654,-10.239514,17.239654,-11.850051,17.239654,-12.210303,17.239654,-1.862178,17.239654,-9.328289,17.239654,-3.670218,17.239654,-6.086023,17.239654,-9.942836
17.250673,-5.916493,17.250673,-8.946846,17.250673,-10.239514,17.250673,-11.871243,17.250673,-12.189112,17.250673,-1.834205,17.250673,-9.328289,17.250673,-3.649026,17.250673,-6.022450,17.250673,-9.921645
17.261693,-5.927089,17.261693,-8.925655,17.261693,-10.239514,17.261693,-11.878306,17.261693,-12.189112,17.261693,-1.806233,17.261693,-9.258661,17.261693,-3.649026,17.261693,-6.001258,17.261693,-9.907517
17.272712,-5.937685,17.272712,-8.925655,17.272712,-10.234216,17.272712,-11.871243,17.272712,-12.167920,17.272712,-1.778260,17.272712,-9.222333,17.272712,-3.624303,17.272712,-5.967352,17.272712,-9.858071
17.283731,-5.948280,17.283731,-8.904464,17.283731,-10.228918,17.283731,-11.850051,17.283731,-12.167920,17.283731,-1.750288,17.283731,-9.201141,17.283731,-3.599580,17.283731,-5.933446,17.283731,-9.836880
17.294750,-5.958876,17.294750,-8.953627,17.294750,-10.223621,17.294750,-11.850051,17.294750,-12.146729,17.294750,-1.722315,17.294750,-9.137568,17.294750,-3.521879,17.294750,-5.937685,17.294750,-9.836880
17.305770,-5.969471,17.305770,-9.002791,17.305770,-10.218323,17.305770,-11.850051,17.305770,-12.146729,17.305770,-1.694343,17.305770,-9.137568,17.305770,-3.475258,17.305770,-5.874111,17.305770,-9.766242
17.316789,-5.980067,17.316789,-9.051955,17.316789,-10.213025,17.316789,-11.850051,17.316789,-12.146729,17.316789,-1.666370,17.316789,-9.137568,17.316789,-3.424399,17.316789,-5.803473,17.316789,-9.709732
17.327808,-5.990663,17.327808,-9.101119,17.327808,-10.207727,17.327808,-11.850051,17.327808,-12.146729,17.327808,-1.638398,17.327808,-9.095185,17.327808,-3.365063,17.327808,-5.810537,17.327808,-9.688541
17.338827,-6.001258,17.338827,-9.150282,17.338827,-10.202429,17.338827,-11.828860,17.338827,-12.146729,17.338827,-1.610425,17.338827,-9.031611,17.338827,-3.305728,17.338827,-5.768154,17.338827,-9.667350
17.349847,-6.011854,17.349847,-9.199446,17.349847,-10.197132,17.349847,-11.828860,17.349847,-12.146729,17.349847,-1.582453,17.349847,-9.031611,17.349847,-3.297251,17.349847,-5.775218,17.349847,-9.646158
17.360866,-6.022450,17.360866,-9.248610,17.360866,-10.197132,17.360866,-11.828860,17.360866,-12.125538,17.360866,-1.554480,17.360866,-9.010420,17.360866,-3.261226,17.360866,-5.714470,17.360866,-9.624967
17.371885,-6.022450,17.371885,-9.297774,17.371885,-10.197132,17.371885,-11.828860,17.371885,-12.125538,17.371885,-1.526508,17.371885,-8.999824,17.371885,-3.225201,17.371885,-5.653721,17.371885,-9.586823
17.382905,-6.022450,17.382905,-9.346937,17.382905,-10.175940,17.382905,-11.828860,17.382905,-12.090219,17.382905,-1.498535,17.382905,-8.946846,17.382905,-3.161627,17.382905,-5.592973,17.382905,-9.582584
17.393924,-6.022450,17.393924,-9.396101,17.393924,-10.175940,17.393924,-11.828860,17.393924,-12.083155,17.393924,-1.470563,17.393924,-8.968037,17.393924,-3.170104,17.393924,-5.532225,17.393924,-9.552917
17.404943,-6.022450,17.404943,-9.445265,17.404943,-10.197132,17.404943,-11.807669,17.404943,-12.083155,17.404943,-1.442590,17.404943,-8.904464,17.404943,-3.140436,17.404943,-5.471476,17.404943,-9.519011
17.415962,-6.022450,17.415962,-9.494429,17.415962,-10.197132,17.415962,-11.807669,17.415962,-12.083155,17.415962,-1.414618,17.415962,-8.904464,17.415962,-3.108649,17.415962,-5.429094,17.415962,-9.519011
17.426982,-6.043641,17.426982,-9.543592,17.426982,-10.175940,17.426982,-11.786477,17.426982,-12.083155,17.426982,-1.386645,17.426982,-8.883272,17.426982,-3.076862,17.426982,-5.418498,17.426982,-9.423650
17.438001,-6.043641,17.438001,-9.592756,17.438001,-10.175940,17.438001,-11.786477,17.438001,-12.061964,17.438001,-1.358673,17.438001,-8.862081,17.438001,-3.076862,17.438001,-5.407903,17.438001,-9.425769
17.449020,-6.022450,17.449020,-9.641920,17.449020,-10.175940,17.449020,-11.786477,17.449020,-12.061964,17.449020,-1.330701,17.449020,-8.840890,17.449020,-3.023884,17.449020,-5.386711,17.449020,-9.377735
17.460039,-6.022450,17.460039,-9.691084,17.460039,-10.175940,17.460039,-11.786477,17.460039,-12.061964,17.460039,-1.302728,17.460039,-8.819698,17.460039,-2.970905,17.460039,-5.347861,17.460039,-9.328289
17.471059,-6.043641,17.471059,-9.740248,17.471059,-10.175940,17.471059,-11.765286,17.471059,-12.061964,17.471059,-1.274756,17.471059,-8.832413,17.471059,-2.949714,17.471059,-5.309010,17.471059,-9.322991
17.482078,-6.043641,17.482078,-9.789411,17.482078,-10.154749,17.482078,-11.765286,17.482078,-12.061964,17.482078,-1.246783,17.482078,-8.777316,17.482078,-2.879077,17.482078,-5.252500,17.482078,-9.264715
17.493097,-6.064832,17.493097,-9.838575,17.493097,-10.154749,17.493097,-11.779414,17.493097,-12.083155,17.493097,-1.218811,17.493097,-8.713742,17.493097,-2.801375,17.493097,-5.195990,17.493097,-9.264715
17.504117,-6.086023,17.504117,-9.887739,17.504117,-10.154749,17.504117,-11.744095,17.504117,-12.083155,17.504117,-1.190838,17.504117,-8.671359,17.504117,-2.801375,17.504117,-5.167735,17.504117,-9.243524
17.515136,-6.107215,17.515136,-9.936903,17.515136,-10.154749,17.515136,-11.701712,17.515136,-12.047837,17.515136,-1.190838,17.515136,-8.685487,17.515136,-2.801375,17.515136,-5.139480,17.515136,-9.243524
17.526155,-6.107215,17.526155,-9.986066,17.526155,-10.154749,17.526155,-11.701712,17.526155,-12.047837,17.526155,-1.106073,17.526155,-8.636041,17.526155,-2.780184,17.526155,-5.111225,17.526155,-9.158759
17.537174,-6.128406,17.537174,-10.035230,17.537174,-10.154749,17.537174,-11.701712,17.537174,-12.061964,17.537174,-1.081350,17.537174,-8.579531,17.537174,-2.667164,17.537174,-5.090033,17.537174,-9.137568
17.548194,-6.149597,17.548194,-10.084394,17.548194,-10.175940,17.548194,-11.701712,17.548194,-12.083155,17.548194,-1.056627,17.548194,-8.544212,17.548194,-2.653036,17.548194,-5.082970,17.548194,-9.116376
17.559213,-6.149597,17.559213,-10.133558,17.559213,-10.173495,17.559213,-11.659330,17.559213,-12.083155,17.559213,-1.042499,17.559213,-8.544212,17.559213,-2.610654,17.559213,-5.005268,17.559213,-9.095185
17.570232,-6.149597,17.570232,-10.133558,17.570232,-10.171050,17.570232,-11.659330,17.570232,-12.064991,17.570232,-0.995878,17.570232,-8.558339,17.570232,-2.568271,17.570232,-4.998204,17.570232,-9.073994
17.581251,-6.149597,17.581251,-10.133558,17.581251,-10.168605,17.581251,-11.638138,17.581251,-12.046827,17.581251,-0.949257,17.581251,-8.501829,17.581251,-2.541782,17.581251,-4.984077,17.581251,-9.031611
17.592271,-6.149597,17.592271,-10.133558,17.592271,-10.166160,17.592271,-11.638138,17.592271,-12.028663,17.592271,-0.902637,17.592271,-8.501829,17.592271,-2.511761,17.592271,-4.920503,17.592271,-8.982165
17.603290,-6.149597,17.603290,-10.133558,17.603290,-10.163715,17.603290,-11.616947,17.603290,-12.010500,17.603290,-0.856016,17.603290,-8.459447,17.603290,-2.444655,17.603290,-4.856929,17.603290,-8.989229
17.614309,-6.149597,17.614309,-10.133558,17.614309,-10.161269,17.614309,-11.616947,17.614309,-11.992336,17.614309,-0.809395,17.614309,-8.385277,17.614309,-2.377550,17.614309,-4.842802,17.614309,-9.010420
17.625328,-6.170789,17.625328,-10.133558,17.625328,-10.158824,17.625328,-11.616947,17.625328,-11.974172,17.625328,-0.795268,17.625328,-8.311108,17.625328,-2.356358,17.625328,-4.814547,17.625328,-8.925655
17.636348,-6.170789,17.636348,-10.133558,17.636348,-10.156379,17.636348,-11.616947,17.636348,-11.956008,17.636348,-0.781140,17.636348,-8.311108,17.636348,-2.299848,17.636348,-4.708590,17.636348,-8.904464
17.647367,-6.170789,17.647367,-10.133558,17.647367,-10.153934,17.647367,-11.616947,17.647367,-11.956008,17.647367,-0.767012,17.647367,-8.289916,17.647367,-2.264530,17.647367,-4.701527,17.647367,-8.883272
17.658386,-6.170789,17.658386,-10.133558,17.658386,-10.151489,17.658386,-11.616947,17.658386,-11.956008,17.658386,-0.767012,17.658386,-8.289916,17.658386,-2.229211,17.658386,-4.623825,17.658386,-8.819698
17.669406,-6.191980,17.669406,-10.133558,17.669406,-10.149044,17.669406,-11.616947,17.669406,-11.956008,17.669406,-0.759949,17.669406,-8.268725,17.669406,-2.208019,17.669406,-4.623825,17.669406,-8.819698
17.680425,-6.213171,17.680425,-10.133558,17.680425,-10.146598,17.680425,-11.595756,17.680425,-11.956008,17.680425,-0.703439,17.680425,-8.247534,17.680425,-2.165637,17.680425,-4.549656,17.680425,-8.798507
17.691444,-6.213171,17.691444,-10.133558,17.691444,-10.144153,17.691444,-11.574565,17.691444,-11.952476,17.691444,-0.669003,17.691444,-8.183960,17.691444,-2.169875,17.691444,-4.508450,17.691444,-8.703146
17.702463,-6.213171,17.702463,-10.133558,17.702463,-10.141708,17.702463,-11.574565,17.702463,-11.948944,17.702463,-0.634567,17.702463,-8.162769,17.702463,-2.123254,17.702463,-4.467245,17.702463,-8.685487
17.713483,-6.213171,17.713483,-10.133558,17.713483,-10.139263,17.713483,-11.574565,17.713483,-11.945412,17.713483,-0.600131,17.713483,-8.145816,17.713483,-2.038489,17.713483,-4.426040,17.713483,-8.662883
17.724502,-6.234362,17.724502,-10.165073,17.724502,-10.136818,17.724502,-11.574565,17.724502,-11.941880,17.724502,-0.565695,17.724502,-8.109791,17.724502,-2.038489,17.724502,-4.384835,17.724502,-8.593658
17.735521,-6.255554,17.735521,-10.196588,17.735521,-10.134373,17.735521,-11.595756,17.735521,-11.938348,17.735521,-0.531260,17.735521,-8.078004,17.735521,-1.996107,17.735521,-4.343629,17.735521,-8.580540
17.746540,-6.255554,17.746540,-10.228103,17.746540,-10.131928,17.746540,-11.574565,17.746540,-11.934816,17.746540,-0.496824,17.746540,-8.056812,17.746540,-1.953724,17.746540,-4.302424,17.746540,-8.523021
17.757560,-6.255554,17.757560,-10.259619,17.757560,-10.129482,17.757560,-11.553373,17.757560,-11.934816,17.757560,-0.462388,17.757560,-8.063876,17.757560,-1.890150,17.757560,-4.261219,17.757560,-8.501829
17.768579,-6.255554,17.768579,-10.291134,17.768579,-10.127037,17.768579,-11.574565,17.768579,-11.956008,17.768579,-0.427952,17.768579,-8.035621,17.768579,-1.868959,17.768579,-4.220014,17.768579,-8.480638
17.779598,-6.255554,17.779598,-10.322649,17.779598,-10.124592,17.779598,-11.553373,17.779598,-11.913625,17.779598,-0.385569,17.779598,-7.972047,17.779598,-1.858363,17.779598,-4.178808,17.779598,-8.400111
17.790617,-6.276745,17.790617,-10.354164,17.790617,-10.122147,17.790617,-11.532182,17.790617,-11.913625,17.790617,-0.352723,17.790617,-7.929665,17.790617,-1.805385,17.790617,-4.136426,17.790617,-8.374682
17.801637,-6.276745,17.801637,-10.385680,17.801637,-10.119702,17.801637,-11.510991,17.801637,-11.905552,17.801637,-0.319877,17.801637,-7.908473,17.801637,-1.763003,17.801637,-4.125830,17.801637,-8.332299
17.812656,-6.276745,17.812656,-10.417195,17.812656,-10.117257,17.812656,-11.489800,17.812656,-11.897479,17.812656,-0.287030,17.812656,-7.908473,17.812656,-1.741811,17.812656,-4.115235,17.812656,-8.332299
17.823675,-6.276745,17.823675,-10.448710,17.823675,-10.114812,17.823675,-11.489800,17.823675,-11.889407,17.823675,-0.254184,17.823675,-7.908473,17.823675,-1.703314,17.823675,-4.072852,17.823675,-8.289916
17.834695,-6.297936,17.834695,-10.480225,17.834695,-10.112366,17.834695,-11.489800,17.834695,-11.881334,17.834695,-0.221337,17.834695,-7.899997,17.834695,-1.664816,17.834695,-4.072852,17.834695,-8.258130
17.845714,-6.276745,17.845714,-10.511741,17.845714,-10.109921,17.845714,-11.489800,17.845714,-11.873261,17.845714,-0.188491,17.845714,-7.840661,17.845714,-1.626319,17.845714,-3.966896,17.845714,-8.247534
17.856733,-6.319128,17.856733,-10.543256,17.856733,-10.107476,17.856733,-11.489800,17.856733,-11.865188,17.856733,-0.155644,17.856733,-7.834304,17.856733,-1.587821,17.856733,-3.966896,17.856733,-8.226343
17.867752,-6.340319,17.867752,-10.574771,17.867752,-10.105031,17.867752,-11.489800,17.867752,-11.857115,17.867752,-0.122798,17.867752,-7.767198,17.867752,-1.549324,17.867752,-3.945704,17.867752,-8.141577
17.878772,-6.340319,17.878772,-10.606286,17.878772,-10.102586,17.878772,-11.489800,17.878772,-11.849042,NaN,NaN,17.878772,-7.760134,17.878772,-1.510826,17.878772,-3.945704,17.878772,-8.162769
17.889791,-6.340319,17.889791,-10.637801,17.889791,-10.100141,17.889791,-11.483442,17.889791,-11.840969,NaN,NaN,17.889791,-7.738943,17.889791,-1.472329,17.889791,-3.911798,17.889791,-8.162769
17.900810,-6.347736,17.900810,-10.669317,17.900810,-10.097696,17.900810,-11.477085,17.900810,-11.832896,NaN,NaN,17.900810,-7.712454,17.900810,-1.433831,17.900810,-3.877892,17.900810,-8.183960
17.911829,-6.355153,17.911829,-10.700832,17.911829,-10.095250,17.911829,-11.470727,17.911829,-11.824824,NaN,NaN,17.911829,-7.685965,17.911829,-1.395334,17.911829,-3.843986,17.911829,-8.153233
17.922849,-6.362570,17.922849,-10.732347,17.922849,-10.092805,17.922849,-11.464370,17.922849,-11.816751,NaN,NaN,17.922849,-7.659476,17.922849,-1.356836,17.922849,-3.810080,17.922849,-8.122505
NaN,NaN,NaN,NaN,NaN,NaN,NaN,NaN,NaN,NaN,NaN,NaN,17.933868,-7.632987,17.933868,-1.318339,17.933868,-3.776174,17.933868,-8.091778
