series,x,y
Series_1,0.126731,-0.463977
Series_1,0.137750,-0.462918
Series_1,0.148769,-0.461858
Series_1,0.159789,-0.460799
Series_1,0.170808,-0.459739
Series_1,0.181827,-0.458679
Series_1,0.192846,-0.457620
Series_1,0.203866,-0.456560
Series_1,0.214885,-0.455501
Series_1,0.225904,-0.454441
Series_1,0.236923,-0.453382
Series_1,0.247943,-0.452322
Series_1,0.258962,-0.451262
Series_1,0.269981,-0.450203
Series_1,0.281000,-0.449143
Series_1,0.292020,-0.448084
Series_1,0.303039,-0.447024
Series_1,0.314058,-0.445965
Series_1,0.325078,-0.444905
Series_1,0.336097,-0.443845
Series_1,0.347116,-0.442786
Series_1,0.358135,-0.441726
Series_1,0.369155,-0.440667
Series_1,0.380174,-0.439607
Series_1,0.391193,-0.438548
Series_1,0.402212,-0.437488
Series_1,0.413232,-0.436429
Series_1,0.424251,-0.435369
Series_1,0.435270,-0.434309
Series_1,0.446289,-0.433250
Series_1,0.457309,-0.432190
Series_1,0.468328,-0.431131
Series_1,0.479347,-0.430071
Series_1,0.490367,-0.429012
Series_1,0.501386,-0.427952
Series_1,0.512405,-0.426892
Series_1,0.523424,-0.425833
Series_1,0.534444,-0.424773
Series_1,0.545463,-0.423714
Series_1,0.556482,-0.422654
Series_1,0.567501,-0.421595
Series_1,0.578521,-0.420535
Series_1,0.589540,-0.419476
Series_1,0.600559,-0.418416
Series_1,0.611578,-0.417356
Series_1,0.622598,-0.416297
Series_1,0.633617,-0.415237
Series_1,0.644636,-0.414178
Series_1,0.655656,-0.413118
Series_1,0.666675,-0.412059
Series_1,0.677694,-0.410999
Series_1,0.688713,-0.409939
Series_1,0.699733,-0.408880
Series_1,0.710752,-0.407820
Series_1,0.721771,-0.406761
Series_1,0.732790,-0.405701
Series_1,0.743810,-0.404642
Series_1,0.754829,-0.403582
Series_1,0.765848,-0.402522
Series_1,0.776868,-0.401463
Series_1,0.787887,-0.400403
Series_1,0.798906,-0.399344
Series_1,0.809925,-0.398284
Series_1,0.820945,-0.397225
Series_1,0.831964,-0.396165
Series_1,0.842983,-0.395106
Series_1,0.854002,-0.394046
Series_1,0.865022,-0.392986
Series_1,0.876041,-0.391927
Series_1,0.887060,-0.390867
Series_1,0.898079,-0.389808
Series_1,0.909099,-0.388748
Series_1,0.920118,-0.387689
Series_1,0.931137,-0.386629
Series_1,0.942157,-0.385569
Series_1,0.953176,-0.384510
Series_1,0.964195,-0.383450
Series_1,0.975214,-0.382391
Series_1,0.986234,-0.381331
Series_1,0.997253,-0.380272
Series_1,1.008272,-0.379212
Series_1,1.019291,-0.378153
Series_1,1.030311,-0.377093
Series_1,1.041330,-0.376033
Series_1,1.052349,-0.374974
Series_1,1.063368,-0.373914
Series_1,1.074388,-0.372855
Series_1,1.085407,-0.371795
Series_1,1.096426,-0.370736
Series_1,1.107446,-0.369676
Series_1,1.118465,-0.368616
Series_1,1.129484,-0.367557
Series_1,1.140503,-0.366497
Series_1,1.151523,-0.365438
Series_1,1.162542,-0.364378
Series_1,1.173561,-0.363319
Series_1,1.184580,-0.362259
Series_1,1.195600,-0.361200
Series_1,1.206619,-0.360140
Series_1,1.217638,-0.359080
Series_1,1.228658,-0.358021
Series_1,1.239677,-0.356961
Series_1,1.250696,-0.355902
Series_1,1.261715,-0.354842
Series_1,1.272735,-0.353783
Series_1,1.283754,-0.352723
Series_1,1.294773,-0.351663
Series_1,1.305792,-0.350604
Series_1,1.316812,-0.349544
Series_1,1.327831,-0.348485
Series_1,1.338850,-0.347425
Series_1,1.349869,-0.346366
Series_1,1.360889,-0.345306
Series_1,1.371908,-0.344246
Series_1,1.382927,-0.343187
Series_1,1.393947,-0.342127
Series_1,1.404966,-0.341068
Series_1,1.415985,-0.340008
Series_1,1.427004,-0.338949
Series_1,1.438024,-0.337889
Series_1,1.449043,-0.336830
Series_1,1.460062,-0.335770
Series_1,1.471081,-0.334710
Series_1,1.482101,-0.333651
Series_1,1.493120,-0.332591
Series_1,1.504139,-0.331532
Series_1,1.515158,-0.330472
Series_1,1.526178,-0.329413
Series_1,1.537197,-0.328353
Series_1,1.548216,-0.327293
Series_1,1.559236,-0.326234
Series_1,1.570255,-0.325174
Series_1,1.581274,-0.324115
Series_1,1.592293,-0.323055
Series_1,1.603313,-0.321996
Series_1,1.614332,-0.320936
Series_1,1.625351,-0.319877
Series_1,1.636370,-0.318817
Series_1,1.647390,-0.317757
Series_1,1.658409,-0.316698
Series_1,1.669428,-0.315638
Series_1,1.680448,-0.314579
Series_1,1.691467,-0.313519
Series_1,1.702486,-0.312460
Series_1,1.713505,-0.311400
Series_1,1.724525,-0.310340
Series_1,1.735544,-0.309281
Series_1,1.746563,-0.308221
Series_1,1.757582,-0.307162
Series_1,1.768602,-0.306102
Series_1,1.779621,-0.305043
Series_1,1.790640,-0.303983
Series_1,1.801659,-0.302923
Series_1,1.812679,-0.301864
Series_1,1.823698,-0.300804
Series_1,1.834717,-0.299745
Series_1,1.845737,-0.298685
Series_1,1.856756,-0.297626
Series_1,1.867775,-0.296566
Series_1,1.878794,-0.295507
Series_1,1.889814,-0.294447
Series_1,1.900833,-0.293387
Series_1,1.911852,-0.292328
Series_1,1.922871,-0.291268
Series_1,1.933891,-0.290209
Series_1,1.944910,-0.289149
Series_1,1.955929,-0.288090
Series_1,1.966948,-0.287030
Series_1,1.977968,-0.285970
Series_1,1.988987,-0.284911
Series_1,2.000006,-0.283851
Series_1,2.011026,-0.282792
Series_1,2.022045,-0.281732
Series_1,2.033064,-0.280673
Series_1,2.044083,-0.279613
Series_1,2.055103,-0.279613
Series_1,2.066122,-0.279613
Series_1,2.077141,-0.300804
Series_1,2.088160,-0.300804
Series_1,2.099180,-0.300804
Series_1,2.110199,-0.300804
Series_1,2.121218,-0.300804
Series_1,2.132237,-0.300804
Series_1,2.143257,-0.300804
Series_1,2.154276,-0.300804
Series_1,2.165295,-0.300804
Series_1,2.176315,-0.279613
Series_1,2.187334,-0.279613
Series_1,2.198353,-0.279613
Series_1,2.209372,-0.279613
Series_1,2.220392,-0.300804
Series_1,2.231411,-0.300804
Series_1,2.242430,-0.279613
Series_1,2.253449,-0.258422
Series_1,2.264469,-0.258422
Series_1,2.275488,-0.279613
Series_1,2.286507,-0.279613
Series_1,2.297527,-0.279613
Series_1,2.308546,-0.279613
Series_1,2.319565,-0.279613
Series_1,2.330584,-0.279613
Series_1,2.341604,-0.321996
Series_1,2.352623,-0.321996
Series_1,2.363642,-0.321996
Series_1,2.374661,-0.343187
Series_1,2.385681,-0.343187
Series_1,2.396700,-0.385569
Series_1,2.407719,-0.364378
Series_1,2.418738,-0.364378
Series_1,2.429758,-0.364378
Series_1,2.440777,-0.364378
Series_1,2.451796,-0.364378
Series_1,2.462816,-0.364378
Series_1,2.473835,-0.364378
Series_1,2.484854,-0.385569
Series_1,2.495873,-0.385569
Series_1,2.506893,-0.385569
Series_1,2.517912,-0.385569
Series_1,2.528931,-0.406761
Series_1,2.539950,-0.406761
Series_1,2.550970,-0.406761
Series_1,2.561989,-0.406761
Series_1,2.573008,-0.427952
Series_1,2.584027,-0.427952
Series_1,2.595047,-0.427952
Series_1,2.606066,-0.427952
Series_1,2.617085,-0.427952
Series_1,2.628105,-0.427952
Series_1,2.639124,-0.449143
Series_1,2.650143,-0.470335
Series_1,2.661162,-0.470335
Series_1,2.672182,-0.470335
Series_1,2.683201,-0.470335
Series_1,2.694220,-0.491526
Series_1,2.705239,-0.491526
Series_1,2.716259,-0.512717
Series_1,2.727278,-0.512717
Series_1,2.738297,-0.512717
Series_1,2.749317,-0.512717
Series_1,2.760336,-0.512717
Series_1,2.771355,-0.512717
Series_1,2.782374,-0.512717
Series_1,2.793394,-0.512717
Series_1,2.804413,-0.512717
Series_1,2.815432,-0.533908
Series_1,2.826451,-0.533908
Series_1,2.837471,-0.555100
Series_1,2.848490,-0.555100
Series_1,2.859509,-0.555100
Series_1,2.870528,-0.555100
Series_1,2.881548,-0.555100
Series_1,2.892567,-0.555100
Series_1,2.903586,-0.576291
Series_1,2.914606,-0.597482
Series_1,2.925625,-0.597482
Series_1,2.936644,-0.597482
Series_1,2.947663,-0.597482
Series_1,2.958683,-0.597482
Series_1,2.969702,-0.618674
Series_1,2.980721,-0.618674
Series_1,2.991740,-0.618674
Series_1,3.002760,-0.639865
Series_1,3.013779,-0.661056
Series_1,3.024798,-0.661056
Series_1,3.035817,-0.661056
Series_1,3.046837,-0.682247
Series_1,3.057856,-0.703439
Series_1,3.068875,-0.703439
Series_1,3.079895,-0.703439
Series_1,3.090914,-0.703439
Series_1,3.101933,-0.703439
Series_1,3.112952,-0.745821
Series_1,3.123972,-0.745821
Series_1,3.134991,-0.767012
Series_1,3.146010,-0.767012
Series_1,3.157029,-0.767012
Series_1,3.168049,-0.767012
Series_1,3.179068,-0.767012
Series_1,3.190087,-0.767012
Series_1,3.201107,-0.767012
Series_1,3.212126,-0.767012
Series_1,3.223145,-0.767012
Series_1,3.234164,-0.767012
Series_1,3.245184,-0.788204
Series_1,3.256203,-0.809395
Series_1,3.267222,-0.809395
Series_1,3.278241,-0.809395
Series_1,3.289261,-0.830586
Series_1,3.300280,-0.830586
Series_1,3.311299,-0.830586
Series_1,3.322318,-0.830586
Series_1,3.333338,-0.851778
Series_1,3.344357,-0.851778
Series_1,3.355376,-0.851778
Series_1,3.366396,-0.851778
Series_1,3.377415,-0.851778
Series_1,3.388434,-0.872969
Series_1,3.399453,-0.894160
Series_1,3.410473,-0.894160
Series_1,3.421492,-0.915351
Series_1,3.432511,-0.915351
Series_1,3.443530,-0.936543
Series_1,3.454550,-0.957734
Series_1,3.465569,-0.978925
Series_1,3.476588,-0.978925
Series_1,3.487607,-0.978925
Series_1,3.498627,-0.978925
Series_1,3.509646,-0.978925
Series_1,3.520665,-1.000117
Series_1,3.531685,-1.000117
Series_1,3.542704,-1.000117
Series_1,3.553723,-1.000117
Series_1,3.564742,-1.021308
Series_1,3.575762,-1.021308
Series_1,3.586781,-1.042499
Series_1,3.597800,-1.042499
Series_1,3.608819,-1.063690
Series_1,3.619839,-1.063690
Series_1,3.630858,-1.084882
Series_1,3.641877,-1.084882
Series_1,3.652896,-1.106073
Series_1,3.663916,-1.106073
Series_1,3.674935,-1.127264
Series_1,3.685954,-1.127264
Series_1,3.696974,-1.127264
Series_1,3.707993,-1.148456
Series_1,3.719012,-1.148456
Series_1,3.730031,-1.148456
Series_1,3.741051,-1.148456
Series_1,3.752070,-1.169647
Series_1,3.763089,-1.190838
Series_1,3.774108,-1.212029
Series_1,3.785128,-1.233221
Series_1,3.796147,-1.233221
Series_1,3.807166,-1.233221
Series_1,3.818186,-1.268539
Series_1,3.829205,-1.275603
Series_1,3.840224,-1.275603
Series_1,3.851243,-1.275603
Series_1,3.862263,-1.275603
Series_1,3.873282,-1.275603
Series_1,3.884301,-1.296794
Series_1,3.895320,-1.339177
Series_1,3.906340,-1.360368
Series_1,3.917359,-1.339177
Series_1,3.928378,-1.360368
Series_1,3.939397,-1.360368
Series_1,3.950417,-1.360368
Series_1,3.961436,-1.402751
Series_1,3.972455,-1.402751
Series_1,3.983475,-1.423942
Series_1,3.994494,-1.445133
Series_1,4.005513,-1.466325
Series_1,4.016532,-1.466325
Series_1,4.027552,-1.487516
Series_1,4.038571,-1.487516
Series_1,4.049590,-1.487516
Series_1,4.060609,-1.508707
Series_1,4.071629,-1.529899
Series_1,4.082648,-1.551090
Series_1,4.093667,-1.551090
Series_1,4.104686,-1.551090
Series_1,4.115706,-1.551090
Series_1,4.126725,-1.572281
Series_1,4.137744,-1.572281
Series_1,4.148764,-1.607600
Series_1,4.159783,-1.635855
Series_1,4.170802,-1.657046
Series_1,4.181821,-1.657046
Series_1,4.192841,-1.678237
Series_1,4.203860,-1.699429
Series_1,4.214879,-1.699429
Series_1,4.225898,-1.699429
Series_1,4.236918,-1.720620
Series_1,4.247937,-1.741811
Series_1,4.258956,-1.741811
Series_1,4.269976,-1.741811
Series_1,4.280995,-1.741811
Series_1,4.292014,-1.784194
Series_1,4.303033,-1.784194
Series_1,4.314053,-1.805385
Series_1,4.325072,-1.805385
Series_1,4.336091,-1.847768
Series_1,4.347110,-1.847768
Series_1,4.358130,-1.868959
Series_1,4.369149,-1.868959
Series_1,4.380168,-1.890150
Series_1,4.391187,-1.890150
Series_1,4.402207,-1.890150
Series_1,4.413226,-1.932533
Series_1,4.424245,-1.932533
Series_1,4.435265,-1.932533
Series_1,4.446284,-1.953724
Series_1,4.457303,-1.953724
Series_1,4.468322,-1.974915
Series_1,4.479342,-1.996107
Series_1,4.490361,-2.038489
Series_1,4.501380,-2.038489
Series_1,4.512399,-2.059680
Series_1,4.523419,-2.059680
Series_1,4.534438,-2.102063
Series_1,4.545457,-2.102063
Series_1,4.556476,-2.102063
Series_1,4.567496,-2.123254
Series_1,4.578515,-2.144446
Series_1,4.589534,-2.144446
Series_1,4.600554,-2.208019
Series_1,4.611573,-2.208019
Series_1,4.622592,-2.229211
Series_1,4.633611,-2.229211
Series_1,4.644631,-2.250402
Series_1,4.655650,-2.271593
Series_1,4.666669,-2.292785
Series_1,4.677688,-2.313976
Series_1,4.688708,-2.335167
Series_1,4.699727,-2.335167
Series_1,4.710746,-2.335167
Series_1,4.721765,-2.356358
Series_1,4.732785,-2.377550
Series_1,4.743804,-2.419932
Series_1,4.754823,-2.419932
Series_1,4.765843,-2.462315
Series_1,4.776862,-2.483506
Series_1,4.787881,-2.483506
Series_1,4.798900,-2.483506
Series_1,4.809920,-2.525889
Series_1,4.820939,-2.568271
Series_1,4.831958,-2.568271
Series_1,4.842977,-2.568271
Series_1,4.853997,-2.589462
Series_1,4.865016,-2.610654
Series_1,4.876035,-2.631845
Series_1,4.887055,-2.653036
Series_1,4.898074,-2.674228
Series_1,4.909093,-2.695419
Series_1,4.920112,-2.716610
Series_1,4.931132,-2.737801
Series_1,4.942151,-2.737801
Series_1,4.953170,-2.822567
Series_1,4.964189,-2.822567
Series_1,4.975209,-2.822567
Series_1,4.986228,-2.843758
Series_1,4.997247,-2.843758
Series_1,5.008266,-2.886140
Series_1,5.019286,-2.886140
Series_1,5.030305,-2.907332
Series_1,5.041324,-2.928523
Series_1,5.052344,-2.939119
Series_1,5.063363,-2.949714
Series_1,5.074382,-2.970905
Series_1,5.085401,-2.992097
Series_1,5.096421,-3.013288
Series_1,5.107440,-3.013288
Series_1,5.118459,-3.013288
Series_1,5.129478,-3.034479
Series_1,5.140498,-3.034479
Series_1,5.151517,-3.034479
Series_1,5.162536,-3.098053
Series_1,5.173555,-3.098053
Series_1,5.184575,-3.119244
Series_1,5.195594,-3.140436
Series_1,5.206613,-3.119244
Series_1,5.217633,-3.161627
Series_1,5.228652,-3.161627
Series_1,5.239671,-3.182818
Series_1,5.250690,-3.204010
Series_1,5.261710,-3.225201
Series_1,5.272729,-3.246392
Series_1,5.283748,-3.246392
Series_1,5.294767,-3.267583
Series_1,5.305787,-3.288775
Series_1,5.316806,-3.309966
Series_1,5.327825,-3.331157
Series_1,5.338845,-3.331157
Series_1,5.349864,-3.373540
Series_1,5.360883,-3.373540
Series_1,5.371902,-3.373540
Series_1,5.382922,-3.373540
Series_1,5.393941,-3.415922
Series_1,5.404960,-3.437114
Series_1,5.415979,-3.458305
Series_1,5.426999,-3.479496
Series_1,5.438018,-3.500687
Series_1,5.449037,-3.500687
Series_1,5.460056,-3.521879
Series_1,5.471076,-3.543070
Series_1,5.482095,-3.585453
Series_1,5.493114,-3.585453
Series_1,5.504134,-3.585453
Series_1,5.515153,-3.606644
Series_1,5.526172,-3.627835
Series_1,5.537191,-3.627835
Series_1,5.548211,-3.670218
Series_1,5.559230,-3.670218
Series_1,5.570249,-3.691409
Series_1,5.581268,-3.691409
Series_1,5.592288,-3.691409
Series_1,5.603307,-3.733792
Series_1,5.614326,-3.754983
Series_1,5.625345,-3.754983
Series_1,5.636365,-3.776174
Series_1,5.647384,-3.776174
Series_1,5.658403,-3.797365
Series_1,5.669423,-3.818557
Series_1,5.680442,-3.839748
Series_1,5.691461,-3.839748
Series_1,5.702480,-3.860939
Series_1,5.713500,-3.903322
Series_1,5.724519,-3.903322
Series_1,5.735538,-3.903322
Series_1,5.746557,-3.945704
Series_1,5.757577,-3.945704
Series_1,5.768596,-3.945704
Series_1,5.779615,-3.966896
Series_1,5.790635,-3.966896
Series_1,5.801654,-3.988087
Series_1,5.812673,-4.009278
Series_1,5.823692,-4.030469
Series_1,5.834712,-4.072852
Series_1,5.845731,-4.072852
Series_1,5.856750,-4.072852
Series_1,5.867769,-4.094043
Series_1,5.878789,-4.136426
Series_1,5.889808,-4.157617
Series_1,5.900827,-4.157617
Series_1,5.911846,-4.157617
Series_1,5.922866,-4.200000
Series_1,5.933885,-4.221191
Series_1,5.944904,-4.221191
Series_1,5.955924,-4.263573
Series_1,5.966943,-4.295360
Series_1,5.977962,-4.327147
Series_1,5.988981,-4.305956
Series_1,6.000001,-4.284765
Series_1,6.011020,-4.327147
Series_1,6.022039,-4.348339
Series_1,6.033058,-4.348339
Series_1,6.044078,-4.390721
Series_1,6.055097,-4.390721
Series_1,6.066116,-4.390721
Series_1,6.077135,-4.390721
Series_1,6.088155,-4.411912
Series_1,6.099174,-4.433104
Series_1,6.110193,-4.433104
Series_1,6.121213,-4.454295
Series_1,6.132232,-4.454295
Series_1,6.143251,-4.496678
Series_1,6.154270,-4.517869
Series_1,6.165290,-4.539060
Series_1,6.176309,-4.560251
Series_1,6.187328,-4.581443
Series_1,6.198347,-4.581443
Series_1,6.209367,-4.602634
Series_1,6.220386,-4.623825
Series_1,6.231405,-4.628063
Series_1,6.242424,-4.623825
Series_1,6.253444,-4.645017
Series_1,6.264463,-4.645017
Series_1,6.275482,-4.645017
Series_1,6.286502,-4.687399
Series_1,6.297521,-4.687399
Series_1,6.308540,-4.729782
Series_1,6.319559,-4.750973
Series_1,6.330579,-4.750973
Series_1,6.341598,-4.772164
Series_1,6.352617,-4.793355
Series_1,6.363636,-4.814547
Series_1,6.374656,-4.856929
Series_1,6.385675,-4.856929
Series_1,6.396694,-4.878121
Series_1,6.407714,-4.899312
Series_1,6.418733,-4.920503
Series_1,6.429752,-4.920503
Series_1,6.440771,-4.899312
Series_1,6.451791,-4.920503
Series_1,6.462810,-4.941694
Series_1,6.473829,-4.962886
Series_1,6.484848,-4.962886
Series_1,6.495868,-4.973481
Series_1,6.506887,-4.984077
Series_1,6.517906,-5.005268
Series_1,6.528925,-5.026460
Series_1,6.539945,-5.047651
Series_1,6.550964,-5.047651
Series_1,6.561983,-5.047651
Series_1,6.573003,-5.047651
Series_1,6.584022,-5.068842
Series_1,6.595041,-5.068842
Series_1,6.606060,-5.090033
Series_1,6.617080,-5.111225
Series_1,6.628099,-5.111225
Series_1,6.639118,-5.132416
Series_1,6.650137,-5.132416
Series_1,6.661157,-5.132416
Series_1,6.672176,-5.132416
Series_1,6.683195,-5.132416
Series_1,6.694214,-5.174798
Series_1,6.705234,-5.195990
Series_1,6.716253,-5.195990
Series_1,6.727272,-5.195990
Series_1,6.738292,-5.195990
Series_1,6.749311,-5.217181
Series_1,6.760330,-5.217181
Series_1,6.771349,-5.217181
Series_1,6.782369,-5.217181
Series_1,6.793388,-5.238372
Series_1,6.804407,-5.255325
Series_1,6.815426,-5.272278
Series_1,6.826446,-5.289231
Series_1,6.837465,-5.306184
Series_1,6.848484,-5.323137
Series_1,6.859504,-5.323137
Series_1,6.870523,-5.323137
Series_1,6.881542,-5.323137
Series_1,6.892561,-5.344329
Series_1,6.903581,-5.386711
Series_1,6.914600,-5.386711
Series_1,6.925619,-5.386711
Series_1,6.936638,-5.386711
Series_1,6.947658,-5.407903
Series_1,6.958677,-5.429094
Series_1,6.969696,-5.429094
Series_1,6.980715,-5.429094
Series_1,6.991735,-5.429094
Series_1,7.002754,-5.429094
Series_1,7.013773,-5.450285
Series_1,7.024793,-5.471476
Series_1,7.035812,-5.471476
Series_1,7.046831,-5.471476
Series_1,7.057850,-5.492668
Series_1,7.068870,-5.513859
Series_1,7.079889,-5.513859
Series_1,7.090908,-5.513859
Series_1,7.101927,-5.556241
Series_1,7.112947,-5.556241
Series_1,7.123966,-5.556241
Series_1,7.134985,-5.556241
Series_1,7.146004,-5.577433
Series_1,7.157024,-5.577433
Series_1,7.168043,-5.577433
Series_1,7.179062,-5.577433
Series_1,7.190082,-5.577433
Series_1,7.201101,-5.577433
Series_1,7.212120,-5.577433
Series_1,7.223139,-5.598624
Series_1,7.234159,-5.598624
Series_1,7.245178,-5.598624
Series_1,7.256197,-5.641007
Series_1,7.267216,-5.619815
Series_1,7.278236,-5.619815
Series_1,7.289255,-5.598624
Series_1,7.300274,-5.641007
Series_1,7.311294,-5.641007
Series_1,7.322313,-5.641007
Series_1,7.333332,-5.641007
Series_1,7.344351,-5.641007
Series_1,7.355371,-5.641007
Series_1,7.366390,-5.641007
Series_1,7.377409,-5.641007
Series_1,7.388428,-5.641007
Series_1,7.399448,-5.655134
Series_1,7.410467,-5.669262
Series_1,7.421486,-5.683389
Series_1,7.432505,-5.683389
Series_1,7.443525,-5.683389
Series_1,7.454544,-5.683389
Series_1,7.465563,-5.687627
Series_1,7.476583,-5.691866
Series_1,7.487602,-5.696104
Series_1,7.498621,-5.700342
Series_1,7.509640,-5.704580
Series_1,7.520660,-5.704580
Series_1,7.531679,-5.704580
Series_1,7.542698,-5.704580
Series_1,7.553717,-5.725772
Series_1,7.564737,-5.725772
Series_1,7.575756,-5.725772
Series_1,7.586775,-5.725772
Series_1,7.597794,-5.725772
Series_1,7.608814,-5.725772
Series_1,7.619833,-5.725772
Series_1,7.630852,-5.725772
Series_1,7.641872,-5.725772
Series_1,7.652891,-5.725772
Series_1,7.663910,-5.725772
Series_1,7.674929,-5.725772
Series_1,7.685949,-5.746963
Series_1,7.696968,-5.746963
Series_1,7.707987,-5.746963
Series_1,7.719006,-5.746963
Series_1,7.730026,-5.746963
Series_1,7.741045,-5.746963
Series_1,7.752064,-5.746963
Series_1,7.763083,-5.746963
Series_1,7.774103,-5.746963
Series_1,7.785122,-5.746963
Series_1,7.796141,-5.746963
Series_1,7.807161,-5.746963
Series_1,7.818180,-5.746963
Series_1,7.829199,-5.746963
Series_1,7.840218,-5.746963
Series_1,7.851238,-5.746963
Series_1,7.862257,-5.768154
Series_1,7.873276,-5.768154
Series_1,7.884295,-5.768154
Series_1,7.895315,-5.768154
Series_1,7.906334,-5.768154
Series_1,7.917353,-5.768154
Series_1,7.928373,-5.768154
Series_1,7.939392,-5.768154
Series_1,7.950411,-5.768154
Series_1,7.961430,-5.768154
Series_1,7.972450,-5.768154
Series_1,7.983469,-5.768154
Series_1,7.994488,-5.768154
Series_1,8.005507,-5.768154
Series_1,8.016527,-5.768154
Series_1,8.027546,-5.768154
Series_1,8.038565,-5.768154
Series_1,8.049584,-5.768154
Series_1,8.060604,-5.768154
Series_1,8.071623,-5.768154
Series_1,8.082642,-5.768154
Series_1,8.093662,-5.768154
Series_1,8.104681,-5.768154
Series_1,8.115700,-5.768154
Series_1,8.126719,-5.768154
Series_1,8.137739,-5.768154
Series_1,8.148758,-5.768154
Series_1,8.159777,-5.768154
Series_1,8.170796,-5.768154
Series_1,8.181816,-5.768154
Series_1,8.192835,-5.768154
Series_1,8.203854,-5.768154
Series_1,8.214873,-5.768154
Series_1,8.225893,-5.768154
Series_1,8.236912,-5.768154
Series_1,8.247931,-5.768154
Series_1,8.258951,-5.768154
Series_1,8.269970,-5.768154
Series_1,8.280989,-5.768154
Series_1,8.292008,-5.768154
Series_1,8.303028,-5.768154
Series_1,8.314047,-5.768154
Series_1,8.325066,-5.768154
Series_1,8.336085,-5.768154
Series_1,8.347105,-5.768154
Series_1,8.358124,-5.768154
Series_1,8.369143,-5.768154
Series_1,8.380163,-5.768154
Series_1,8.391182,-5.768154
Series_1,8.402201,-5.768154
Series_1,8.413220,-5.768154
Series_1,8.424240,-5.768154
Series_1,8.435259,-5.746963
Series_1,8.446278,-5.746963
Series_1,8.457297,-5.746963
Series_1,8.468317,-5.746963
Series_1,8.479336,-5.746963
Series_1,8.490355,-5.746963
Series_1,8.501374,-5.746963
Series_1,8.512394,-5.746963
Series_1,8.523413,-5.746963
Series_1,8.534432,-5.746963
Series_1,8.545452,-5.746963
Series_1,8.556471,-5.746963
Series_1,8.567490,-5.746963
Series_1,8.578509,-5.746963
Series_1,8.589529,-5.746963
Series_1,8.600548,-5.746963
Series_1,8.611567,-5.725772
Series_1,8.622586,-5.725772
Series_1,8.633606,-5.725772
Series_1,8.644625,-5.725772
Series_1,8.655644,-5.725772
Series_1,8.666663,-5.725772
Series_1,8.677683,-5.725772
Series_1,8.688702,-5.725772
Series_1,8.699721,-5.725772
Series_1,8.710741,-5.725772
Series_1,8.721760,-5.725772
Series_1,8.732779,-5.725772
Series_1,8.743798,-5.725772
Series_1,8.754818,-5.725772
Series_1,8.765837,-5.725772
Series_1,8.776856,-5.704580
Series_1,8.787875,-5.725772
Series_1,8.798895,-5.725772
Series_1,8.809914,-5.704580
Series_1,8.820933,-5.683389
Series_1,8.831953,-5.704580
Series_1,8.842972,-5.704580
Series_1,8.853991,-5.704580
Series_1,8.865010,-5.704580
Series_1,8.876030,-5.704580
Series_1,8.887049,-5.704580
Series_1,8.898068,-5.704580
Series_1,8.909087,-5.683389
Series_1,8.920107,-5.641007
Series_1,8.931126,-5.641007
Series_1,8.942145,-5.641007
Series_1,8.953164,-5.641007
Series_1,8.964184,-5.641007
Series_1,8.975203,-5.641007
Series_1,8.986222,-5.641007
Series_1,8.997242,-5.641007
Series_1,9.008261,-5.641007
Series_1,9.019280,-5.641007
Series_1,9.030299,-5.641007
Series_1,9.041319,-5.641007
Series_1,9.052338,-5.641007
Series_1,9.063357,-5.641007
Series_1,9.074376,-5.641007
Series_1,9.085396,-5.641007
Series_1,9.096415,-5.619815
Series_1,9.107434,-5.619815
Series_1,9.118453,-5.619815
Series_1,9.129473,-5.619815
Series_1,9.140492,-5.619815
Series_1,9.151511,-5.619815
Series_1,9.162531,-5.619815
Series_1,9.173550,-5.619815
Series_1,9.184569,-5.619815
Series_1,9.195588,-5.619815
Series_1,9.206608,-5.619815
Series_1,9.217627,-5.619815
Series_1,9.228646,-5.619815
Series_1,9.239665,-5.619815
Series_1,9.250685,-5.619815
Series_1,9.261704,-5.619815
Series_1,9.272723,-5.619815
Series_1,9.283742,-5.619815
Series_1,9.294762,-5.619815
Series_1,9.305781,-5.619815
Series_1,9.316800,-5.556241
Series_1,9.327820,-5.556241
Series_1,9.338839,-5.556241
Series_1,9.349858,-5.556241
Series_1,9.360877,-5.556241
Series_1,9.371897,-5.556241
Series_1,9.382916,-5.556241
Series_1,9.393935,-5.556241
Series_1,9.404954,-5.556241
Series_1,9.415974,-5.556241
Series_1,9.426993,-5.556241
Series_1,9.438012,-5.556241
Series_1,9.449032,-5.556241
Series_1,9.460051,-5.556241
Series_1,9.471070,-5.556241
Series_1,9.482089,-5.556241
Series_1,9.493109,-5.556241
Series_1,9.504128,-5.556241
Series_1,9.515147,-5.556241
Series_1,9.526166,-5.556241
Series_1,9.537186,-5.556241
Series_1,9.548205,-5.556241
Series_1,9.559224,-5.556241
Series_1,9.570243,-5.556241
Series_1,9.581263,-5.513859
Series_1,9.592282,-5.506795
Series_1,9.603301,-5.471476
Series_1,9.614321,-5.492668
Series_1,9.625340,-5.492668
Series_1,9.636359,-5.492668
Series_1,9.647378,-5.492668
Series_1,9.658398,-5.492668
Series_1,9.669417,-5.471476
Series_1,9.680436,-5.471476
Series_1,9.691455,-5.471476
Series_1,9.702475,-5.471476
Series_1,9.713494,-5.471476
Series_1,9.724513,-5.492668
Series_1,9.735532,-5.471476
Series_1,9.746552,-5.471476
Series_1,9.757571,-5.450285
Series_1,9.768590,-5.450285
Series_1,9.779610,-5.450285
Series_1,9.790629,-5.450285
Series_1,9.801648,-5.429094
Series_1,9.812667,-5.429094
Series_1,9.823687,-5.429094
Series_1,9.834706,-5.429094
Series_1,9.845725,-5.429094
Series_1,9.856744,-5.429094
Series_1,9.867764,-5.429094
Series_1,9.878783,-5.429094
Series_1,9.889802,-5.429094
Series_1,9.900822,-5.429094
Series_1,9.911841,-5.429094
Series_1,9.922860,-5.407903
Series_1,9.933879,-5.407903
Series_1,9.944899,-5.407903
Series_1,9.955918,-5.407903
Series_1,9.966937,-5.407903
Series_1,9.977956,-5.407903
Series_1,9.988976,-5.407903
Series_1,9.999995,-5.386711
Series_1,10.011014,-5.386711
Series_1,10.022033,-5.365520
Series_1,10.033053,-5.365520
Series_1,10.044072,-5.365520
Series_1,10.055091,-5.344329
Series_1,10.066111,-5.344329
Series_1,10.077130,-5.344329
Series_1,10.088149,-5.344329
Series_1,10.099168,-5.344329
Series_1,10.110188,-5.344329
Series_1,10.121207,-5.344329
Series_1,10.132226,-5.344329
Series_1,10.143245,-5.344329
Series_1,10.154265,-5.344329
Series_1,10.165284,-5.344329
Series_1,10.176303,-5.344329
Series_1,10.187322,-5.344329
Series_1,10.198342,-5.323137
Series_1,10.209361,-5.323137
Series_1,10.220380,-5.301946
Series_1,10.231400,-5.280755
Series_1,10.242419,-5.280755
Series_1,10.253438,-5.280755
Series_1,10.264457,-5.280755
Series_1,10.275477,-5.280755
Series_1,10.286496,-5.280755
Series_1,10.297515,-5.280755
Series_1,10.308534,-5.280755
Series_1,10.319554,-5.259564
Series_1,10.330573,-5.238372
Series_1,10.341592,-5.217181
Series_1,10.352612,-5.217181
Series_1,10.363631,-5.217181
Series_1,10.374650,-5.217181
Series_1,10.385669,-5.217181
Series_1,10.396689,-5.217181
Series_1,10.407708,-5.217181
Series_1,10.418727,-5.217181
Series_1,10.429746,-5.217181
Series_1,10.440766,-5.217181
Series_1,10.451785,-5.217181
Series_1,10.462804,-5.217181
Series_1,10.473823,-5.217181
Series_1,10.484843,-5.217181
Series_1,10.495862,-5.217181
Series_1,10.506881,-5.217181
Series_1,10.517901,-5.217181
Series_1,10.528920,-5.217181
Series_1,10.539939,-5.217181
Series_1,10.550958,-5.217181
Series_1,10.561978,-5.217181
Series_1,10.572997,-5.217181
Series_1,10.584016,-5.217181
Series_1,10.595035,-5.217181
Series_1,10.606055,-5.217181
Series_1,10.617074,-5.217181
Series_1,10.628093,-5.217181
Series_1,10.639112,-5.195990
Series_1,10.650132,-5.195990
Series_1,10.661151,-5.195990
Series_1,10.672170,-5.195990
Series_1,10.683190,-5.195990
Series_1,10.694209,-5.195990
Series_1,10.705228,-5.195990
Series_1,10.716247,-5.195990
Series_1,10.727267,-5.195990
Series_1,10.738286,-5.174798
Series_1,10.749305,-5.174798
Series_1,10.760324,-5.174798
Series_1,10.771344,-5.153607
Series_1,10.782363,-5.153607
Series_1,10.793382,-5.153607
Series_1,10.804401,-5.153607
Series_1,10.815421,-5.132416
Series_1,10.826440,-5.132416
Series_1,10.837459,-5.132416
Series_1,10.848479,-5.132416
Series_1,10.859498,-5.132416
Series_1,10.870517,-5.132416
Series_1,10.881536,-5.132416
Series_1,10.892556,-5.132416
Series_1,10.903575,-5.132416
Series_1,10.914594,-5.132416
Series_1,10.925613,-5.132416
Series_1,10.936633,-5.132416
Series_1,10.947652,-5.132416
Series_1,10.958671,-5.132416
Series_1,10.969691,-5.132416
Series_1,10.980710,-5.132416
Series_1,10.991729,-5.132416
Series_1,11.002748,-5.132416
Series_1,11.013768,-5.132416
Series_1,11.024787,-5.132416
Series_1,11.035806,-5.121820
Series_1,11.046825,-5.111225
Series_1,11.057845,-5.111225
Series_1,11.068864,-5.090033
Series_1,11.079883,-5.090033
Series_1,11.090902,-5.068842
Series_1,11.101922,-5.068842
Series_1,11.112941,-5.068842
Series_1,11.123960,-5.068842
Series_1,11.134980,-5.068842
Series_1,11.145999,-5.068842
Series_1,11.157018,-5.068842
Series_1,11.168037,-5.068842
Series_1,11.179057,-5.068842
Series_1,11.190076,-5.068842
Series_1,11.201095,-5.068842
Series_1,11.212114,-5.068842
Series_1,11.223134,-5.068842
Series_1,11.234153,-5.047651
Series_1,11.245172,-5.047651
Series_1,11.256191,-5.047651
Series_1,11.267211,-5.047651
Series_1,11.278230,-5.047651
Series_1,11.289249,-5.047651
Series_1,11.300269,-5.047651
Series_1,11.311288,-5.047651
Series_1,11.322307,-5.026460
Series_1,11.333326,-5.026460
Series_1,11.344346,-5.026460
Series_1,11.355365,-5.005268
Series_1,11.366384,-5.005268
Series_1,11.377403,-5.005268
Series_1,11.388423,-4.998204
Series_1,11.399442,-5.005268
Series_1,11.410461,-4.984077
Series_1,11.421481,-4.984077
Series_1,11.432500,-4.984077
Series_1,11.443519,-4.984077
Series_1,11.454538,-4.984077
Series_1,11.465558,-4.984077
Series_1,11.476577,-4.984077
Series_1,11.487596,-4.984077
Series_1,11.498615,-4.962886
Series_1,11.509635,-4.962886
Series_1,11.520654,-4.962886
Series_1,11.531673,-4.962886
Series_1,11.542692,-4.962886
Series_1,11.553712,-4.941694
Series_1,11.564731,-4.941694
Series_1,11.575750,-4.941694
Series_1,11.586770,-4.941694
Series_1,11.597789,-4.941694
Series_1,11.608808,-4.920503
Series_1,11.619827,-4.920503
Series_1,11.630847,-4.920503
Series_1,11.641866,-4.920503
Series_1,11.652885,-4.920503
Series_1,11.663904,-4.899312
Series_1,11.674924,-4.899312
Series_1,11.685943,-4.899312
Series_1,11.696962,-4.899312
Series_1,11.707981,-4.899312
Series_1,11.719001,-4.899312
Series_1,11.730020,-4.899312
Series_1,11.741039,-4.878121
Series_1,11.752059,-4.878121
Series_1,11.763078,-4.878121
Series_1,11.774097,-4.878121
Series_1,11.785116,-4.878121
Series_1,11.796136,-4.878121
Series_1,11.807155,-4.856929
Series_1,11.818174,-4.835738
Series_1,11.829193,-4.814547
Series_1,11.840213,-4.793355
Series_1,11.851232,-4.793355
Series_1,11.862251,-4.772164
Series_1,11.873271,-4.793355
Series_1,11.884290,-4.772164
Series_1,11.895309,-4.772164
Series_1,11.906328,-4.750973
Series_1,11.917348,-4.729782
Series_1,11.928367,-4.729782
Series_1,11.939386,-4.729782
Series_1,11.950405,-4.729782
Series_1,11.961425,-4.708590
Series_1,11.972444,-4.708590
Series_1,11.983463,-4.687399
Series_1,11.994482,-4.687399
Series_1,12.005502,-4.687399
Series_1,12.016521,-4.666208
Series_1,12.027540,-4.645017
Series_1,12.038560,-4.645017
Series_1,12.049579,-4.645017
Series_1,12.060598,-4.645017
Series_1,12.071617,-4.645017
Series_1,12.082637,-4.645017
Series_1,12.093656,-4.623825
Series_1,12.104675,-4.623825
Series_1,12.115694,-4.623825
Series_1,12.126714,-4.623825
Series_1,12.137733,-4.623825
Series_1,12.148752,-4.623825
Series_1,12.159771,-4.623825
Series_1,12.170791,-4.623825
Series_1,12.181810,-4.623825
Series_1,12.192829,-4.623825
Series_1,12.203849,-4.623825
Series_1,12.214868,-4.623825
Series_1,12.225887,-4.602634
Series_1,12.236906,-4.602634
Series_1,12.247926,-4.602634
Series_1,12.258945,-4.602634
Series_1,12.269964,-4.581443
Series_1,12.280983,-4.581443
Series_1,12.292003,-4.581443
Series_1,12.303022,-4.581443
Series_1,12.314041,-4.560251
Series_1,12.325060,-4.560251
Series_1,12.336080,-4.539060
Series_1,12.347099,-4.539060
Series_1,12.358118,-4.517869
Series_1,12.369138,-4.517869
Series_1,12.380157,-4.517869
Series_1,12.391176,-4.517869
Series_1,12.402195,-4.517869
Series_1,12.413215,-4.517869
Series_1,12.424234,-4.496678
Series_1,12.435253,-4.496678
Series_1,12.446272,-4.496678
Series_1,12.457292,-4.496678
Series_1,12.468311,-4.496678
Series_1,12.479330,-4.496678
Series_1,12.490350,-4.496678
Series_1,12.501369,-4.496678
Series_1,12.512388,-4.496678
Series_1,12.523407,-4.475486
Series_1,12.534427,-4.475486
Series_1,12.545446,-4.454295
Series_1,12.556465,-4.433104
Series_1,12.567484,-4.433104
Series_1,12.578504,-4.433104
Series_1,12.589523,-4.433104
Series_1,12.600542,-4.433104
Series_1,12.611561,-4.433104
Series_1,12.622581,-4.411912
Series_1,12.633600,-4.411912
Series_1,12.644619,-4.411912
Series_1,12.655639,-4.411912
Series_1,12.666658,-4.390721
Series_1,12.677677,-4.369530
Series_1,12.688696,-4.369530
Series_1,12.699716,-4.369530
Series_1,12.710735,-4.369530
Series_1,12.721754,-4.369530
Series_1,12.732773,-4.369530
Series_1,12.743793,-4.369530
Series_1,12.754812,-4.369530
Series_1,12.765831,-4.348339
Series_1,12.776850,-4.348339
Series_1,12.787870,-4.348339
Series_1,12.798889,-4.348339
Series_1,12.809908,-4.369530
Series_1,12.820928,-4.348339
Series_1,12.831947,-4.348339
Series_1,12.842966,-4.348339
Series_1,12.853985,-4.327147
Series_1,12.865005,-4.327147
Series_1,12.876024,-4.327147
Series_1,12.887043,-4.327147
Series_1,12.898062,-4.327147
Series_1,12.909082,-4.327147
Series_1,12.920101,-4.327147
Series_1,12.931120,-4.305956
Series_1,12.942140,-4.305956
Series_1,12.953159,-4.305956
Series_1,12.964178,-4.305956
Series_1,12.975197,-4.305956
Series_1,12.986217,-4.305956
Series_1,12.997236,-4.284765
Series_1,13.008255,-4.284765
Series_1,13.019274,-4.284765
Series_1,13.030294,-4.263573
Series_1,13.041313,-4.263573
Series_1,13.052332,-4.263573
Series_1,13.063351,-4.263573
Series_1,13.074371,-4.242382
Series_1,13.085390,-4.228255
Series_1,13.096409,-4.214127
Series_1,13.107429,-4.200000
Series_1,13.118448,-4.200000
Series_1,13.129467,-4.200000
Series_1,13.140486,-4.200000
Series_1,13.151506,-4.200000
Series_1,13.162525,-4.178808
Series_1,13.173544,-4.178808
Series_1,13.184563,-4.178808
Series_1,13.195583,-4.157617
Series_1,13.206602,-4.157617
Series_1,13.217621,-4.157617
Series_1,13.228640,-4.157617
Series_1,13.239660,-4.178808
Series_1,13.250679,-4.157617
Series_1,13.261698,-4.178808
Series_1,13.272718,-4.157617
Series_1,13.283737,-4.157617
Series_1,13.294756,-4.157617
Series_1,13.305775,-4.157617
Series_1,13.316795,-4.157617
Series_1,13.327814,-4.157617
Series_1,13.338833,-4.157617
Series_1,13.349852,-4.157617
Series_1,13.360872,-4.157617
Series_1,13.371891,-4.157617
Series_1,13.382910,-4.157617
Series_1,13.393930,-4.157617
Series_1,13.404949,-4.157617
Series_1,13.415968,-4.157617
Series_1,13.426987,-4.157617
Series_1,13.438007,-4.136426
Series_1,13.449026,-4.136426
Series_1,13.460045,-4.136426
Series_1,13.471064,-4.136426
Series_1,13.482084,-4.094043
Series_1,13.493103,-4.094043
Series_1,13.504122,-4.094043
Series_1,13.515141,-4.115235
Series_1,13.526161,-4.115235
Series_1,13.537180,-4.115235
Series_1,13.548199,-4.094043
Series_1,13.559219,-4.094043
Series_1,13.570238,-4.094043
Series_1,13.581257,-4.094043
Series_1,13.592276,-4.051661
Series_1,13.603296,-4.072852
Series_1,13.614315,-4.072852
Series_1,13.625334,-4.072852
Series_1,13.636353,-4.072852
Series_1,13.647373,-4.072852
Series_1,13.658392,-4.072852
Series_1,13.669411,-4.072852
Series_1,13.680430,-4.072852
Series_1,13.691450,-4.072852
Series_1,13.702469,-4.072852
Series_1,13.713488,-4.072852
Series_1,13.724508,-4.072852
Series_1,13.735527,-4.072852
Series_1,13.746546,-4.072852
Series_1,13.757565,-4.072852
Series_1,13.768585,-4.072852
Series_1,13.779604,-4.072852
Series_1,13.790623,-4.072852
Series_1,13.801642,-4.072852
Series_1,13.812662,-4.094043
Series_1,13.823681,-4.094043
Series_1,13.834700,-4.094043
Series_1,13.845719,-4.094043
Series_1,13.856739,-4.094043
Series_1,13.867758,-4.094043
Series_1,13.878777,-4.094043
Series_1,13.889797,-4.094043
Series_1,13.900816,-4.094043
Series_1,13.911835,-4.094043
Series_1,13.922854,-4.094043
Series_1,13.933874,-4.094043
Series_1,13.944893,-4.072852
Series_1,13.955912,-4.072852
Series_1,13.966931,-4.072852
Series_1,13.977951,-4.072852
Series_1,13.988970,-4.072852
Series_1,13.999989,-4.072852
Series_1,14.011009,-4.072852
Series_1,14.022028,-4.072852
Series_1,14.033047,-4.072852
Series_1,14.044066,-4.072852
Series_1,14.055086,-4.072852
Series_1,14.066105,-4.072852
Series_1,14.077124,-4.072852
Series_1,14.088143,-4.072852
Series_1,14.099163,-4.072852
Series_1,14.110182,-4.072852
Series_1,14.121201,-4.094043
Series_1,14.132220,-4.094043
Series_1,14.143240,-4.094043
Series_1,14.154259,-4.094043
Series_1,14.165278,-4.072852
Series_1,14.176298,-4.072852
Series_1,14.187317,-4.072852
Series_1,14.198336,-4.072852
Series_1,14.209355,-4.072852
Series_1,14.220375,-4.072852
Series_1,14.231394,-4.072852
Series_1,14.242413,-4.072852
Series_1,14.253432,-4.072852
Series_1,14.264452,-4.072852
Series_1,14.275471,-4.072852
Series_1,14.286490,-4.072852
Series_1,14.297509,-4.072852
Series_1,14.308529,-4.072852
Series_1,14.319548,-4.072852
Series_1,14.330567,-4.094043
Series_1,14.341587,-4.094043
Series_1,14.352606,-4.115235
Series_1,14.363625,-4.115235
Series_1,14.374644,-4.115235
Series_1,14.385664,-4.094043
Series_1,14.396683,-4.094043
Series_1,14.407702,-4.094043
Series_1,14.418721,-4.115235
Series_1,14.429741,-4.115235
Series_1,14.440760,-4.115235
Series_1,14.451779,-4.115235
Series_1,14.462799,-4.115235
Series_1,14.473818,-4.136426
Series_1,14.484837,-4.136426
Series_1,14.495856,-4.136426
Series_1,14.506876,-4.136426
Series_1,14.517895,-4.136426
Series_1,14.528914,-4.136426
Series_1,14.539933,-4.136426
Series_1,14.550953,-4.136426
Series_1,14.561972,-4.136426
Series_1,14.572991,-4.136426
Series_1,14.584010,-4.136426
Series_1,14.595030,-4.136426
Series_1,14.606049,-4.157617
Series_1,14.617068,-4.157617
Series_1,14.628088,-4.157617
Series_1,14.639107,-4.157617
Series_1,14.650126,-4.157617
Series_1,14.661145,-4.157617
Series_1,14.672165,-4.157617
Series_1,14.683184,-4.157617
Series_1,14.694203,-4.157617
Series_1,14.705222,-4.157617
Series_1,14.716242,-4.157617
Series_1,14.727261,-4.157617
Series_1,14.738280,-4.157617
Series_1,14.749299,-4.157617
Series_1,14.760319,-4.200000
Series_1,14.771338,-4.200000
Series_1,14.782357,-4.200000
Series_1,14.793377,-4.200000
Series_1,14.804396,-4.221191
Series_1,14.815415,-4.242382
Series_1,14.826434,-4.242382
Series_1,14.837454,-4.242382
Series_1,14.848473,-4.242382
Series_1,14.859492,-4.284765
Series_1,14.870511,-4.242382
Series_1,14.881531,-4.252978
Series_1,14.892550,-4.263573
Series_1,14.903569,-4.274169
Series_1,14.914588,-4.284765
Series_1,14.925608,-4.284765
Series_1,14.936627,-4.284765
Series_1,14.947646,-4.284765
Series_1,14.958666,-4.284765
Series_1,14.969685,-4.284765
Series_1,14.980704,-4.284765
Series_1,14.991723,-4.305956
Series_1,15.002743,-4.305956
Series_1,15.013762,-4.327147
Series_1,15.024781,-4.327147
Series_1,15.035800,-4.348339
Series_1,15.046820,-4.327147
Series_1,15.057839,-4.348339
Series_1,15.068858,-4.348339
Series_1,15.079878,-4.348339
Series_1,15.090897,-4.348339
Series_1,15.101916,-4.348339
Series_1,15.112935,-4.369530
Series_1,15.123955,-4.369530
Series_1,15.134974,-4.369530
Series_1,15.145993,-4.369530
Series_1,15.157012,-4.369530
Series_1,15.168032,-4.369530
Series_1,15.179051,-4.369530
Series_1,15.190070,-4.369530
Series_1,15.201089,-4.369530
Series_1,15.212109,-4.390721
Series_1,15.223128,-4.390721
Series_1,15.234147,-4.411912
Series_1,15.245167,-4.411912
Series_1,15.256186,-4.433104
Series_1,15.267205,-4.433104
Series_1,15.278224,-4.433104
Series_1,15.289244,-4.433104
Series_1,15.300263,-4.454295
Series_1,15.311282,-4.475486
Series_1,15.322301,-4.475486
Series_1,15.333321,-4.475486
Series_1,15.344340,-4.496678
Series_1,15.355359,-4.496678
Series_1,15.366378,-4.496678
Series_1,15.377398,-4.496678
Series_1,15.388417,-4.496678
Series_1,15.399436,-4.517869
Series_1,15.410456,-4.539060
Series_1,15.421475,-4.560251
Series_1,15.432494,-4.560251
Series_1,15.443513,-4.560251
Series_1,15.454533,-4.560251
Series_1,15.465552,-4.602634
Series_1,15.476571,-4.602634
Series_1,15.487590,-4.602634
Series_1,15.498610,-4.602634
Series_1,15.509629,-4.602634
Series_1,15.520648,-4.623825
Series_1,15.531668,-4.623825
Series_1,15.542687,-4.645017
Series_1,15.553706,-4.645017
Series_1,15.564725,-4.645017
Series_1,15.575745,-4.666208
Series_1,15.586764,-4.687399
Series_1,15.597783,-4.687399
Series_1,15.608802,-4.687399
Series_1,15.619822,-4.687399
Series_1,15.630841,-4.708590
Series_1,15.641860,-4.708590
Series_1,15.652879,-4.750973
Series_1,15.663899,-4.750973
Series_1,15.674918,-4.772164
Series_1,15.685937,-4.772164
Series_1,15.696957,-4.793355
Series_1,15.707976,-4.814547
Series_1,15.718995,-4.835738
Series_1,15.730014,-4.835738
Series_1,15.741034,-4.835738
Series_1,15.752053,-4.856929
Series_1,15.763072,-4.878121
Series_1,15.774091,-4.878121
Series_1,15.785111,-4.878121
Series_1,15.796130,-4.878121
Series_1,15.807149,-4.878121
Series_1,15.818168,-4.899312
Series_1,15.829188,-4.899312
Series_1,15.840207,-4.920503
Series_1,15.851226,-4.941694
Series_1,15.862246,-4.941694
Series_1,15.873265,-4.941694
Series_1,15.884284,-4.962886
Series_1,15.895303,-4.962886
Series_1,15.906323,-4.962886
Series_1,15.917342,-4.962886
Series_1,15.928361,-4.962886
Series_1,15.939380,-4.962886
Series_1,15.950400,-4.962886
Series_1,15.961419,-4.962886
Series_1,15.972438,-4.962886
Series_1,15.983458,-4.984077
Series_1,15.994477,-5.026460
Series_1,16.005496,-5.026460
Series_1,16.016515,-5.034701
Series_1,16.027535,-5.042942
Series_1,16.038554,-5.051183
Series_1,16.049573,-5.059424
Series_1,16.060592,-5.067665
Series_1,16.071612,-5.075906
Series_1,16.082631,-5.084147
Series_1,16.093650,-5.092388
Series_1,16.104669,-5.100629
Series_1,16.115689,-5.108870
Series_1,16.126708,-5.117111
Series_1,16.137727,-5.125352
Series_1,16.148747,-5.133593
Series_1,16.159766,-5.141834
Series_1,16.170785,-5.150075
Series_1,16.181804,-5.158316
Series_1,16.192824,-5.166557
Series_1,16.203843,-5.174798
Series_1,16.214862,-5.174798
Series_1,16.225881,-5.174798
Series_1,16.236901,-5.174798
Series_1,16.247920,-5.195990
Series_1,16.258939,-5.195990
Series_1,16.269958,-5.195990
Series_1,16.280978,-5.217181
Series_1,16.291997,-5.217181
Series_1,16.303016,-5.217181
Series_1,16.314036,-5.217181
Series_1,16.325055,-5.217181
Series_1,16.336074,-5.238372
Series_1,16.347093,-5.238372
Series_1,16.358113,-5.259564
Series_1,16.369132,-5.259564
Series_1,16.380151,-5.259564
Series_1,16.391170,-5.280755
Series_1,16.402190,-5.280755
Series_1,16.413209,-5.301946
Series_1,16.424228,-5.301946
Series_1,16.435247,-5.323137
Series_1,16.446267,-5.323137
Series_1,16.457286,-5.344329
Series_1,16.468305,-5.344329
Series_1,16.479325,-5.344329
Series_1,16.490344,-5.344329
Series_1,16.501363,-5.365520
Series_1,16.512382,-5.365520
Series_1,16.523402,-5.365520
Series_1,16.534421,-5.386711
Series_1,16.545440,-5.407903
Series_1,16.556459,-5.407903
Series_1,16.567479,-5.407903
Series_1,16.578498,-5.407903
Series_1,16.589517,-5.429094
Series_1,16.600537,-5.407903
Series_1,16.611556,-5.407903
Series_1,16.622575,-5.429094
Series_1,16.633594,-5.440313
Series_1,16.644614,-5.451532
Series_1,16.655633,-5.462751
Series_1,16.666652,-5.473969
Series_1,16.677671,-5.485188
Series_1,16.688691,-5.496407
Series_1,16.699710,-5.507626
Series_1,16.710729,-5.518845
Series_1,16.721748,-5.530064
Series_1,16.732768,-5.541283
Series_1,16.743787,-5.552502
Series_1,16.754806,-5.563721
Series_1,16.765826,-5.574940
Series_1,16.776845,-5.586159
Series_1,16.787864,-5.597378
Series_1,16.798883,-5.608596
Series_1,16.809903,-5.619815
Series_1,16.820922,-5.619815
Series_1,16.831941,-5.619815
Series_1,16.842960,-5.619815
Series_1,16.853980,-5.619815
Series_1,16.864999,-5.662198
Series_1,16.876018,-5.662198
Series_1,16.887037,-5.662198
Series_1,16.898057,-5.662198
Series_1,16.909076,-5.662198
Series_1,16.920095,-5.662198
Series_1,16.931115,-5.683389
Series_1,16.942134,-5.704580
Series_1,16.953153,-5.704580
Series_1,16.964172,-5.704580
Series_1,16.975192,-5.704580
Series_1,16.986211,-5.704580
Series_1,16.997230,-5.725772
Series_1,17.008249,-5.725772
Series_1,17.019269,-5.725772
Series_1,17.030288,-5.746963
Series_1,17.041307,-5.768154
Series_1,17.052327,-5.768154
Series_1,17.063346,-5.768154
Series_1,17.074365,-5.768154
Series_1,17.085384,-5.810537
Series_1,17.096404,-5.810537
Series_1,17.107423,-5.810537
Series_1,17.118442,-5.810537
Series_1,17.129461,-5.810537
Series_1,17.140481,-5.810537
Series_1,17.151500,-5.821132
Series_1,17.162519,-5.831728
Series_1,17.173538,-5.842324
Series_1,17.184558,-5.852919
Series_1,17.195577,-5.863515
Series_1,17.206596,-5.874111
Series_1,17.217616,-5.884706
Series_1,17.228635,-5.895302
Series_1,17.239654,-5.905898
Series_1,17.250673,-5.916493
Series_1,17.261693,-5.927089
Series_1,17.272712,-5.937685
Series_1,17.283731,-5.948280
Series_1,17.294750,-5.958876
Series_1,17.305770,-5.969471
Series_1,17.316789,-5.980067
Series_1,17.327808,-5.990663
Series_1,17.338827,-6.001258
Series_1,17.349847,-6.011854
Series_1,17.360866,-6.022450
Series_1,17.371885,-6.022450
Series_1,17.382905,-6.022450
Series_1,17.393924,-6.022450
Series_1,17.404943,-6.022450
Series_1,17.415962,-6.022450
Series_1,17.426982,-6.043641
Series_1,17.438001,-6.043641
Series_1,17.449020,-6.022450
Series_1,17.460039,-6.022450
Series_1,17.471059,-6.043641
Series_1,17.482078,-6.043641
Series_1,17.493097,-6.064832
Series_1,17.504117,-6.086023
Series_1,17.515136,-6.107215
Series_1,17.526155,-6.107215
Series_1,17.537174,-6.128406
Series_1,17.548194,-6.149597
Series_1,17.559213,-6.149597
Series_1,17.570232,-6.149597
Series_1,17.581251,-6.149597
Series_1,17.592271,-6.149597
Series_1,17.603290,-6.149597
Series_1,17.614309,-6.149597
Series_1,17.625328,-6.170789
Series_1,17.636348,-6.170789
Series_1,17.647367,-6.170789
Series_1,17.658386,-6.170789
Series_1,17.669406,-6.191980
Series_1,17.680425,-6.213171
Series_1,17.691444,-6.213171
Series_1,17.702463,-6.213171
Series_1,17.713483,-6.213171
Series_1,17.724502,-6.234362
Series_1,17.735521,-6.255554
Series_1,17.746540,-6.255554
Series_1,17.757560,-6.255554
Series_1,17.768579,-6.255554
Series_1,17.779598,-6.255554
Series_1,17.790617,-6.276745
Series_1,17.801637,-6.276745
Series_1,17.812656,-6.276745
Series_1,17.823675,-6.276745
Series_1,17.834695,-6.297936
Series_1,17.845714,-6.276745
Series_1,17.856733,-6.319128
Series_1,17.867752,-6.340319
Series_1,17.878772,-6.340319
Series_1,17.889791,-6.340319
Series_1,17.900810,-6.347736
Series_1,17.911829,-6.355153
Series_1,17.922849,-6.362570
Series_2,0.126731,-0.216039
Series_2,0.137750,-0.216039
Series_2,0.148769,-0.216039
Series_2,0.159789,-0.216039
Series_2,0.170808,-0.216039
Series_2,0.181827,-0.216039
Series_2,0.192846,-0.216039
Series_2,0.203866,-0.216039
Series_2,0.214885,-0.216039
Series_2,0.225904,-0.216039
Series_2,0.236923,-0.216039
Series_2,0.247943,-0.216039
Series_2,0.258962,-0.216039
Series_2,0.269981,-0.216039
Series_2,0.281000,-0.216039
Series_2,0.292020,-0.216039
Series_2,0.303039,-0.216039
Series_2,0.314058,-0.216039
Series_2,0.325078,-0.216039
Series_2,0.336097,-0.216039
Series_2,0.347116,-0.216039
Series_2,0.358135,-0.216039
Series_2,0.369155,-0.216039
Series_2,0.380174,-0.216039
Series_2,0.391193,-0.216039
Series_2,0.402212,-0.216039
Series_2,0.413232,-0.216039
Series_2,0.424251,-0.216039
Series_2,0.435270,-0.216039
Series_2,0.446289,-0.216039
Series_2,0.457309,-0.216039
Series_2,0.468328,-0.216039
Series_2,0.479347,-0.216039
Series_2,0.490367,-0.216039
Series_2,0.501386,-0.216039
Series_2,0.512405,-0.216039
Series_2,0.523424,-0.216039
Series_2,0.534444,-0.216039
Series_2,0.545463,-0.216039
Series_2,0.556482,-0.216039
Series_2,0.567501,-0.216039
Series_2,0.578521,-0.216039
Series_2,0.589540,-0.216039
Series_2,0.600559,-0.216039
Series_2,0.611578,-0.216039
Series_2,0.622598,-0.216039
Series_2,0.633617,-0.216039
Series_2,0.644636,-0.216039
Series_2,0.655656,-0.216039
Series_2,0.666675,-0.216039
Series_2,0.677694,-0.216039
Series_2,0.688713,-0.216039
Series_2,0.699733,-0.216039
Series_2,0.710752,-0.216039
Series_2,0.721771,-0.216039
Series_2,0.732790,-0.216039
Series_2,0.743810,-0.216039
Series_2,0.754829,-0.216039
Series_2,0.765848,-0.216039
Series_2,0.776868,-0.216039
Series_2,0.787887,-0.216039
Series_2,0.798906,-0.216039
Series_2,0.809925,-0.216039
Series_2,0.820945,-0.216039
Series_2,0.831964,-0.216039
Series_2,0.842983,-0.216039
Series_2,0.854002,-0.216039
Series_2,0.865022,-0.216039
Series_2,0.876041,-0.216039
Series_2,0.887060,-0.216039
Series_2,0.898079,-0.216039
Series_2,0.909099,-0.216039
Series_2,0.920118,-0.216039
Series_2,0.931137,-0.216039
Series_2,0.942157,-0.216039
Series_2,0.953176,-0.216039
Series_2,0.964195,-0.216039
Series_2,0.975214,-0.216039
Series_2,0.986234,-0.216039
Series_2,0.997253,-0.216039
Series_2,1.008272,-0.216039
Series_2,1.019291,-0.216039
Series_2,1.030311,-0.216039
Series_2,1.041330,-0.216039
Series_2,1.052349,-0.216039
Series_2,1.063368,-0.216039
Series_2,1.074388,-0.216039
Series_2,1.085407,-0.216039
Series_2,1.096426,-0.216039
Series_2,1.107446,-0.216039
Series_2,1.118465,-0.216039
Series_2,1.129484,-0.216039
Series_2,1.140503,-0.216039
Series_2,1.151523,-0.216039
Series_2,1.162542,-0.216039
Series_2,1.173561,-0.216039
Series_2,1.184580,-0.216039
Series_2,1.195600,-0.216039
Series_2,1.206619,-0.216039
Series_2,1.217638,-0.216039
Series_2,1.228658,-0.216039
Series_2,1.239677,-0.216039
Series_2,1.250696,-0.216039
Series_2,1.261715,-0.216039
Series_2,1.272735,-0.216039
Series_2,1.283754,-0.216039
Series_2,1.294773,-0.216039
Series_2,1.305792,-0.216039
Series_2,1.316812,-0.216039
Series_2,1.327831,-0.216039
Series_2,1.338850,-0.216039
Series_2,1.349869,-0.216039
Series_2,1.360889,-0.216039
Series_2,1.371908,-0.216039
Series_2,1.382927,-0.216039
Series_2,1.393947,-0.216039
Series_2,1.404966,-0.216039
Series_2,1.415985,-0.216039
Series_2,1.427004,-0.216039
Series_2,1.438024,-0.216039
Series_2,1.449043,-0.216039
Series_2,1.460062,-0.216039
Series_2,1.471081,-0.216039
Series_2,1.482101,-0.216039
Series_2,1.493120,-0.216039
Series_2,1.504139,-0.216039
Series_2,1.515158,-0.216039
Series_2,1.526178,-0.216039
Series_2,1.537197,-0.216039
Series_2,1.548216,-0.216039
Series_2,1.559236,-0.216039
Series_2,1.570255,-0.216039
Series_2,1.581274,-0.216039
Series_2,1.592293,-0.216039
Series_2,1.603313,-0.216039
Series_2,1.614332,-0.216039
Series_2,1.625351,-0.216039
Series_2,1.636370,-0.216039
Series_2,1.647390,-0.216039
Series_2,1.658409,-0.216039
Series_2,1.669428,-0.216039
Series_2,1.680448,-0.216039
Series_2,1.691467,-0.216039
Series_2,1.702486,-0.216039
Series_2,1.713505,-0.216039
Series_2,1.724525,-0.216039
Series_2,1.735544,-0.216039
Series_2,1.746563,-0.216039
Series_2,1.757582,-0.216039
Series_2,1.768602,-0.216039
Series_2,1.779621,-0.216039
Series_2,1.790640,-0.216039
Series_2,1.801659,-0.216039
Series_2,1.812679,-0.216039
Series_2,1.823698,-0.216039
Series_2,1.834717,-0.216039
Series_2,1.845737,-0.216039
Series_2,1.856756,-0.216039
Series_2,1.867775,-0.216039
Series_2,1.878794,-0.216039
Series_2,1.889814,-0.216039
Series_2,1.900833,-0.216039
Series_2,1.911852,-0.216039
Series_2,1.922871,-0.237231
Series_2,1.933891,-0.237231
Series_2,1.944910,-0.237231
Series_2,1.955929,-0.237231
Series_2,1.966948,-0.237231
Series_2,1.977968,-0.237231
Series_2,1.988987,-0.237231
Series_2,2.000006,-0.237231
Series_2,2.011026,-0.237231
Series_2,2.022045,-0.237231
Series_2,2.033064,-0.237231
Series_2,2.044083,-0.237231
Series_2,2.055103,-0.230167
Series_2,2.066122,-0.223103
Series_2,2.077141,-0.216039
Series_2,2.088160,-0.216039
Series_2,2.099180,-0.216039
Series_2,2.110199,-0.216039
Series_2,2.121218,-0.216039
Series_2,2.132237,-0.216039
Series_2,2.143257,-0.216039
Series_2,2.154276,-0.216039
Series_2,2.165295,-0.216039
Series_2,2.176315,-0.288247
Series_2,2.187334,-0.360454
Series_2,2.198353,-0.432661
Series_2,2.209372,-0.504869
Series_2,2.220392,-0.577076
Series_2,2.231411,-0.649283
Series_2,2.242430,-0.721490
Series_2,2.253449,-0.793698
Series_2,2.264469,-0.865905
Series_2,2.275488,-0.938112
Series_2,2.286507,-1.010320
Series_2,2.297527,-1.082527
Series_2,2.308546,-1.154734
Series_2,2.319565,-1.226942
Series_2,2.330584,-1.299149
Series_2,2.341604,-1.371356
Series_2,2.352623,-1.443564
Series_2,2.363642,-1.515771
Series_2,2.374661,-1.587978
Series_2,2.385681,-1.660186
Series_2,2.396700,-1.732393
Series_2,2.407719,-1.804600
Series_2,2.418738,-1.876808
Series_2,2.429758,-1.949015
Series_2,2.440777,-2.021222
Series_2,2.451796,-2.093430
Series_2,2.462816,-2.165637
Series_2,2.473835,-2.186828
Series_2,2.484854,-2.229211
Series_2,2.495873,-2.229211
Series_2,2.506893,-2.229211
Series_2,2.517912,-2.250402
Series_2,2.528931,-2.250402
Series_2,2.539950,-2.250402
Series_2,2.550970,-2.250402
Series_2,2.561989,-2.268061
Series_2,2.573008,-2.285721
Series_2,2.584027,-2.313976
Series_2,2.595047,-2.313976
Series_2,2.606066,-2.335167
Series_2,2.617085,-2.349295
Series_2,2.628105,-2.363422
Series_2,2.639124,-2.377550
Series_2,2.650143,-2.391677
Series_2,2.661162,-2.405805
Series_2,2.672182,-2.419932
Series_2,2.683201,-2.419932
Series_2,2.694220,-2.419932
Series_2,2.705239,-2.483506
Series_2,2.716259,-2.462315
Series_2,2.727278,-2.483506
Series_2,2.738297,-2.504697
Series_2,2.749317,-2.504697
Series_2,2.760336,-2.504697
Series_2,2.771355,-2.547080
Series_2,2.782374,-2.568271
Series_2,2.793394,-2.589462
Series_2,2.804413,-2.610654
Series_2,2.815432,-2.610654
Series_2,2.826451,-2.631845
Series_2,2.837471,-2.653036
Series_2,2.848490,-2.674228
Series_2,2.859509,-2.695419
Series_2,2.870528,-2.695419
Series_2,2.881548,-2.737801
Series_2,2.892567,-2.758993
Series_2,2.903586,-2.801375
Series_2,2.914606,-2.822567
Series_2,2.925625,-2.843758
Series_2,2.936644,-2.843758
Series_2,2.947663,-2.843758
Series_2,2.958683,-2.864949
Series_2,2.969702,-2.886140
Series_2,2.980721,-2.907332
Series_2,2.991740,-2.907332
Series_2,3.002760,-2.928523
Series_2,3.013779,-2.928523
Series_2,3.024798,-2.942650
Series_2,3.035817,-2.956778
Series_2,3.046837,-2.970905
Series_2,3.057856,-2.985033
Series_2,3.068875,-2.999161
Series_2,3.079895,-3.013288
Series_2,3.090914,-3.013288
Series_2,3.101933,-2.992097
Series_2,3.112952,-3.034479
Series_2,3.123972,-3.034479
Series_2,3.134991,-3.055671
Series_2,3.146010,-3.055671
Series_2,3.157029,-3.071564
Series_2,3.168049,-3.087458
Series_2,3.179068,-3.103351
Series_2,3.190087,-3.119244
Series_2,3.201107,-3.151031
Series_2,3.212126,-3.182818
Series_2,3.223145,-3.140436
Series_2,3.234164,-3.161627
Series_2,3.245184,-3.182818
Series_2,3.256203,-3.204010
Series_2,3.267222,-3.225201
Series_2,3.278241,-3.225201
Series_2,3.289261,-3.246392
Series_2,3.300280,-3.246392
Series_2,3.311299,-3.288775
Series_2,3.322318,-3.288775
Series_2,3.333338,-3.331157
Series_2,3.344357,-3.331157
Series_2,3.355376,-3.331157
Series_2,3.366396,-3.415922
Series_2,3.377415,-3.415922
Series_2,3.388434,-3.437114
Series_2,3.399453,-3.455008
Series_2,3.410473,-3.472903
Series_2,3.421492,-3.490798
Series_2,3.432511,-3.508693
Series_2,3.443530,-3.526588
Series_2,3.454550,-3.544483
Series_2,3.465569,-3.562378
Series_2,3.476588,-3.580272
Series_2,3.487607,-3.598167
Series_2,3.498627,-3.616062
Series_2,3.509646,-3.633957
Series_2,3.520665,-3.651852
Series_2,3.531685,-3.669747
Series_2,3.542704,-3.687642
Series_2,3.553723,-3.705536
Series_2,3.564742,-3.723431
Series_2,3.575762,-3.741326
Series_2,3.586781,-3.759221
Series_2,3.597800,-3.777116
Series_2,3.608819,-3.795011
Series_2,3.619839,-3.812906
Series_2,3.630858,-3.830800
Series_2,3.641877,-3.848695
Series_2,3.652896,-3.866590
Series_2,3.663916,-3.884485
Series_2,3.674935,-3.902380
Series_2,3.685954,-3.920275
Series_2,3.696974,-3.938170
Series_2,3.707993,-3.956064
Series_2,3.719012,-3.973959
Series_2,3.730031,-3.991854
Series_2,3.741051,-4.009749
Series_2,3.752070,-4.027644
Series_2,3.763089,-4.045539
Series_2,3.774108,-4.063434
Series_2,3.785128,-4.081328
Series_2,3.796147,-4.099223
Series_2,3.807166,-4.117118
Series_2,3.818186,-4.135013
Series_2,3.829205,-4.152908
Series_2,3.840224,-4.170803
Series_2,3.851243,-4.188698
Series_2,3.862263,-4.206592
Series_2,3.873282,-4.224487
Series_2,3.884301,-4.242382
Series_2,3.895320,-4.263573
Series_2,3.906340,-4.263573
Series_2,3.917359,-4.348339
Series_2,3.928378,-4.348339
Series_2,3.939397,-4.411912
Series_2,3.950417,-4.454295
Series_2,3.961436,-4.454295
Series_2,3.972455,-4.454295
Series_2,3.983475,-4.560251
Series_2,3.994494,-4.560251
Series_2,4.005513,-4.581443
Series_2,4.016532,-4.581443
Series_2,4.027552,-4.645017
Series_2,4.038571,-4.645017
Series_2,4.049590,-4.666208
Series_2,4.060609,-4.708590
Series_2,4.071629,-4.708590
Series_2,4.082648,-4.750973
Series_2,4.093667,-4.793355
Series_2,4.104686,-4.835738
Series_2,4.115706,-4.878121
Series_2,4.126725,-4.899312
Series_2,4.137744,-4.920503
Series_2,4.148764,-4.941694
Series_2,4.159783,-4.962886
Series_2,4.170802,-4.984077
Series_2,4.181821,-4.962886
Series_2,4.192841,-5.005268
Series_2,4.203860,-5.068842
Series_2,4.214879,-5.068842
Series_2,4.225898,-5.090033
Series_2,4.236918,-5.132416
Series_2,4.247937,-5.132416
Series_2,4.258956,-5.132416
Series_2,4.269976,-5.195990
Series_2,4.280995,-5.217181
Series_2,4.292014,-5.217181
Series_2,4.303033,-5.238372
Series_2,4.314053,-5.280755
Series_2,4.325072,-5.309010
Series_2,4.336091,-5.365520
Series_2,4.347110,-5.386711
Series_2,4.358130,-5.386711
Series_2,4.369149,-5.407903
Series_2,4.380168,-5.407903
Series_2,4.391187,-5.429094
Series_2,4.402207,-5.513859
Series_2,4.413226,-5.556241
Series_2,4.424245,-5.535050
Series_2,4.435265,-5.577433
Series_2,4.446284,-5.605688
Series_2,4.457303,-5.662198
Series_2,4.468322,-5.662198
Series_2,4.479342,-5.683389
Series_2,4.490361,-5.704580
Series_2,4.501380,-5.725772
Series_2,4.512399,-5.746963
Series_2,4.523419,-5.768154
Series_2,4.534438,-5.789346
Series_2,4.545457,-5.845856
Series_2,4.556476,-5.874111
Series_2,4.567496,-5.905898
Series_2,4.578515,-5.937685
Series_2,4.589534,-5.958876
Series_2,4.600554,-5.980067
Series_2,4.611573,-6.001258
Series_2,4.622592,-6.022450
Series_2,4.633611,-6.054237
Series_2,4.644631,-6.086023
Series_2,4.655650,-6.149597
Series_2,4.666669,-6.149597
Series_2,4.677688,-6.191980
Series_2,4.688708,-6.234362
Series_2,4.699727,-6.255554
Series_2,4.710746,-6.276745
Series_2,4.721765,-6.297936
Series_2,4.732785,-6.361510
Series_2,4.743804,-6.382701
Series_2,4.754823,-6.382701
Series_2,4.765843,-6.460403
Series_2,4.776862,-6.488658
Series_2,4.787881,-6.552232
Series_2,4.798900,-6.573423
Series_2,4.809920,-6.573423
Series_2,4.820939,-6.615805
Series_2,4.831958,-6.658188
Series_2,4.842977,-6.700571
Series_2,4.853997,-6.764144
Series_2,4.865016,-6.785336
Series_2,4.876035,-6.827718
Series_2,4.887055,-6.848909
Series_2,4.898074,-6.870101
Series_2,4.909093,-6.891292
Series_2,4.920112,-6.912483
Series_2,4.931132,-6.954866
Series_2,4.942151,-6.954866
Series_2,4.953170,-6.997248
Series_2,4.964189,-7.039631
Series_2,4.975209,-7.060822
Series_2,4.986228,-7.082014
Series_2,4.997247,-7.103205
Series_2,5.008266,-7.145587
Series_2,5.019286,-7.166779
Series_2,5.030305,-7.209161
Series_2,5.041324,-7.240948
Series_2,5.052344,-7.293926
Series_2,5.063363,-7.315118
Series_2,5.074382,-7.349024
Series_2,5.085401,-7.357500
Series_2,5.096421,-7.378691
Series_2,5.107440,-7.410478
Series_2,5.118459,-7.484648
Series_2,5.129478,-7.484648
Series_2,5.140498,-7.527030
Series_2,5.151517,-7.548222
Series_2,5.162536,-7.569413
Series_2,5.173555,-7.611796
Series_2,5.184575,-7.640051
Series_2,5.195594,-7.668306
Series_2,5.206613,-7.696561
Series_2,5.217633,-7.696561
Series_2,5.228652,-7.738943
Series_2,5.239671,-7.738943
Series_2,5.250690,-7.802517
Series_2,5.261710,-7.802517
Series_2,5.272729,-7.866091
Series_2,5.283748,-7.866091
Series_2,5.294767,-7.919069
Series_2,5.305787,-7.950856
Series_2,5.316806,-7.993239
Series_2,5.327825,-8.035621
Series_2,5.338845,-8.035621
Series_2,5.349864,-8.099195
Series_2,5.360883,-8.099195
Series_2,5.371902,-8.120386
Series_2,5.382922,-8.141577
Series_2,5.393941,-8.183960
Series_2,5.404960,-8.205151
Series_2,5.415979,-8.226343
Series_2,5.426999,-8.289916
Series_2,5.438018,-8.289916
Series_2,5.449037,-8.353490
Series_2,5.460056,-8.353490
Series_2,5.471076,-8.417064
Series_2,5.482095,-8.417064
Series_2,5.493114,-8.480638
Series_2,5.504134,-8.523021
Series_2,5.515153,-8.544212
Series_2,5.526172,-8.586594
Series_2,5.537191,-8.628977
Series_2,5.548211,-8.650168
Series_2,5.559230,-8.713742
Series_2,5.570249,-8.756125
Series_2,5.581268,-8.777316
Series_2,5.592288,-8.819698
Series_2,5.603307,-8.819698
Series_2,5.614326,-8.819698
Series_2,5.625345,-8.904464
Series_2,5.636365,-8.904464
Series_2,5.647384,-8.946846
Series_2,5.658403,-8.946846
Series_2,5.669423,-8.968037
Series_2,5.680442,-9.010420
Series_2,5.691461,-9.031611
Series_2,5.702480,-9.073994
Series_2,5.713500,-9.095185
Series_2,5.724519,-9.073994
Series_2,5.735538,-9.095185
Series_2,5.746557,-9.137568
Series_2,5.757577,-9.137568
Series_2,5.768596,-9.137568
Series_2,5.779615,-9.201141
Series_2,5.790635,-9.250588
Series_2,5.801654,-9.307098
Series_2,5.812673,-9.349480
Series_2,5.823692,-9.349480
Series_2,5.834712,-9.391863
Series_2,5.845731,-9.434246
Series_2,5.856750,-9.413054
Series_2,5.867769,-9.413054
Series_2,5.878789,-9.476628
Series_2,5.889808,-9.504883
Series_2,5.900827,-9.534904
Series_2,5.911846,-9.564925
Series_2,5.922866,-9.594946
Series_2,5.933885,-9.624967
Series_2,5.944904,-9.656754
Series_2,5.955924,-9.688541
Series_2,5.966943,-9.702668
Series_2,5.977962,-9.716796
Series_2,5.988981,-9.730923
Series_2,6.000001,-9.752115
Series_2,6.011020,-9.815689
Series_2,6.022039,-9.836880
Series_2,6.033058,-9.858071
Series_2,6.044078,-9.879262
Series_2,6.055097,-9.921645
Series_2,6.066116,-9.921645
Series_2,6.077135,-9.921645
Series_2,6.088155,-9.942836
Series_2,6.099174,-9.985219
Series_2,6.110193,-10.027601
Series_2,6.121213,-10.062920
Series_2,6.132232,-10.098239
Series_2,6.143251,-10.133558
Series_2,6.154270,-10.133558
Series_2,6.165290,-10.133558
Series_2,6.176309,-10.133558
Series_2,6.187328,-10.168876
Series_2,6.198347,-10.185359
Series_2,6.209367,-10.201841
Series_2,6.220386,-10.218323
Series_2,6.231405,-10.260705
Series_2,6.242424,-10.303088
Series_2,6.253444,-10.281897
Series_2,6.264463,-10.313684
Series_2,6.275482,-10.345470
Series_2,6.286502,-10.324279
Series_2,6.297521,-10.366662
Series_2,6.308540,-10.430236
Series_2,6.319559,-10.472618
Series_2,6.330579,-10.493809
Series_2,6.341598,-10.536192
Series_2,6.352617,-10.557383
Series_2,6.363636,-10.578575
Series_2,6.374656,-10.599766
Series_2,6.385675,-10.620957
Series_2,6.396694,-10.642148
Series_2,6.407714,-10.663340
Series_2,6.418733,-10.726914
Series_2,6.429752,-10.790487
Series_2,6.440771,-10.790487
Series_2,6.451791,-10.811679
Series_2,6.462810,-10.811679
Series_2,6.473829,-10.875252
Series_2,6.484848,-10.896444
Series_2,6.495868,-10.896444
Series_2,6.506887,-10.917635
Series_2,6.517906,-10.938826
Series_2,6.528925,-10.960018
Series_2,6.539945,-10.981209
Series_2,6.550964,-11.002400
Series_2,6.561983,-10.981209
Series_2,6.573003,-10.981209
Series_2,6.584022,-11.009464
Series_2,6.595041,-11.037719
Series_2,6.606060,-11.065974
Series_2,6.617080,-11.108357
Series_2,6.628099,-11.108357
Series_2,6.639118,-11.171930
Series_2,6.650137,-11.171930
Series_2,6.661157,-11.193122
Series_2,6.672176,-11.214313
Series_2,6.683195,-11.256695
Series_2,6.694214,-11.277887
Series_2,6.705234,-11.299078
Series_2,6.716253,-11.320269
Series_2,6.727272,-11.338433
Series_2,6.738292,-11.356597
Series_2,6.749311,-11.374761
Series_2,6.760330,-11.392925
Series_2,6.771349,-11.411089
Series_2,6.782369,-11.429253
Series_2,6.793388,-11.447417
Series_2,6.804407,-11.447417
Series_2,6.815426,-11.447417
Series_2,6.826446,-11.468608
Series_2,6.837465,-11.489800
Series_2,6.848484,-11.489800
Series_2,6.859504,-11.489800
Series_2,6.870523,-11.532182
Series_2,6.881542,-11.542778
Series_2,6.892561,-11.553373
Series_2,6.903581,-11.532182
Series_2,6.914600,-11.574565
Series_2,6.925619,-11.574565
Series_2,6.936638,-11.595756
Series_2,6.947658,-11.595756
Series_2,6.958677,-11.595756
Series_2,6.969696,-11.616947
Series_2,6.980715,-11.616947
Series_2,6.991735,-11.616947
Series_2,7.002754,-11.631075
Series_2,7.013773,-11.645202
Series_2,7.024793,-11.659330
Series_2,7.035812,-11.659330
Series_2,7.046831,-11.722904
Series_2,7.057850,-11.744095
Series_2,7.068870,-11.744095
Series_2,7.079889,-11.786477
Series_2,7.090908,-11.786477
Series_2,7.101927,-11.807669
Series_2,7.112947,-11.828860
Series_2,7.123966,-11.828860
Series_2,7.134985,-11.828860
Series_2,7.146004,-11.850051
Series_2,7.157024,-11.871243
Series_2,7.168043,-11.913625
Series_2,7.179062,-11.920689
Series_2,7.190082,-11.927753
Series_2,7.201101,-11.934816
Series_2,7.212120,-11.941880
Series_2,7.223139,-11.948944
Series_2,7.234159,-11.956008
Series_2,7.245178,-11.956008
Series_2,7.256197,-11.956008
Series_2,7.267216,-11.956008
Series_2,7.278236,-11.956008
Series_2,7.289255,-11.998390
Series_2,7.300274,-11.998390
Series_2,7.311294,-12.005454
Series_2,7.322313,-12.012518
Series_2,7.333332,-12.019582
Series_2,7.344351,-12.040773
Series_2,7.355371,-12.040773
Series_2,7.366390,-12.040773
Series_2,7.377409,-12.045482
Series_2,7.388428,-12.050191
Series_2,7.399448,-12.054900
Series_2,7.410467,-12.059609
Series_2,7.421486,-12.064319
Series_2,7.432505,-12.069028
Series_2,7.443525,-12.073737
Series_2,7.454544,-12.078446
Series_2,7.465563,-12.083155
Series_2,7.476583,-12.083155
Series_2,7.487602,-12.083155
Series_2,7.498621,-12.083155
Series_2,7.509640,-12.083155
Series_2,7.520660,-12.083155
Series_2,7.531679,-12.125538
Series_2,7.542698,-12.125538
Series_2,7.553717,-12.125538
Series_2,7.564737,-12.125538
Series_2,7.575756,-12.125538
Series_2,7.586775,-12.125538
Series_2,7.597794,-12.146729
Series_2,7.608814,-12.146729
Series_2,7.619833,-12.146729
Series_2,7.630852,-12.146729
Series_2,7.641872,-12.146729
Series_2,7.652891,-12.146729
Series_2,7.663910,-12.146729
Series_2,7.674929,-12.146729
Series_2,7.685949,-12.167920
Series_2,7.696968,-12.167920
Series_2,7.707987,-12.167920
Series_2,7.719006,-12.167920
Series_2,7.730026,-12.167920
Series_2,7.741045,-12.167920
Series_2,7.752064,-12.167920
Series_2,7.763083,-12.167920
Series_2,7.774103,-12.167920
Series_2,7.785122,-12.167920
Series_2,7.796141,-12.167920
Series_2,7.807161,-12.167920
Series_2,7.818180,-12.167920
Series_2,7.829199,-12.167920
Series_2,7.840218,-12.167920
Series_2,7.851238,-12.167920
Series_2,7.862257,-12.167920
Series_2,7.873276,-12.167920
Series_2,7.884295,-12.167920
Series_2,7.895315,-12.167920
Series_2,7.906334,-12.167920
Series_2,7.917353,-12.167920
Series_2,7.928373,-12.167920
Series_2,7.939392,-12.167920
Series_2,7.950411,-12.167920
Series_2,7.961430,-12.167920
Series_2,7.972450,-12.167920
Series_2,7.983469,-12.167920
Series_2,7.994488,-12.167920
Series_2,8.005507,-12.167920
Series_2,8.016527,-12.167920
Series_2,8.027546,-12.167920
Series_2,8.038565,-12.167920
Series_2,8.049584,-12.167920
Series_2,8.060604,-12.167920
Series_2,8.071623,-12.167920
Series_2,8.082642,-12.167920
Series_2,8.093662,-12.167920
Series_2,8.104681,-12.167920
Series_2,8.115700,-12.167920
Series_2,8.126719,-12.167920
Series_2,8.137739,-12.167920
Series_2,8.148758,-12.167920
Series_2,8.159777,-12.167920
Series_2,8.170796,-12.167920
Series_2,8.181816,-12.167920
Series_2,8.192835,-12.167920
Series_2,8.203854,-12.167920
Series_2,8.214873,-12.167920
Series_2,8.225893,-12.167920
Series_2,8.236912,-12.167920
Series_2,8.247931,-12.167920
Series_2,8.258951,-12.146729
Series_2,8.269970,-12.146729
Series_2,8.280989,-12.146729
Series_2,8.292008,-12.146729
Series_2,8.303028,-12.146729
Series_2,8.314047,-12.146729
Series_2,8.325066,-12.146729
Series_2,8.336085,-12.146729
Series_2,8.347105,-12.146729
Series_2,8.358124,-12.125538
Series_2,8.369143,-12.125538
Series_2,8.380163,-12.125538
Series_2,8.391182,-12.125538
Series_2,8.402201,-12.125538
Series_2,8.413220,-12.125538
Series_2,8.424240,-12.117061
Series_2,8.435259,-12.108585
Series_2,8.446278,-12.100108
Series_2,8.457297,-12.091632
Series_2,8.468317,-12.083155
Series_2,8.479336,-12.083155
Series_2,8.490355,-12.083155
Series_2,8.501374,-12.083155
Series_2,8.512394,-12.083155
Series_2,8.523413,-12.083155
Series_2,8.534432,-12.061964
Series_2,8.545452,-12.083155
Series_2,8.556471,-12.083155
Series_2,8.567490,-12.061964
Series_2,8.578509,-12.061964
Series_2,8.589529,-12.040773
Series_2,8.600548,-12.040773
Series_2,8.611567,-12.040773
Series_2,8.622586,-12.040773
Series_2,8.633606,-12.033709
Series_2,8.644625,-12.026645
Series_2,8.655644,-12.019582
Series_2,8.666663,-12.012518
Series_2,8.677683,-12.005454
Series_2,8.688702,-11.998390
Series_2,8.699721,-11.991326
Series_2,8.710741,-11.984263
Series_2,8.721760,-11.977199
Series_2,8.732779,-11.970135
Series_2,8.743798,-11.963071
Series_2,8.754818,-11.956008
Series_2,8.765837,-11.948944
Series_2,8.776856,-11.941880
Series_2,8.787875,-11.934816
Series_2,8.798895,-11.927753
Series_2,8.809914,-11.920689
Series_2,8.820933,-11.913625
Series_2,8.831953,-11.913625
Series_2,8.842972,-11.913625
Series_2,8.853991,-11.892434
Series_2,8.865010,-11.860647
Series_2,8.876030,-11.828860
Series_2,8.887049,-11.828860
Series_2,8.898068,-11.820383
Series_2,8.909087,-11.811907
Series_2,8.920107,-11.803430
Series_2,8.931126,-11.794954
Series_2,8.942145,-11.786477
Series_2,8.953164,-11.807669
Series_2,8.964184,-11.807669
Series_2,8.975203,-11.807669
Series_2,8.986222,-11.807669
Series_2,8.997242,-11.807669
Series_2,9.008261,-11.786477
Series_2,9.019280,-11.786477
Series_2,9.030299,-11.786477
Series_2,9.041319,-11.765286
Series_2,9.052338,-11.765286
Series_2,9.063357,-11.765286
Series_2,9.074376,-11.765286
Series_2,9.085396,-11.765286
Series_2,9.096415,-11.765286
Series_2,9.107434,-11.744095
Series_2,9.118453,-11.744095
Series_2,9.129473,-11.744095
Series_2,9.140492,-11.744095
Series_2,9.151511,-11.680521
Series_2,9.162531,-11.680521
Series_2,9.173550,-11.680521
Series_2,9.184569,-11.680521
Series_2,9.195588,-11.659330
Series_2,9.206608,-11.638138
Series_2,9.217627,-11.616947
Series_2,9.228646,-11.616947
Series_2,9.239665,-11.616947
Series_2,9.250685,-11.616947
Series_2,9.261704,-11.616947
Series_2,9.272723,-11.602820
Series_2,9.283742,-11.588692
Series_2,9.294762,-11.574565
Series_2,9.305781,-11.574565
Series_2,9.316800,-11.574565
Series_2,9.327820,-11.574565
Series_2,9.338839,-11.574565
Series_2,9.349858,-11.574565
Series_2,9.360877,-11.553373
Series_2,9.371897,-11.553373
Series_2,9.382916,-11.553373
Series_2,9.393935,-11.553373
Series_2,9.404954,-11.510991
Series_2,9.415974,-11.510991
Series_2,9.426993,-11.510991
Series_2,9.438012,-11.510991
Series_2,9.449032,-11.489800
Series_2,9.460051,-11.489800
Series_2,9.471070,-11.489800
Series_2,9.482089,-11.489800
Series_2,9.493109,-11.468608
Series_2,9.504128,-11.447417
Series_2,9.515147,-11.426226
Series_2,9.526166,-11.405034
Series_2,9.537186,-11.426226
Series_2,9.548205,-11.426226
Series_2,9.559224,-11.426226
Series_2,9.570243,-11.426226
Series_2,9.581263,-11.421987
Series_2,9.592282,-11.417749
Series_2,9.603301,-11.413511
Series_2,9.614321,-11.409273
Series_2,9.625340,-11.405034
Series_2,9.636359,-11.405034
Series_2,9.647378,-11.405034
Series_2,9.658398,-11.405034
Series_2,9.669417,-11.383843
Series_2,9.680436,-11.362652
Series_2,9.691455,-11.362652
Series_2,9.702475,-11.341461
Series_2,9.713494,-11.341461
Series_2,9.724513,-11.320269
Series_2,9.735532,-11.284951
Series_2,9.746552,-11.277887
Series_2,9.757571,-11.277887
Series_2,9.768590,-11.277887
Series_2,9.779610,-11.256695
Series_2,9.790629,-11.228440
Series_2,9.801648,-11.235504
Series_2,9.812667,-11.235504
Series_2,9.823687,-11.214313
Series_2,9.834706,-11.193122
Series_2,9.845725,-11.193122
Series_2,9.856744,-11.193122
Series_2,9.867764,-11.193122
Series_2,9.878783,-11.193122
Series_2,9.889802,-11.193122
Series_2,9.900822,-11.193122
Series_2,9.911841,-11.150739
Series_2,9.922860,-11.150739
Series_2,9.933879,-11.150739
Series_2,9.944899,-11.150739
Series_2,9.955918,-11.150739
Series_2,9.966937,-11.129548
Series_2,9.977956,-11.108357
Series_2,9.988976,-11.087165
Series_2,9.999995,-11.065974
Series_2,10.011014,-11.065974
Series_2,10.022033,-11.065974
Series_2,10.033053,-11.044783
Series_2,10.044072,-11.023591
Series_2,10.055091,-11.023591
Series_2,10.066111,-11.002400
Series_2,10.077130,-11.002400
Series_2,10.088149,-11.002400
Series_2,10.099168,-11.002400
Series_2,10.110188,-11.002400
Series_2,10.121207,-10.981209
Series_2,10.132226,-10.981209
Series_2,10.143245,-10.981209
Series_2,10.154265,-10.981209
Series_2,10.165284,-10.981209
Series_2,10.176303,-10.981209
Series_2,10.187322,-10.981209
Series_2,10.198342,-10.981209
Series_2,10.209361,-10.960018
Series_2,10.220380,-10.960018
Series_2,10.231400,-10.960018
Series_2,10.242419,-10.981209
Series_2,10.253438,-10.960018
Series_2,10.264457,-10.960018
Series_2,10.275477,-10.960018
Series_2,10.286496,-10.960018
Series_2,10.297515,-10.917635
Series_2,10.308534,-10.917635
Series_2,10.319554,-10.896444
Series_2,10.330573,-10.896444
Series_2,10.341592,-10.896444
Series_2,10.352612,-10.896444
Series_2,10.363631,-10.896444
Series_2,10.374650,-10.896444
Series_2,10.385669,-10.896444
Series_2,10.396689,-10.896444
Series_2,10.407708,-10.896444
Series_2,10.418727,-10.896444
Series_2,10.429746,-10.896444
Series_2,10.440766,-10.896444
Series_2,10.451785,-10.875252
Series_2,10.462804,-10.875252
Series_2,10.473823,-10.875252
Series_2,10.484843,-10.854061
Series_2,10.495862,-10.854061
Series_2,10.506881,-10.832870
Series_2,10.517901,-10.832870
Series_2,10.528920,-10.832870
Series_2,10.539939,-10.832870
Series_2,10.550958,-10.832870
Series_2,10.561978,-10.832870
Series_2,10.572997,-10.832870
Series_2,10.584016,-10.832870
Series_2,10.595035,-10.811679
Series_2,10.606055,-10.811679
Series_2,10.617074,-10.811679
Series_2,10.628093,-10.811679
Series_2,10.639112,-10.811679
Series_2,10.650132,-10.811679
Series_2,10.661151,-10.811679
Series_2,10.672170,-10.811679
Series_2,10.683190,-10.811679
Series_2,10.694209,-10.811679
Series_2,10.705228,-10.811679
Series_2,10.716247,-10.811679
Series_2,10.727267,-10.806969
Series_2,10.738286,-10.802260
Series_2,10.749305,-10.797551
Series_2,10.760324,-10.792842
Series_2,10.771344,-10.788133
Series_2,10.782363,-10.783424
Series_2,10.793382,-10.778714
Series_2,10.804401,-10.774005
Series_2,10.815421,-10.769296
Series_2,10.826440,-10.769296
Series_2,10.837459,-10.769296
Series_2,10.848479,-10.769296
Series_2,10.859498,-10.763998
Series_2,10.870517,-10.758700
Series_2,10.881536,-10.753403
Series_2,10.892556,-10.748105
Series_2,10.903575,-10.742807
Series_2,10.914594,-10.737509
Series_2,10.925613,-10.732211
Series_2,10.936633,-10.726914
Series_2,10.947652,-10.726914
Series_2,10.958671,-10.726914
Series_2,10.969691,-10.726914
Series_2,10.980710,-10.726914
Series_2,10.991729,-10.726914
Series_2,11.002748,-10.726914
Series_2,11.013768,-10.726914
Series_2,11.024787,-10.726914
Series_2,11.035806,-10.705722
Series_2,11.046825,-10.705722
Series_2,11.057845,-10.705722
Series_2,11.068864,-10.705722
Series_2,11.079883,-10.705722
Series_2,11.090902,-10.684531
Series_2,11.101922,-10.684531
Series_2,11.112941,-10.684531
Series_2,11.123960,-10.705722
Series_2,11.134980,-10.705722
Series_2,11.145999,-10.642148
Series_2,11.157018,-10.663340
Series_2,11.168037,-10.642148
Series_2,11.179057,-10.642148
Series_2,11.190076,-10.642148
Series_2,11.201095,-10.663340
Series_2,11.212114,-10.642148
Series_2,11.223134,-10.642148
Series_2,11.234153,-10.642148
Series_2,11.245172,-10.642148
Series_2,11.256191,-10.620957
Series_2,11.267211,-10.620957
Series_2,11.278230,-10.620957
Series_2,11.289249,-10.620957
Series_2,11.300269,-10.599766
Series_2,11.311288,-10.599766
Series_2,11.322307,-10.578575
Series_2,11.333326,-10.578575
Series_2,11.344346,-10.578575
Series_2,11.355365,-10.578575
Series_2,11.366384,-10.578575
Series_2,11.377403,-10.557383
Series_2,11.388423,-10.557383
Series_2,11.399442,-10.557383
Series_2,11.410461,-10.557383
Series_2,11.421481,-10.557383
Series_2,11.432500,-10.578575
Series_2,11.443519,-10.557383
Series_2,11.454538,-10.557383
Series_2,11.465558,-10.557383
Series_2,11.476577,-10.557383
Series_2,11.487596,-10.557383
Series_2,11.498615,-10.557383
Series_2,11.509635,-10.557383
Series_2,11.520654,-10.557383
Series_2,11.531673,-10.557383
Series_2,11.542692,-10.557383
Series_2,11.553712,-10.557383
Series_2,11.564731,-10.557383
Series_2,11.575750,-10.557383
Series_2,11.586770,-10.557383
Series_2,11.597789,-10.557383
Series_2,11.608808,-10.557383
Series_2,11.619827,-10.557383
Series_2,11.630847,-10.536192
Series_2,11.641866,-10.536192
Series_2,11.652885,-10.536192
Series_2,11.663904,-10.536192
Series_2,11.674924,-10.536192
Series_2,11.685943,-10.536192
Series_2,11.696962,-10.536192
Series_2,11.707981,-10.536192
Series_2,11.719001,-10.536192
Series_2,11.730020,-10.536192
Series_2,11.741039,-10.536192
Series_2,11.752059,-10.536192
Series_2,11.763078,-10.536192
Series_2,11.774097,-10.536192
Series_2,11.785116,-10.536192
Series_2,11.796136,-10.536192
Series_2,11.807155,-10.451427
Series_2,11.818174,-10.451427
Series_2,11.829193,-10.451427
Series_2,11.840213,-10.451427
Series_2,11.851232,-10.451427
Series_2,11.862251,-10.451427
Series_2,11.873271,-10.451427
Series_2,11.884290,-10.451427
Series_2,11.895309,-10.451427
Series_2,11.906328,-10.451427
Series_2,11.917348,-10.451427
Series_2,11.928367,-10.451427
Series_2,11.939386,-10.451427
Series_2,11.950405,-10.451427
Series_2,11.961425,-10.451427
Series_2,11.972444,-10.451427
Series_2,11.983463,-10.451427
Series_2,11.994482,-10.451427
Series_2,12.005502,-10.451427
Series_2,12.016521,-10.451427
Series_2,12.027540,-10.451427
Series_2,12.038560,-10.451427
Series_2,12.049579,-10.472618
Series_2,12.060598,-10.472618
Series_2,12.071617,-10.467774
Series_2,12.082637,-10.462931
Series_2,12.093656,-10.458087
Series_2,12.104675,-10.453243
Series_2,12.115694,-10.448400
Series_2,12.126714,-10.443556
Series_2,12.137733,-10.438712
Series_2,12.148752,-10.433868
Series_2,12.159771,-10.429025
Series_2,12.170791,-10.424181
Series_2,12.181810,-10.419337
Series_2,12.192829,-10.414494
Series_2,12.203849,-10.409650
Series_2,12.214868,-10.404806
Series_2,12.225887,-10.399962
Series_2,12.236906,-10.395119
Series_2,12.247926,-10.390275
Series_2,12.258945,-10.385431
Series_2,12.269964,-10.380587
Series_2,12.280983,-10.375744
Series_2,12.292003,-10.370900
Series_2,12.303022,-10.366056
Series_2,12.314041,-10.361213
Series_2,12.325060,-10.356369
Series_2,12.336080,-10.351525
Series_2,12.347099,-10.346681
Series_2,12.358118,-10.341838
Series_2,12.369138,-10.336994
Series_2,12.380157,-10.332150
Series_2,12.391176,-10.327307
Series_2,12.402195,-10.322463
Series_2,12.413215,-10.317619
Series_2,12.424234,-10.312775
Series_2,12.435253,-10.307932
Series_2,12.446272,-10.303088
Series_2,12.457292,-10.303088
Series_2,12.468311,-10.303088
Series_2,12.479330,-10.303088
Series_2,12.490350,-10.303088
Series_2,12.501369,-10.303088
Series_2,12.512388,-10.303088
Series_2,12.523407,-10.303088
Series_2,12.534427,-10.303088
Series_2,12.545446,-10.303088
Series_2,12.556465,-10.303088
Series_2,12.567484,-10.300061
Series_2,12.578504,-10.297033
Series_2,12.589523,-10.294006
Series_2,12.600542,-10.290979
Series_2,12.611561,-10.287951
Series_2,12.622581,-10.284924
Series_2,12.633600,-10.281897
Series_2,12.644619,-10.278869
Series_2,12.655639,-10.275842
Series_2,12.666658,-10.272815
Series_2,12.677677,-10.269787
Series_2,12.688696,-10.266760
Series_2,12.699716,-10.263733
Series_2,12.710735,-10.260705
Series_2,12.721754,-10.257678
Series_2,12.732773,-10.254651
Series_2,12.743793,-10.251623
Series_2,12.754812,-10.248596
Series_2,12.765831,-10.245569
Series_2,12.776850,-10.242541
Series_2,12.787870,-10.239514
Series_2,12.798889,-10.236487
Series_2,12.809908,-10.233459
Series_2,12.820928,-10.230432
Series_2,12.831947,-10.227405
Series_2,12.842966,-10.224377
Series_2,12.853985,-10.221350
Series_2,12.865005,-10.218323
Series_2,12.876024,-10.218323
Series_2,12.887043,-10.218323
Series_2,12.898062,-10.218323
Series_2,12.909082,-10.218323
Series_2,12.920101,-10.218323
Series_2,12.931120,-10.218323
Series_2,12.942140,-10.218323
Series_2,12.953159,-10.218323
Series_2,12.964178,-10.218323
Series_2,12.975197,-10.218323
Series_2,12.986217,-10.218323
Series_2,12.997236,-10.218323
Series_2,13.008255,-10.218323
Series_2,13.019274,-10.218323
Series_2,13.030294,-10.218323
Series_2,13.041313,-10.218323
Series_2,13.052332,-10.218323
Series_2,13.063351,-10.214085
Series_2,13.074371,-10.209846
Series_2,13.085390,-10.205608
Series_2,13.096409,-10.201370
Series_2,13.107429,-10.197132
Series_2,13.118448,-10.192893
Series_2,13.129467,-10.188655
Series_2,13.140486,-10.184417
Series_2,13.151506,-10.180179
Series_2,13.162525,-10.175940
Series_2,13.173544,-10.175940
Series_2,13.184563,-10.175940
Series_2,13.195583,-10.175940
Series_2,13.206602,-10.175940
Series_2,13.217621,-10.175940
Series_2,13.228640,-10.175940
Series_2,13.239660,-10.173447
Series_2,13.250679,-10.170954
Series_2,13.261698,-10.168461
Series_2,13.272718,-10.165968
Series_2,13.283737,-10.163475
Series_2,13.294756,-10.160982
Series_2,13.305775,-10.158489
Series_2,13.316795,-10.155996
Series_2,13.327814,-10.153502
Series_2,13.338833,-10.151009
Series_2,13.349852,-10.148516
Series_2,13.360872,-10.146023
Series_2,13.371891,-10.143530
Series_2,13.382910,-10.141037
Series_2,13.393930,-10.138544
Series_2,13.404949,-10.136051
Series_2,13.415968,-10.133558
Series_2,13.426987,-10.133558
Series_2,13.438007,-10.133558
Series_2,13.449026,-10.133558
Series_2,13.460045,-10.128260
Series_2,13.471064,-10.122962
Series_2,13.482084,-10.117664
Series_2,13.493103,-10.112366
Series_2,13.504122,-10.107069
Series_2,13.515141,-10.101771
Series_2,13.526161,-10.096473
Series_2,13.537180,-10.091175
Series_2,13.548199,-10.091175
Series_2,13.559219,-10.091175
Series_2,13.570238,-10.091175
Series_2,13.581257,-10.091175
Series_2,13.592276,-10.091175
Series_2,13.603296,-10.091175
Series_2,13.614315,-10.091175
Series_2,13.625334,-10.091175
Series_2,13.636353,-10.091175
Series_2,13.647373,-10.091175
Series_2,13.658392,-10.091175
Series_2,13.669411,-10.091175
Series_2,13.680430,-10.091175
Series_2,13.691450,-10.091175
Series_2,13.702469,-10.091175
Series_2,13.713488,-10.091175
Series_2,13.724508,-10.091175
Series_2,13.735527,-10.091175
Series_2,13.746546,-10.091175
Series_2,13.757565,-10.091175
Series_2,13.768585,-10.091175
Series_2,13.779604,-10.091175
Series_2,13.790623,-10.091175
Series_2,13.801642,-10.091175
Series_2,13.812662,-10.091175
Series_2,13.823681,-10.091175
Series_2,13.834700,-10.091175
Series_2,13.845719,-10.069984
Series_2,13.856739,-10.048793
Series_2,13.867758,-10.048793
Series_2,13.878777,-10.048793
Series_2,13.889797,-10.048793
Series_2,13.900816,-10.048793
Series_2,13.911835,-10.048793
Series_2,13.922854,-10.048793
Series_2,13.933874,-10.048793
Series_2,13.944893,-10.048793
Series_2,13.955912,-10.048793
Series_2,13.966931,-10.048793
Series_2,13.977951,-10.048793
Series_2,13.988970,-10.048793
Series_2,13.999989,-10.048793
Series_2,14.011009,-10.048793
Series_2,14.022028,-10.048793
Series_2,14.033047,-10.048793
Series_2,14.044066,-10.048793
Series_2,14.055086,-10.048793
Series_2,14.066105,-10.048793
Series_2,14.077124,-10.048793
Series_2,14.088143,-10.048793
Series_2,14.099163,-10.048793
Series_2,14.110182,-10.048793
Series_2,14.121201,-10.048793
Series_2,14.132220,-10.048793
Series_2,14.143240,-10.027601
Series_2,14.154259,-10.006410
Series_2,14.165278,-9.999346
Series_2,14.176298,-9.999346
Series_2,14.187317,-9.999346
Series_2,14.198336,-9.999346
Series_2,14.209355,-9.964027
Series_2,14.220375,-9.942836
Series_2,14.231394,-9.942836
Series_2,14.242413,-9.942836
Series_2,14.253432,-9.921645
Series_2,14.264452,-9.921645
Series_2,14.275471,-9.900454
Series_2,14.286490,-9.921645
Series_2,14.297509,-9.921645
Series_2,14.308529,-9.921645
Series_2,14.319548,-9.942836
Series_2,14.330567,-9.921645
Series_2,14.341587,-9.921645
Series_2,14.352606,-9.920585
Series_2,14.363625,-9.919526
Series_2,14.374644,-9.918466
Series_2,14.385664,-9.917407
Series_2,14.396683,-9.916347
Series_2,14.407702,-9.915288
Series_2,14.418721,-9.914228
Series_2,14.429741,-9.913168
Series_2,14.440760,-9.912109
Series_2,14.451779,-9.911049
Series_2,14.462799,-9.909990
Series_2,14.473818,-9.908930
Series_2,14.484837,-9.907871
Series_2,14.495856,-9.906811
Series_2,14.506876,-9.905751
Series_2,14.517895,-9.904692
Series_2,14.528914,-9.903632
Series_2,14.539933,-9.902573
Series_2,14.550953,-9.901513
Series_2,14.561972,-9.900454
Series_2,14.572991,-9.900454
Series_2,14.584010,-9.836880
Series_2,14.595030,-9.836880
Series_2,14.606049,-9.836880
Series_2,14.617068,-9.836880
Series_2,14.628088,-9.836880
Series_2,14.639107,-9.836880
Series_2,14.650126,-9.836880
Series_2,14.661145,-9.836880
Series_2,14.672165,-9.836880
Series_2,14.683184,-9.836880
Series_2,14.694203,-9.794497
Series_2,14.705222,-9.794497
Series_2,14.716242,-9.773306
Series_2,14.727261,-9.752115
Series_2,14.738280,-9.752115
Series_2,14.749299,-9.752115
Series_2,14.760319,-9.773306
Series_2,14.771338,-9.773306
Series_2,14.782357,-9.773306
Series_2,14.793377,-9.773306
Series_2,14.804396,-9.730923
Series_2,14.815415,-9.730923
Series_2,14.826434,-9.730923
Series_2,14.837454,-9.730923
Series_2,14.848473,-9.730923
Series_2,14.859492,-9.730923
Series_2,14.870511,-9.752115
Series_2,14.881531,-9.752115
Series_2,14.892550,-9.730923
Series_2,14.903569,-9.730923
Series_2,14.914588,-9.730923
Series_2,14.925608,-9.730923
Series_2,14.936627,-9.730923
Series_2,14.947646,-9.709732
Series_2,14.958666,-9.709732
Series_2,14.969685,-9.709732
Series_2,14.980704,-9.709732
Series_2,14.991723,-9.709732
Series_2,15.002743,-9.709732
Series_2,15.013762,-9.709732
Series_2,15.024781,-9.709732
Series_2,15.035800,-9.709732
Series_2,15.046820,-9.709732
Series_2,15.057839,-9.709732
Series_2,15.068858,-9.709732
Series_2,15.079878,-9.709732
Series_2,15.090897,-9.709732
Series_2,15.101916,-9.709732
Series_2,15.112935,-9.709732
Series_2,15.123955,-9.688541
Series_2,15.134974,-9.688541
Series_2,15.145993,-9.667350
Series_2,15.157012,-9.667350
Series_2,15.168032,-9.667350
Series_2,15.179051,-9.667350
Series_2,15.190070,-9.667350
Series_2,15.201089,-9.667350
Series_2,15.212109,-9.667350
Series_2,15.223128,-9.646158
Series_2,15.234147,-9.646158
Series_2,15.245167,-9.646158
Series_2,15.256186,-9.624967
Series_2,15.267205,-9.624967
Series_2,15.278224,-9.624967
Series_2,15.289244,-9.624967
Series_2,15.300263,-9.624967
Series_2,15.311282,-9.624967
Series_2,15.322301,-9.624967
Series_2,15.333321,-9.624967
Series_2,15.344340,-9.624967
Series_2,15.355359,-9.624967
Series_2,15.366378,-9.624967
Series_2,15.377398,-9.624967
Series_2,15.388417,-9.624967
Series_2,15.399436,-9.621576
Series_2,15.410456,-9.618186
Series_2,15.421475,-9.614795
Series_2,15.432494,-9.611405
Series_2,15.443513,-9.608014
Series_2,15.454533,-9.604623
Series_2,15.465552,-9.601233
Series_2,15.476571,-9.597842
Series_2,15.487590,-9.594452
Series_2,15.498610,-9.591061
Series_2,15.509629,-9.587670
Series_2,15.520648,-9.584280
Series_2,15.531668,-9.580889
Series_2,15.542687,-9.577499
Series_2,15.553706,-9.574108
Series_2,15.564725,-9.570717
Series_2,15.575745,-9.567327
Series_2,15.586764,-9.563936
Series_2,15.597783,-9.560546
Series_2,15.608802,-9.557155
Series_2,15.619822,-9.553764
Series_2,15.630841,-9.550374
Series_2,15.641860,-9.546983
Series_2,15.652879,-9.543592
Series_2,15.663899,-9.540202
Series_2,15.674918,-9.519011
Series_2,15.685937,-9.497819
Series_2,15.696957,-9.508415
Series_2,15.707976,-9.519011
Series_2,15.718995,-9.509929
Series_2,15.730014,-9.500847
Series_2,15.741034,-9.491765
Series_2,15.752053,-9.482683
Series_2,15.763072,-9.473601
Series_2,15.774091,-9.464519
Series_2,15.785111,-9.455437
Series_2,15.796130,-9.455437
Series_2,15.807149,-9.455437
Series_2,15.818168,-9.455437
Series_2,15.829188,-9.455437
Series_2,15.840207,-9.455437
Series_2,15.851226,-9.455437
Series_2,15.862246,-9.434246
Series_2,15.873265,-9.434246
Series_2,15.884284,-9.434246
Series_2,15.895303,-9.434246
Series_2,15.906323,-9.413054
Series_2,15.917342,-9.413054
Series_2,15.928361,-9.413054
Series_2,15.939380,-9.413054
Series_2,15.950400,-9.413054
Series_2,15.961419,-9.413054
Series_2,15.972438,-9.413054
Series_2,15.983458,-9.391863
Series_2,15.994477,-9.391863
Series_2,16.005496,-9.391863
Series_2,16.016515,-9.391863
Series_2,16.027535,-9.391863
Series_2,16.038554,-9.370672
Series_2,16.049573,-9.349480
Series_2,16.060592,-9.349480
Series_2,16.071612,-9.349480
Series_2,16.082631,-9.349480
Series_2,16.093650,-9.349480
Series_2,16.104669,-9.328289
Series_2,16.115689,-9.328289
Series_2,16.126708,-9.307098
Series_2,16.137727,-9.307098
Series_2,16.148747,-9.307098
Series_2,16.159766,-9.328289
Series_2,16.170785,-9.321225
Series_2,16.181804,-9.321225
Series_2,16.192824,-9.328289
Series_2,16.203843,-9.328289
Series_2,16.214862,-9.328289
Series_2,16.225881,-9.307098
Series_2,16.236901,-9.285907
Series_2,16.247920,-9.283676
Series_2,16.258939,-9.281445
Series_2,16.269958,-9.279215
Series_2,16.280978,-9.276984
Series_2,16.291997,-9.274753
Series_2,16.303016,-9.272523
Series_2,16.314036,-9.270292
Series_2,16.325055,-9.268061
Series_2,16.336074,-9.265831
Series_2,16.347093,-9.263600
Series_2,16.358113,-9.261369
Series_2,16.369132,-9.259139
Series_2,16.380151,-9.256908
Series_2,16.391170,-9.254677
Series_2,16.402190,-9.252447
Series_2,16.413209,-9.250216
Series_2,16.424228,-9.247985
Series_2,16.435247,-9.245755
Series_2,16.446267,-9.243524
Series_2,16.457286,-9.222333
Series_2,16.468305,-9.201141
Series_2,16.479325,-9.222333
Series_2,16.490344,-9.222333
Series_2,16.501363,-9.222333
Series_2,16.512382,-9.222333
Series_2,16.523402,-9.201141
Series_2,16.534421,-9.179950
Series_2,16.545440,-9.179950
Series_2,16.556459,-9.158759
Series_2,16.567479,-9.158759
Series_2,16.578498,-9.158759
Series_2,16.589517,-9.158759
Series_2,16.600537,-9.137568
Series_2,16.611556,-9.158759
Series_2,16.622575,-9.158759
Series_2,16.633594,-9.137568
Series_2,16.644614,-9.137568
Series_2,16.655633,-9.137568
Series_2,16.666652,-9.137568
Series_2,16.677671,-9.137568
Series_2,16.688691,-9.137568
Series_2,16.699710,-9.137568
Series_2,16.710729,-9.137568
Series_2,16.721748,-9.095185
Series_2,16.732768,-9.095185
Series_2,16.743787,-9.095185
Series_2,16.754806,-9.095185
Series_2,16.765826,-9.095185
Series_2,16.776845,-9.095185
Series_2,16.787864,-9.095185
Series_2,16.798883,-9.095185
Series_2,16.809903,-9.073994
Series_2,16.820922,-9.073994
Series_2,16.831941,-9.073994
Series_2,16.842960,-9.073994
Series_2,16.853980,-9.052802
Series_2,16.864999,-9.052802
Series_2,16.876018,-9.052802
Series_2,16.887037,-9.052802
Series_2,16.898057,-9.031611
Series_2,16.909076,-9.031611
Series_2,16.920095,-9.031611
Series_2,16.931115,-9.031611
Series_2,16.942134,-9.031611
Series_2,16.953153,-9.031611
Series_2,16.964172,-9.031611
Series_2,16.975192,-9.031611
Series_2,16.986211,-9.031611
Series_2,16.997230,-9.031611
Series_2,17.008249,-9.010420
Series_2,17.019269,-9.010420
Series_2,17.030288,-9.010420
Series_2,17.041307,-9.010420
Series_2,17.052327,-9.010420
Series_2,17.063346,-8.989229
Series_2,17.074365,-8.989229
Series_2,17.085384,-8.989229
Series_2,17.096404,-8.989229
Series_2,17.107423,-8.968037
Series_2,17.118442,-8.968037
Series_2,17.129461,-8.946846
Series_2,17.140481,-8.946846
Series_2,17.151500,-8.946846
Series_2,17.162519,-8.946846
Series_2,17.173538,-8.968037
Series_2,17.184558,-8.953910
Series_2,17.195577,-8.939782
Series_2,17.206596,-8.925655
Series_2,17.217616,-8.925655
Series_2,17.228635,-8.925655
Series_2,17.239654,-8.925655
Series_2,17.250673,-8.946846
Series_2,17.261693,-8.925655
Series_2,17.272712,-8.925655
Series_2,17.283731,-8.904464
Series_2,17.294750,-8.953627
Series_2,17.305770,-9.002791
Series_2,17.316789,-9.051955
Series_2,17.327808,-9.101119
Series_2,17.338827,-9.150282
Series_2,17.349847,-9.199446
Series_2,17.360866,-9.248610
Series_2,17.371885,-9.297774
Series_2,17.382905,-9.346937
Series_2,17.393924,-9.396101
Series_2,17.404943,-9.445265
Series_2,17.415962,-9.494429
Series_2,17.426982,-9.543592
Series_2,17.438001,-9.592756
Series_2,17.449020,-9.641920
Series_2,17.460039,-9.691084
Series_2,17.471059,-9.740248
Series_2,17.482078,-9.789411
Series_2,17.493097,-9.838575
Series_2,17.504117,-9.887739
Series_2,17.515136,-9.936903
Series_2,17.526155,-9.986066
Series_2,17.537174,-10.035230
Series_2,17.548194,-10.084394
Series_2,17.559213,-10.133558
Series_2,17.570232,-10.133558
Series_2,17.581251,-10.133558
Series_2,17.592271,-10.133558
Series_2,17.603290,-10.133558
Series_2,17.614309,-10.133558
Series_2,17.625328,-10.133558
Series_2,17.636348,-10.133558
Series_2,17.647367,-10.133558
Series_2,17.658386,-10.133558
Series_2,17.669406,-10.133558
Series_2,17.680425,-10.133558
Series_2,17.691444,-10.133558
Series_2,17.702463,-10.133558
Series_2,17.713483,-10.133558
Series_2,17.724502,-10.165073
Series_2,17.735521,-10.196588
Series_2,17.746540,-10.228103
Series_2,17.757560,-10.259619
Series_2,17.768579,-10.291134
Series_2,17.779598,-10.322649
Series_2,17.790617,-10.354164
Series_2,17.801637,-10.385680
Series_2,17.812656,-10.417195
Series_2,17.823675,-10.448710
Series_2,17.834695,-10.480225
Series_2,17.845714,-10.511741
Series_2,17.856733,-10.543256
Series_2,17.867752,-10.574771
Series_2,17.878772,-10.606286
Series_2,17.889791,-10.637801
Series_2,17.900810,-10.669317
Series_2,17.911829,-10.700832
Series_2,17.922849,-10.732347
Series_3,0.126731,-0.110083
Series_3,0.137750,-0.110083
Series_3,0.148769,-0.110083
Series_3,0.159789,-0.110083
Series_3,0.170808,-0.110083
Series_3,0.181827,-0.110083
Series_3,0.192846,-0.110083
Series_3,0.203866,-0.110083
Series_3,0.214885,-0.110083
Series_3,0.225904,-0.110083
Series_3,0.236923,-0.110083
Series_3,0.247943,-0.110083
Series_3,0.258962,-0.110083
Series_3,0.269981,-0.110083
Series_3,0.281000,-0.110083
Series_3,0.292020,-0.110083
Series_3,0.303039,-0.110083
Series_3,0.314058,-0.110083
Series_3,0.325078,-0.110083
Series_3,0.336097,-0.110083
Series_3,0.347116,-0.110083
Series_3,0.358135,-0.110083
Series_3,0.369155,-0.110083
Series_3,0.380174,-0.110083
Series_3,0.391193,-0.110083
Series_3,0.402212,-0.110083
Series_3,0.413232,-0.110083
Series_3,0.424251,-0.120678
Series_3,0.435270,-0.131274
Series_3,0.446289,-0.141870
Series_3,0.457309,-0.152465
Series_3,0.468328,-0.163061
Series_3,0.479347,-0.173657
Series_3,0.490367,-0.184252
Series_3,0.501386,-0.194848
Series_3,0.512405,-0.205444
Series_3,0.523424,-0.216039
Series_3,0.534444,-0.226635
Series_3,0.545463,-0.237231
Series_3,0.556482,-0.247826
Series_3,0.567501,-0.258422
Series_3,0.578521,-0.269017
Series_3,0.589540,-0.279613
Series_3,0.600559,-0.290209
Series_3,0.611578,-0.300804
Series_3,0.622598,-0.311400
Series_3,0.633617,-0.321996
Series_3,0.644636,-0.332591
Series_3,0.655656,-0.343187
Series_3,0.666675,-0.353783
Series_3,0.677694,-0.364378
Series_3,0.688713,-0.374974
Series_3,0.699733,-0.385569
Series_3,0.710752,-0.396165
Series_3,0.721771,-0.406761
Series_3,0.732790,-0.417356
Series_3,0.743810,-0.427952
Series_3,0.754829,-0.438548
Series_3,0.765848,-0.449143
Series_3,0.776868,-0.459739
Series_3,0.787887,-0.470335
Series_3,0.798906,-0.480930
Series_3,0.809925,-0.491526
Series_3,0.820945,-0.502122
Series_3,0.831964,-0.512717
Series_3,0.842983,-0.523313
Series_3,0.854002,-0.533908
Series_3,0.865022,-0.544504
Series_3,0.876041,-0.555100
Series_3,0.887060,-0.555100
Series_3,0.898079,-0.582648
Series_3,0.909099,-0.610197
Series_3,0.920118,-0.632801
Series_3,0.931137,-0.632801
Series_3,0.942157,-0.661056
Series_3,0.953176,-0.661056
Series_3,0.964195,-0.682247
Series_3,0.975214,-0.682247
Series_3,0.986234,-0.703439
Series_3,0.997253,-0.724630
Series_3,1.008272,-0.724630
Series_3,1.019291,-0.724630
Series_3,1.030311,-0.745821
Series_3,1.041330,-0.745821
Series_3,1.052349,-0.745821
Series_3,1.063368,-0.745821
Series_3,1.074388,-0.745821
Series_3,1.085407,-0.767012
Series_3,1.096426,-0.767012
Series_3,1.107446,-0.767012
Series_3,1.118465,-0.788204
Series_3,1.129484,-0.788204
Series_3,1.140503,-0.788204
Series_3,1.151523,-0.809395
Series_3,1.162542,-0.809395
Series_3,1.173561,-0.809395
Series_3,1.184580,-0.809395
Series_3,1.195600,-0.809395
Series_3,1.206619,-0.745821
Series_3,1.217638,-0.728868
Series_3,1.228658,-0.767012
Series_3,1.239677,-0.767012
Series_3,1.250696,-0.802331
Series_3,1.261715,-0.830586
Series_3,1.272735,-0.872969
Series_3,1.283754,-0.889922
Series_3,1.294773,-0.936543
Series_3,1.305792,-0.940781
Series_3,1.316812,-0.957734
Series_3,1.327831,-0.925947
Series_3,1.338850,-0.851778
Series_3,1.349869,-0.851778
Series_3,1.360889,-0.851778
Series_3,1.371908,-0.851778
Series_3,1.382927,-0.851778
Series_3,1.393947,-0.857832
Series_3,1.404966,-0.863887
Series_3,1.415985,-0.869942
Series_3,1.427004,-0.875996
Series_3,1.438024,-0.882051
Series_3,1.449043,-0.888106
Series_3,1.460062,-0.894160
Series_3,1.471081,-0.894160
Series_3,1.482101,-0.894160
Series_3,1.493120,-0.894160
Series_3,1.504139,-0.894160
Series_3,1.515158,-0.936543
Series_3,1.526178,-0.936543
Series_3,1.537197,-0.915351
Series_3,1.548216,-0.894160
Series_3,1.559236,-0.894160
Series_3,1.570255,-0.872969
Series_3,1.581274,-0.894160
Series_3,1.592293,-0.894160
Series_3,1.603313,-0.894160
Series_3,1.614332,-0.915351
Series_3,1.625351,-0.915351
Series_3,1.636370,-0.936543
Series_3,1.647390,-0.957734
Series_3,1.658409,-0.957734
Series_3,1.669428,-0.957734
Series_3,1.680448,-0.957734
Series_3,1.691467,-0.978925
Series_3,1.702486,-0.989521
Series_3,1.713505,-1.000117
Series_3,1.724525,-1.010712
Series_3,1.735544,-1.021308
Series_3,1.746563,-1.042499
Series_3,1.757582,-1.042499
Series_3,1.768602,-1.042499
Series_3,1.779621,-1.042499
Series_3,1.790640,-1.010712
Series_3,1.801659,-1.010712
Series_3,1.812679,-1.000117
Series_3,1.823698,-1.021308
Series_3,1.834717,-1.063690
Series_3,1.845737,-1.059452
Series_3,1.856756,-1.059452
Series_3,1.867775,-1.084882
Series_3,1.878794,-1.063690
Series_3,1.889814,-1.084882
Series_3,1.900833,-1.084882
Series_3,1.911852,-1.084882
Series_3,1.922871,-1.127264
Series_3,1.933891,-1.148456
Series_3,1.944910,-1.127264
Series_3,1.955929,-1.091945
Series_3,1.966948,-1.091945
Series_3,1.977968,-1.091945
Series_3,1.988987,-1.115155
Series_3,2.000006,-1.127264
Series_3,2.011026,-1.127264
Series_3,2.022045,-1.127264
Series_3,2.033064,-1.148456
Series_3,2.044083,-1.148456
Series_3,2.055103,-1.169647
Series_3,2.066122,-1.190838
Series_3,2.077141,-1.212029
Series_3,2.088160,-1.233221
Series_3,2.099180,-1.233221
Series_3,2.110199,-1.233221
Series_3,2.121218,-1.233221
Series_3,2.132237,-1.275603
Series_3,2.143257,-1.275603
Series_3,2.154276,-1.275603
Series_3,2.165295,-1.275603
Series_3,2.176315,-1.275603
Series_3,2.187334,-1.296794
Series_3,2.198353,-1.317986
Series_3,2.209372,-1.317986
Series_3,2.220392,-1.296794
Series_3,2.231411,-1.296794
Series_3,2.242430,-1.312688
Series_3,2.253449,-1.339177
Series_3,2.264469,-1.360368
Series_3,2.275488,-1.360368
Series_3,2.286507,-1.360368
Series_3,2.297527,-1.360368
Series_3,2.308546,-1.381560
Series_3,2.319565,-1.402751
Series_3,2.330584,-1.381560
Series_3,2.341604,-1.392155
Series_3,2.352623,-1.429240
Series_3,2.363642,-1.466325
Series_3,2.374661,-1.466325
Series_3,2.385681,-1.466325
Series_3,2.396700,-1.466325
Series_3,2.407719,-1.466325
Series_3,2.418738,-1.482218
Series_3,2.429758,-1.482218
Series_3,2.440777,-1.572281
Series_3,2.451796,-1.572281
Series_3,2.462816,-1.572281
Series_3,2.473835,-1.545035
Series_3,2.484854,-1.529899
Series_3,2.495873,-1.572281
Series_3,2.506893,-1.593472
Series_3,2.517912,-1.593472
Series_3,2.528931,-1.614664
Series_3,2.539950,-1.617691
Series_3,2.550970,-1.661284
Series_3,2.561989,-1.699429
Series_3,2.573008,-1.699429
Series_3,2.584027,-1.699429
Series_3,2.595047,-1.699429
Series_3,2.606066,-1.699429
Series_3,2.617085,-1.720620
Series_3,2.628105,-1.741811
Series_3,2.639124,-1.763003
Series_3,2.650143,-1.784194
Series_3,2.661162,-1.784194
Series_3,2.672182,-1.805385
Series_3,2.683201,-1.830815
Series_3,2.694220,-1.858363
Series_3,2.705239,-1.847768
Series_3,2.716259,-1.837172
Series_3,2.727278,-1.847768
Series_3,2.738297,-1.840704
Series_3,2.749317,-1.853822
Series_3,2.760336,-1.879555
Series_3,2.771355,-1.950697
Series_3,2.782374,-1.953724
Series_3,2.793394,-1.974915
Series_3,2.804413,-1.996107
Series_3,2.815432,-1.996107
Series_3,2.826451,-2.017298
Series_3,2.837471,-2.038489
Series_3,2.848490,-2.102063
Series_3,2.859509,-2.102063
Series_3,2.870528,-2.165637
Series_3,2.881548,-2.165637
Series_3,2.892567,-2.165637
Series_3,2.903586,-2.208019
Series_3,2.914606,-2.208019
Series_3,2.925625,-2.229211
Series_3,2.936644,-2.271593
Series_3,2.947663,-2.292785
Series_3,2.958683,-2.292785
Series_3,2.969702,-2.292785
Series_3,2.980721,-2.323058
Series_3,2.991740,-2.353331
Series_3,3.002760,-2.383604
Series_3,3.013779,-2.413878
Series_3,3.024798,-2.444151
Series_3,3.035817,-2.474424
Series_3,3.046837,-2.504697
Series_3,3.057856,-2.547080
Series_3,3.068875,-2.589462
Series_3,3.079895,-2.589462
Series_3,3.090914,-2.653036
Series_3,3.101933,-2.653036
Series_3,3.112952,-2.674228
Series_3,3.123972,-2.674228
Series_3,3.134991,-2.701776
Series_3,3.146010,-2.729325
Series_3,3.157029,-2.756874
Series_3,3.168049,-2.784422
Series_3,3.179068,-2.811971
Series_3,3.190087,-2.839520
Series_3,3.201107,-2.867068
Series_3,3.212126,-2.894617
Series_3,3.223145,-2.922166
Series_3,3.234164,-2.949714
Series_3,3.245184,-2.992097
Series_3,3.256203,-3.020352
Series_3,3.267222,-3.048607
Series_3,3.278241,-3.055671
Series_3,3.289261,-3.076862
Series_3,3.300280,-3.076862
Series_3,3.311299,-3.098053
Series_3,3.322318,-3.140436
Series_3,3.333338,-3.182818
Series_3,3.344357,-3.182818
Series_3,3.355376,-3.214605
Series_3,3.366396,-3.246392
Series_3,3.377415,-3.288775
Series_3,3.388434,-3.309966
Series_3,3.399453,-3.373540
Series_3,3.410473,-3.394731
Series_3,3.421492,-3.415922
Series_3,3.432511,-3.415922
Series_3,3.443530,-3.458305
Series_3,3.454550,-3.479496
Series_3,3.465569,-3.500687
Series_3,3.476588,-3.500687
Series_3,3.487607,-3.564261
Series_3,3.498627,-3.553666
Series_3,3.509646,-3.543070
Series_3,3.520665,-3.543070
Series_3,3.531685,-3.560023
Series_3,3.542704,-3.606644
Series_3,3.553723,-3.649026
Series_3,3.564742,-3.733792
Series_3,3.575762,-3.739089
Series_3,3.586781,-3.744387
Series_3,3.597800,-3.749685
Series_3,3.608819,-3.754983
Series_3,3.619839,-3.760281
Series_3,3.630858,-3.765578
Series_3,3.641877,-3.770876
Series_3,3.652896,-3.776174
Series_3,3.663916,-3.824914
Series_3,3.674935,-3.873654
Series_3,3.685954,-3.882130
Series_3,3.696974,-3.903322
Series_3,3.707993,-3.924513
Series_3,3.719012,-3.935109
Series_3,3.730031,-3.945704
Series_3,3.741051,-4.069825
Series_3,3.752070,-4.083448
Series_3,3.763089,-4.094043
Series_3,3.774108,-4.136426
Series_3,3.785128,-4.221191
Series_3,3.796147,-4.245914
Series_3,3.807166,-4.284765
Series_3,3.818186,-4.323615
Series_3,3.829205,-4.348339
Series_3,3.840224,-4.348339
Series_3,3.851243,-4.403762
Series_3,3.862263,-4.454295
Series_3,3.873282,-4.482007
Series_3,3.884301,-4.545115
Series_3,3.895320,-4.623825
Series_3,3.906340,-4.623825
Series_3,3.917359,-4.708590
Series_3,3.928378,-4.729782
Series_3,3.939397,-4.814547
Series_3,3.950417,-4.842258
Series_3,3.961436,-4.869970
Series_3,3.972455,-4.899312
Series_3,3.983475,-5.026460
Series_3,3.994494,-5.047651
Series_3,4.005513,-5.050300
Series_3,4.016532,-5.071130
Series_3,4.027552,-5.091960
Series_3,4.038571,-5.180578
Series_3,4.049590,-5.280755
Series_3,4.060609,-5.301946
Series_3,4.071629,-5.323137
Series_3,4.082648,-5.429094
Series_3,4.093667,-5.429094
Series_3,4.104686,-5.429094
Series_3,4.115706,-5.429094
Series_3,4.126725,-5.467238
Series_3,4.137744,-5.513859
Series_3,4.148764,-5.513859
Series_3,4.159783,-5.563305
Series_3,4.170802,-5.641007
Series_3,4.181821,-5.662198
Series_3,4.192841,-5.676325
Series_3,4.203860,-5.746963
Series_3,4.214879,-5.768154
Series_3,4.225898,-5.810537
Series_3,4.236918,-5.895302
Series_3,4.247937,-5.937685
Series_3,4.258956,-5.958876
Series_3,4.269976,-6.001258
Series_3,4.280995,-6.064832
Series_3,4.292014,-6.086023
Series_3,4.303033,-6.128406
Series_3,4.314053,-6.191980
Series_3,4.325072,-6.269681
Series_3,4.336091,-6.308532
Series_3,4.347110,-6.368574
Series_3,4.358130,-6.425084
Series_3,4.369149,-6.488658
Series_3,4.380168,-6.509849
Series_3,4.391187,-6.552232
Series_3,4.402207,-6.594614
Series_3,4.413226,-6.636997
Series_3,4.424245,-6.700571
Series_3,4.435265,-6.742953
Series_3,4.446284,-6.785336
Series_3,4.457303,-6.823480
Series_3,4.468322,-6.870101
Series_3,4.479342,-6.933675
Series_3,4.490361,-6.954866
Series_3,4.501380,-6.976057
Series_3,4.512399,-7.060822
Series_3,4.523419,-7.124396
Series_3,4.534438,-7.145587
Series_3,4.545457,-7.209161
Series_3,4.556476,-7.272735
Series_3,4.567496,-7.336309
Series_3,4.578515,-7.336309
Series_3,4.589534,-7.421074
Series_3,4.600554,-7.442265
Series_3,4.611573,-7.505839
Series_3,4.622592,-7.548222
Series_3,4.633611,-7.611796
Series_3,4.644631,-7.675369
Series_3,4.655650,-7.781326
Series_3,4.666669,-7.823708
Series_3,4.677688,-7.866091
Series_3,4.688708,-7.908473
Series_3,4.699727,-7.972047
Series_3,4.710746,-8.014430
Series_3,4.721765,-8.078004
Series_3,4.732785,-8.086480
Series_3,4.743804,-8.128863
Series_3,4.754823,-8.179722
Series_3,4.765843,-8.226343
Series_3,4.776862,-8.289916
Series_3,4.787881,-8.395873
Series_3,4.798900,-8.438255
Series_3,4.809920,-8.493353
Series_3,4.820939,-8.616868
Series_3,4.831958,-8.692551
Series_3,4.842977,-8.713742
Series_3,4.853997,-8.766720
Series_3,4.865016,-8.798507
Series_3,4.876035,-8.917178
Series_3,4.887055,-8.946846
Series_3,4.898074,-9.010420
Series_3,4.909093,-9.031611
Series_3,4.920112,-9.063398
Series_3,4.931132,-9.116376
Series_3,4.942151,-9.158759
Series_3,4.953170,-9.222333
Series_3,4.964189,-9.307098
Series_3,4.975209,-9.328289
Series_3,4.986228,-9.391863
Series_3,4.997247,-9.476628
Series_3,5.008266,-9.519011
Series_3,5.019286,-9.561393
Series_3,5.030305,-9.603776
Series_3,5.041324,-9.688541
Series_3,5.052344,-9.709732
Series_3,5.063363,-9.709732
Series_3,5.074382,-9.773306
Series_3,5.085401,-9.858071
Series_3,5.096421,-9.858071
Series_3,5.107440,-9.934360
Series_3,5.118459,-9.999346
Series_3,5.129478,-10.061507
Series_3,5.140498,-10.112366
Series_3,5.151517,-10.175940
Series_3,5.162536,-10.239514
Series_3,5.173555,-10.292492
Series_3,5.184575,-10.303088
Series_3,5.195594,-10.387853
Series_3,5.206613,-10.469591
Series_3,5.217633,-10.530894
Series_3,5.228652,-10.548301
Series_3,5.239671,-10.642148
Series_3,5.250690,-10.684531
Series_3,5.261710,-10.769296
Series_3,5.272729,-10.824393
Series_3,5.283748,-10.875252
Series_3,5.294767,-10.951541
Series_3,5.305787,-10.981209
Series_3,5.316806,-11.044783
Series_3,5.327825,-11.150739
Series_3,5.338845,-11.171930
Series_3,5.349864,-11.235504
Series_3,5.360883,-11.299078
Series_3,5.371902,-11.341461
Series_3,5.382922,-11.426226
Series_3,5.393941,-11.451655
Series_3,5.404960,-11.510991
Series_3,5.415979,-11.510991
Series_3,5.426999,-11.574565
Series_3,5.438018,-11.627543
Series_3,5.449037,-11.722904
Series_3,5.460056,-11.765286
Series_3,5.471076,-11.828860
Series_3,5.482095,-11.850051
Series_3,5.493114,-11.943293
Series_3,5.504134,-12.040773
Series_3,5.515153,-12.083155
Series_3,5.526172,-12.104347
Series_3,5.537191,-12.146729
Series_3,5.548211,-12.231494
Series_3,5.559230,-12.330387
Series_3,5.570249,-12.379833
Series_3,5.581268,-12.422216
Series_3,5.592288,-12.443407
Series_3,5.603307,-12.485790
Series_3,5.614326,-12.570555
Series_3,5.625345,-12.634129
Series_3,5.636365,-12.697702
Series_3,5.647384,-12.761276
Series_3,5.658403,-12.803659
Series_3,5.669423,-12.846041
Series_3,5.680442,-12.899020
Series_3,5.691461,-12.973189
Series_3,5.702480,-13.015572
Series_3,5.713500,-13.036763
Series_3,5.724519,-13.100337
Series_3,5.735538,-13.113051
Series_3,5.746557,-13.163911
Series_3,5.757577,-13.248676
Series_3,5.768596,-13.269867
Series_3,5.779615,-13.291058
Series_3,5.790635,-13.365228
Series_3,5.801654,-13.439397
Series_3,5.812673,-13.481780
Series_3,5.823692,-13.545354
Series_3,5.834712,-13.587736
Series_3,5.845731,-13.655548
Series_3,5.856750,-13.706407
Series_3,5.867769,-13.799649
Series_3,5.878789,-13.820840
Series_3,5.889808,-13.905605
Series_3,5.900827,-13.947988
Series_3,5.911846,-13.969179
Series_3,5.922866,-14.011562
Series_3,5.933885,-14.075136
Series_3,5.944904,-14.117518
Series_3,5.955924,-14.138709
Series_3,5.966943,-14.202283
Series_3,5.977962,-14.265857
Series_3,5.988981,-14.329431
Series_3,6.000001,-14.429333
Series_3,6.011020,-14.435387
Series_3,6.022039,-14.530748
Series_3,6.033058,-14.583726
Series_3,6.044078,-14.636704
Series_3,6.055097,-14.689683
Series_3,6.066116,-14.753256
Series_3,6.077135,-14.795639
Series_3,6.088155,-14.795639
Series_3,6.099174,-14.838022
Series_3,6.110193,-14.880404
Series_3,6.121213,-14.901595
Series_3,6.132232,-15.007552
Series_3,6.143251,-15.034041
Series_3,6.154270,-15.060530
Series_3,6.165290,-15.113508
Series_3,6.176309,-15.177082
Series_3,6.187328,-15.219465
Series_3,6.198347,-15.261847
Series_3,6.209367,-15.304230
Series_3,6.220386,-15.353676
Series_3,6.231405,-15.378399
Series_3,6.242424,-15.410186
Series_3,6.253444,-15.441973
Series_3,6.264463,-15.473760
Series_3,6.275482,-15.537334
Series_3,6.286502,-15.579716
Series_3,6.297521,-15.622099
Series_3,6.308540,-15.643290
Series_3,6.319559,-15.706864
Series_3,6.330579,-15.749247
Series_3,6.341598,-15.834012
Series_3,6.352617,-15.876394
Series_3,6.363636,-15.939968
Series_3,6.374656,-15.961159
Series_3,6.385675,-15.982351
Series_3,6.396694,-16.003542
Series_3,6.407714,-16.045924
Series_3,6.418733,-16.088307
Series_3,6.429752,-16.109498
Series_3,6.440771,-16.130690
Series_3,6.451791,-16.173072
Series_3,6.462810,-16.215455
Series_3,6.473829,-16.236646
Series_3,6.484848,-16.342602
Series_3,6.495868,-16.384985
Series_3,6.506887,-16.427367
Series_3,6.517906,-16.490941
Series_3,6.528925,-16.512133
Series_3,6.539945,-16.554515
Series_3,6.550964,-16.671067
Series_3,6.561983,-16.724045
Series_3,6.573003,-16.724045
Series_3,6.584022,-16.745237
Series_3,6.595041,-16.787619
Series_3,6.606060,-16.787619
Series_3,6.617080,-16.830002
Series_3,6.628099,-16.872384
Series_3,6.639118,-16.914767
Series_3,6.650137,-16.935958
Series_3,6.661157,-17.003770
Series_3,6.672176,-17.031319
Series_3,6.683195,-17.094893
Series_3,6.694214,-17.126680
Series_3,6.705234,-17.169062
Series_3,6.716253,-17.211445
Series_3,6.727272,-17.232636
Series_3,6.738292,-17.253827
Series_3,6.749311,-17.275019
Series_3,6.760330,-17.296210
Series_3,6.771349,-17.317401
Series_3,6.782369,-17.338592
Series_3,6.793388,-17.380975
Series_3,6.804407,-17.402166
Series_3,6.815426,-17.444549
Series_3,6.826446,-17.486931
Series_3,6.837465,-17.508123
Series_3,6.848484,-17.529314
Series_3,6.859504,-17.550505
Series_3,6.870523,-17.571697
Series_3,6.881542,-17.614079
Series_3,6.892561,-17.614079
Series_3,6.903581,-17.656462
Series_3,6.914600,-17.688249
Series_3,6.925619,-17.720035
Series_3,6.936638,-17.741227
Series_3,6.947658,-17.762418
Series_3,6.958677,-17.783609
Series_3,6.969696,-17.804801
Series_3,6.980715,-17.825992
Series_3,6.991735,-17.825992
Series_3,7.002754,-17.868374
Series_3,7.013773,-17.868374
Series_3,7.024793,-17.953140
Series_3,7.035812,-17.953140
Series_3,7.046831,-17.953140
Series_3,7.057850,-17.981395
Series_3,7.068870,-18.016713
Series_3,7.079889,-18.059096
Series_3,7.090908,-18.059096
Series_3,7.101927,-18.066160
Series_3,7.112947,-18.094415
Series_3,7.123966,-18.122670
Series_3,7.134985,-18.122670
Series_3,7.146004,-18.143861
Series_3,7.157024,-18.165052
Series_3,7.168043,-18.207435
Series_3,7.179062,-18.249817
Series_3,7.190082,-18.292200
Series_3,7.201101,-18.292200
Series_3,7.212120,-18.292200
Series_3,7.223139,-18.313391
Series_3,7.234159,-18.355774
Series_3,7.245178,-18.355774
Series_3,7.256197,-18.355774
Series_3,7.267216,-18.355774
Series_3,7.278236,-18.376965
Series_3,7.289255,-18.419348
Series_3,7.300274,-18.419348
Series_3,7.311294,-18.461730
Series_3,7.322313,-18.482922
Series_3,7.333332,-18.525304
Series_3,7.344351,-18.546495
Series_3,7.355371,-18.567687
Series_3,7.366390,-18.588878
Series_3,7.377409,-18.588878
Series_3,7.388428,-18.588878
Series_3,7.399448,-18.610069
Series_3,7.410467,-18.610069
Series_3,7.421486,-18.610069
Series_3,7.432505,-18.610069
Series_3,7.443525,-18.610069
Series_3,7.454544,-18.631260
Series_3,7.465563,-18.652452
Series_3,7.476583,-18.659516
Series_3,7.487602,-18.652452
Series_3,7.498621,-18.694834
Series_3,7.509640,-18.694834
Series_3,7.520660,-18.716026
Series_3,7.531679,-18.737217
Series_3,7.542698,-18.737217
Series_3,7.553717,-18.758408
Series_3,7.564737,-18.779599
Series_3,7.575756,-18.779599
Series_3,7.586775,-18.779599
Series_3,7.597794,-18.779599
Series_3,7.608814,-18.779599
Series_3,7.619833,-18.779599
Series_3,7.630852,-18.821982
Series_3,7.641872,-18.821982
Series_3,7.652891,-18.821982
Series_3,7.663910,-18.821982
Series_3,7.674929,-18.821982
Series_3,7.685949,-18.843173
Series_3,7.696968,-18.843173
Series_3,7.707987,-18.843173
Series_3,7.719006,-18.843173
Series_3,7.730026,-18.843173
Series_3,7.741045,-18.843173
Series_3,7.752064,-18.843173
Series_3,7.763083,-18.843173
Series_3,7.774103,-18.843173
Series_3,7.785122,-18.843173
Series_3,7.796141,-18.843173
Series_3,7.807161,-18.843173
Series_3,7.818180,-18.864365
Series_3,7.829199,-18.864365
Series_3,7.840218,-18.864365
Series_3,7.851238,-18.864365
Series_3,7.862257,-18.864365
Series_3,7.873276,-18.864365
Series_3,7.884295,-18.864365
Series_3,7.895315,-18.864365
Series_3,7.906334,-18.864365
Series_3,7.917353,-18.864365
Series_3,7.928373,-18.864365
Series_3,7.939392,-18.864365
Series_3,7.950411,-18.864365
Series_3,7.961430,-18.864365
Series_3,7.972450,-18.864365
Series_3,7.983469,-18.864365
Series_3,7.994488,-18.864365
Series_3,8.005507,-18.864365
Series_3,8.016527,-18.864365
Series_3,8.027546,-18.864365
Series_3,8.038565,-18.864365
Series_3,8.049584,-18.864365
Series_3,8.060604,-18.864365
Series_3,8.071623,-18.864365
Series_3,8.082642,-18.864365
Series_3,8.093662,-18.864365
Series_3,8.104681,-18.864365
Series_3,8.115700,-18.864365
Series_3,8.126719,-18.864365
Series_3,8.137739,-18.864365
Series_3,8.148758,-18.864365
Series_3,8.159777,-18.864365
Series_3,8.170796,-18.864365
Series_3,8.181816,-18.843173
Series_3,8.192835,-18.843173
Series_3,8.203854,-18.843173
Series_3,8.214873,-18.843173
Series_3,8.225893,-18.843173
Series_3,8.236912,-18.843173
Series_3,8.247931,-18.843173
Series_3,8.258951,-18.843173
Series_3,8.269970,-18.843173
Series_3,8.280989,-18.843173
Series_3,8.292008,-18.843173
Series_3,8.303028,-18.843173
Series_3,8.314047,-18.843173
Series_3,8.325066,-18.821982
Series_3,8.336085,-18.821982
Series_3,8.347105,-18.821982
Series_3,8.358124,-18.800791
Series_3,8.369143,-18.800791
Series_3,8.380163,-18.779599
Series_3,8.391182,-18.779599
Series_3,8.402201,-18.779599
Series_3,8.413220,-18.779599
Series_3,8.424240,-18.758408
Series_3,8.435259,-18.737217
Series_3,8.446278,-18.737217
Series_3,8.457297,-18.716026
Series_3,8.468317,-18.694834
Series_3,8.479336,-18.673643
Series_3,8.490355,-18.673643
Series_3,8.501374,-18.652452
Series_3,8.512394,-18.631260
Series_3,8.523413,-18.652452
Series_3,8.534432,-18.631260
Series_3,8.545452,-18.631260
Series_3,8.556471,-18.631260
Series_3,8.567490,-18.631260
Series_3,8.578509,-18.631260
Series_3,8.589529,-18.631260
Series_3,8.600548,-18.631260
Series_3,8.611567,-18.610069
Series_3,8.622586,-18.610069
Series_3,8.633606,-18.610069
Series_3,8.644625,-18.588878
Series_3,8.655644,-18.588878
Series_3,8.666663,-18.588878
Series_3,8.677683,-18.567687
Series_3,8.688702,-18.567687
Series_3,8.699721,-18.567687
Series_3,8.710741,-18.504113
Series_3,8.721760,-18.482922
Series_3,8.732779,-18.482922
Series_3,8.743798,-18.461730
Series_3,8.754818,-18.461730
Series_3,8.765837,-18.440539
Series_3,8.776856,-18.419348
Series_3,8.787875,-18.419348
Series_3,8.798895,-18.419348
Series_3,8.809914,-18.376965
Series_3,8.820933,-18.376965
Series_3,8.831953,-18.376965
Series_3,8.842972,-18.376965
Series_3,8.853991,-18.366369
Series_3,8.865010,-18.366369
Series_3,8.876030,-18.292200
Series_3,8.887049,-18.271009
Series_3,8.898068,-18.271009
Series_3,8.909087,-18.271009
Series_3,8.920107,-18.271009
Series_3,8.931126,-18.292200
Series_3,8.942145,-18.263945
Series_3,8.953164,-18.207435
Series_3,8.964184,-18.196839
Series_3,8.975203,-18.186244
Series_3,8.986222,-18.168584
Series_3,8.997242,-18.150925
Series_3,9.008261,-18.133265
Series_3,9.019280,-18.115606
Series_3,9.030299,-18.097947
Series_3,9.041319,-18.080287
Series_3,9.052338,-18.059096
Series_3,9.063357,-18.052032
Series_3,9.074376,-18.052032
Series_3,9.085396,-18.052032
Series_3,9.096415,-18.016713
Series_3,9.107434,-17.974331
Series_3,9.118453,-17.995522
Series_3,9.129473,-17.995522
Series_3,9.140492,-17.974331
Series_3,9.151511,-17.953140
Series_3,9.162531,-17.953140
Series_3,9.173550,-17.953140
Series_3,9.184569,-17.942544
Series_3,9.195588,-17.931948
Series_3,9.206608,-17.910757
Series_3,9.217627,-17.889566
Series_3,9.228646,-17.868374
Series_3,9.239665,-17.847183
Series_3,9.250685,-17.847183
Series_3,9.261704,-17.847183
Series_3,9.272723,-17.847183
Series_3,9.283742,-17.847183
Series_3,9.294762,-17.804801
Series_3,9.305781,-17.783609
Series_3,9.316800,-17.741227
Series_3,9.327820,-17.720035
Series_3,9.338839,-17.720035
Series_3,9.349858,-17.720035
Series_3,9.360877,-17.720035
Series_3,9.371897,-17.677653
Series_3,9.382916,-17.698844
Series_3,9.393935,-17.656462
Series_3,9.404954,-17.635270
Series_3,9.415974,-17.656462
Series_3,9.426993,-17.614079
Series_3,9.438012,-17.592888
Series_3,9.449032,-17.550505
Series_3,9.460051,-17.571697
Series_3,9.471070,-17.555214
Series_3,9.482089,-17.538732
Series_3,9.493109,-17.522250
Series_3,9.504128,-17.505768
Series_3,9.515147,-17.489286
Series_3,9.526166,-17.472804
Series_3,9.537186,-17.456322
Series_3,9.548205,-17.439840
Series_3,9.559224,-17.423358
Series_3,9.570243,-17.423358
Series_3,9.581263,-17.402166
Series_3,9.592282,-17.402166
Series_3,9.603301,-17.388039
Series_3,9.614321,-17.352720
Series_3,9.625340,-17.317401
Series_3,9.636359,-17.296210
Series_3,9.647378,-17.275019
Series_3,9.658398,-17.253827
Series_3,9.669417,-17.253827
Series_3,9.680436,-17.232636
Series_3,9.691455,-17.232636
Series_3,9.702475,-17.232636
Series_3,9.713494,-17.211445
Series_3,9.724513,-17.211445
Series_3,9.735532,-17.169062
Series_3,9.746552,-17.169062
Series_3,9.757571,-17.169062
Series_3,9.768590,-17.169062
Series_3,9.779610,-17.147871
Series_3,9.790629,-17.084297
Series_3,9.801648,-17.073701
Series_3,9.812667,-17.063106
Series_3,9.823687,-17.052510
Series_3,9.834706,-17.020723
Series_3,9.845725,-17.041915
Series_3,9.856744,-17.020723
Series_3,9.867764,-16.999532
Series_3,9.878783,-16.978341
Series_3,9.889802,-16.957149
Series_3,9.900822,-16.957149
Series_3,9.911841,-16.957149
Series_3,9.922860,-16.935958
Series_3,9.933879,-16.914767
Series_3,9.944899,-16.893576
Series_3,9.955918,-16.872384
Series_3,9.966937,-16.851193
Series_3,9.977956,-16.830002
Series_3,9.988976,-16.830002
Series_3,9.999995,-16.830002
Series_3,10.011014,-16.830002
Series_3,10.022033,-16.808811
Series_3,10.033053,-16.787619
Series_3,10.044072,-16.787619
Series_3,10.055091,-16.766428
Series_3,10.066111,-16.702854
Series_3,10.077130,-16.695790
Series_3,10.088149,-16.682840
Series_3,10.099168,-16.669890
Series_3,10.110188,-16.656940
Series_3,10.121207,-16.643989
Series_3,10.132226,-16.631039
Series_3,10.143245,-16.618089
Series_3,10.154265,-16.596898
Series_3,10.165284,-16.554515
Series_3,10.176303,-16.554515
Series_3,10.187322,-16.512133
Series_3,10.198342,-16.490941
Series_3,10.209361,-16.490941
Series_3,10.220380,-16.490941
Series_3,10.231400,-16.448559
Series_3,10.242419,-16.406176
Series_3,10.253438,-16.406176
Series_3,10.264457,-16.427367
Series_3,10.275477,-16.384985
Series_3,10.286496,-16.363794
Series_3,10.297515,-16.363794
Series_3,10.308534,-16.321411
Series_3,10.319554,-16.300220
Series_3,10.330573,-16.279029
Series_3,10.341592,-16.279029
Series_3,10.352612,-16.257837
Series_3,10.363631,-16.243710
Series_3,10.374650,-16.229582
Series_3,10.385669,-16.215455
Series_3,10.396689,-16.194263
Series_3,10.407708,-16.194263
Series_3,10.418727,-16.194263
Series_3,10.429746,-16.194263
Series_3,10.440766,-16.194263
Series_3,10.451785,-16.151881
Series_3,10.462804,-16.109498
Series_3,10.473823,-16.130690
Series_3,10.484843,-16.130690
Series_3,10.495862,-16.088307
Series_3,10.506881,-16.088307
Series_3,10.517901,-16.088307
Series_3,10.528920,-16.074180
Series_3,10.539939,-16.060052
Series_3,10.550958,-16.063584
Series_3,10.561978,-16.067116
Series_3,10.572997,-16.003542
Series_3,10.584016,-16.003542
Series_3,10.595035,-16.003542
Series_3,10.606055,-16.024733
Series_3,10.617074,-15.961159
Series_3,10.628093,-15.961159
Series_3,10.639112,-15.961159
Series_3,10.650132,-15.961159
Series_3,10.661151,-15.918777
Series_3,10.672170,-15.939968
Series_3,10.683190,-15.897586
Series_3,10.694209,-15.897586
Series_3,10.705228,-15.876394
Series_3,10.716247,-15.876394
Series_3,10.727267,-15.855203
Series_3,10.738286,-15.855203
Series_3,10.749305,-15.855203
Series_3,10.760324,-15.855203
Series_3,10.771344,-15.812820
Series_3,10.782363,-15.791629
Series_3,10.793382,-15.791629
Series_3,10.804401,-15.770438
Series_3,10.815421,-15.770438
Series_3,10.826440,-15.770438
Series_3,10.837459,-15.770438
Series_3,10.848479,-15.749247
Series_3,10.859498,-15.728055
Series_3,10.870517,-15.728055
Series_3,10.881536,-15.728055
Series_3,10.892556,-15.692736
Series_3,10.903575,-15.685673
Series_3,10.914594,-15.664481
Series_3,10.925613,-15.664481
Series_3,10.936633,-15.650354
Series_3,10.947652,-15.643290
Series_3,10.958671,-15.622099
Series_3,10.969691,-15.593844
Series_3,10.980710,-15.586780
Series_3,10.991729,-15.579716
Series_3,11.002748,-15.558525
Series_3,11.013768,-15.537334
Series_3,11.024787,-15.537334
Series_3,11.035806,-15.537334
Series_3,11.046825,-15.494951
Series_3,11.057845,-15.473760
Series_3,11.068864,-15.473760
Series_3,11.079883,-15.494951
Series_3,11.090902,-15.452569
Series_3,11.101922,-15.452569
Series_3,11.112941,-15.452569
Series_3,11.123960,-15.431377
Series_3,11.134980,-15.410186
Series_3,11.145999,-15.410186
Series_3,11.157018,-15.388995
Series_3,11.168037,-15.388995
Series_3,11.179057,-15.388995
Series_3,11.190076,-15.367804
Series_3,11.201095,-15.346612
Series_3,11.212114,-15.325421
Series_3,11.223134,-15.312706
Series_3,11.234153,-15.299991
Series_3,11.245172,-15.287277
Series_3,11.256191,-15.274562
Series_3,11.267211,-15.261847
Series_3,11.278230,-15.240656
Series_3,11.289249,-15.230060
Series_3,11.300269,-15.219465
Series_3,11.311288,-15.219465
Series_3,11.322307,-15.184146
Series_3,11.333326,-15.155891
Series_3,11.344346,-15.184146
Series_3,11.355365,-15.177082
Series_3,11.366384,-15.155891
Series_3,11.377403,-15.134699
Series_3,11.388423,-15.113508
Series_3,11.399442,-15.092317
Series_3,11.410461,-15.092317
Series_3,11.421481,-15.092317
Series_3,11.432500,-15.092317
Series_3,11.443519,-15.049934
Series_3,11.454538,-15.007552
Series_3,11.465558,-15.007552
Series_3,11.476577,-14.986361
Series_3,11.487596,-14.986361
Series_3,11.498615,-14.986361
Series_3,11.509635,-14.965169
Series_3,11.520654,-14.943978
Series_3,11.531673,-14.943978
Series_3,11.542692,-14.943978
Series_3,11.553712,-14.965169
Series_3,11.564731,-14.943978
Series_3,11.575750,-14.901595
Series_3,11.586770,-14.859213
Series_3,11.597789,-14.859213
Series_3,11.608808,-14.880404
Series_3,11.619827,-14.859213
Series_3,11.630847,-14.838022
Series_3,11.641866,-14.838022
Series_3,11.652885,-14.816830
Series_3,11.663904,-14.793284
Series_3,11.674924,-14.769739
Series_3,11.685943,-14.746193
Series_3,11.696962,-14.732065
Series_3,11.707981,-14.732065
Series_3,11.719001,-14.710874
Series_3,11.730020,-14.689683
Series_3,11.741039,-14.668491
Series_3,11.752059,-14.633173
Series_3,11.763078,-14.626109
Series_3,11.774097,-14.590790
Series_3,11.785116,-14.583726
Series_3,11.796136,-14.562535
Series_3,11.807155,-14.541344
Series_3,11.818174,-14.541344
Series_3,11.829193,-14.498961
Series_3,11.840213,-14.498961
Series_3,11.851232,-14.469293
Series_3,11.862251,-14.469293
Series_3,11.873271,-14.435387
Series_3,11.884290,-14.371813
Series_3,11.895309,-14.393005
Series_3,11.906328,-14.350622
Series_3,11.917348,-14.340027
Series_3,11.928367,-14.329431
Series_3,11.939386,-14.287048
Series_3,11.950405,-14.265857
Series_3,11.961425,-14.244666
Series_3,11.972444,-14.244666
Series_3,11.983463,-14.202283
Series_3,11.994482,-14.202283
Series_3,12.005502,-14.181092
Series_3,12.016521,-14.159901
Series_3,12.027540,-14.159901
Series_3,12.038560,-14.159901
Series_3,12.049579,-14.138709
Series_3,12.060598,-14.117518
Series_3,12.071617,-14.096327
Series_3,12.082637,-14.075136
Series_3,12.093656,-14.053944
Series_3,12.104675,-14.032753
Series_3,12.115694,-14.022157
Series_3,12.126714,-14.011562
Series_3,12.137733,-14.000966
Series_3,12.148752,-13.990370
Series_3,12.159771,-13.969179
Series_3,12.170791,-13.947988
Series_3,12.181810,-13.926797
Series_3,12.192829,-13.905605
Series_3,12.203849,-13.905605
Series_3,12.214868,-13.905605
Series_3,12.225887,-13.884414
Series_3,12.236906,-13.863223
Series_3,12.247926,-13.842031
Series_3,12.258945,-13.842031
Series_3,12.269964,-13.820840
Series_3,12.280983,-13.799649
Series_3,12.292003,-13.778458
Series_3,12.303022,-13.778458
Series_3,12.314041,-13.757266
Series_3,12.325060,-13.736075
Series_3,12.336080,-13.714884
Series_3,12.347099,-13.714884
Series_3,12.358118,-13.658374
Series_3,12.369138,-13.651310
Series_3,12.380157,-13.651310
Series_3,12.391176,-13.651310
Series_3,12.402195,-13.608927
Series_3,12.413215,-13.566545
Series_3,12.424234,-13.587736
Series_3,12.435253,-13.545354
Series_3,12.446272,-13.545354
Series_3,12.457292,-13.524162
Series_3,12.468311,-13.524162
Series_3,12.479330,-13.524162
Series_3,12.490350,-13.481780
Series_3,12.501369,-13.469065
Series_3,12.512388,-13.456350
Series_3,12.523407,-13.443635
Series_3,12.534427,-13.430921
Series_3,12.545446,-13.418206
Series_3,12.556465,-13.397015
Series_3,12.567484,-13.397015
Series_3,12.578504,-13.375823
Series_3,12.589523,-13.354632
Series_3,12.600542,-13.354632
Series_3,12.611561,-13.354632
Series_3,12.622581,-13.319313
Series_3,12.633600,-13.294590
Series_3,12.644619,-13.269867
Series_3,12.655639,-13.269867
Series_3,12.666658,-13.269867
Series_3,12.677677,-13.248676
Series_3,12.688696,-13.248676
Series_3,12.699716,-13.185102
Series_3,12.710735,-13.163911
Series_3,12.721754,-13.142719
Series_3,12.732773,-13.121528
Series_3,12.743793,-13.121528
Series_3,12.754812,-13.100337
Series_3,12.765831,-13.100337
Series_3,12.776850,-13.057954
Series_3,12.787870,-13.057954
Series_3,12.798889,-13.057954
Series_3,12.809908,-13.057954
Series_3,12.820928,-13.057954
Series_3,12.831947,-13.015572
Series_3,12.842966,-12.973189
Series_3,12.853985,-12.930806
Series_3,12.865005,-12.930806
Series_3,12.876024,-12.930806
Series_3,12.887043,-12.909615
Series_3,12.898062,-12.888424
Series_3,12.909082,-12.867233
Series_3,12.920101,-12.861935
Series_3,12.931120,-12.856637
Series_3,12.942140,-12.851339
Series_3,12.953159,-12.846041
Series_3,12.964178,-12.824850
Series_3,12.975197,-12.803659
Series_3,12.986217,-12.782468
Series_3,12.997236,-12.761276
Series_3,13.008255,-12.738801
Series_3,13.019274,-12.716325
Series_3,13.030294,-12.693849
Series_3,13.041313,-12.671374
Series_3,13.052332,-12.648898
Series_3,13.063351,-12.626423
Series_3,13.074371,-12.603947
Series_3,13.085390,-12.581471
Series_3,13.096409,-12.558996
Series_3,13.107429,-12.536520
Series_3,13.118448,-12.514045
Series_3,13.129467,-12.506981
Series_3,13.140486,-12.506981
Series_3,13.151506,-12.506981
Series_3,13.162525,-12.485790
Series_3,13.173544,-12.443407
Series_3,13.184563,-12.443407
Series_3,13.195583,-12.443407
Series_3,13.206602,-12.443407
Series_3,13.217621,-12.422216
Series_3,13.228640,-12.422216
Series_3,13.239660,-12.358642
Series_3,13.250679,-12.337451
Series_3,13.261698,-12.316259
Series_3,13.272718,-12.316259
Series_3,13.283737,-12.288004
Series_3,13.294756,-12.252686
Series_3,13.305775,-12.238558
Series_3,13.316795,-12.224431
Series_3,13.327814,-12.210303
Series_3,13.338833,-12.210303
Series_3,13.349852,-12.189112
Series_3,13.360872,-12.167920
Series_3,13.371891,-12.167920
Series_3,13.382910,-12.167920
Series_3,13.393930,-12.167920
Series_3,13.404949,-12.146729
Series_3,13.415968,-12.125538
Series_3,13.426987,-12.125538
Series_3,13.438007,-12.104347
Series_3,13.449026,-12.083155
Series_3,13.460045,-12.083155
Series_3,13.471064,-12.061964
Series_3,13.482084,-12.061964
Series_3,13.493103,-12.061964
Series_3,13.504122,-12.061964
Series_3,13.515141,-12.040773
Series_3,13.526161,-12.040773
Series_3,13.537180,-11.998390
Series_3,13.548199,-11.984263
Series_3,13.559219,-11.970135
Series_3,13.570238,-11.956008
Series_3,13.581257,-11.956008
Series_3,13.592276,-11.956008
Series_3,13.603296,-11.956008
Series_3,13.614315,-11.913625
Series_3,13.625334,-11.850051
Series_3,13.636353,-11.864179
Series_3,13.647373,-11.864179
Series_3,13.658392,-11.864179
Series_3,13.669411,-11.828860
Series_3,13.680430,-11.807669
Series_3,13.691450,-11.786477
Series_3,13.702469,-11.786477
Series_3,13.713488,-11.765286
Series_3,13.724508,-11.744095
Series_3,13.735527,-11.722904
Series_3,13.746546,-11.744095
Series_3,13.757565,-11.659330
Series_3,13.768585,-11.645202
Series_3,13.779604,-11.631075
Series_3,13.790623,-11.616947
Series_3,13.801642,-11.616947
Series_3,13.812662,-11.609640
Series_3,13.823681,-11.602333
Series_3,13.834700,-11.595025
Series_3,13.845719,-11.587718
Series_3,13.856739,-11.580411
Series_3,13.867758,-11.573103
Series_3,13.878777,-11.565796
Series_3,13.889797,-11.558489
Series_3,13.900816,-11.551181
Series_3,13.911835,-11.543874
Series_3,13.922854,-11.536566
Series_3,13.933874,-11.529259
Series_3,13.944893,-11.521952
Series_3,13.955912,-11.514644
Series_3,13.966931,-11.507337
Series_3,13.977951,-11.500030
Series_3,13.988970,-11.492722
Series_3,13.999989,-11.485415
Series_3,14.011009,-11.478108
Series_3,14.022028,-11.470800
Series_3,14.033047,-11.463493
Series_3,14.044066,-11.456186
Series_3,14.055086,-11.448878
Series_3,14.066105,-11.441571
Series_3,14.077124,-11.434264
Series_3,14.088143,-11.426956
Series_3,14.099163,-11.419649
Series_3,14.110182,-11.412342
Series_3,14.121201,-11.405034
Series_3,14.132220,-11.405034
Series_3,14.143240,-11.369716
Series_3,14.154259,-11.334397
Series_3,14.165278,-11.299078
Series_3,14.176298,-11.320269
Series_3,14.187317,-11.320269
Series_3,14.198336,-11.309674
Series_3,14.209355,-11.299078
Series_3,14.220375,-11.277887
Series_3,14.231394,-11.277887
Series_3,14.242413,-11.256695
Series_3,14.253432,-11.256695
Series_3,14.264452,-11.256695
Series_3,14.275471,-11.235504
Series_3,14.286490,-11.235504
Series_3,14.297509,-11.203717
Series_3,14.308529,-11.193122
Series_3,14.319548,-11.193122
Series_3,14.330567,-11.193122
Series_3,14.341587,-11.193122
Series_3,14.352606,-11.193122
Series_3,14.363625,-11.193122
Series_3,14.374644,-11.186058
Series_3,14.385664,-11.129548
Series_3,14.396683,-11.129548
Series_3,14.407702,-11.129548
Series_3,14.418721,-11.108357
Series_3,14.429741,-11.087165
Series_3,14.440760,-11.108357
Series_3,14.451779,-11.108357
Series_3,14.462799,-11.094229
Series_3,14.473818,-11.080101
Series_3,14.484837,-11.065974
Series_3,14.495856,-11.044783
Series_3,14.506876,-11.044783
Series_3,14.517895,-11.034187
Series_3,14.528914,-11.023591
Series_3,14.539933,-11.023591
Series_3,14.550953,-11.023591
Series_3,14.561972,-11.023591
Series_3,14.572991,-11.023591
Series_3,14.584010,-11.023591
Series_3,14.595030,-11.007698
Series_3,14.606049,-10.991804
Series_3,14.617068,-10.975911
Series_3,14.628088,-10.960018
Series_3,14.639107,-10.960018
Series_3,14.650126,-10.960018
Series_3,14.661145,-10.960018
Series_3,14.672165,-10.938826
Series_3,14.683184,-10.917635
Series_3,14.694203,-10.917635
Series_3,14.705222,-10.896444
Series_3,14.716242,-10.896444
Series_3,14.727261,-10.896444
Series_3,14.738280,-10.896444
Series_3,14.749299,-10.896444
Series_3,14.760319,-10.896444
Series_3,14.771338,-10.896444
Series_3,14.782357,-10.896444
Series_3,14.793377,-10.896444
Series_3,14.804396,-10.875252
Series_3,14.815415,-10.875252
Series_3,14.826434,-10.875252
Series_3,14.837454,-10.832870
Series_3,14.848473,-10.832870
Series_3,14.859492,-10.832870
Series_3,14.870511,-10.832870
Series_3,14.881531,-10.832870
Series_3,14.892550,-10.832870
Series_3,14.903569,-10.832870
Series_3,14.914588,-10.832870
Series_3,14.925608,-10.832870
Series_3,14.936627,-10.826815
Series_3,14.947646,-10.820761
Series_3,14.958666,-10.814706
Series_3,14.969685,-10.808651
Series_3,14.980704,-10.802597
Series_3,14.991723,-10.796542
Series_3,15.002743,-10.790487
Series_3,15.013762,-10.790487
Series_3,15.024781,-10.769296
Series_3,15.035800,-10.769296
Series_3,15.046820,-10.763998
Series_3,15.057839,-10.758700
Series_3,15.068858,-10.753403
Series_3,15.079878,-10.748105
Series_3,15.090897,-10.705722
Series_3,15.101916,-10.705722
Series_3,15.112935,-10.705722
Series_3,15.123955,-10.726914
Series_3,15.134974,-10.684531
Series_3,15.145993,-10.663340
Series_3,15.157012,-10.642148
Series_3,15.168032,-10.643473
Series_3,15.179051,-10.644797
Series_3,15.190070,-10.646122
Series_3,15.201089,-10.647446
Series_3,15.212109,-10.648771
Series_3,15.223128,-10.650095
Series_3,15.234147,-10.651420
Series_3,15.245167,-10.652744
Series_3,15.256186,-10.654068
Series_3,15.267205,-10.655393
Series_3,15.278224,-10.656717
Series_3,15.289244,-10.658042
Series_3,15.300263,-10.659366
Series_3,15.311282,-10.660691
Series_3,15.322301,-10.662015
Series_3,15.333321,-10.663340
Series_3,15.344340,-10.642148
Series_3,15.355359,-10.599766
Series_3,15.366378,-10.557383
Series_3,15.377398,-10.578575
Series_3,15.388417,-10.557383
Series_3,15.399436,-10.557383
Series_3,15.410456,-10.557383
Series_3,15.421475,-10.557383
Series_3,15.432494,-10.578575
Series_3,15.443513,-10.578575
Series_3,15.454533,-10.557383
Series_3,15.465552,-10.557383
Series_3,15.476571,-10.557383
Series_3,15.487590,-10.557383
Series_3,15.498610,-10.557383
Series_3,15.509629,-10.557383
Series_3,15.520648,-10.557383
Series_3,15.531668,-10.557383
Series_3,15.542687,-10.557383
Series_3,15.553706,-10.557383
Series_3,15.564725,-10.557383
Series_3,15.575745,-10.557383
Series_3,15.586764,-10.557383
Series_3,15.597783,-10.536192
Series_3,15.608802,-10.536192
Series_3,15.619822,-10.536192
Series_3,15.630841,-10.536192
Series_3,15.641860,-10.515001
Series_3,15.652879,-10.515001
Series_3,15.663899,-10.515001
Series_3,15.674918,-10.515001
Series_3,15.685937,-10.515001
Series_3,15.696957,-10.515001
Series_3,15.707976,-10.515001
Series_3,15.718995,-10.515001
Series_3,15.730014,-10.515001
Series_3,15.741034,-10.493809
Series_3,15.752053,-10.493809
Series_3,15.763072,-10.493809
Series_3,15.774091,-10.472618
Series_3,15.785111,-10.472618
Series_3,15.796130,-10.472618
Series_3,15.807149,-10.451427
Series_3,15.818168,-10.451427
Series_3,15.829188,-10.451427
Series_3,15.840207,-10.451427
Series_3,15.851226,-10.451427
Series_3,15.862246,-10.451427
Series_3,15.873265,-10.451427
Series_3,15.884284,-10.451427
Series_3,15.895303,-10.423172
Series_3,15.906323,-10.421406
Series_3,15.917342,-10.419640
Series_3,15.928361,-10.417874
Series_3,15.939380,-10.416108
Series_3,15.950400,-10.414342
Series_3,15.961419,-10.412576
Series_3,15.972438,-10.410810
Series_3,15.983458,-10.409044
Series_3,15.994477,-10.407278
Series_3,16.005496,-10.405512
Series_3,16.016515,-10.403747
Series_3,16.027535,-10.401981
Series_3,16.038554,-10.400215
Series_3,16.049573,-10.398449
Series_3,16.060592,-10.396683
Series_3,16.071612,-10.394917
Series_3,16.082631,-10.393151
Series_3,16.093650,-10.391385
Series_3,16.104669,-10.389619
Series_3,16.115689,-10.387853
Series_3,16.126708,-10.366662
Series_3,16.137727,-10.361364
Series_3,16.148747,-10.356066
Series_3,16.159766,-10.350768
Series_3,16.170785,-10.345470
Series_3,16.181804,-10.345470
Series_3,16.192824,-10.345470
Series_3,16.203843,-10.345470
Series_3,16.214862,-10.345470
Series_3,16.225881,-10.345470
Series_3,16.236901,-10.345470
Series_3,16.247920,-10.345470
Series_3,16.258939,-10.345470
Series_3,16.269958,-10.345470
Series_3,16.280978,-10.345470
Series_3,16.291997,-10.345470
Series_3,16.303016,-10.345470
Series_3,16.314036,-10.345470
Series_3,16.325055,-10.345470
Series_3,16.336074,-10.345470
Series_3,16.347093,-10.324279
Series_3,16.358113,-10.324279
Series_3,16.369132,-10.324279
Series_3,16.380151,-10.324279
Series_3,16.391170,-10.303088
Series_3,16.402190,-10.303088
Series_3,16.413209,-10.303088
Series_3,16.424228,-10.303088
Series_3,16.435247,-10.303088
Series_3,16.446267,-10.303088
Series_3,16.457286,-10.303088
Series_3,16.468305,-10.303088
Series_3,16.479325,-10.303088
Series_3,16.490344,-10.303088
Series_3,16.501363,-10.303088
Series_3,16.512382,-10.303088
Series_3,16.523402,-10.303088
Series_3,16.534421,-10.303088
Series_3,16.545440,-10.303088
Series_3,16.556459,-10.303088
Series_3,16.567479,-10.303088
Series_3,16.578498,-10.303088
Series_3,16.589517,-10.303088
Series_3,16.600537,-10.303088
Series_3,16.611556,-10.303088
Series_3,16.622575,-10.303088
Series_3,16.633594,-10.303088
Series_3,16.644614,-10.303088
Series_3,16.655633,-10.324279
Series_3,16.666652,-10.303088
Series_3,16.677671,-10.303088
Series_3,16.688691,-10.303088
Series_3,16.699710,-10.303088
Series_3,16.710729,-10.303088
Series_3,16.721748,-10.303088
Series_3,16.732768,-10.303088
Series_3,16.743787,-10.303088
Series_3,16.754806,-10.303088
Series_3,16.765826,-10.303088
Series_3,16.776845,-10.303088
Series_3,16.787864,-10.303088
Series_3,16.798883,-10.303088
Series_3,16.809903,-10.303088
Series_3,16.820922,-10.303088
Series_3,16.831941,-10.303088
Series_3,16.842960,-10.303088
Series_3,16.853980,-10.303088
Series_3,16.864999,-10.303088
Series_3,16.876018,-10.303088
Series_3,16.887037,-10.303088
Series_3,16.898057,-10.303088
Series_3,16.909076,-10.303088
Series_3,16.920095,-10.303088
Series_3,16.931115,-10.303088
Series_3,16.942134,-10.303088
Series_3,16.953153,-10.281897
Series_3,16.964172,-10.281897
Series_3,16.975192,-10.260705
Series_3,16.986211,-10.239514
Series_3,16.997230,-10.239514
Series_3,17.008249,-10.239514
Series_3,17.019269,-10.239514
Series_3,17.030288,-10.239514
Series_3,17.041307,-10.239514
Series_3,17.052327,-10.239514
Series_3,17.063346,-10.239514
Series_3,17.074365,-10.239514
Series_3,17.085384,-10.239514
Series_3,17.096404,-10.239514
Series_3,17.107423,-10.239514
Series_3,17.118442,-10.239514
Series_3,17.129461,-10.239514
Series_3,17.140481,-10.239514
Series_3,17.151500,-10.239514
Series_3,17.162519,-10.239514
Series_3,17.173538,-10.239514
Series_3,17.184558,-10.239514
Series_3,17.195577,-10.239514
Series_3,17.206596,-10.239514
Series_3,17.217616,-10.239514
Series_3,17.228635,-10.239514
Series_3,17.239654,-10.239514
Series_3,17.250673,-10.239514
Series_3,17.261693,-10.239514
Series_3,17.272712,-10.234216
Series_3,17.283731,-10.228918
Series_3,17.294750,-10.223621
Series_3,17.305770,-10.218323
Series_3,17.316789,-10.213025
Series_3,17.327808,-10.207727
Series_3,17.338827,-10.202429
Series_3,17.349847,-10.197132
Series_3,17.360866,-10.197132
Series_3,17.371885,-10.197132
Series_3,17.382905,-10.175940
Series_3,17.393924,-10.175940
Series_3,17.404943,-10.197132
Series_3,17.415962,-10.197132
Series_3,17.426982,-10.175940
Series_3,17.438001,-10.175940
Series_3,17.449020,-10.175940
Series_3,17.460039,-10.175940
Series_3,17.471059,-10.175940
Series_3,17.482078,-10.154749
Series_3,17.493097,-10.154749
Series_3,17.504117,-10.154749
Series_3,17.515136,-10.154749
Series_3,17.526155,-10.154749
Series_3,17.537174,-10.154749
Series_3,17.548194,-10.175940
Series_3,17.559213,-10.173495
Series_3,17.570232,-10.171050
Series_3,17.581251,-10.168605
Series_3,17.592271,-10.166160
Series_3,17.603290,-10.163715
Series_3,17.614309,-10.161269
Series_3,17.625328,-10.158824
Series_3,17.636348,-10.156379
Series_3,17.647367,-10.153934
Series_3,17.658386,-10.151489
Series_3,17.669406,-10.149044
Series_3,17.680425,-10.146598
Series_3,17.691444,-10.144153
Series_3,17.702463,-10.141708
Series_3,17.713483,-10.139263
Series_3,17.724502,-10.136818
Series_3,17.735521,-10.134373
Series_3,17.746540,-10.131928
Series_3,17.757560,-10.129482
Series_3,17.768579,-10.127037
Series_3,17.779598,-10.124592
Series_3,17.790617,-10.122147
Series_3,17.801637,-10.119702
Series_3,17.812656,-10.117257
Series_3,17.823675,-10.114812
Series_3,17.834695,-10.112366
Series_3,17.845714,-10.109921
Series_3,17.856733,-10.107476
Series_3,17.867752,-10.105031
Series_3,17.878772,-10.102586
Series_3,17.889791,-10.100141
Series_3,17.900810,-10.097696
Series_3,17.911829,-10.095250
Series_3,17.922849,-10.092805
Series_4,0.126731,-0.207563
Series_4,0.137750,-0.213920
Series_4,0.148769,-0.220278
Series_4,0.159789,-0.226635
Series_4,0.170808,-0.232992
Series_4,0.181827,-0.239350
Series_4,0.192846,-0.245707
Series_4,0.203866,-0.252064
Series_4,0.214885,-0.258422
Series_4,0.225904,-0.264779
Series_4,0.236923,-0.271137
Series_4,0.247943,-0.277494
Series_4,0.258962,-0.283851
Series_4,0.269981,-0.290209
Series_4,0.281000,-0.296566
Series_4,0.292020,-0.302923
Series_4,0.303039,-0.309281
Series_4,0.314058,-0.315638
Series_4,0.325078,-0.321996
Series_4,0.336097,-0.328353
Series_4,0.347116,-0.334710
Series_4,0.358135,-0.341068
Series_4,0.369155,-0.347425
Series_4,0.380174,-0.353783
Series_4,0.391193,-0.360140
Series_4,0.402212,-0.366497
Series_4,0.413232,-0.372855
Series_4,0.424251,-0.379212
Series_4,0.435270,-0.385569
Series_4,0.446289,-0.385569
Series_4,0.457309,-0.406761
Series_4,0.468328,-0.406761
Series_4,0.479347,-0.406761
Series_4,0.490367,-0.406761
Series_4,0.501386,-0.406761
Series_4,0.512405,-0.406761
Series_4,0.523424,-0.449143
Series_4,0.534444,-0.449143
Series_4,0.545463,-0.466096
Series_4,0.556482,-0.470335
Series_4,0.567501,-0.470335
Series_4,0.578521,-0.470335
Series_4,0.589540,-0.491526
Series_4,0.600559,-0.491526
Series_4,0.611578,-0.491526
Series_4,0.622598,-0.512717
Series_4,0.633617,-0.491526
Series_4,0.644636,-0.512717
Series_4,0.655656,-0.512717
Series_4,0.666675,-0.512717
Series_4,0.677694,-0.512717
Series_4,0.688713,-0.512717
Series_4,0.699733,-0.512717
Series_4,0.710752,-0.512717
Series_4,0.721771,-0.533908
Series_4,0.732790,-0.533908
Series_4,0.743810,-0.560398
Series_4,0.754829,-0.555100
Series_4,0.765848,-0.576291
Series_4,0.776868,-0.597482
Series_4,0.787887,-0.618674
Series_4,0.798906,-0.618674
Series_4,0.809925,-0.639865
Series_4,0.820945,-0.639865
Series_4,0.831964,-0.682247
Series_4,0.842983,-0.682247
Series_4,0.854002,-0.673771
Series_4,0.865022,-0.673771
Series_4,0.876041,-0.697384
Series_4,0.887060,-0.788204
Series_4,0.898079,-0.830586
Series_4,0.909099,-0.851778
Series_4,0.920118,-0.872969
Series_4,0.931137,-0.872969
Series_4,0.942157,-0.936543
Series_4,0.953176,-0.936543
Series_4,0.964195,-0.936543
Series_4,0.975214,-0.936543
Series_4,0.986234,-0.957734
Series_4,0.997253,-0.957734
Series_4,1.008272,-0.957734
Series_4,1.019291,-0.957734
Series_4,1.030311,-0.957734
Series_4,1.041330,-0.978925
Series_4,1.052349,-0.978925
Series_4,1.063368,-0.978925
Series_4,1.074388,-0.978925
Series_4,1.085407,-1.000117
Series_4,1.096426,-1.000117
Series_4,1.107446,-1.000117
Series_4,1.118465,-1.042499
Series_4,1.129484,-1.063690
Series_4,1.140503,-1.063690
Series_4,1.151523,-1.063690
Series_4,1.162542,-1.063690
Series_4,1.173561,-1.063690
Series_4,1.184580,-1.084882
Series_4,1.195600,-1.084882
Series_4,1.206619,-1.106073
Series_4,1.217638,-1.106073
Series_4,1.228658,-1.106073
Series_4,1.239677,-1.106073
Series_4,1.250696,-1.106073
Series_4,1.261715,-1.127264
Series_4,1.272735,-1.106073
Series_4,1.283754,-1.106073
Series_4,1.294773,-1.127264
Series_4,1.305792,-1.169647
Series_4,1.316812,-1.169647
Series_4,1.327831,-1.190838
Series_4,1.338850,-1.190838
Series_4,1.349869,-1.169647
Series_4,1.360889,-1.169647
Series_4,1.371908,-1.190838
Series_4,1.382927,-1.212029
Series_4,1.393947,-1.275603
Series_4,1.404966,-1.275603
Series_4,1.415985,-1.268539
Series_4,1.427004,-1.275603
Series_4,1.438024,-1.317986
Series_4,1.449043,-1.275603
Series_4,1.460062,-1.296794
Series_4,1.471081,-1.339177
Series_4,1.482101,-1.339177
Series_4,1.493120,-1.339177
Series_4,1.504139,-1.339177
Series_4,1.515158,-1.360368
Series_4,1.526178,-1.360368
Series_4,1.537197,-1.360368
Series_4,1.548216,-1.360368
Series_4,1.559236,-1.381560
Series_4,1.570255,-1.402751
Series_4,1.581274,-1.423942
Series_4,1.592293,-1.423942
Series_4,1.603313,-1.402751
Series_4,1.614332,-1.423942
Series_4,1.625351,-1.423942
Series_4,1.636370,-1.423942
Series_4,1.647390,-1.466325
Series_4,1.658409,-1.466325
Series_4,1.669428,-1.466325
Series_4,1.680448,-1.466325
Series_4,1.691467,-1.529899
Series_4,1.702486,-1.529899
Series_4,1.713505,-1.508707
Series_4,1.724525,-1.508707
Series_4,1.735544,-1.529899
Series_4,1.746563,-1.529899
Series_4,1.757582,-1.529899
Series_4,1.768602,-1.529899
Series_4,1.779621,-1.572281
Series_4,1.790640,-1.572281
Series_4,1.801659,-1.593472
Series_4,1.812679,-1.593472
Series_4,1.823698,-1.614664
Series_4,1.834717,-1.614664
Series_4,1.845737,-1.635855
Series_4,1.856756,-1.657046
Series_4,1.867775,-1.678237
Series_4,1.878794,-1.699429
Series_4,1.889814,-1.699429
Series_4,1.900833,-1.699429
Series_4,1.911852,-1.678237
Series_4,1.922871,-1.678237
Series_4,1.933891,-1.734748
Series_4,1.944910,-1.763003
Series_4,1.955929,-1.763003
Series_4,1.966948,-1.784194
Series_4,1.977968,-1.805385
Series_4,1.988987,-1.805385
Series_4,2.000006,-1.805385
Series_4,2.011026,-1.805385
Series_4,2.022045,-1.826576
Series_4,2.033064,-1.826576
Series_4,2.044083,-1.847768
Series_4,2.055103,-1.847768
Series_4,2.066122,-1.847768
Series_4,2.077141,-1.847768
Series_4,2.088160,-1.890150
Series_4,2.099180,-1.911342
Series_4,2.110199,-1.932533
Series_4,2.121218,-1.953724
Series_4,2.132237,-1.953724
Series_4,2.143257,-1.974915
Series_4,2.154276,-1.996107
Series_4,2.165295,-2.017298
Series_4,2.176315,-2.038489
Series_4,2.187334,-2.017298
Series_4,2.198353,-2.038489
Series_4,2.209372,-2.091467
Series_4,2.220392,-2.116191
Series_4,2.231411,-2.102063
Series_4,2.242430,-2.123254
Series_4,2.253449,-2.144446
Series_4,2.264469,-2.165637
Series_4,2.275488,-2.165637
Series_4,2.286507,-2.165637
Series_4,2.297527,-2.165637
Series_4,2.308546,-2.165637
Series_4,2.319565,-2.179764
Series_4,2.330584,-2.193892
Series_4,2.341604,-2.208019
Series_4,2.352623,-2.208019
Series_4,2.363642,-2.208019
Series_4,2.374661,-2.250402
Series_4,2.385681,-2.271593
Series_4,2.396700,-2.292785
Series_4,2.407719,-2.292785
Series_4,2.418738,-2.292785
Series_4,2.429758,-2.292785
Series_4,2.440777,-2.309738
Series_4,2.451796,-2.326691
Series_4,2.462816,-2.343644
Series_4,2.473835,-2.360597
Series_4,2.484854,-2.377550
Series_4,2.495873,-2.377550
Series_4,2.506893,-2.364064
Series_4,2.517912,-2.350579
Series_4,2.528931,-2.337094
Series_4,2.539950,-2.323608
Series_4,2.550970,-2.310123
Series_4,2.561989,-2.296638
Series_4,2.573008,-2.283152
Series_4,2.584027,-2.269667
Series_4,2.595047,-2.256181
Series_4,2.606066,-2.242696
Series_4,2.617085,-2.229211
Series_4,2.628105,-2.215725
Series_4,2.639124,-2.202240
Series_4,2.650143,-2.188755
Series_4,2.661162,-2.175269
Series_4,2.672182,-2.161784
Series_4,2.683201,-2.148299
Series_4,2.694220,-2.134813
Series_4,2.705239,-2.121328
Series_4,2.716259,-2.107842
Series_4,2.727278,-2.094357
Series_4,2.738297,-2.080872
Series_4,2.749317,-2.067386
Series_4,2.760336,-2.053901
Series_4,2.771355,-2.040416
Series_4,2.782374,-2.026930
Series_4,2.793394,-2.013445
Series_4,2.804413,-1.999960
Series_4,2.815432,-1.986474
Series_4,2.826451,-1.972989
Series_4,2.837471,-1.959504
Series_4,2.848490,-1.946018
Series_4,2.859509,-1.932533
Series_4,2.870528,-1.932533
Series_4,2.881548,-1.932533
Series_4,2.892567,-1.953724
Series_4,2.903586,-1.953724
Series_4,2.914606,-1.974915
Series_4,2.925625,-2.038489
Series_4,2.936644,-2.059680
Series_4,2.947663,-2.080872
Series_4,2.958683,-2.123254
Series_4,2.969702,-2.123254
Series_4,2.980721,-2.208019
Series_4,2.991740,-2.292785
Series_4,3.002760,-2.305499
Series_4,3.013779,-2.335167
Series_4,3.024798,-2.335167
Series_4,3.035817,-2.335167
Series_4,3.046837,-2.335167
Series_4,3.057856,-2.313976
Series_4,3.068875,-2.313976
Series_4,3.079895,-2.335167
Series_4,3.090914,-2.448187
Series_4,3.101933,-2.455251
Series_4,3.112952,-2.483506
Series_4,3.123972,-2.508936
Series_4,3.134991,-2.568271
Series_4,3.146010,-2.610654
Series_4,3.157029,-2.610654
Series_4,3.168049,-2.589462
Series_4,3.179068,-2.589462
Series_4,3.190087,-2.711312
Series_4,3.201107,-2.737801
Series_4,3.212126,-2.822567
Series_4,3.223145,-2.822567
Series_4,3.234164,-2.801375
Series_4,3.245184,-2.822567
Series_4,3.256203,-2.864949
Series_4,3.267222,-2.864949
Series_4,3.278241,-2.864949
Series_4,3.289261,-2.949714
Series_4,3.300280,-2.949714
Series_4,3.311299,-2.970905
Series_4,3.322318,-3.055671
Series_4,3.333338,-3.034479
Series_4,3.344357,-3.055671
Series_4,3.355376,-3.098053
Series_4,3.366396,-3.098053
Series_4,3.377415,-3.098053
Series_4,3.388434,-3.133372
Series_4,3.399453,-3.189882
Series_4,3.410473,-3.182818
Series_4,3.421492,-3.204010
Series_4,3.432511,-3.225201
Series_4,3.443530,-3.267583
Series_4,3.454550,-3.267583
Series_4,3.465569,-3.309966
Series_4,3.476588,-3.331157
Series_4,3.487607,-3.352348
Series_4,3.498627,-3.391199
Series_4,3.509646,-3.430050
Series_4,3.520665,-3.468901
Series_4,3.531685,-3.507751
Series_4,3.542704,-3.546602
Series_4,3.553723,-3.585453
Series_4,3.564742,-3.634899
Series_4,3.575762,-3.684345
Series_4,3.586781,-3.670218
Series_4,3.597800,-3.712600
Series_4,3.608819,-3.733792
Series_4,3.619839,-3.744387
Series_4,3.630858,-3.802663
Series_4,3.641877,-3.860939
Series_4,3.652896,-3.988087
Series_4,3.663916,-4.037533
Series_4,3.674935,-4.055193
Series_4,3.685954,-4.072852
Series_4,3.696974,-4.178808
Series_4,3.707993,-4.200000
Series_4,3.719012,-4.200000
Series_4,3.730031,-4.200000
Series_4,3.741051,-4.254155
Series_4,3.752070,-4.308311
Series_4,3.763089,-4.362466
Series_4,3.774108,-4.416622
Series_4,3.785128,-4.470777
Series_4,3.796147,-4.524933
Series_4,3.807166,-4.579088
Series_4,3.818186,-4.633244
Series_4,3.829205,-4.687399
Series_4,3.840224,-4.729782
Series_4,3.851243,-4.729782
Series_4,3.862263,-4.777344
Series_4,3.873282,-4.824907
Series_4,3.884301,-4.872470
Series_4,3.895320,-4.920032
Series_4,3.906340,-4.967595
Series_4,3.917359,-5.015158
Series_4,3.928378,-5.062720
Series_4,3.939397,-5.110283
Series_4,3.950417,-5.157845
Series_4,3.961436,-5.205408
Series_4,3.972455,-5.252971
Series_4,3.983475,-5.300533
Series_4,3.994494,-5.348096
Series_4,4.005513,-5.395659
Series_4,4.016532,-5.443221
Series_4,4.027552,-5.458762
Series_4,4.038571,-5.524455
Series_4,4.049590,-5.619815
Series_4,4.060609,-5.662198
Series_4,4.071629,-5.724359
Series_4,4.082648,-5.786520
Series_4,4.093667,-5.848681
Series_4,4.104686,-5.910842
Series_4,4.115706,-5.973003
Series_4,4.126725,-6.029513
Series_4,4.137744,-6.022450
Series_4,4.148764,-6.071896
Series_4,4.159783,-6.191980
Series_4,4.170802,-6.276745
Series_4,4.181821,-6.276745
Series_4,4.192841,-6.361510
Series_4,4.203860,-6.382701
Series_4,4.214879,-6.488658
Series_4,4.225898,-6.531040
Series_4,4.236918,-6.594614
Series_4,4.247937,-6.662426
Series_4,4.258956,-6.753549
Series_4,4.269976,-6.785336
Series_4,4.280995,-6.877165
Series_4,4.292014,-6.901888
Series_4,4.303033,-6.976057
Series_4,4.314053,-7.039631
Series_4,4.325072,-7.039631
Series_4,4.336091,-7.145587
Series_4,4.347110,-7.209161
Series_4,4.358130,-7.230353
Series_4,4.369149,-7.315118
Series_4,4.380168,-7.371628
Series_4,4.391187,-7.431670
Series_4,4.402207,-7.489946
Series_4,4.413226,-7.548222
Series_4,4.424245,-7.590604
Series_4,4.435265,-7.632987
Series_4,4.446284,-7.675369
Series_4,4.457303,-7.696561
Series_4,4.468322,-7.781326
Series_4,4.479342,-7.844900
Series_4,4.490361,-7.887282
Series_4,4.501380,-7.972047
Series_4,4.512399,-8.042685
Series_4,4.523419,-8.078004
Series_4,4.534438,-8.183960
Series_4,4.545457,-8.205151
Series_4,4.556476,-8.311108
Series_4,4.567496,-8.395873
Series_4,4.578515,-8.459447
Series_4,4.589534,-8.565403
Series_4,4.600554,-8.565403
Series_4,4.611573,-8.650168
Series_4,4.622592,-8.756125
Series_4,4.633611,-8.862081
Series_4,4.644631,-8.925655
Series_4,4.655650,-8.989229
Series_4,4.666669,-9.052802
Series_4,4.677688,-9.116376
Series_4,4.688708,-9.196903
Series_4,4.699727,-9.285907
Series_4,4.710746,-9.349480
Series_4,4.721765,-9.370672
Series_4,4.732785,-9.440300
Series_4,4.743804,-9.535964
Series_4,4.754823,-9.603776
Series_4,4.765843,-9.667350
Series_4,4.776862,-9.688541
Series_4,4.787881,-9.805093
Series_4,4.798900,-9.921645
Series_4,4.809920,-9.968266
Series_4,4.820939,-10.050912
Series_4,4.831958,-10.133558
Series_4,4.842977,-10.165345
Series_4,4.853997,-10.260705
Series_4,4.865016,-10.296024
Series_4,4.876035,-10.409044
Series_4,4.887055,-10.481095
Series_4,4.898074,-10.553145
Series_4,4.909093,-10.636851
Series_4,4.920112,-10.658630
Series_4,4.931132,-10.705722
Series_4,4.942151,-10.832870
Series_4,4.953170,-10.875252
Series_4,4.964189,-10.917635
Series_4,4.975209,-11.002400
Series_4,4.986228,-11.104118
Series_4,4.997247,-11.138024
Series_4,5.008266,-11.214313
Series_4,5.019286,-11.299078
Series_4,5.030305,-11.375367
Series_4,5.041324,-11.426226
Series_4,5.052344,-11.510991
Series_4,5.063363,-11.532182
Series_4,5.074382,-11.638138
Series_4,5.085401,-11.722904
Series_4,5.096421,-11.744095
Series_4,5.107440,-11.828860
Series_4,5.118459,-11.892434
Series_4,5.129478,-11.934816
Series_4,5.140498,-12.012518
Series_4,5.151517,-12.083155
Series_4,5.162536,-12.167920
Series_4,5.173555,-12.248447
Series_4,5.184575,-12.379833
Series_4,5.195594,-12.464598
Series_4,5.206613,-12.544066
Series_4,5.217633,-12.549363
Series_4,5.228652,-12.676511
Series_4,5.239671,-12.718894
Series_4,5.250690,-12.803659
Series_4,5.261710,-12.846041
Series_4,5.272729,-12.888424
Series_4,5.283748,-12.951998
Series_4,5.294767,-13.057954
Series_4,5.305787,-13.142719
Series_4,5.316806,-13.269867
Series_4,5.327825,-13.312250
Series_4,5.338845,-13.391717
Series_4,5.349864,-13.471184
Series_4,5.360883,-13.551408
Series_4,5.371902,-13.570783
Series_4,5.382922,-13.672501
Series_4,5.393941,-13.714884
Series_4,5.404960,-13.820840
Series_4,5.415979,-13.850508
Series_4,5.426999,-13.918320
Series_4,5.438018,-13.955052
Series_4,5.449037,-14.032753
Series_4,5.460056,-14.170496
Series_4,5.471076,-14.308240
Series_4,5.482095,-14.407132
Series_4,5.493114,-14.456579
Series_4,5.504134,-14.520152
Series_4,5.515153,-14.647300
Series_4,5.526172,-14.668491
Series_4,5.537191,-14.689683
Series_4,5.548211,-14.779746
Series_4,5.559230,-14.869808
Series_4,5.570249,-14.936914
Series_4,5.581268,-15.004020
Series_4,5.592288,-15.071126
Series_4,5.603307,-15.155891
Series_4,5.614326,-15.177082
Series_4,5.625345,-15.283038
Series_4,5.636365,-15.314825
Series_4,5.647384,-15.388995
Series_4,5.658403,-15.452569
Series_4,5.669423,-15.545810
Series_4,5.680442,-15.596669
Series_4,5.691461,-15.685673
Series_4,5.702480,-15.706864
Series_4,5.713500,-15.766200
Series_4,5.724519,-15.844607
Series_4,5.735538,-15.876394
Series_4,5.746557,-15.961159
Series_4,5.757577,-16.003542
Series_4,5.768596,-16.067116
Series_4,5.779615,-16.109498
Series_4,5.790635,-16.130690
Series_4,5.801654,-16.257837
Series_4,5.812673,-16.279029
Series_4,5.823692,-16.390283
Series_4,5.834712,-16.501537
Series_4,5.845731,-16.612791
Series_4,5.856750,-16.724045
Series_4,5.867769,-16.766428
Series_4,5.878789,-16.885099
Series_4,5.889808,-16.935958
Series_4,5.900827,-16.967745
Series_4,5.911846,-17.063106
Series_4,5.922866,-17.077233
Series_4,5.933885,-17.154935
Series_4,5.944904,-17.232636
Series_4,5.955924,-17.275019
Series_4,5.966943,-17.338592
Series_4,5.977962,-17.402166
Series_4,5.988981,-17.508123
Series_4,6.000001,-17.628207
Series_4,6.011020,-17.667057
Series_4,6.022039,-17.720035
Series_4,6.033058,-17.762418
Series_4,6.044078,-17.896629
Series_4,6.055097,-17.910757
Series_4,6.066116,-17.974331
Series_4,6.077135,-18.037905
Series_4,6.088155,-18.101479
Series_4,6.099174,-18.101479
Series_4,6.110193,-18.143861
Series_4,6.121213,-18.232864
Series_4,6.132232,-18.334583
Series_4,6.143251,-18.440539
Series_4,6.154270,-18.472326
Series_4,6.165290,-18.504113
Series_4,6.176309,-18.610069
Series_4,6.187328,-18.673643
Series_4,6.198347,-18.687771
Series_4,6.209367,-18.800791
Series_4,6.220386,-18.832578
Series_4,6.231405,-18.864365
Series_4,6.242424,-18.885556
Series_4,6.253444,-18.906747
Series_4,6.264463,-18.991512
Series_4,6.275482,-19.097469
Series_4,6.286502,-19.129256
Series_4,6.297521,-19.182234
Series_4,6.308540,-19.238744
Series_4,6.319559,-19.330573
Series_4,6.330579,-19.372955
Series_4,6.341598,-19.425933
Series_4,6.352617,-19.478912
Series_4,6.363636,-19.542485
Series_4,6.374656,-19.606059
Series_4,6.385675,-19.627251
Series_4,6.396694,-19.690824
Series_4,6.407714,-19.743803
Series_4,6.418733,-19.796781
Series_4,6.429752,-19.807376
Series_4,6.440771,-19.881546
Series_4,6.451791,-19.945120
Series_4,6.462810,-20.029885
Series_4,6.473829,-20.093459
Series_4,6.484848,-20.135841
Series_4,6.495868,-20.135841
Series_4,6.506887,-20.284180
Series_4,6.517906,-20.305371
Series_4,6.528925,-20.390137
Series_4,6.539945,-20.379541
Series_4,6.550964,-20.480200
Series_4,6.561983,-20.580858
Series_4,6.573003,-20.602049
Series_4,6.584022,-20.637368
Series_4,6.595041,-20.736261
Series_4,6.606060,-20.729197
Series_4,6.617080,-20.764516
Series_4,6.628099,-20.806898
Series_4,6.639118,-20.849281
Series_4,6.650137,-20.930514
Series_4,6.661157,-21.018811
Series_4,6.672176,-21.047066
Series_4,6.683195,-21.047066
Series_4,6.694214,-21.085211
Series_4,6.705234,-21.123355
Series_4,6.716253,-21.161499
Series_4,6.727272,-21.199643
Series_4,6.738292,-21.237788
Series_4,6.749311,-21.280170
Series_4,6.760330,-21.343744
Series_4,6.771349,-21.396722
Series_4,6.782369,-21.449701
Series_4,6.793388,-21.456764
Series_4,6.804407,-21.513274
Series_4,6.815426,-21.513274
Series_4,6.826446,-21.576848
Series_4,6.837465,-21.619231
Series_4,6.848484,-21.612167
Series_4,6.859504,-21.663968
Series_4,6.870523,-21.715769
Series_4,6.881542,-21.767570
Series_4,6.892561,-21.799357
Series_4,6.903581,-21.831144
Series_4,6.914600,-21.873526
Series_4,6.925619,-21.894717
Series_4,6.936638,-21.915909
Series_4,6.947658,-21.937100
Series_4,6.958677,-21.958291
Series_4,6.969696,-21.979483
Series_4,6.980715,-22.000674
Series_4,6.991735,-22.117226
Series_4,7.002754,-22.170204
Series_4,7.013773,-22.170204
Series_4,7.024793,-22.216825
Series_4,7.035812,-22.254969
Series_4,7.046831,-22.276160
Series_4,7.057850,-22.297352
Series_4,7.068870,-22.297352
Series_4,7.079889,-22.382117
Series_4,7.090908,-22.424499
Series_4,7.101927,-22.442159
Series_4,7.112947,-22.459818
Series_4,7.123966,-22.488073
Series_4,7.134985,-22.558711
Series_4,7.146004,-22.558711
Series_4,7.157024,-22.572838
Series_4,7.168043,-22.594030
Series_4,7.179062,-22.631114
Series_4,7.190082,-22.668199
Series_4,7.201101,-22.705284
Series_4,7.212120,-22.742369
Series_4,7.223139,-22.721177
Series_4,7.234159,-22.735305
Series_4,7.245178,-22.749432
Series_4,7.256197,-22.763560
Series_4,7.267216,-22.763560
Series_4,7.278236,-22.784751
Series_4,7.289255,-22.848325
Series_4,7.300274,-22.848325
Series_4,7.311294,-22.848325
Series_4,7.322313,-22.848325
Series_4,7.333332,-22.865984
Series_4,7.344351,-22.883644
Series_4,7.355371,-22.901303
Series_4,7.366390,-22.918963
Series_4,7.377409,-22.936622
Series_4,7.388428,-22.954281
Series_4,7.399448,-22.975473
Series_4,7.410467,-22.968409
Series_4,7.421486,-22.996664
Series_4,7.432505,-23.017855
Series_4,7.443525,-23.039046
Series_4,7.454544,-23.060238
Series_4,7.465563,-23.102620
Series_4,7.476583,-23.113922
Series_4,7.487602,-23.125224
Series_4,7.498621,-23.136526
Series_4,7.509640,-23.147828
Series_4,7.520660,-23.159130
Series_4,7.531679,-23.170432
Series_4,7.542698,-23.181734
Series_4,7.553717,-23.193036
Series_4,7.564737,-23.204338
Series_4,7.575756,-23.215640
Series_4,7.586775,-23.226942
Series_4,7.597794,-23.238244
Series_4,7.608814,-23.249546
Series_4,7.619833,-23.260849
Series_4,7.630852,-23.272151
Series_4,7.641872,-23.272151
Series_4,7.652891,-23.272151
Series_4,7.663910,-23.293342
Series_4,7.674929,-23.314533
Series_4,7.685949,-23.321597
Series_4,7.696968,-23.328661
Series_4,7.707987,-23.335724
Series_4,7.719006,-23.342788
Series_4,7.730026,-23.349852
Series_4,7.741045,-23.356916
Series_4,7.752064,-23.356916
Series_4,7.763083,-23.356916
Series_4,7.774103,-23.356916
Series_4,7.785122,-23.356916
Series_4,7.796141,-23.356916
Series_4,7.807161,-23.356916
Series_4,7.818180,-23.356916
Series_4,7.829199,-23.356916
Series_4,7.840218,-23.356916
Series_4,7.851238,-23.356916
Series_4,7.862257,-23.356916
Series_4,7.873276,-23.356916
Series_4,7.884295,-23.356916
Series_4,7.895315,-23.356916
Series_4,7.906334,-23.356916
Series_4,7.917353,-23.356916
Series_4,7.928373,-23.356916
Series_4,7.939392,-23.356916
Series_4,7.950411,-23.356916
Series_4,7.961430,-23.356916
Series_4,7.972450,-23.356916
Series_4,7.983469,-23.356916
Series_4,7.994488,-23.356916
Series_4,8.005507,-23.356916
Series_4,8.016527,-23.356916
Series_4,8.027546,-23.356916
Series_4,8.038565,-23.356916
Series_4,8.049584,-23.356916
Series_4,8.060604,-23.356916
Series_4,8.071623,-23.356916
Series_4,8.082642,-23.356916
Series_4,8.093662,-23.356916
Series_4,8.104681,-23.356916
Series_4,8.115700,-23.356916
Series_4,8.126719,-23.356916
Series_4,8.137739,-23.356916
Series_4,8.148758,-23.356916
Series_4,8.159777,-23.356916
Series_4,8.170796,-23.356916
Series_4,8.181816,-23.356916
Series_4,8.192835,-23.356916
Series_4,8.203854,-23.356916
Series_4,8.214873,-23.356916
Series_4,8.225893,-23.356916
Series_4,8.236912,-23.342788
Series_4,8.247931,-23.328661
Series_4,8.258951,-23.314533
Series_4,8.269970,-23.314533
Series_4,8.280989,-23.314533
Series_4,8.292008,-23.314533
Series_4,8.303028,-23.314533
Series_4,8.314047,-23.314533
Series_4,8.325066,-23.314533
Series_4,8.336085,-23.303596
Series_4,8.347105,-23.292658
Series_4,8.358124,-23.281721
Series_4,8.369143,-23.270783
Series_4,8.380163,-23.259846
Series_4,8.391182,-23.248908
Series_4,8.402201,-23.237971
Series_4,8.413220,-23.227034
Series_4,8.424240,-23.216096
Series_4,8.435259,-23.205159
Series_4,8.446278,-23.194221
Series_4,8.457297,-23.183284
Series_4,8.468317,-23.172346
Series_4,8.479336,-23.161409
Series_4,8.490355,-23.150472
Series_4,8.501374,-23.139534
Series_4,8.512394,-23.128597
Series_4,8.523413,-23.117659
Series_4,8.534432,-23.106722
Series_4,8.545452,-23.095784
Series_4,8.556471,-23.084847
Series_4,8.567490,-23.073910
Series_4,8.578509,-23.062972
Series_4,8.589529,-23.052035
Series_4,8.600548,-23.041097
Series_4,8.611567,-23.030160
Series_4,8.622586,-23.019222
Series_4,8.633606,-23.008285
Series_4,8.644625,-22.997347
Series_4,8.655644,-22.986410
Series_4,8.666663,-22.975473
Series_4,8.677683,-22.975473
Series_4,8.688702,-22.975473
Series_4,8.699721,-22.975473
Series_4,8.710741,-22.975473
Series_4,8.721760,-22.954281
Series_4,8.732779,-22.933090
Series_4,8.743798,-22.890708
Series_4,8.754818,-22.890708
Series_4,8.765837,-22.890708
Series_4,8.776856,-22.911899
Series_4,8.787875,-22.848325
Series_4,8.798895,-22.823602
Series_4,8.809914,-22.798879
Series_4,8.820933,-22.805942
Series_4,8.831953,-22.788604
Series_4,8.842972,-22.771266
Series_4,8.853991,-22.753927
Series_4,8.865010,-22.736589
Series_4,8.876030,-22.719251
Series_4,8.887049,-22.701912
Series_4,8.898068,-22.684574
Series_4,8.909087,-22.667236
Series_4,8.920107,-22.649898
Series_4,8.931126,-22.632559
Series_4,8.942145,-22.615221
Series_4,8.953164,-22.615221
Series_4,8.964184,-22.594030
Series_4,8.975203,-22.572838
Series_4,8.986222,-22.560124
Series_4,8.997242,-22.547409
Series_4,9.008261,-22.534694
Series_4,9.019280,-22.521979
Series_4,9.030299,-22.509264
Series_4,9.041319,-22.509264
Series_4,9.052338,-22.509264
Series_4,9.063357,-22.509264
Series_4,9.074376,-22.466882
Series_4,9.085396,-22.424499
Series_4,9.096415,-22.382117
Series_4,9.107434,-22.382117
Series_4,9.118453,-22.339734
Series_4,9.129473,-22.318543
Series_4,9.140492,-22.284637
Series_4,9.151511,-22.212587
Series_4,9.162531,-22.212587
Series_4,9.173550,-22.212587
Series_4,9.184569,-22.219650
Series_4,9.195588,-22.191395
Series_4,9.206608,-22.191395
Series_4,9.217627,-22.156077
Series_4,9.228646,-22.120758
Series_4,9.239665,-22.085439
Series_4,9.250685,-22.043056
Series_4,9.261704,-22.026911
Series_4,9.272723,-22.010765
Series_4,9.283742,-21.994619
Series_4,9.294762,-21.978473
Series_4,9.305781,-21.962328
Series_4,9.316800,-21.946182
Series_4,9.327820,-21.930036
Series_4,9.338839,-21.913890
Series_4,9.349858,-21.897745
Series_4,9.360877,-21.881599
Series_4,9.371897,-21.865453
Series_4,9.382916,-21.849308
Series_4,9.393935,-21.833162
Series_4,9.404954,-21.817016
Series_4,9.415974,-21.800870
Series_4,9.426993,-21.784725
Series_4,9.438012,-21.768579
Series_4,9.449032,-21.752433
Series_4,9.460051,-21.736287
Series_4,9.471070,-21.720142
Series_4,9.482089,-21.703996
Series_4,9.493109,-21.672209
Series_4,9.504128,-21.640422
Series_4,9.515147,-21.640422
Series_4,9.526166,-21.612167
Series_4,9.537186,-21.598040
Series_4,9.548205,-21.572610
Series_4,9.559224,-21.534466
Series_4,9.570243,-21.513274
Series_4,9.581263,-21.513274
Series_4,9.592282,-21.492083
Series_4,9.603301,-21.470892
Series_4,9.614321,-21.439105
Series_4,9.625340,-21.407318
Series_4,9.636359,-21.386127
Series_4,9.647378,-21.354340
Series_4,9.658398,-21.322553
Series_4,9.669417,-21.343744
Series_4,9.680436,-21.322553
Series_4,9.691455,-21.322553
Series_4,9.702475,-21.322553
Series_4,9.713494,-21.308425
Series_4,9.724513,-21.294298
Series_4,9.735532,-21.280170
Series_4,9.746552,-21.266043
Series_4,9.757571,-21.251915
Series_4,9.768590,-21.237788
Series_4,9.779610,-21.223660
Series_4,9.790629,-21.209533
Series_4,9.801648,-21.195405
Series_4,9.812667,-21.142427
Series_4,9.823687,-21.089449
Series_4,9.834706,-21.110640
Series_4,9.845725,-21.094747
Series_4,9.856744,-21.078853
Series_4,9.867764,-21.062960
Series_4,9.878783,-21.047066
Series_4,9.889802,-21.025875
Series_4,9.900822,-20.962301
Series_4,9.911841,-20.941110
Series_4,9.922860,-20.898727
Series_4,9.933879,-20.856345
Series_4,9.944899,-20.856345
Series_4,9.955918,-20.877536
Series_4,9.966937,-20.845749
Series_4,9.977956,-20.813962
Series_4,9.988976,-20.792771
Series_4,9.999995,-20.750388
Series_4,10.011014,-20.750388
Series_4,10.022033,-20.729197
Series_4,10.033053,-20.708006
Series_4,10.044072,-20.686815
Series_4,10.055091,-20.665623
Series_4,10.066111,-20.644432
Series_4,10.077130,-20.623241
Series_4,10.088149,-20.602049
Series_4,10.099168,-20.602049
Series_4,10.110188,-20.602049
Series_4,10.121207,-20.559667
Series_4,10.132226,-20.545539
Series_4,10.143245,-20.531412
Series_4,10.154265,-20.517284
Series_4,10.165284,-20.453710
Series_4,10.176303,-20.453710
Series_4,10.187322,-20.432519
Series_4,10.198342,-20.432519
Series_4,10.209361,-20.390137
Series_4,10.220380,-20.347754
Series_4,10.231400,-20.347754
Series_4,10.242419,-20.347754
Series_4,10.253438,-20.326563
Series_4,10.264457,-20.326563
Series_4,10.275477,-20.326563
Series_4,10.286496,-20.262989
Series_4,10.297515,-20.220606
Series_4,10.308534,-20.220606
Series_4,10.319554,-20.199415
Series_4,10.330573,-20.178224
Series_4,10.341592,-20.157033
Series_4,10.352612,-20.135841
Series_4,10.363631,-20.114650
Series_4,10.374650,-20.093459
Series_4,10.385669,-20.072267
Series_4,10.396689,-20.065204
Series_4,10.407708,-20.058140
Series_4,10.418727,-20.051076
Series_4,10.429746,-20.051076
Series_4,10.440766,-20.036949
Series_4,10.451785,-20.022821
Series_4,10.462804,-20.008694
Series_4,10.473823,-20.008694
Series_4,10.484843,-19.987502
Series_4,10.495862,-19.966311
Series_4,10.506881,-19.945120
Series_4,10.517901,-19.923928
Series_4,10.528920,-19.902737
Series_4,10.539939,-19.881546
Series_4,10.550958,-19.881546
Series_4,10.561978,-19.839163
Series_4,10.572997,-19.839163
Series_4,10.584016,-19.839163
Series_4,10.595035,-19.796781
Series_4,10.606055,-19.754398
Series_4,10.617074,-19.775590
Series_4,10.628093,-19.754398
Series_4,10.639112,-19.754398
Series_4,10.650132,-19.712016
Series_4,10.661151,-19.712016
Series_4,10.672170,-19.704952
Series_4,10.683190,-19.648442
Series_4,10.694209,-19.648442
Series_4,10.705228,-19.627251
Series_4,10.716247,-19.606059
Series_4,10.727267,-19.584868
Series_4,10.738286,-19.584868
Series_4,10.749305,-19.563677
Series_4,10.760324,-19.542485
Series_4,10.771344,-19.542485
Series_4,10.782363,-19.521294
Series_4,10.793382,-19.500103
Series_4,10.804401,-19.489507
Series_4,10.815421,-19.478912
Series_4,10.826440,-19.468316
Series_4,10.837459,-19.457720
Series_4,10.848479,-19.447125
Series_4,10.859498,-19.436529
Series_4,10.870517,-19.425933
Series_4,10.881536,-19.415338
Series_4,10.892556,-19.394147
Series_4,10.903575,-19.380661
Series_4,10.914594,-19.367176
Series_4,10.925613,-19.353690
Series_4,10.936633,-19.340205
Series_4,10.947652,-19.326720
Series_4,10.958671,-19.313234
Series_4,10.969691,-19.299749
Series_4,10.980710,-19.286264
Series_4,10.991729,-19.272778
Series_4,11.002748,-19.259293
Series_4,11.013768,-19.245808
Series_4,11.024787,-19.245808
Series_4,11.035806,-19.245808
Series_4,11.046825,-19.224616
Series_4,11.057845,-19.203425
Series_4,11.068864,-19.245808
Series_4,11.079883,-19.224616
Series_4,11.090902,-19.182234
Series_4,11.101922,-19.161042
Series_4,11.112941,-19.139851
Series_4,11.123960,-19.118660
Series_4,11.134980,-19.161042
Series_4,11.145999,-19.161042
Series_4,11.157018,-19.139851
Series_4,11.168037,-19.139851
Series_4,11.179057,-19.139851
Series_4,11.190076,-19.118660
Series_4,11.201095,-19.118660
Series_4,11.212114,-19.116011
Series_4,11.223134,-19.113362
Series_4,11.234153,-19.080516
Series_4,11.245172,-19.033895
Series_4,11.256191,-19.076277
Series_4,11.267211,-19.076277
Series_4,11.278230,-19.055086
Series_4,11.289249,-19.033895
Series_4,11.300269,-19.033895
Series_4,11.311288,-18.991512
Series_4,11.322307,-19.012703
Series_4,11.333326,-18.991512
Series_4,11.344346,-18.970321
Series_4,11.355365,-18.970321
Series_4,11.366384,-18.949130
Series_4,11.377403,-18.949130
Series_4,11.388423,-18.906747
Series_4,11.399442,-18.885556
Series_4,11.410461,-18.864365
Series_4,11.421481,-18.838464
Series_4,11.432500,-18.821982
Series_4,11.443519,-18.821982
Series_4,11.454538,-18.800791
Series_4,11.465558,-18.800791
Series_4,11.476577,-18.747813
Series_4,11.487596,-18.747813
Series_4,11.498615,-18.716026
Series_4,11.509635,-18.694834
Series_4,11.520654,-18.664225
Series_4,11.531673,-18.659516
Series_4,11.542692,-18.662084
Series_4,11.553712,-18.610069
Series_4,11.564731,-18.550348
Series_4,11.575750,-18.542642
Series_4,11.586770,-18.542642
Series_4,11.597789,-18.525304
Series_4,11.608808,-18.496407
Series_4,11.619827,-18.461730
Series_4,11.630847,-18.482922
Series_4,11.641866,-18.461730
Series_4,11.652885,-18.461730
Series_4,11.663904,-18.398156
Series_4,11.674924,-18.398156
Series_4,11.685943,-18.402395
Series_4,11.696962,-18.313391
Series_4,11.707981,-18.313391
Series_4,11.719001,-18.334583
Series_4,11.730020,-18.292200
Series_4,11.741039,-18.228626
Series_4,11.752059,-18.228626
Series_4,11.763078,-18.228626
Series_4,11.774097,-18.186244
Series_4,11.785116,-18.186244
Series_4,11.796136,-18.228626
Series_4,11.807155,-18.207435
Series_4,11.818174,-18.186244
Series_4,11.829193,-18.143861
Series_4,11.840213,-18.056069
Series_4,11.851232,-18.059096
Series_4,11.862251,-18.016713
Series_4,11.873271,-17.995522
Series_4,11.884290,-17.995522
Series_4,11.895309,-17.974331
Series_4,11.906328,-17.953140
Series_4,11.917348,-17.953140
Series_4,11.928367,-17.893804
Series_4,11.939386,-17.880484
Series_4,11.950405,-17.825992
Series_4,11.961425,-17.825992
Series_4,11.972444,-17.825992
Series_4,11.983463,-17.825992
Series_4,11.994482,-17.778312
Series_4,12.005502,-17.759769
Series_4,12.016521,-17.741227
Series_4,12.027540,-17.720035
Series_4,12.038560,-17.677653
Series_4,12.049579,-17.677653
Series_4,12.060598,-17.635270
Series_4,12.071617,-17.635270
Series_4,12.082637,-17.592888
Series_4,12.093656,-17.592888
Series_4,12.104675,-17.550505
Series_4,12.115694,-17.486931
Series_4,12.126714,-17.444549
Series_4,12.137733,-17.444549
Series_4,12.148752,-17.423358
Series_4,12.159771,-17.423358
Series_4,12.170791,-17.391571
Series_4,12.181810,-17.359784
Series_4,12.192829,-17.338592
Series_4,12.203849,-17.317401
Series_4,12.214868,-17.296210
Series_4,12.225887,-17.282326
Series_4,12.236906,-17.268442
Series_4,12.247926,-17.254558
Series_4,12.258945,-17.240674
Series_4,12.269964,-17.226790
Series_4,12.280983,-17.212906
Series_4,12.292003,-17.199022
Series_4,12.303022,-17.185138
Series_4,12.314041,-17.171254
Series_4,12.325060,-17.157371
Series_4,12.336080,-17.143487
Series_4,12.347099,-17.129603
Series_4,12.358118,-17.115719
Series_4,12.369138,-17.101835
Series_4,12.380157,-17.087951
Series_4,12.391176,-17.074067
Series_4,12.402195,-17.060183
Series_4,12.413215,-17.046299
Series_4,12.424234,-17.032415
Series_4,12.435253,-17.018531
Series_4,12.446272,-17.004647
Series_4,12.457292,-16.990763
Series_4,12.468311,-16.976879
Series_4,12.479330,-16.962995
Series_4,12.490350,-16.949111
Series_4,12.501369,-16.935227
Series_4,12.512388,-16.921344
Series_4,12.523407,-16.907460
Series_4,12.534427,-16.893576
Series_4,12.545446,-16.893576
Series_4,12.556465,-16.861789
Series_4,12.567484,-16.834240
Series_4,12.578504,-16.825764
Series_4,12.589523,-16.801747
Series_4,12.600542,-16.766428
Series_4,12.611561,-16.745237
Series_4,12.622581,-16.702854
Series_4,12.633600,-16.660472
Series_4,12.644619,-16.681663
Series_4,12.655639,-16.618089
Series_4,12.666658,-16.618089
Series_4,12.677677,-16.596898
Series_4,12.688696,-16.596898
Series_4,12.699716,-16.559224
Series_4,12.710735,-16.512133
Series_4,12.721754,-16.490941
Series_4,12.732773,-16.490941
Series_4,12.743793,-16.512133
Series_4,12.754812,-16.490941
Series_4,12.765831,-16.448559
Series_4,12.776850,-16.406176
Series_4,12.787870,-16.363794
Series_4,12.798889,-16.378930
Series_4,12.809908,-16.384985
Series_4,12.820928,-16.321411
Series_4,12.831947,-16.316113
Series_4,12.842966,-16.342602
Series_4,12.853985,-16.300220
Series_4,12.865005,-16.300220
Series_4,12.876024,-16.257837
Series_4,12.887043,-16.194263
Series_4,12.898062,-16.173072
Series_4,12.909082,-16.173072
Series_4,12.920101,-16.130690
Series_4,12.931120,-16.109498
Series_4,12.942140,-16.109498
Series_4,12.953159,-16.088307
Series_4,12.964178,-16.067116
Series_4,12.975197,-16.088307
Series_4,12.986217,-16.067116
Series_4,12.997236,-16.045924
Series_4,13.008255,-16.024733
Series_4,13.019274,-15.982351
Series_4,13.030294,-15.939968
Series_4,13.041313,-15.918777
Series_4,13.052332,-15.918777
Series_4,13.063351,-15.834012
Series_4,13.074371,-15.855203
Series_4,13.085390,-15.855203
Series_4,13.096409,-15.855203
Series_4,13.107429,-15.834012
Series_4,13.118448,-15.807523
Series_4,13.129467,-15.791629
Series_4,13.140486,-15.770438
Series_4,13.151506,-15.749247
Series_4,13.162525,-15.728055
Series_4,13.173544,-15.706864
Series_4,13.184563,-15.706864
Series_4,13.195583,-15.685673
Series_4,13.206602,-15.685673
Series_4,13.217621,-15.685673
Series_4,13.228640,-15.643290
Series_4,13.239660,-15.600908
Series_4,13.250679,-15.622099
Series_4,13.261698,-15.579716
Series_4,13.272718,-15.579716
Series_4,13.283737,-15.558525
Series_4,13.294756,-15.537334
Series_4,13.305775,-15.516143
Series_4,13.316795,-15.516143
Series_4,13.327814,-15.494951
Series_4,13.338833,-15.516143
Series_4,13.349852,-15.473760
Series_4,13.360872,-15.452569
Series_4,13.371891,-15.445505
Series_4,13.382910,-15.431377
Series_4,13.393930,-15.410186
Series_4,13.404949,-15.410186
Series_4,13.415968,-15.367804
Series_4,13.426987,-15.367804
Series_4,13.438007,-15.346612
Series_4,13.449026,-15.325421
Series_4,13.460045,-15.304230
Series_4,13.471064,-15.283038
Series_4,13.482084,-15.261847
Series_4,13.493103,-15.261847
Series_4,13.504122,-15.283038
Series_4,13.515141,-15.251252
Series_4,13.526161,-15.219465
Series_4,13.537180,-15.177082
Series_4,13.548199,-15.155891
Series_4,13.559219,-15.134699
Series_4,13.570238,-15.113508
Series_4,13.581257,-15.113508
Series_4,13.592276,-15.113508
Series_4,13.603296,-15.113508
Series_4,13.614315,-15.092317
Series_4,13.625334,-15.071126
Series_4,13.636353,-15.071126
Series_4,13.647373,-15.049934
Series_4,13.658392,-14.986361
Series_4,13.669411,-14.986361
Series_4,13.680430,-15.016634
Series_4,13.691450,-15.016634
Series_4,13.702469,-14.968197
Series_4,13.713488,-14.968197
Series_4,13.724508,-14.943978
Series_4,13.735527,-14.901595
Series_4,13.746546,-14.880404
Series_4,13.757565,-14.859213
Series_4,13.768585,-14.816830
Series_4,13.779604,-14.816830
Series_4,13.790623,-14.816830
Series_4,13.801642,-14.816830
Series_4,13.812662,-14.774448
Series_4,13.823681,-14.774448
Series_4,13.834700,-14.753256
Series_4,13.845719,-14.753256
Series_4,13.856739,-14.732065
Series_4,13.867758,-14.689683
Series_4,13.878777,-14.668491
Series_4,13.889797,-14.647300
Series_4,13.900816,-14.604918
Series_4,13.911835,-14.583726
Series_4,13.922854,-14.583726
Series_4,13.933874,-14.583726
Series_4,13.944893,-14.583726
Series_4,13.955912,-14.524862
Series_4,13.966931,-14.541344
Series_4,13.977951,-14.498961
Series_4,13.988970,-14.456579
Series_4,13.999989,-14.414196
Series_4,14.011009,-14.393005
Series_4,14.022028,-14.393005
Series_4,14.033047,-14.359099
Series_4,14.044066,-14.329431
Series_4,14.055086,-14.308240
Series_4,14.066105,-14.244666
Series_4,14.077124,-14.244666
Series_4,14.088143,-14.241134
Series_4,14.099163,-14.237602
Series_4,14.110182,-14.234070
Series_4,14.121201,-14.230538
Series_4,14.132220,-14.227006
Series_4,14.143240,-14.223474
Series_4,14.154259,-14.219943
Series_4,14.165278,-14.216411
Series_4,14.176298,-14.212879
Series_4,14.187317,-14.209347
Series_4,14.198336,-14.205815
Series_4,14.209355,-14.202283
Series_4,14.220375,-14.198751
Series_4,14.231394,-14.195219
Series_4,14.242413,-14.191688
Series_4,14.253432,-14.188156
Series_4,14.264452,-14.184624
Series_4,14.275471,-14.181092
Series_4,14.286490,-14.177560
Series_4,14.297509,-14.174028
Series_4,14.308529,-14.170496
Series_4,14.319548,-14.166964
Series_4,14.330567,-14.163433
Series_4,14.341587,-14.159901
Series_4,14.352606,-14.159901
Series_4,14.363625,-14.131646
Series_4,14.374644,-14.103391
Series_4,14.385664,-14.075136
Series_4,14.396683,-14.075136
Series_4,14.407702,-14.032753
Series_4,14.418721,-13.947988
Series_4,14.429741,-13.947988
Series_4,14.440760,-13.926797
Series_4,14.451779,-13.926797
Series_4,14.462799,-13.926797
Series_4,14.473818,-13.870287
Series_4,14.484837,-13.877350
Series_4,14.495856,-13.884414
Series_4,14.506876,-13.842031
Series_4,14.517895,-13.842031
Series_4,14.528914,-13.820840
Series_4,14.539933,-13.799649
Series_4,14.550953,-13.778458
Series_4,14.561972,-13.799649
Series_4,14.572991,-13.778458
Series_4,14.584010,-13.757266
Series_4,14.595030,-13.736075
Series_4,14.606049,-13.736075
Series_4,14.617068,-13.736075
Series_4,14.628088,-13.736075
Series_4,14.639107,-13.707820
Series_4,14.650126,-13.693693
Series_4,14.661145,-13.672501
Series_4,14.672165,-13.651310
Series_4,14.683184,-13.672501
Series_4,14.694203,-13.651310
Series_4,14.705222,-13.651310
Series_4,14.716242,-13.651310
Series_4,14.727261,-13.651310
Series_4,14.738280,-13.651310
Series_4,14.749299,-13.651310
Series_4,14.760319,-13.651310
Series_4,14.771338,-13.630119
Series_4,14.782357,-13.608927
Series_4,14.793377,-13.608927
Series_4,14.804396,-13.587736
Series_4,14.815415,-13.587736
Series_4,14.826434,-13.587736
Series_4,14.837454,-13.587736
Series_4,14.848473,-13.545354
Series_4,14.859492,-13.545354
Series_4,14.870511,-13.524162
Series_4,14.881531,-13.524162
Series_4,14.892550,-13.524162
Series_4,14.903569,-13.502971
Series_4,14.914588,-13.481780
Series_4,14.925608,-13.481780
Series_4,14.936627,-13.481780
Series_4,14.947646,-13.481780
Series_4,14.958666,-13.481780
Series_4,14.969685,-13.460588
Series_4,14.980704,-13.460588
Series_4,14.991723,-13.460588
Series_4,15.002743,-13.418206
Series_4,15.013762,-13.375823
Series_4,15.024781,-13.397015
Series_4,15.035800,-13.397015
Series_4,15.046820,-13.354632
Series_4,15.057839,-13.319313
Series_4,15.068858,-13.333441
Series_4,15.079878,-13.291058
Series_4,15.090897,-13.269867
Series_4,15.101916,-13.274853
Series_4,15.112935,-13.279839
Series_4,15.123955,-13.284826
Series_4,15.134974,-13.289812
Series_4,15.145993,-13.294798
Series_4,15.157012,-13.299784
Series_4,15.168032,-13.304770
Series_4,15.179051,-13.309756
Series_4,15.190070,-13.314743
Series_4,15.201089,-13.319729
Series_4,15.212109,-13.324715
Series_4,15.223128,-13.329701
Series_4,15.234147,-13.334687
Series_4,15.245167,-13.339674
Series_4,15.256186,-13.344660
Series_4,15.267205,-13.349646
Series_4,15.278224,-13.354632
Series_4,15.289244,-13.333441
Series_4,15.300263,-13.333441
Series_4,15.311282,-13.333441
Series_4,15.322301,-13.354632
Series_4,15.333321,-13.354632
Series_4,15.344340,-13.354632
Series_4,15.355359,-13.291058
Series_4,15.366378,-13.146958
Series_4,15.377398,-13.121528
Series_4,15.388417,-13.121528
Series_4,15.399436,-13.121528
Series_4,15.410456,-13.142719
Series_4,15.421475,-13.142719
Series_4,15.432494,-13.142719
Series_4,15.443513,-13.100337
Series_4,15.454533,-13.100337
Series_4,15.465552,-13.079145
Series_4,15.476571,-13.079145
Series_4,15.487590,-13.079145
Series_4,15.498610,-13.057954
Series_4,15.509629,-13.057954
Series_4,15.520648,-13.036763
Series_4,15.531668,-12.994380
Series_4,15.542687,-12.973189
Series_4,15.553706,-12.973189
Series_4,15.564725,-12.951998
Series_4,15.575745,-12.951998
Series_4,15.586764,-12.930806
Series_4,15.597783,-12.909615
Series_4,15.608802,-12.888424
Series_4,15.619822,-12.888424
Series_4,15.630841,-12.867233
Series_4,15.641860,-12.867233
Series_4,15.652879,-12.846041
Series_4,15.663899,-12.846041
Series_4,15.674918,-12.852399
Series_4,15.685937,-12.858756
Series_4,15.696957,-12.865114
Series_4,15.707976,-12.871471
Series_4,15.718995,-12.877828
Series_4,15.730014,-12.884186
Series_4,15.741034,-12.890543
Series_4,15.752053,-12.896900
Series_4,15.763072,-12.903258
Series_4,15.774091,-12.909615
Series_4,15.785111,-12.915973
Series_4,15.796130,-12.922330
Series_4,15.807149,-12.928687
Series_4,15.818168,-12.935045
Series_4,15.829188,-12.941402
Series_4,15.840207,-12.947760
Series_4,15.851226,-12.954117
Series_4,15.862246,-12.960474
Series_4,15.873265,-12.966832
Series_4,15.884284,-12.973189
Series_4,15.895303,-12.930806
Series_4,15.906323,-12.930806
Series_4,15.917342,-12.888424
Series_4,15.928361,-12.846041
Series_4,15.939380,-12.824850
Series_4,15.950400,-12.803659
Series_4,15.961419,-12.803659
Series_4,15.972438,-12.782468
Series_4,15.983458,-12.761276
Series_4,15.994477,-12.761276
Series_4,16.005496,-12.718894
Series_4,16.016515,-12.697702
Series_4,16.027535,-12.697702
Series_4,16.038554,-12.676511
Series_4,16.049573,-12.676511
Series_4,16.060592,-12.697702
Series_4,16.071612,-12.676511
Series_4,16.082631,-12.676511
Series_4,16.093650,-12.655320
Series_4,16.104669,-12.655320
Series_4,16.115689,-12.634129
Series_4,16.126708,-12.612937
Series_4,16.137727,-12.570555
Series_4,16.148747,-12.528172
Series_4,16.159766,-12.528172
Series_4,16.170785,-12.528172
Series_4,16.181804,-12.506981
Series_4,16.192824,-12.471662
Series_4,16.203843,-12.443407
Series_4,16.214862,-12.443407
Series_4,16.225881,-12.436100
Series_4,16.236901,-12.428792
Series_4,16.247920,-12.421485
Series_4,16.258939,-12.414178
Series_4,16.269958,-12.406870
Series_4,16.280978,-12.399563
Series_4,16.291997,-12.392256
Series_4,16.303016,-12.384948
Series_4,16.314036,-12.377641
Series_4,16.325055,-12.370334
Series_4,16.336074,-12.363026
Series_4,16.347093,-12.355719
Series_4,16.358113,-12.348412
Series_4,16.369132,-12.341104
Series_4,16.380151,-12.333797
Series_4,16.391170,-12.326490
Series_4,16.402190,-12.319182
Series_4,16.413209,-12.311875
Series_4,16.424228,-12.304568
Series_4,16.435247,-12.297260
Series_4,16.446267,-12.289953
Series_4,16.457286,-12.282646
Series_4,16.468305,-12.275338
Series_4,16.479325,-12.268031
Series_4,16.490344,-12.260724
Series_4,16.501363,-12.253416
Series_4,16.512382,-12.246109
Series_4,16.523402,-12.238802
Series_4,16.534421,-12.231494
Series_4,16.545440,-12.259749
Series_4,16.556459,-12.231494
Series_4,16.567479,-12.215601
Series_4,16.578498,-12.199707
Series_4,16.589517,-12.183814
Series_4,16.600537,-12.167920
Series_4,16.611556,-12.167920
Series_4,16.622575,-12.167920
Series_4,16.633594,-12.167920
Series_4,16.644614,-12.167920
Series_4,16.655633,-12.167920
Series_4,16.666652,-12.167920
Series_4,16.677671,-12.167920
Series_4,16.688691,-12.167920
Series_4,16.699710,-12.167920
Series_4,16.710729,-12.167920
Series_4,16.721748,-12.160857
Series_4,16.732768,-12.153793
Series_4,16.743787,-12.146729
Series_4,16.754806,-12.139665
Series_4,16.765826,-12.132602
Series_4,16.776845,-12.125538
Series_4,16.787864,-12.125538
Series_4,16.798883,-12.125538
Series_4,16.809903,-12.120829
Series_4,16.820922,-12.116120
Series_4,16.831941,-12.111410
Series_4,16.842960,-12.106701
Series_4,16.853980,-12.101992
Series_4,16.864999,-12.097283
Series_4,16.876018,-12.092574
Series_4,16.887037,-12.087865
Series_4,16.898057,-12.083155
Series_4,16.909076,-12.083155
Series_4,16.920095,-12.083155
Series_4,16.931115,-12.072560
Series_4,16.942134,-12.061964
Series_4,16.953153,-12.061964
Series_4,16.964172,-12.083155
Series_4,16.975192,-12.061964
Series_4,16.986211,-12.061964
Series_4,16.997230,-12.061964
Series_4,17.008249,-12.083155
Series_4,17.019269,-12.083155
Series_4,17.030288,-12.040773
Series_4,17.041307,-12.032296
Series_4,17.052327,-12.023820
Series_4,17.063346,-12.015343
Series_4,17.074365,-12.006867
Series_4,17.085384,-11.998390
Series_4,17.096404,-11.998390
Series_4,17.107423,-11.998390
Series_4,17.118442,-11.977199
Series_4,17.129461,-11.977199
Series_4,17.140481,-11.956008
Series_4,17.151500,-11.956008
Series_4,17.162519,-11.956008
Series_4,17.173538,-11.934816
Series_4,17.184558,-11.934816
Series_4,17.195577,-11.934816
Series_4,17.206596,-11.934816
Series_4,17.217616,-11.920689
Series_4,17.228635,-11.913625
Series_4,17.239654,-11.850051
Series_4,17.250673,-11.871243
Series_4,17.261693,-11.878306
Series_4,17.272712,-11.871243
Series_4,17.283731,-11.850051
Series_4,17.294750,-11.850051
Series_4,17.305770,-11.850051
Series_4,17.316789,-11.850051
Series_4,17.327808,-11.850051
Series_4,17.338827,-11.828860
Series_4,17.349847,-11.828860
Series_4,17.360866,-11.828860
Series_4,17.371885,-11.828860
Series_4,17.382905,-11.828860
Series_4,17.393924,-11.828860
Series_4,17.404943,-11.807669
Series_4,17.415962,-11.807669
Series_4,17.426982,-11.786477
Series_4,17.438001,-11.786477
Series_4,17.449020,-11.786477
Series_4,17.460039,-11.786477
Series_4,17.471059,-11.765286
Series_4,17.482078,-11.765286
Series_4,17.493097,-11.779414
Series_4,17.504117,-11.744095
Series_4,17.515136,-11.701712
Series_4,17.526155,-11.701712
Series_4,17.537174,-11.701712
Series_4,17.548194,-11.701712
Series_4,17.559213,-11.659330
Series_4,17.570232,-11.659330
Series_4,17.581251,-11.638138
Series_4,17.592271,-11.638138
Series_4,17.603290,-11.616947
Series_4,17.614309,-11.616947
Series_4,17.625328,-11.616947
Series_4,17.636348,-11.616947
Series_4,17.647367,-11.616947
Series_4,17.658386,-11.616947
Series_4,17.669406,-11.616947
Series_4,17.680425,-11.595756
Series_4,17.691444,-11.574565
Series_4,17.702463,-11.574565
Series_4,17.713483,-11.574565
Series_4,17.724502,-11.574565
Series_4,17.735521,-11.595756
Series_4,17.746540,-11.574565
Series_4,17.757560,-11.553373
Series_4,17.768579,-11.574565
Series_4,17.779598,-11.553373
Series_4,17.790617,-11.532182
Series_4,17.801637,-11.510991
Series_4,17.812656,-11.489800
Series_4,17.823675,-11.489800
Series_4,17.834695,-11.489800
Series_4,17.845714,-11.489800
Series_4,17.856733,-11.489800
Series_4,17.867752,-11.489800
Series_4,17.878772,-11.489800
Series_4,17.889791,-11.483442
Series_4,17.900810,-11.477085
Series_4,17.911829,-11.470727
Series_4,17.922849,-11.464370
Series_5,0.126731,-0.110083
Series_5,0.137750,-0.110083
Series_5,0.148769,-0.110083
Series_5,0.159789,-0.110083
Series_5,0.170808,-0.110083
Series_5,0.181827,-0.110083
Series_5,0.192846,-0.110083
Series_5,0.203866,-0.110083
Series_5,0.214885,-0.110083
Series_5,0.225904,-0.110083
Series_5,0.236923,-0.110083
Series_5,0.247943,-0.110083
Series_5,0.258962,-0.110083
Series_5,0.269981,-0.110083
Series_5,0.281000,-0.110083
Series_5,0.292020,-0.110083
Series_5,0.303039,-0.110083
Series_5,0.314058,-0.110083
Series_5,0.325078,-0.110083
Series_5,0.336097,-0.110083
Series_5,0.347116,-0.110083
Series_5,0.358135,-0.110083
Series_5,0.369155,-0.110083
Series_5,0.380174,-0.110083
Series_5,0.391193,-0.110083
Series_5,0.402212,-0.110083
Series_5,0.413232,-0.110083
Series_5,0.424251,-0.110083
Series_5,0.435270,-0.110083
Series_5,0.446289,-0.110083
Series_5,0.457309,-0.110083
Series_5,0.468328,-0.110083
Series_5,0.479347,-0.110083
Series_5,0.490367,-0.110083
Series_5,0.501386,-0.110083
Series_5,0.512405,-0.110083
Series_5,0.523424,-0.110083
Series_5,0.534444,-0.110083
Series_5,0.545463,-0.110083
Series_5,0.556482,-0.110083
Series_5,0.567501,-0.110083
Series_5,0.578521,-0.110083
Series_5,0.589540,-0.110083
Series_5,0.600559,-0.110083
Series_5,0.611578,-0.110083
Series_5,0.622598,-0.110083
Series_5,0.633617,-0.110083
Series_5,0.644636,-0.110083
Series_5,0.655656,-0.110083
Series_5,0.666675,-0.110083
Series_5,0.677694,-0.110083
Series_5,0.688713,-0.110083
Series_5,0.699733,-0.110083
Series_5,0.710752,-0.110083
Series_5,0.721771,-0.110083
Series_5,0.732790,-0.110083
Series_5,0.743810,-0.110083
Series_5,0.754829,-0.110083
Series_5,0.765848,-0.110083
Series_5,0.776868,-0.110083
Series_5,0.787887,-0.110083
Series_5,0.798906,-0.110083
Series_5,0.809925,-0.120678
Series_5,0.820945,-0.136572
Series_5,0.831964,-0.152465
Series_5,0.842983,-0.168359
Series_5,0.854002,-0.184252
Series_5,0.865022,-0.200146
Series_5,0.876041,-0.216039
Series_5,0.887060,-0.231933
Series_5,0.898079,-0.247826
Series_5,0.909099,-0.263720
Series_5,0.920118,-0.279613
Series_5,0.931137,-0.295507
Series_5,0.942157,-0.311400
Series_5,0.953176,-0.327293
Series_5,0.964195,-0.343187
Series_5,0.975214,-0.359080
Series_5,0.986234,-0.374974
Series_5,0.997253,-0.390867
Series_5,1.008272,-0.406761
Series_5,1.019291,-0.422654
Series_5,1.030311,-0.438548
Series_5,1.041330,-0.454441
Series_5,1.052349,-0.470335
Series_5,1.063368,-0.486228
Series_5,1.074388,-0.502122
Series_5,1.085407,-0.518015
Series_5,1.096426,-0.533908
Series_5,1.107446,-0.549802
Series_5,1.118465,-0.565695
Series_5,1.129484,-0.581589
Series_5,1.140503,-0.597482
Series_5,1.151523,-0.613376
Series_5,1.162542,-0.629269
Series_5,1.173561,-0.645163
Series_5,1.184580,-0.661056
Series_5,1.195600,-0.676950
Series_5,1.206619,-0.692843
Series_5,1.217638,-0.708736
Series_5,1.228658,-0.724630
Series_5,1.239677,-0.740523
Series_5,1.250696,-0.756417
Series_5,1.261715,-0.772310
Series_5,1.272735,-0.788204
Series_5,1.283754,-0.804097
Series_5,1.294773,-0.819991
Series_5,1.305792,-0.835884
Series_5,1.316812,-0.851778
Series_5,1.327831,-0.867671
Series_5,1.338850,-0.883565
Series_5,1.349869,-0.899458
Series_5,1.360889,-0.915351
Series_5,1.371908,-0.931245
Series_5,1.382927,-0.947138
Series_5,1.393947,-0.963032
Series_5,1.404966,-0.978925
Series_5,1.415985,-0.994819
Series_5,1.427004,-1.010712
Series_5,1.438024,-1.026606
Series_5,1.449043,-1.042499
Series_5,1.460062,-1.058393
Series_5,1.471081,-1.074286
Series_5,1.482101,-1.090179
Series_5,1.493120,-1.106073
Series_5,1.504139,-1.121966
Series_5,1.515158,-1.137860
Series_5,1.526178,-1.153753
Series_5,1.537197,-1.169647
Series_5,1.548216,-1.185540
Series_5,1.559236,-1.201434
Series_5,1.570255,-1.217327
Series_5,1.581274,-1.233221
Series_5,1.592293,-1.249114
Series_5,1.603313,-1.265008
Series_5,1.614332,-1.280901
Series_5,1.625351,-1.296794
Series_5,1.636370,-1.312688
Series_5,1.647390,-1.328581
Series_5,1.658409,-1.344475
Series_5,1.669428,-1.360368
Series_5,1.680448,-1.376262
Series_5,1.691467,-1.392155
Series_5,1.702486,-1.408049
Series_5,1.713505,-1.423942
Series_5,1.724525,-1.439836
Series_5,1.735544,-1.455729
Series_5,1.746563,-1.471623
Series_5,1.757582,-1.487516
Series_5,1.768602,-1.503409
Series_5,1.779621,-1.519303
Series_5,1.790640,-1.535196
Series_5,1.801659,-1.551090
Series_5,1.812679,-1.566983
Series_5,1.823698,-1.582877
Series_5,1.834717,-1.598770
Series_5,1.845737,-1.614664
Series_5,1.856756,-1.630557
Series_5,1.867775,-1.646451
Series_5,1.878794,-1.662344
Series_5,1.889814,-1.678237
Series_5,1.900833,-1.694131
Series_5,1.911852,-1.710024
Series_5,1.922871,-1.725918
Series_5,1.933891,-1.741811
Series_5,1.944910,-1.757705
Series_5,1.955929,-1.773598
Series_5,1.966948,-1.789492
Series_5,1.977968,-1.805385
Series_5,1.988987,-1.821279
Series_5,2.000006,-1.837172
Series_5,2.011026,-1.853066
Series_5,2.022045,-1.868959
Series_5,2.033064,-1.884852
Series_5,2.044083,-1.900746
Series_5,2.055103,-1.916639
Series_5,2.066122,-1.932533
Series_5,2.077141,-1.948426
Series_5,2.088160,-1.964320
Series_5,2.099180,-1.980213
Series_5,2.110199,-1.996107
Series_5,2.121218,-2.012000
Series_5,2.132237,-2.027894
Series_5,2.143257,-2.043787
Series_5,2.154276,-2.059680
Series_5,2.165295,-2.075574
Series_5,2.176315,-2.091467
Series_5,2.187334,-2.107361
Series_5,2.198353,-2.123254
Series_5,2.209372,-2.139148
Series_5,2.220392,-2.155041
Series_5,2.231411,-2.170935
Series_5,2.242430,-2.186828
Series_5,2.253449,-2.202722
Series_5,2.264469,-2.218615
Series_5,2.275488,-2.234509
Series_5,2.286507,-2.250402
Series_5,2.297527,-2.250402
Series_5,2.308546,-2.250402
Series_5,2.319565,-2.250402
Series_5,2.330584,-2.292785
Series_5,2.341604,-2.292785
Series_5,2.352623,-2.292785
Series_5,2.363642,-2.292785
Series_5,2.374661,-2.335167
Series_5,2.385681,-2.377550
Series_5,2.396700,-2.377550
Series_5,2.407719,-2.377550
Series_5,2.418738,-2.377550
Series_5,2.429758,-2.377550
Series_5,2.440777,-2.398741
Series_5,2.451796,-2.462315
Series_5,2.462816,-2.462315
Series_5,2.473835,-2.483506
Series_5,2.484854,-2.525889
Series_5,2.495873,-2.547080
Series_5,2.506893,-2.568271
Series_5,2.517912,-2.547080
Series_5,2.528931,-2.638909
Series_5,2.539950,-2.653036
Series_5,2.550970,-2.642441
Series_5,2.561989,-2.667164
Series_5,2.573008,-2.716610
Series_5,2.584027,-2.716610
Series_5,2.595047,-2.758993
Series_5,2.606066,-2.780184
Series_5,2.617085,-2.801375
Series_5,2.628105,-2.843758
Series_5,2.639124,-2.843758
Series_5,2.650143,-2.822567
Series_5,2.661162,-2.822567
Series_5,2.672182,-2.864949
Series_5,2.683201,-2.907332
Series_5,2.694220,-2.917927
Series_5,2.705239,-2.928523
Series_5,2.716259,-2.970905
Series_5,2.727278,-2.970905
Series_5,2.738297,-2.970905
Series_5,2.749317,-3.013288
Series_5,2.760336,-3.013288
Series_5,2.771355,-3.055671
Series_5,2.782374,-3.055671
Series_5,2.793394,-3.087458
Series_5,2.804413,-3.119244
Series_5,2.815432,-3.151031
Series_5,2.826451,-3.182818
Series_5,2.837471,-3.182818
Series_5,2.848490,-3.182818
Series_5,2.859509,-3.204010
Series_5,2.870528,-3.225201
Series_5,2.881548,-3.246392
Series_5,2.892567,-3.267583
Series_5,2.903586,-3.309966
Series_5,2.914606,-3.331157
Series_5,2.925625,-3.352348
Series_5,2.936644,-3.373540
Series_5,2.947663,-3.394731
Series_5,2.958683,-3.479496
Series_5,2.969702,-3.479496
Series_5,2.980721,-3.521879
Series_5,2.991740,-3.564261
Series_5,3.002760,-3.599580
Series_5,3.013779,-3.606644
Series_5,3.024798,-3.627835
Series_5,3.035817,-3.627835
Series_5,3.046837,-3.659622
Series_5,3.057856,-3.691409
Series_5,3.068875,-3.733792
Series_5,3.079895,-3.754983
Series_5,3.090914,-3.786770
Series_5,3.101933,-3.818557
Series_5,3.112952,-3.797365
Series_5,3.123972,-3.839748
Series_5,3.134991,-3.860939
Series_5,3.146010,-3.903322
Series_5,3.157029,-3.945704
Series_5,3.168049,-3.995151
Series_5,3.179068,-4.030469
Series_5,3.190087,-4.062256
Series_5,3.201107,-4.094043
Series_5,3.212126,-4.157617
Series_5,3.223145,-4.157617
Series_5,3.234164,-4.157617
Series_5,3.245184,-4.178808
Series_5,3.256203,-4.178808
Series_5,3.267222,-4.235318
Series_5,3.278241,-4.284765
Series_5,3.289261,-4.305956
Series_5,3.300280,-4.284765
Series_5,3.311299,-4.348339
Series_5,3.322318,-4.390721
Series_5,3.333338,-4.411912
Series_5,3.344357,-4.461359
Series_5,3.355376,-4.496678
Series_5,3.366396,-4.539060
Series_5,3.377415,-4.581443
Series_5,3.388434,-4.623825
Series_5,3.399453,-4.666208
Series_5,3.410473,-4.645017
Series_5,3.421492,-4.708590
Series_5,3.432511,-4.763688
Series_5,3.443530,-4.814547
Series_5,3.454550,-4.856929
Series_5,3.465569,-4.878121
Series_5,3.476588,-4.920503
Series_5,3.487607,-4.984077
Series_5,3.498627,-4.984077
Series_5,3.509646,-5.026460
Series_5,3.520665,-5.068842
Series_5,3.531685,-5.121820
Series_5,3.542704,-5.174798
Series_5,3.553723,-5.181862
Series_5,3.564742,-5.185394
Series_5,3.575762,-5.217181
Series_5,3.586781,-5.266627
Series_5,3.597800,-5.307597
Series_5,3.608819,-5.348567
Series_5,3.619839,-5.389537
Series_5,3.630858,-5.430507
Series_5,3.641877,-5.471476
Series_5,3.652896,-5.512446
Series_5,3.663916,-5.553416
Series_5,3.674935,-5.594386
Series_5,3.685954,-5.635356
Series_5,3.696974,-5.676325
Series_5,3.707993,-5.704580
Series_5,3.719012,-5.732835
Series_5,3.730031,-5.810537
Series_5,3.741051,-5.852919
Series_5,3.752070,-5.895302
Series_5,3.763089,-6.001258
Series_5,3.774108,-6.022450
Series_5,3.785128,-6.015386
Series_5,3.796147,-6.128406
Series_5,3.807166,-6.156661
Series_5,3.818186,-6.170789
Series_5,3.829205,-6.234362
Series_5,3.840224,-6.319128
Series_5,3.851243,-6.340319
Series_5,3.862263,-6.361510
Series_5,3.873282,-6.382701
Series_5,3.884301,-6.475943
Series_5,3.895320,-6.552232
Series_5,3.906340,-6.558286
Series_5,3.917359,-6.573423
Series_5,3.928378,-6.665252
Series_5,3.939397,-6.721762
Series_5,3.950417,-6.806527
Series_5,3.961436,-6.827718
Series_5,3.972455,-6.947802
Series_5,3.983475,-6.990185
Series_5,3.994494,-7.018440
Series_5,4.005513,-7.082014
Series_5,4.016532,-7.131460
Series_5,4.027552,-7.230353
Series_5,4.038571,-7.284844
Series_5,4.049590,-7.308054
Series_5,4.060609,-7.332071
Series_5,4.071629,-7.431670
Series_5,4.082648,-7.505839
Series_5,4.093667,-7.505839
Series_5,4.104686,-7.590604
Series_5,4.115706,-7.675369
Series_5,4.126725,-7.760134
Series_5,4.137744,-7.802517
Series_5,4.148764,-7.866091
Series_5,4.159783,-7.908473
Series_5,4.170802,-7.976286
Series_5,4.181821,-8.056812
Series_5,4.192841,-8.113322
Series_5,4.203860,-8.205151
Series_5,4.214879,-8.226343
Series_5,4.225898,-8.268725
Series_5,4.236918,-8.353490
Series_5,4.247937,-8.459447
Series_5,4.258956,-8.523021
Series_5,4.269976,-8.565403
Series_5,4.280995,-8.628977
Series_5,4.292014,-8.713742
Series_5,4.303033,-8.756125
Series_5,4.314053,-8.756125
Series_5,4.325072,-8.869145
Series_5,4.336091,-8.982165
Series_5,4.347110,-9.095185
Series_5,4.358130,-9.116376
Series_5,4.369149,-9.137568
Series_5,4.380168,-9.201141
Series_5,4.391187,-9.243524
Series_5,4.402207,-9.307098
Series_5,4.413226,-9.349480
Series_5,4.424245,-9.434246
Series_5,4.435265,-9.476628
Series_5,4.446284,-9.519011
Series_5,4.457303,-9.603776
Series_5,4.468322,-9.667350
Series_5,4.479342,-9.709732
Series_5,4.490361,-9.783902
Series_5,4.501380,-9.870180
Series_5,4.512399,-9.956964
Series_5,4.523419,-10.017006
Series_5,4.534438,-10.055856
Series_5,4.545457,-10.122962
Series_5,4.556476,-10.239514
Series_5,4.567496,-10.303088
Series_5,4.578515,-10.345470
Series_5,4.589534,-10.477916
Series_5,4.600554,-10.499864
Series_5,4.611573,-10.578575
Series_5,4.622592,-10.663340
Series_5,4.633611,-10.748105
Series_5,4.644631,-10.854061
Series_5,4.655650,-10.887362
Series_5,4.666669,-10.981209
Series_5,4.677688,-11.055378
Series_5,4.688708,-11.129548
Series_5,4.699727,-11.171930
Series_5,4.710746,-11.214313
Series_5,4.721765,-11.320269
Series_5,4.732785,-11.426226
Series_5,4.743804,-11.532182
Series_5,4.754823,-11.574565
Series_5,4.765843,-11.606352
Series_5,4.776862,-11.680521
Series_5,4.787881,-11.765286
Series_5,4.798900,-11.797073
Series_5,4.809920,-11.897732
Series_5,4.820939,-11.998390
Series_5,4.831958,-12.118474
Series_5,4.842977,-12.146729
Series_5,4.853997,-12.252686
Series_5,4.865016,-12.358642
Series_5,4.876035,-12.479735
Series_5,4.887055,-12.591746
Series_5,4.898074,-12.651788
Series_5,4.909093,-12.711830
Series_5,4.920112,-12.718894
Series_5,4.931132,-12.740085
Series_5,4.942151,-12.782468
Series_5,4.953170,-12.867233
Series_5,4.964189,-13.015572
Series_5,4.975209,-13.036763
Series_5,4.986228,-13.087622
Series_5,4.997247,-13.227484
Series_5,5.008266,-13.291058
Series_5,5.019286,-13.392776
Series_5,5.030305,-13.418206
Series_5,5.041324,-13.477541
Series_5,5.052344,-13.577140
Series_5,5.063363,-13.608927
Series_5,5.074382,-13.647072
Series_5,5.085401,-13.736075
Series_5,5.096421,-13.791172
Series_5,5.107440,-13.884414
Series_5,5.118459,-13.947988
Series_5,5.129478,-14.043349
Series_5,5.140498,-14.096327
Series_5,5.151517,-14.223474
Series_5,5.162536,-14.294112
Series_5,5.173555,-14.369459
Series_5,5.184575,-14.465661
Series_5,5.195594,-14.541344
Series_5,5.206613,-14.689683
Series_5,5.217633,-14.753256
Series_5,5.228652,-14.774448
Series_5,5.239671,-14.859213
Series_5,5.250690,-14.927025
Series_5,5.261710,-14.996956
Series_5,5.272729,-15.049934
Series_5,5.283748,-15.105032
Series_5,5.294767,-15.240656
Series_5,5.305787,-15.325421
Series_5,5.316806,-15.424314
Series_5,5.327825,-15.431377
Series_5,5.338845,-15.579716
Series_5,5.349864,-15.600908
Series_5,5.360883,-15.706864
Series_5,5.371902,-15.749247
Series_5,5.382922,-15.834012
Series_5,5.393941,-15.834012
Series_5,5.404960,-15.961159
Series_5,5.415979,-16.052988
Series_5,5.426999,-16.088307
Series_5,5.438018,-16.187200
Series_5,5.449037,-16.281854
Series_5,5.460056,-16.376508
Series_5,5.471076,-16.463695
Series_5,5.482095,-16.490941
Series_5,5.493114,-16.622327
Series_5,5.504134,-16.734641
Series_5,5.515153,-16.787619
Series_5,5.526172,-16.840597
Series_5,5.537191,-16.893576
Series_5,5.548211,-17.020723
Series_5,5.559230,-17.133743
Series_5,5.570249,-17.169062
Series_5,5.581268,-17.190254
Series_5,5.592288,-17.296210
Series_5,5.603307,-17.317401
Series_5,5.614326,-17.402166
Series_5,5.625345,-17.472804
Series_5,5.636365,-17.486931
Series_5,5.647384,-17.550505
Series_5,5.658403,-17.656462
Series_5,5.669423,-17.762418
Series_5,5.680442,-17.825992
Series_5,5.691461,-17.868374
Series_5,5.702480,-17.931948
Series_5,5.713500,-17.942544
Series_5,5.724519,-18.016713
Series_5,5.735538,-18.101479
Series_5,5.746557,-18.189271
Series_5,5.757577,-18.228626
Series_5,5.768596,-18.340637
Series_5,5.779615,-18.376965
Series_5,5.790635,-18.504113
Series_5,5.801654,-18.588878
Series_5,5.812673,-18.673643
Series_5,5.823692,-18.800791
Series_5,5.834712,-18.885556
Series_5,5.845731,-18.906747
Series_5,5.856750,-19.023299
Series_5,5.867769,-19.139851
Series_5,5.878789,-19.182234
Series_5,5.889808,-19.214021
Series_5,5.900827,-19.272297
Series_5,5.911846,-19.330573
Series_5,5.922866,-19.425933
Series_5,5.933885,-19.478912
Series_5,5.944904,-19.527349
Series_5,5.955924,-19.597583
Series_5,5.966943,-19.634314
Series_5,5.977962,-19.754398
Series_5,5.988981,-19.817972
Series_5,6.000001,-19.870950
Series_5,6.011020,-19.923928
Series_5,6.022039,-19.966311
Series_5,6.033058,-20.061672
Series_5,6.044078,-20.157033
Series_5,6.055097,-20.252393
Series_5,6.066116,-20.347754
Series_5,6.077135,-20.386605
Series_5,6.088155,-20.425455
Series_5,6.099174,-20.496093
Series_5,6.110193,-20.531412
Series_5,6.121213,-20.619709
Series_5,6.132232,-20.708006
Series_5,6.143251,-20.750388
Series_5,6.154270,-20.835153
Series_5,6.165290,-20.877536
Series_5,6.176309,-20.962301
Series_5,6.187328,-20.983492
Series_5,6.198347,-21.047066
Series_5,6.209367,-21.094747
Series_5,6.220386,-21.142427
Series_5,6.231405,-21.190107
Series_5,6.242424,-21.237788
Series_5,6.253444,-21.311957
Series_5,6.264463,-21.386127
Series_5,6.275482,-21.386127
Series_5,6.286502,-21.470892
Series_5,6.297521,-21.513274
Series_5,6.308540,-21.598040
Series_5,6.319559,-21.647486
Series_5,6.330579,-21.696932
Series_5,6.341598,-21.746378
Series_5,6.352617,-21.795825
Series_5,6.363636,-21.845271
Series_5,6.374656,-21.894717
Series_5,6.385675,-21.965355
Series_5,6.396694,-21.993610
Series_5,6.407714,-22.021865
Series_5,6.418733,-22.092503
Series_5,6.429752,-22.156620
Series_5,6.440771,-22.220737
Series_5,6.451791,-22.284854
Series_5,6.462810,-22.348971
Series_5,6.473829,-22.413089
Series_5,6.484848,-22.477206
Series_5,6.495868,-22.541323
Series_5,6.506887,-22.605440
Series_5,6.517906,-22.669557
Series_5,6.528925,-22.733675
Series_5,6.539945,-22.797792
Series_5,6.550964,-22.861909
Series_5,6.561983,-22.926026
Series_5,6.573003,-22.954281
Series_5,6.584022,-22.968409
Series_5,6.595041,-23.039046
Series_5,6.606060,-23.102620
Series_5,6.617080,-23.145003
Series_5,6.628099,-23.187385
Series_5,6.639118,-23.236832
Series_5,6.650137,-23.314533
Series_5,6.661157,-23.356916
Series_5,6.672176,-23.407775
Series_5,6.683195,-23.458634
Series_5,6.694214,-23.509493
Series_5,6.705234,-23.560352
Series_5,6.716253,-23.611211
Series_5,6.727272,-23.632402
Series_5,6.738292,-23.632402
Series_5,6.749311,-23.695976
Series_5,6.760330,-23.717167
Series_5,6.771349,-23.780741
Series_5,6.782369,-23.801932
Series_5,6.793388,-23.851379
Series_5,6.804407,-23.900825
Series_5,6.815426,-23.950271
Series_5,6.826446,-23.971463
Series_5,6.837465,-23.971463
Series_5,6.848484,-24.003250
Series_5,6.859504,-24.013845
Series_5,6.870523,-24.098610
Series_5,6.881542,-24.140993
Series_5,6.892561,-24.191852
Series_5,6.903581,-24.242711
Series_5,6.914600,-24.246949
Series_5,6.925619,-24.331714
Series_5,6.936638,-24.352906
Series_5,6.947658,-24.352906
Series_5,6.958677,-24.374097
Series_5,6.969696,-24.416480
Series_5,6.980715,-24.458862
Series_5,6.991735,-24.501245
Series_5,7.002754,-24.543627
Series_5,7.013773,-24.586010
Series_5,7.024793,-24.607201
Series_5,7.035812,-24.628392
Series_5,7.046831,-24.670775
Series_5,7.057850,-24.649584
Series_5,7.068870,-24.670775
Series_5,7.079889,-24.702562
Series_5,7.090908,-24.734349
Series_5,7.101927,-24.744944
Series_5,7.112947,-24.755540
Series_5,7.123966,-24.840305
Series_5,7.134985,-24.840305
Series_5,7.146004,-24.833241
Series_5,7.157024,-24.903879
Series_5,7.168043,-24.946262
Series_5,7.179062,-24.962155
Series_5,7.190082,-24.978048
Series_5,7.201101,-24.993942
Series_5,7.212120,-25.009835
Series_5,7.223139,-25.025729
Series_5,7.234159,-25.041622
Series_5,7.245178,-25.057516
Series_5,7.256197,-25.073409
Series_5,7.267216,-25.089303
Series_5,7.278236,-25.105196
Series_5,7.289255,-25.121090
Series_5,7.300274,-25.136983
Series_5,7.311294,-25.136983
Series_5,7.322313,-25.136983
Series_5,7.333332,-25.200557
Series_5,7.344351,-25.221748
Series_5,7.355371,-25.221748
Series_5,7.366390,-25.242939
Series_5,7.377409,-25.242939
Series_5,7.388428,-25.264131
Series_5,7.399448,-25.264131
Series_5,7.410467,-25.278258
Series_5,7.421486,-25.292386
Series_5,7.432505,-25.306513
Series_5,7.443525,-25.306513
Series_5,7.454544,-25.348896
Series_5,7.465563,-25.359491
Series_5,7.476583,-25.370087
Series_5,7.487602,-25.377151
Series_5,7.498621,-25.384215
Series_5,7.509640,-25.391278
Series_5,7.520660,-25.391278
Series_5,7.531679,-25.391278
Series_5,7.542698,-25.391278
Series_5,7.553717,-25.412470
Series_5,7.564737,-25.433661
Series_5,7.575756,-25.454852
Series_5,7.586775,-25.454852
Series_5,7.597794,-25.476044
Series_5,7.608814,-25.476044
Series_5,7.619833,-25.476044
Series_5,7.630852,-25.476044
Series_5,7.641872,-25.476044
Series_5,7.652891,-25.476044
Series_5,7.663910,-25.476044
Series_5,7.674929,-25.476044
Series_5,7.685949,-25.476044
Series_5,7.696968,-25.476044
Series_5,7.707987,-25.476044
Series_5,7.719006,-25.476044
Series_5,7.730026,-25.476044
Series_5,7.741045,-25.511362
Series_5,7.752064,-25.511362
Series_5,7.763083,-25.511362
Series_5,7.774103,-25.511362
Series_5,7.785122,-25.511362
Series_5,7.796141,-25.511362
Series_5,7.807161,-25.518426
Series_5,7.818180,-25.518426
Series_5,7.829199,-25.518426
Series_5,7.840218,-25.518426
Series_5,7.851238,-25.518426
Series_5,7.862257,-25.518426
Series_5,7.873276,-25.511362
Series_5,7.884295,-25.476044
Series_5,7.895315,-25.472191
Series_5,7.906334,-25.468338
Series_5,7.917353,-25.464485
Series_5,7.928373,-25.460632
Series_5,7.939392,-25.456779
Series_5,7.950411,-25.452926
Series_5,7.961430,-25.449073
Series_5,7.972450,-25.445220
Series_5,7.983469,-25.441367
Series_5,7.994488,-25.437514
Series_5,8.005507,-25.433661
Series_5,8.016527,-25.433661
Series_5,8.027546,-25.433661
Series_5,8.038565,-25.433661
Series_5,8.049584,-25.433661
Series_5,8.060604,-25.412470
Series_5,8.071623,-25.433661
Series_5,8.082642,-25.423065
Series_5,8.093662,-25.412470
Series_5,8.104681,-25.401874
Series_5,8.115700,-25.391278
Series_5,8.126719,-25.380683
Series_5,8.137739,-25.370087
Series_5,8.148758,-25.359491
Series_5,8.159777,-25.348896
Series_5,8.170796,-25.338300
Series_5,8.181816,-25.327705
Series_5,8.192835,-25.317109
Series_5,8.203854,-25.306513
Series_5,8.214873,-25.295918
Series_5,8.225893,-25.285322
Series_5,8.236912,-25.285322
Series_5,8.247931,-25.285322
Series_5,8.258951,-25.264131
Series_5,8.269970,-25.264131
Series_5,8.280989,-25.221748
Series_5,8.292008,-25.179366
Series_5,8.303028,-25.189961
Series_5,8.314047,-25.200557
Series_5,8.325066,-25.179366
Series_5,8.336085,-25.158174
Series_5,8.347105,-25.136983
Series_5,8.358124,-25.115792
Series_5,8.369143,-25.136983
Series_5,8.380163,-25.120030
Series_5,8.391182,-25.103077
Series_5,8.402201,-25.086124
Series_5,8.413220,-25.069171
Series_5,8.424240,-25.052218
Series_5,8.435259,-25.038090
Series_5,8.446278,-25.023963
Series_5,8.457297,-25.009835
Series_5,8.468317,-24.995708
Series_5,8.479336,-24.981580
Series_5,8.490355,-24.967453
Series_5,8.501374,-24.936843
Series_5,8.512394,-24.906234
Series_5,8.523413,-24.875624
Series_5,8.534432,-24.840305
Series_5,8.545452,-24.861496
Series_5,8.556471,-24.819114
Series_5,8.567490,-24.797923
Series_5,8.578509,-24.776731
Series_5,8.589529,-24.748476
Series_5,8.600548,-24.734349
Series_5,8.611567,-24.713157
Series_5,8.622586,-24.734349
Series_5,8.633606,-24.716689
Series_5,8.644625,-24.699030
Series_5,8.655644,-24.681371
Series_5,8.666663,-24.663711
Series_5,8.677683,-24.646052
Series_5,8.688702,-24.628392
Series_5,8.699721,-24.596605
Series_5,8.710741,-24.564819
Series_5,8.721760,-24.543627
Series_5,8.732779,-24.522436
Series_5,8.743798,-24.522436
Series_5,8.754818,-24.498890
Series_5,8.765837,-24.475344
Series_5,8.776856,-24.451798
Series_5,8.787875,-24.374097
Series_5,8.798895,-24.352906
Series_5,8.809914,-24.352906
Series_5,8.820933,-24.352906
Series_5,8.831953,-24.331714
Series_5,8.842972,-24.324651
Series_5,8.853991,-24.289332
Series_5,8.865010,-24.204567
Series_5,8.876030,-24.193971
Series_5,8.887049,-24.119802
Series_5,8.898068,-24.140993
Series_5,8.909087,-24.098610
Series_5,8.920107,-24.077419
Series_5,8.931126,-24.077419
Series_5,8.942145,-24.056228
Series_5,8.953164,-24.013845
Series_5,8.964184,-23.971463
Series_5,8.975203,-23.950271
Series_5,8.986222,-23.929080
Series_5,8.997242,-23.907889
Series_5,9.008261,-23.886698
Series_5,9.019280,-23.861974
Series_5,9.030299,-23.837251
Series_5,9.041319,-23.812528
Series_5,9.052338,-23.787805
Series_5,9.063357,-23.763082
Series_5,9.074376,-23.738359
Series_5,9.085396,-23.713635
Series_5,9.096415,-23.688912
Series_5,9.107434,-23.664189
Series_5,9.118453,-23.639466
Series_5,9.129473,-23.614743
Series_5,9.140492,-23.590020
Series_5,9.151511,-23.565297
Series_5,9.162531,-23.540573
Series_5,9.173550,-23.515850
Series_5,9.184569,-23.491127
Series_5,9.195588,-23.466404
Series_5,9.206608,-23.441681
Series_5,9.217627,-23.356916
Series_5,9.228646,-23.356916
Series_5,9.239665,-23.335724
Series_5,9.250685,-23.314533
Series_5,9.261704,-23.314533
Series_5,9.272723,-23.293342
Series_5,9.283742,-23.250959
Series_5,9.294762,-23.229768
Series_5,9.305781,-23.208577
Series_5,9.316800,-23.187385
Series_5,9.327820,-23.166194
Series_5,9.338839,-23.145003
Series_5,9.349858,-23.123812
Series_5,9.360877,-23.102620
Series_5,9.371897,-23.102620
Series_5,9.382916,-23.092025
Series_5,9.393935,-23.081429
Series_5,9.404954,-23.017855
Series_5,9.415974,-22.996664
Series_5,9.426993,-22.954281
Series_5,9.438012,-22.954281
Series_5,9.449032,-22.933090
Series_5,9.460051,-22.890708
Series_5,9.471070,-22.848325
Series_5,9.482089,-22.805942
Series_5,9.493109,-22.763560
Series_5,9.504128,-22.784751
Series_5,9.515147,-22.699986
Series_5,9.526166,-22.721177
Series_5,9.537186,-22.678795
Series_5,9.548205,-22.664667
Series_5,9.559224,-22.650540
Series_5,9.570243,-22.636412
Series_5,9.581263,-22.594030
Series_5,9.592282,-22.594030
Series_5,9.603301,-22.530456
Series_5,9.614321,-22.516328
Series_5,9.625340,-22.502201
Series_5,9.636359,-22.488073
Series_5,9.647378,-22.445691
Series_5,9.658398,-22.403308
Series_5,9.669417,-22.360926
Series_5,9.680436,-22.318543
Series_5,9.691455,-22.254969
Series_5,9.702475,-22.276160
Series_5,9.713494,-22.254969
Series_5,9.724513,-22.254969
Series_5,9.735532,-22.254969
Series_5,9.746552,-22.222559
Series_5,9.757571,-22.190149
Series_5,9.768590,-22.157739
Series_5,9.779610,-22.125328
Series_5,9.790629,-22.092918
Series_5,9.801648,-22.060508
Series_5,9.812667,-22.028098
Series_5,9.823687,-21.995688
Series_5,9.834706,-21.963277
Series_5,9.845725,-21.930867
Series_5,9.856744,-21.898457
Series_5,9.867764,-21.866047
Series_5,9.878783,-21.833637
Series_5,9.889802,-21.801226
Series_5,9.900822,-21.768816
Series_5,9.911841,-21.736406
Series_5,9.922860,-21.703996
Series_5,9.933879,-21.703996
Series_5,9.944899,-21.661613
Series_5,9.955918,-21.619231
Series_5,9.966937,-21.640422
Series_5,9.977956,-21.640422
Series_5,9.988976,-21.598040
Series_5,9.999995,-21.534466
Series_5,10.011014,-21.492083
Series_5,10.022033,-21.492083
Series_5,10.033053,-21.449701
Series_5,10.044072,-21.449701
Series_5,10.055091,-21.386127
Series_5,10.066111,-21.364935
Series_5,10.077130,-21.343744
Series_5,10.088149,-21.322553
Series_5,10.099168,-21.301362
Series_5,10.110188,-21.280170
Series_5,10.121207,-21.258979
Series_5,10.132226,-21.237788
Series_5,10.143245,-21.216596
Series_5,10.154265,-21.195405
Series_5,10.165284,-21.174214
Series_5,10.176303,-21.153023
Series_5,10.187322,-21.131831
Series_5,10.198342,-21.110640
Series_5,10.209361,-21.089449
Series_5,10.220380,-21.047066
Series_5,10.231400,-21.018811
Series_5,10.242419,-21.025875
Series_5,10.253438,-20.962301
Series_5,10.264457,-20.983492
Series_5,10.275477,-20.941110
Series_5,10.286496,-20.909323
Series_5,10.297515,-20.877536
Series_5,10.308534,-20.856345
Series_5,10.319554,-20.835153
Series_5,10.330573,-20.813962
Series_5,10.341592,-20.813962
Series_5,10.352612,-20.729197
Series_5,10.363631,-20.729197
Series_5,10.374650,-20.729197
Series_5,10.385669,-20.708006
Series_5,10.396689,-20.665623
Series_5,10.407708,-20.665623
Series_5,10.418727,-20.644432
Series_5,10.429746,-20.644432
Series_5,10.440766,-20.644432
Series_5,10.451785,-20.602049
Series_5,10.462804,-20.591454
Series_5,10.473823,-20.580858
Series_5,10.484843,-20.570262
Series_5,10.495862,-20.559667
Series_5,10.506881,-20.474902
Series_5,10.517901,-20.474902
Series_5,10.528920,-20.432519
Series_5,10.539939,-20.453710
Series_5,10.550958,-20.411328
Series_5,10.561978,-20.411328
Series_5,10.572997,-20.347754
Series_5,10.584016,-20.347754
Series_5,10.595035,-20.326563
Series_5,10.606055,-20.326563
Series_5,10.617074,-20.326563
Series_5,10.628093,-20.284180
Series_5,10.639112,-20.262989
Series_5,10.650132,-20.227670
Series_5,10.661151,-20.192351
Series_5,10.672170,-20.157033
Series_5,10.683190,-20.142905
Series_5,10.694209,-20.128778
Series_5,10.705228,-20.114650
Series_5,10.716247,-20.100522
Series_5,10.727267,-20.086395
Series_5,10.738286,-20.072267
Series_5,10.749305,-20.051076
Series_5,10.760324,-20.029885
Series_5,10.771344,-20.029885
Series_5,10.782363,-20.008694
Series_5,10.793382,-20.008694
Series_5,10.804401,-19.991741
Series_5,10.815421,-19.974788
Series_5,10.826440,-19.957835
Series_5,10.837459,-19.940882
Series_5,10.848479,-19.923928
Series_5,10.859498,-19.902737
Series_5,10.870517,-19.881546
Series_5,10.881536,-19.860355
Series_5,10.892556,-19.849759
Series_5,10.903575,-19.839163
Series_5,10.914594,-19.820091
Series_5,10.925613,-19.801019
Series_5,10.936633,-19.781947
Series_5,10.947652,-19.762875
Series_5,10.958671,-19.743803
Series_5,10.969691,-19.724730
Series_5,10.980710,-19.705658
Series_5,10.991729,-19.686586
Series_5,11.002748,-19.667514
Series_5,11.013768,-19.648442
Series_5,11.024787,-19.648442
Series_5,11.035806,-19.606059
Series_5,11.046825,-19.606059
Series_5,11.057845,-19.584868
Series_5,11.068864,-19.577804
Series_5,11.079883,-19.517762
Series_5,11.090902,-19.457720
Series_5,11.101922,-19.457720
Series_5,11.112941,-19.436529
Series_5,11.123960,-19.436529
Series_5,11.134980,-19.436529
Series_5,11.145999,-19.415338
Series_5,11.157018,-19.415338
Series_5,11.168037,-19.337636
Series_5,11.179057,-19.337636
Series_5,11.190076,-19.351764
Series_5,11.201095,-19.288190
Series_5,11.212114,-19.270115
Series_5,11.223134,-19.252040
Series_5,11.234153,-19.233965
Series_5,11.245172,-19.215890
Series_5,11.256191,-19.197816
Series_5,11.267211,-19.179741
Series_5,11.278230,-19.161666
Series_5,11.289249,-19.143591
Series_5,11.300269,-19.125516
Series_5,11.311288,-19.107441
Series_5,11.322307,-19.089366
Series_5,11.333326,-19.071291
Series_5,11.344346,-19.053216
Series_5,11.355365,-19.035141
Series_5,11.366384,-19.017066
Series_5,11.377403,-18.998991
Series_5,11.388423,-18.980917
Series_5,11.399442,-18.962842
Series_5,11.410461,-18.944767
Series_5,11.421481,-18.926692
Series_5,11.432500,-18.908617
Series_5,11.443519,-18.890542
Series_5,11.454538,-18.872467
Series_5,11.465558,-18.854392
Series_5,11.476577,-18.836317
Series_5,11.487596,-18.818242
Series_5,11.498615,-18.800167
Series_5,11.509635,-18.782093
Series_5,11.520654,-18.764018
Series_5,11.531673,-18.745943
Series_5,11.542692,-18.727868
Series_5,11.553712,-18.709793
Series_5,11.564731,-18.691718
Series_5,11.575750,-18.673643
Series_5,11.586770,-18.655568
Series_5,11.597789,-18.637493
Series_5,11.608808,-18.619418
Series_5,11.619827,-18.601343
Series_5,11.630847,-18.583268
Series_5,11.641866,-18.565194
Series_5,11.652885,-18.547119
Series_5,11.663904,-18.529044
Series_5,11.674924,-18.510969
Series_5,11.685943,-18.492894
Series_5,11.696962,-18.474819
Series_5,11.707981,-18.456744
Series_5,11.719001,-18.438669
Series_5,11.730020,-18.420594
Series_5,11.741039,-18.402519
Series_5,11.752059,-18.384444
Series_5,11.763078,-18.366369
Series_5,11.774097,-18.348295
Series_5,11.785116,-18.330220
Series_5,11.796136,-18.312145
Series_5,11.807155,-18.294070
Series_5,11.818174,-18.275995
Series_5,11.829193,-18.257920
Series_5,11.840213,-18.239845
Series_5,11.851232,-18.221770
Series_5,11.862251,-18.203695
Series_5,11.873271,-18.185620
Series_5,11.884290,-18.167545
Series_5,11.895309,-18.149471
Series_5,11.906328,-18.131396
Series_5,11.917348,-18.113321
Series_5,11.928367,-18.095246
Series_5,11.939386,-18.077171
Series_5,11.950405,-18.059096
Series_5,11.961425,-18.037905
Series_5,11.972444,-18.016713
Series_5,11.983463,-17.995522
Series_5,11.994482,-17.974331
Series_5,12.005502,-17.953140
Series_5,12.016521,-17.939012
Series_5,12.027540,-17.910757
Series_5,12.038560,-17.868374
Series_5,12.049579,-17.868374
Series_5,12.060598,-17.847183
Series_5,12.071617,-17.804801
Series_5,12.082637,-17.762418
Series_5,12.093656,-17.720035
Series_5,12.104675,-17.677653
Series_5,12.115694,-17.614079
Series_5,12.126714,-17.592888
Series_5,12.137733,-17.564633
Series_5,12.148752,-17.536378
Series_5,12.159771,-17.508123
Series_5,12.170791,-17.465740
Series_5,12.181810,-17.444549
Series_5,12.192829,-17.423358
Series_5,12.203849,-17.380975
Series_5,12.214868,-17.371343
Series_5,12.225887,-17.361710
Series_5,12.236906,-17.352078
Series_5,12.247926,-17.342445
Series_5,12.258945,-17.332813
Series_5,12.269964,-17.323181
Series_5,12.280983,-17.313548
Series_5,12.292003,-17.303916
Series_5,12.303022,-17.294283
Series_5,12.314041,-17.284651
Series_5,12.325060,-17.275019
Series_5,12.336080,-17.265386
Series_5,12.347099,-17.255754
Series_5,12.358118,-17.246121
Series_5,12.369138,-17.236489
Series_5,12.380157,-17.226857
Series_5,12.391176,-17.217224
Series_5,12.402195,-17.207592
Series_5,12.413215,-17.197959
Series_5,12.424234,-17.188327
Series_5,12.435253,-17.178695
Series_5,12.446272,-17.169062
Series_5,12.457292,-17.147871
Series_5,12.468311,-17.126680
Series_5,12.479330,-17.084297
Series_5,12.490350,-16.999532
Series_5,12.501369,-16.988936
Series_5,12.512388,-16.988936
Series_5,12.523407,-16.978341
Series_5,12.534427,-17.020723
Series_5,12.545446,-16.999532
Series_5,12.556465,-16.981576
Series_5,12.567484,-16.963620
Series_5,12.578504,-16.945664
Series_5,12.589523,-16.927708
Series_5,12.600542,-16.909752
Series_5,12.611561,-16.891796
Series_5,12.622581,-16.873840
Series_5,12.633600,-16.855884
Series_5,12.644619,-16.837928
Series_5,12.655639,-16.819972
Series_5,12.666658,-16.802016
Series_5,12.677677,-16.784060
Series_5,12.688696,-16.766104
Series_5,12.699716,-16.748148
Series_5,12.710735,-16.730192
Series_5,12.721754,-16.712237
Series_5,12.732773,-16.694281
Series_5,12.743793,-16.676325
Series_5,12.754812,-16.658369
Series_5,12.765831,-16.640413
Series_5,12.776850,-16.622457
Series_5,12.787870,-16.604501
Series_5,12.798889,-16.586545
Series_5,12.809908,-16.568589
Series_5,12.820928,-16.550633
Series_5,12.831947,-16.532677
Series_5,12.842966,-16.514721
Series_5,12.853985,-16.496765
Series_5,12.865005,-16.478809
Series_5,12.876024,-16.460853
Series_5,12.887043,-16.442897
Series_5,12.898062,-16.424941
Series_5,12.909082,-16.406985
Series_5,12.920101,-16.389029
Series_5,12.931120,-16.371073
Series_5,12.942140,-16.353117
Series_5,12.953159,-16.335161
Series_5,12.964178,-16.317205
Series_5,12.975197,-16.299249
Series_5,12.986217,-16.281293
Series_5,12.997236,-16.263337
Series_5,13.008255,-16.245381
Series_5,13.019274,-16.227425
Series_5,13.030294,-16.209469
Series_5,13.041313,-16.191513
Series_5,13.052332,-16.173557
Series_5,13.063351,-16.155601
Series_5,13.074371,-16.137646
Series_5,13.085390,-16.119690
Series_5,13.096409,-16.101734
Series_5,13.107429,-16.083778
Series_5,13.118448,-16.065822
Series_5,13.129467,-16.047866
Series_5,13.140486,-16.029910
Series_5,13.151506,-16.011954
Series_5,13.162525,-15.993998
Series_5,13.173544,-15.976042
Series_5,13.184563,-15.958086
Series_5,13.195583,-15.940130
Series_5,13.206602,-15.922174
Series_5,13.217621,-15.904218
Series_5,13.228640,-15.886262
Series_5,13.239660,-15.868306
Series_5,13.250679,-15.850350
Series_5,13.261698,-15.832394
Series_5,13.272718,-15.814438
Series_5,13.283737,-15.796482
Series_5,13.294756,-15.778526
Series_5,13.305775,-15.760570
Series_5,13.316795,-15.742614
Series_5,13.327814,-15.724658
Series_5,13.338833,-15.706702
Series_5,13.349852,-15.688746
Series_5,13.360872,-15.670790
Series_5,13.371891,-15.652834
Series_5,13.382910,-15.634878
Series_5,13.393930,-15.616922
Series_5,13.404949,-15.598966
Series_5,13.415968,-15.581010
Series_5,13.426987,-15.563054
Series_5,13.438007,-15.545099
Series_5,13.449026,-15.527143
Series_5,13.460045,-15.509187
Series_5,13.471064,-15.491231
Series_5,13.482084,-15.473275
Series_5,13.493103,-15.455319
Series_5,13.504122,-15.437363
Series_5,13.515141,-15.419407
Series_5,13.526161,-15.401451
Series_5,13.537180,-15.383495
Series_5,13.548199,-15.365539
Series_5,13.559219,-15.347583
Series_5,13.570238,-15.329627
Series_5,13.581257,-15.311671
Series_5,13.592276,-15.293715
Series_5,13.603296,-15.275759
Series_5,13.614315,-15.257803
Series_5,13.625334,-15.239847
Series_5,13.636353,-15.221891
Series_5,13.647373,-15.203935
Series_5,13.658392,-15.185979
Series_5,13.669411,-15.168023
Series_5,13.680430,-15.150067
Series_5,13.691450,-15.132111
Series_5,13.702469,-15.114155
Series_5,13.713488,-15.096199
Series_5,13.724508,-15.078243
Series_5,13.735527,-15.060287
Series_5,13.746546,-15.042331
Series_5,13.757565,-15.024375
Series_5,13.768585,-15.006419
Series_5,13.779604,-14.988463
Series_5,13.790623,-14.970508
Series_5,13.801642,-14.952552
Series_5,13.812662,-14.934596
Series_5,13.823681,-14.916640
Series_5,13.834700,-14.898684
Series_5,13.845719,-14.880728
Series_5,13.856739,-14.862772
Series_5,13.867758,-14.844816
Series_5,13.878777,-14.826860
Series_5,13.889797,-14.808904
Series_5,13.900816,-14.790948
Series_5,13.911835,-14.772992
Series_5,13.922854,-14.755036
Series_5,13.933874,-14.737080
Series_5,13.944893,-14.719124
Series_5,13.955912,-14.701168
Series_5,13.966931,-14.683212
Series_5,13.977951,-14.665256
Series_5,13.988970,-14.647300
Series_5,13.999989,-14.626109
Series_5,14.011009,-14.604918
Series_5,14.022028,-14.583726
Series_5,14.033047,-14.506025
Series_5,14.044066,-14.477770
Series_5,14.055086,-14.456579
Series_5,14.066105,-14.371813
Series_5,14.077124,-14.329431
Series_5,14.088143,-14.287048
Series_5,14.099163,-14.244666
Series_5,14.110182,-14.242435
Series_5,14.121201,-14.240204
Series_5,14.132220,-14.237974
Series_5,14.143240,-14.235743
Series_5,14.154259,-14.233512
Series_5,14.165278,-14.231282
Series_5,14.176298,-14.229051
Series_5,14.187317,-14.226820
Series_5,14.198336,-14.224590
Series_5,14.209355,-14.222359
Series_5,14.220375,-14.220129
Series_5,14.231394,-14.217898
Series_5,14.242413,-14.215667
Series_5,14.253432,-14.213437
Series_5,14.264452,-14.211206
Series_5,14.275471,-14.208975
Series_5,14.286490,-14.206745
Series_5,14.297509,-14.204514
Series_5,14.308529,-14.202283
Series_5,14.319548,-14.159901
Series_5,14.330567,-14.133412
Series_5,14.341587,-14.106922
Series_5,14.352606,-14.080433
Series_5,14.363625,-14.053944
Series_5,14.374644,-14.011562
Series_5,14.385664,-14.001589
Series_5,14.396683,-13.991617
Series_5,14.407702,-13.981645
Series_5,14.418721,-13.971672
Series_5,14.429741,-13.961700
Series_5,14.440760,-13.951728
Series_5,14.451779,-13.941755
Series_5,14.462799,-13.931783
Series_5,14.473818,-13.921810
Series_5,14.484837,-13.911838
Series_5,14.495856,-13.901866
Series_5,14.506876,-13.891893
Series_5,14.517895,-13.881921
Series_5,14.528914,-13.871949
Series_5,14.539933,-13.861976
Series_5,14.550953,-13.852004
Series_5,14.561972,-13.842031
Series_5,14.572991,-13.832059
Series_5,14.584010,-13.822087
Series_5,14.595030,-13.812114
Series_5,14.606049,-13.802142
Series_5,14.617068,-13.792170
Series_5,14.628088,-13.782197
Series_5,14.639107,-13.772225
Series_5,14.650126,-13.762253
Series_5,14.661145,-13.752280
Series_5,14.672165,-13.742308
Series_5,14.683184,-13.732335
Series_5,14.694203,-13.722363
Series_5,14.705222,-13.712391
Series_5,14.716242,-13.702418
Series_5,14.727261,-13.692446
Series_5,14.738280,-13.682474
Series_5,14.749299,-13.672501
Series_5,14.760319,-13.662529
Series_5,14.771338,-13.652557
Series_5,14.782357,-13.642584
Series_5,14.793377,-13.632612
Series_5,14.804396,-13.622639
Series_5,14.815415,-13.612667
Series_5,14.826434,-13.602695
Series_5,14.837454,-13.592722
Series_5,14.848473,-13.582750
Series_5,14.859492,-13.572778
Series_5,14.870511,-13.562805
Series_5,14.881531,-13.552833
Series_5,14.892550,-13.542860
Series_5,14.903569,-13.532888
Series_5,14.914588,-13.522916
Series_5,14.925608,-13.512943
Series_5,14.936627,-13.502971
Series_5,14.947646,-13.492999
Series_5,14.958666,-13.483026
Series_5,14.969685,-13.473054
Series_5,14.980704,-13.463082
Series_5,14.991723,-13.453109
Series_5,15.002743,-13.443137
Series_5,15.013762,-13.433164
Series_5,15.024781,-13.423192
Series_5,15.035800,-13.413220
Series_5,15.046820,-13.403247
Series_5,15.057839,-13.393275
Series_5,15.068858,-13.383303
Series_5,15.079878,-13.373330
Series_5,15.090897,-13.363358
Series_5,15.101916,-13.353386
Series_5,15.112935,-13.343413
Series_5,15.123955,-13.333441
Series_5,15.134974,-13.323468
Series_5,15.145993,-13.313496
Series_5,15.157012,-13.303524
Series_5,15.168032,-13.293551
Series_5,15.179051,-13.283579
Series_5,15.190070,-13.273607
Series_5,15.201089,-13.263634
Series_5,15.212109,-13.253662
Series_5,15.223128,-13.243689
Series_5,15.234147,-13.233717
Series_5,15.245167,-13.223745
Series_5,15.256186,-13.213772
Series_5,15.267205,-13.203800
Series_5,15.278224,-13.193828
Series_5,15.289244,-13.183855
Series_5,15.300263,-13.173883
Series_5,15.311282,-13.163911
Series_5,15.322301,-13.100337
Series_5,15.333321,-13.057954
Series_5,15.344340,-13.057954
Series_5,15.355359,-13.015572
Series_5,15.366378,-13.028021
Series_5,15.377398,-13.040471
Series_5,15.388417,-13.052921
Series_5,15.399436,-13.065371
Series_5,15.410456,-13.077821
Series_5,15.421475,-13.090271
Series_5,15.432494,-13.102721
Series_5,15.443513,-13.115171
Series_5,15.454533,-13.127620
Series_5,15.465552,-13.140070
Series_5,15.476571,-13.152520
Series_5,15.487590,-13.164970
Series_5,15.498610,-13.177420
Series_5,15.509629,-13.189870
Series_5,15.520648,-13.202320
Series_5,15.531668,-13.214770
Series_5,15.542687,-13.206293
Series_5,15.553706,-13.185102
Series_5,15.564725,-13.142719
Series_5,15.575745,-13.142719
Series_5,15.586764,-13.100337
Series_5,15.597783,-13.079145
Series_5,15.608802,-13.057954
Series_5,15.619822,-13.036763
Series_5,15.630841,-12.994380
Series_5,15.641860,-12.973189
Series_5,15.652879,-12.951998
Series_5,15.663899,-12.951998
Series_5,15.674918,-12.909615
Series_5,15.685937,-12.909615
Series_5,15.696957,-12.909615
Series_5,15.707976,-12.888424
Series_5,15.718995,-12.867233
Series_5,15.730014,-12.835446
Series_5,15.741034,-12.803659
Series_5,15.752053,-12.816374
Series_5,15.763072,-12.829088
Series_5,15.774091,-12.841803
Series_5,15.785111,-12.854518
Series_5,15.796130,-12.867233
Series_5,15.807149,-12.879947
Series_5,15.818168,-12.892662
Series_5,15.829188,-12.905377
Series_5,15.840207,-12.918092
Series_5,15.851226,-12.930806
Series_5,15.862246,-12.930806
Series_5,15.873265,-12.888424
Series_5,15.884284,-12.888424
Series_5,15.895303,-12.846041
Series_5,15.906323,-12.846041
Series_5,15.917342,-12.862994
Series_5,15.928361,-12.879947
Series_5,15.939380,-12.896900
Series_5,15.950400,-12.913853
Series_5,15.961419,-12.930806
Series_5,15.972438,-12.930806
Series_5,15.983458,-12.930806
Series_5,15.994477,-12.930806
Series_5,16.005496,-12.930806
Series_5,16.016515,-12.888424
Series_5,16.027535,-12.867233
Series_5,16.038554,-12.846041
Series_5,16.049573,-12.846041
Series_5,16.060592,-12.842781
Series_5,16.071612,-12.839521
Series_5,16.082631,-12.836261
Series_5,16.093650,-12.833001
Series_5,16.104669,-12.829740
Series_5,16.115689,-12.826480
Series_5,16.126708,-12.823220
Series_5,16.137727,-12.819960
Series_5,16.148747,-12.816700
Series_5,16.159766,-12.813439
Series_5,16.170785,-12.810179
Series_5,16.181804,-12.806919
Series_5,16.192824,-12.803659
Series_5,16.203843,-12.800399
Series_5,16.214862,-12.797138
Series_5,16.225881,-12.793878
Series_5,16.236901,-12.790618
Series_5,16.247920,-12.787358
Series_5,16.258939,-12.784098
Series_5,16.269958,-12.780837
Series_5,16.280978,-12.777577
Series_5,16.291997,-12.774317
Series_5,16.303016,-12.771057
Series_5,16.314036,-12.767797
Series_5,16.325055,-12.764536
Series_5,16.336074,-12.761276
Series_5,16.347093,-12.761276
Series_5,16.358113,-12.734787
Series_5,16.369132,-12.708298
Series_5,16.380151,-12.681809
Series_5,16.391170,-12.655320
Series_5,16.402190,-12.669447
Series_5,16.413209,-12.725957
Series_5,16.424228,-12.697702
Series_5,16.435247,-12.694675
Series_5,16.446267,-12.691648
Series_5,16.457286,-12.688620
Series_5,16.468305,-12.685593
Series_5,16.479325,-12.682566
Series_5,16.490344,-12.679538
Series_5,16.501363,-12.676511
Series_5,16.512382,-12.676511
Series_5,16.523402,-12.676511
Series_5,16.534421,-12.676511
Series_5,16.545440,-12.676511
Series_5,16.556459,-12.676511
Series_5,16.567479,-12.676511
Series_5,16.578498,-12.676511
Series_5,16.589517,-12.676511
Series_5,16.600537,-12.676511
Series_5,16.611556,-12.655320
Series_5,16.622575,-12.634129
Series_5,16.633594,-12.612937
Series_5,16.644614,-12.612937
Series_5,16.655633,-12.612937
Series_5,16.666652,-12.634129
Series_5,16.677671,-12.591746
Series_5,16.688691,-12.591746
Series_5,16.699710,-12.549363
Series_5,16.710729,-12.549363
Series_5,16.721748,-12.549363
Series_5,16.732768,-12.506981
Series_5,16.743787,-12.506981
Series_5,16.754806,-12.506981
Series_5,16.765826,-12.506981
Series_5,16.776845,-12.506981
Series_5,16.787864,-12.506981
Series_5,16.798883,-12.528172
Series_5,16.809903,-12.528172
Series_5,16.820922,-12.528172
Series_5,16.831941,-12.485790
Series_5,16.842960,-12.464598
Series_5,16.853980,-12.485790
Series_5,16.864999,-12.464598
Series_5,16.876018,-12.443407
Series_5,16.887037,-12.443407
Series_5,16.898057,-12.422216
Series_5,16.909076,-12.401025
Series_5,16.920095,-12.401025
Series_5,16.931115,-12.379833
Series_5,16.942134,-12.401025
Series_5,16.953153,-12.379833
Series_5,16.964172,-12.379833
Series_5,16.975192,-12.379833
Series_5,16.986211,-12.358642
Series_5,16.997230,-12.358642
Series_5,17.008249,-12.337451
Series_5,17.019269,-12.337451
Series_5,17.030288,-12.337451
Series_5,17.041307,-12.337451
Series_5,17.052327,-12.316259
Series_5,17.063346,-12.316259
Series_5,17.074365,-12.295068
Series_5,17.085384,-12.273877
Series_5,17.096404,-12.273877
Series_5,17.107423,-12.252686
Series_5,17.118442,-12.252686
Series_5,17.129461,-12.252686
Series_5,17.140481,-12.252686
Series_5,17.151500,-12.252686
Series_5,17.162519,-12.220899
Series_5,17.173538,-12.189112
Series_5,17.184558,-12.189112
Series_5,17.195577,-12.189112
Series_5,17.206596,-12.210303
Series_5,17.217616,-12.210303
Series_5,17.228635,-12.210303
Series_5,17.239654,-12.210303
Series_5,17.250673,-12.189112
Series_5,17.261693,-12.189112
Series_5,17.272712,-12.167920
Series_5,17.283731,-12.167920
Series_5,17.294750,-12.146729
Series_5,17.305770,-12.146729
Series_5,17.316789,-12.146729
Series_5,17.327808,-12.146729
Series_5,17.338827,-12.146729
Series_5,17.349847,-12.146729
Series_5,17.360866,-12.125538
Series_5,17.371885,-12.125538
Series_5,17.382905,-12.090219
Series_5,17.393924,-12.083155
Series_5,17.404943,-12.083155
Series_5,17.415962,-12.083155
Series_5,17.426982,-12.083155
Series_5,17.438001,-12.061964
Series_5,17.449020,-12.061964
Series_5,17.460039,-12.061964
Series_5,17.471059,-12.061964
Series_5,17.482078,-12.061964
Series_5,17.493097,-12.083155
Series_5,17.504117,-12.083155
Series_5,17.515136,-12.047837
Series_5,17.526155,-12.047837
Series_5,17.537174,-12.061964
Series_5,17.548194,-12.083155
Series_5,17.559213,-12.083155
Series_5,17.570232,-12.064991
Series_5,17.581251,-12.046827
Series_5,17.592271,-12.028663
Series_5,17.603290,-12.010500
Series_5,17.614309,-11.992336
Series_5,17.625328,-11.974172
Series_5,17.636348,-11.956008
Series_5,17.647367,-11.956008
Series_5,17.658386,-11.956008
Series_5,17.669406,-11.956008
Series_5,17.680425,-11.956008
Series_5,17.691444,-11.952476
Series_5,17.702463,-11.948944
Series_5,17.713483,-11.945412
Series_5,17.724502,-11.941880
Series_5,17.735521,-11.938348
Series_5,17.746540,-11.934816
Series_5,17.757560,-11.934816
Series_5,17.768579,-11.956008
Series_5,17.779598,-11.913625
Series_5,17.790617,-11.913625
Series_5,17.801637,-11.905552
Series_5,17.812656,-11.897479
Series_5,17.823675,-11.889407
Series_5,17.834695,-11.881334
Series_5,17.845714,-11.873261
Series_5,17.856733,-11.865188
Series_5,17.867752,-11.857115
Series_5,17.878772,-11.849042
Series_5,17.889791,-11.840969
Series_5,17.900810,-11.832896
Series_5,17.911829,-11.824824
Series_5,17.922849,-11.816751
Series_6,0.126731,-0.110083
Series_6,0.137750,-0.110083
Series_6,0.148769,-0.110083
Series_6,0.159789,-0.133923
Series_6,0.170808,-0.218158
Series_6,0.181827,-0.302394
Series_6,0.192846,-0.386629
Series_6,0.203866,-0.470864
Series_6,0.214885,-0.555100
Series_6,0.225904,-0.618674
Series_6,0.236923,-0.724630
Series_6,0.247943,-0.745821
Series_6,0.258962,-0.830586
Series_6,0.269981,-0.883565
Series_6,0.281000,-0.936543
Series_6,0.292020,-1.033669
Series_6,0.303039,-1.130796
Series_6,0.314058,-1.227923
Series_6,0.325078,-1.325049
Series_6,0.336097,-1.422176
Series_6,0.347116,-1.519303
Series_6,0.358135,-1.616430
Series_6,0.369155,-1.713556
Series_6,0.380174,-1.810683
Series_6,0.391193,-1.907810
Series_6,0.402212,-2.004936
Series_6,0.413232,-2.102063
Series_6,0.424251,-2.144446
Series_6,0.435270,-2.239806
Series_6,0.446289,-2.203310
Series_6,0.457309,-2.166814
Series_6,0.468328,-2.130318
Series_6,0.479347,-2.093822
Series_6,0.490367,-2.057326
Series_6,0.501386,-2.020830
Series_6,0.512405,-1.984334
Series_6,0.523424,-1.947838
Series_6,0.534444,-1.911342
Series_6,0.545463,-1.974915
Series_6,0.556482,-2.038489
Series_6,0.567501,-2.038489
Series_6,0.578521,-2.059680
Series_6,0.589540,-2.113836
Series_6,0.600559,-2.167991
Series_6,0.611578,-2.222147
Series_6,0.622598,-2.276302
Series_6,0.633617,-2.330458
Series_6,0.644636,-2.384613
Series_6,0.655656,-2.438769
Series_6,0.666675,-2.492924
Series_6,0.677694,-2.547080
Series_6,0.688713,-2.589462
Series_6,0.699733,-2.631845
Series_6,0.710752,-2.661513
Series_6,0.721771,-2.737801
Series_6,0.732790,-2.808439
Series_6,0.743810,-2.843758
Series_6,0.754829,-2.875545
Series_6,0.765848,-2.907332
Series_6,0.776868,-2.949714
Series_6,0.787887,-2.992097
Series_6,0.798906,-3.013288
Series_6,0.809925,-3.076862
Series_6,0.820945,-3.076862
Series_6,0.831964,-3.133372
Series_6,0.842983,-3.161627
Series_6,0.854002,-3.235796
Series_6,0.865022,-3.309966
Series_6,0.876041,-3.331157
Series_6,0.887060,-3.345285
Series_6,0.898079,-3.359412
Series_6,0.909099,-3.352348
Series_6,0.920118,-3.426518
Series_6,0.931137,-3.430050
Series_6,0.942157,-3.534593
Series_6,0.953176,-3.599580
Series_6,0.964195,-3.613708
Series_6,0.975214,-3.712600
Series_6,0.986234,-3.754983
Series_6,0.997253,-3.780412
Series_6,1.008272,-3.860939
Series_6,1.019291,-3.882130
Series_6,1.030311,-3.896258
Series_6,1.041330,-3.914624
Series_6,1.052349,-3.932990
Series_6,1.063368,-4.007583
Series_6,1.074388,-4.082176
Series_6,1.085407,-4.156769
Series_6,1.096426,-4.231363
Series_6,1.107446,-4.305956
Series_6,1.118465,-4.348339
Series_6,1.129484,-4.369530
Series_6,1.140503,-4.369530
Series_6,1.151523,-4.369530
Series_6,1.162542,-4.369530
Series_6,1.173561,-4.369530
Series_6,1.184580,-4.369530
Series_6,1.195600,-4.397785
Series_6,1.206619,-4.426040
Series_6,1.217638,-4.454295
Series_6,1.228658,-4.581443
Series_6,1.239677,-4.676803
Series_6,1.250696,-4.743909
Series_6,1.261715,-4.811015
Series_6,1.272735,-4.878121
Series_6,1.283754,-4.899312
Series_6,1.294773,-4.899312
Series_6,1.305792,-4.899312
Series_6,1.316812,-4.962886
Series_6,1.327831,-5.026460
Series_6,1.338850,-5.047651
Series_6,1.349869,-5.068842
Series_6,1.360889,-5.174798
Series_6,1.371908,-5.190692
Series_6,1.382927,-5.206585
Series_6,1.393947,-5.222479
Series_6,1.404966,-5.238372
Series_6,1.415985,-5.301946
Series_6,1.427004,-5.301946
Series_6,1.438024,-5.379647
Series_6,1.449043,-5.386711
Series_6,1.460062,-5.386711
Series_6,1.471081,-5.441809
Series_6,1.482101,-5.496906
Series_6,1.493120,-5.552003
Series_6,1.504139,-5.607101
Series_6,1.515158,-5.662198
Series_6,1.526178,-5.704580
Series_6,1.537197,-5.725772
Series_6,1.548216,-5.746963
Series_6,1.559236,-5.768154
Series_6,1.570255,-5.810537
Series_6,1.581274,-5.877643
Series_6,1.592293,-5.944748
Series_6,1.603313,-5.973003
Series_6,1.614332,-5.980067
Series_6,1.625351,-5.980067
Series_6,1.636370,-6.036577
Series_6,1.647390,-6.093087
Series_6,1.658409,-6.149597
Series_6,1.669428,-6.206107
Series_6,1.680448,-6.262617
Series_6,1.691467,-6.319128
Series_6,1.702486,-6.340319
Series_6,1.713505,-6.340319
Series_6,1.724525,-6.374225
Series_6,1.735544,-6.431441
Series_6,1.746563,-6.488658
Series_6,1.757582,-6.545168
Series_6,1.768602,-6.601678
Series_6,1.779621,-6.658188
Series_6,1.790640,-6.742953
Series_6,1.801659,-6.782981
Series_6,1.812679,-6.823009
Series_6,1.823698,-6.863037
Series_6,1.834717,-6.903065
Series_6,1.845737,-6.943093
Series_6,1.856756,-6.983121
Series_6,1.867775,-7.023149
Series_6,1.878794,-7.063177
Series_6,1.889814,-7.103205
Series_6,1.900833,-7.143233
Series_6,1.911852,-7.183261
Series_6,1.922871,-7.223289
Series_6,1.933891,-7.263317
Series_6,1.944910,-7.303345
Series_6,1.955929,-7.343373
Series_6,1.966948,-7.383401
Series_6,1.977968,-7.423429
Series_6,1.988987,-7.463457
Series_6,2.000006,-7.503485
Series_6,2.011026,-7.543513
Series_6,2.022045,-7.583540
Series_6,2.033064,-7.623568
Series_6,2.044083,-7.663596
Series_6,2.055103,-7.703624
Series_6,2.066122,-7.743652
Series_6,2.077141,-7.783680
Series_6,2.088160,-7.823708
Series_6,2.099180,-7.844900
Series_6,2.110199,-7.866091
Series_6,2.121218,-7.929665
Series_6,2.132237,-7.993239
Series_6,2.143257,-8.032361
Series_6,2.154276,-8.071483
Series_6,2.165295,-8.110606
Series_6,2.176315,-8.149728
Series_6,2.187334,-8.188850
Series_6,2.198353,-8.227973
Series_6,2.209372,-8.267095
Series_6,2.220392,-8.306217
Series_6,2.231411,-8.345340
Series_6,2.242430,-8.384462
Series_6,2.253449,-8.423585
Series_6,2.264469,-8.462707
Series_6,2.275488,-8.501829
Series_6,2.286507,-8.575999
Series_6,2.297527,-8.650168
Series_6,2.308546,-8.727870
Series_6,2.319565,-8.784380
Series_6,2.330584,-8.798507
Series_6,2.341604,-8.883272
Series_6,2.352623,-8.925655
Series_6,2.363642,-8.959561
Series_6,2.374661,-8.993467
Series_6,2.385681,-9.027373
Series_6,2.396700,-9.061279
Series_6,2.407719,-9.095185
Series_6,2.418738,-9.158759
Series_6,2.429758,-9.179950
Series_6,2.440777,-9.222333
Series_6,2.451796,-9.270337
Series_6,2.462816,-9.318342
Series_6,2.473835,-9.366347
Series_6,2.484854,-9.414352
Series_6,2.495873,-9.462356
Series_6,2.506893,-9.510361
Series_6,2.517912,-9.558366
Series_6,2.528931,-9.606371
Series_6,2.539950,-9.654375
Series_6,2.550970,-9.702380
Series_6,2.561989,-9.750385
Series_6,2.573008,-9.798390
Series_6,2.584027,-9.846394
Series_6,2.595047,-9.894399
Series_6,2.606066,-9.942404
Series_6,2.617085,-9.990408
Series_6,2.628105,-10.038413
Series_6,2.639124,-10.086418
Series_6,2.650143,-10.134423
Series_6,2.661162,-10.182427
Series_6,2.672182,-10.230432
Series_6,2.683201,-10.278437
Series_6,2.694220,-10.326442
Series_6,2.705239,-10.374446
Series_6,2.716259,-10.422451
Series_6,2.727278,-10.470456
Series_6,2.738297,-10.518461
Series_6,2.749317,-10.566465
Series_6,2.760336,-10.614470
Series_6,2.771355,-10.662475
Series_6,2.782374,-10.710479
Series_6,2.793394,-10.758484
Series_6,2.804413,-10.806489
Series_6,2.815432,-10.854494
Series_6,2.826451,-10.902498
Series_6,2.837471,-10.950503
Series_6,2.848490,-10.998508
Series_6,2.859509,-11.046513
Series_6,2.870528,-11.094517
Series_6,2.881548,-11.142522
Series_6,2.892567,-11.190527
Series_6,2.903586,-11.238532
Series_6,2.914606,-11.286536
Series_6,2.925625,-11.334541
Series_6,2.936644,-11.382546
Series_6,2.947663,-11.430550
Series_6,2.958683,-11.478555
Series_6,2.969702,-11.526560
Series_6,2.980721,-11.574565
Series_6,2.991740,-11.659330
Series_6,3.002760,-11.712308
Series_6,3.013779,-11.765286
Series_6,3.024798,-11.786477
Series_6,3.035817,-11.807669
Series_6,3.046837,-11.828860
Series_6,3.057856,-11.883681
Series_6,3.068875,-11.938502
Series_6,3.079895,-11.993323
Series_6,3.090914,-12.048144
Series_6,3.101933,-12.102965
Series_6,3.112952,-12.157785
Series_6,3.123972,-12.212606
Series_6,3.134991,-12.267427
Series_6,3.146010,-12.322248
Series_6,3.157029,-12.377069
Series_6,3.168049,-12.431890
Series_6,3.179068,-12.486711
Series_6,3.190087,-12.541532
Series_6,3.201107,-12.596353
Series_6,3.212126,-12.651174
Series_6,3.223145,-12.705995
Series_6,3.234164,-12.760816
Series_6,3.245184,-12.815637
Series_6,3.256203,-12.870457
Series_6,3.267222,-12.925278
Series_6,3.278241,-12.980099
Series_6,3.289261,-13.034920
Series_6,3.300280,-13.089741
Series_6,3.311299,-13.144562
Series_6,3.322318,-13.199383
Series_6,3.333338,-13.254204
Series_6,3.344357,-13.309025
Series_6,3.355376,-13.363846
Series_6,3.366396,-13.418667
Series_6,3.377415,-13.473488
Series_6,3.388434,-13.528308
Series_6,3.399453,-13.583129
Series_6,3.410473,-13.637950
Series_6,3.421492,-13.692771
Series_6,3.432511,-13.747592
Series_6,3.443530,-13.802413
Series_6,3.454550,-13.857234
Series_6,3.465569,-13.912055
Series_6,3.476588,-13.966876
Series_6,3.487607,-14.021697
Series_6,3.498627,-14.076518
Series_6,3.509646,-14.131339
Series_6,3.520665,-14.186159
Series_6,3.531685,-14.240980
Series_6,3.542704,-14.295801
Series_6,3.553723,-14.350622
Series_6,3.564742,-14.376052
Series_6,3.575762,-14.401481
Series_6,3.586781,-14.470706
Series_6,3.597800,-14.559003
Series_6,3.608819,-14.647300
Series_6,3.619839,-14.668491
Series_6,3.630858,-14.753256
Series_6,3.641877,-14.838022
Series_6,3.652896,-14.922787
Series_6,3.663916,-15.007552
Series_6,3.674935,-15.000488
Series_6,3.685954,-15.056998
Series_6,3.696974,-15.071126
Series_6,3.707993,-15.138938
Series_6,3.719012,-15.206750
Series_6,3.730031,-15.274562
Series_6,3.741051,-15.342374
Series_6,3.752070,-15.410186
Series_6,3.763089,-15.477998
Series_6,3.774108,-15.545810
Series_6,3.785128,-15.613622
Series_6,3.796147,-15.681434
Series_6,3.807166,-15.749247
Series_6,3.818186,-15.817059
Series_6,3.829205,-15.884871
Series_6,3.840224,-15.952683
Series_6,3.851243,-16.020495
Series_6,3.862263,-16.088307
Series_6,3.873282,-16.156119
Series_6,3.884301,-16.223931
Series_6,3.895320,-16.291743
Series_6,3.906340,-16.359555
Series_6,3.917359,-16.427367
Series_6,3.928378,-16.495180
Series_6,3.939397,-16.562992
Series_6,3.950417,-16.630804
Series_6,3.961436,-16.698616
Series_6,3.972455,-16.766428
Series_6,3.983475,-16.834240
Series_6,3.994494,-16.902052
Series_6,4.005513,-16.969864
Series_6,4.016532,-17.037676
Series_6,4.027552,-17.105488
Series_6,4.038571,-17.173300
Series_6,4.049590,-17.241113
Series_6,4.060609,-17.308925
Series_6,4.071629,-17.376737
Series_6,4.082648,-17.444549
Series_6,4.093667,-17.486931
Series_6,4.104686,-17.571697
Series_6,4.115706,-17.642334
Series_6,4.126725,-17.726556
Series_6,4.137744,-17.810778
Series_6,4.148764,-17.894999
Series_6,4.159783,-17.979221
Series_6,4.170802,-18.063443
Series_6,4.181821,-18.147665
Series_6,4.192841,-18.231886
Series_6,4.203860,-18.316108
Series_6,4.214879,-18.400330
Series_6,4.225898,-18.484552
Series_6,4.236918,-18.568773
Series_6,4.247937,-18.652995
Series_6,4.258956,-18.737217
Series_6,4.269976,-18.843173
Series_6,4.280995,-18.936415
Series_6,4.292014,-18.942066
Series_6,4.303033,-19.021651
Series_6,4.314053,-19.101236
Series_6,4.325072,-19.180821
Series_6,4.336091,-19.260406
Series_6,4.347110,-19.339991
Series_6,4.358130,-19.419576
Series_6,4.369149,-19.499161
Series_6,4.380168,-19.578746
Series_6,4.391187,-19.658331
Series_6,4.402207,-19.737916
Series_6,4.413226,-19.817501
Series_6,4.424245,-19.897086
Series_6,4.435265,-19.976671
Series_6,4.446284,-20.056256
Series_6,4.457303,-20.135841
Series_6,4.468322,-20.199415
Series_6,4.479342,-20.262989
Series_6,4.490361,-20.354818
Series_6,4.501380,-20.439040
Series_6,4.512399,-20.523261
Series_6,4.523419,-20.607483
Series_6,4.534438,-20.691705
Series_6,4.545457,-20.775927
Series_6,4.556476,-20.860148
Series_6,4.567496,-20.944370
Series_6,4.578515,-21.028592
Series_6,4.589534,-21.112814
Series_6,4.600554,-21.197035
Series_6,4.611573,-21.281257
Series_6,4.622592,-21.365479
Series_6,4.633611,-21.449701
Series_6,4.644631,-21.534466
Series_6,4.655650,-21.668677
Series_6,4.666669,-21.703996
Series_6,4.677688,-21.795597
Series_6,4.688708,-21.887198
Series_6,4.699727,-21.978799
Series_6,4.710746,-22.070400
Series_6,4.721765,-22.162001
Series_6,4.732785,-22.253602
Series_6,4.743804,-22.345203
Series_6,4.754823,-22.436804
Series_6,4.765843,-22.528405
Series_6,4.776862,-22.620006
Series_6,4.787881,-22.711607
Series_6,4.798900,-22.803208
Series_6,4.809920,-22.894809
Series_6,4.820939,-22.986410
Series_6,4.831958,-23.078011
Series_6,4.842977,-23.169612
Series_6,4.853997,-23.261213
Series_6,4.865016,-23.352814
Series_6,4.876035,-23.444415
Series_6,4.887055,-23.536016
Series_6,4.898074,-23.627617
Series_6,4.909093,-23.719218
Series_6,4.920112,-23.810819
Series_6,4.931132,-23.902420
Series_6,4.942151,-23.994021
Series_6,4.953170,-24.085622
Series_6,4.964189,-24.177223
Series_6,4.975209,-24.268824
Series_6,4.986228,-24.360425
Series_6,4.997247,-24.452026
Series_6,5.008266,-24.543627
Series_6,5.019286,-24.615148
Series_6,5.030305,-24.686668
Series_6,5.041324,-24.758189
Series_6,5.052344,-24.829710
Series_6,5.063363,-24.882688
Series_6,5.074382,-24.999240
Series_6,5.085401,-25.115792
Series_6,5.096421,-25.158174
Series_6,5.107440,-25.221748
Series_6,5.118459,-25.264131
Series_6,5.129478,-25.306513
Series_6,5.140498,-25.348896
Series_6,5.151517,-25.476044
Series_6,5.162536,-25.603191
Series_6,5.173555,-25.730339
Series_6,5.184575,-25.857487
Series_6,5.195594,-25.984634
Series_6,5.206613,-26.031255
Series_6,5.217633,-26.019953
Series_6,5.228652,-26.058804
Series_6,5.239671,-26.179771
Series_6,5.250690,-26.300737
Series_6,5.261710,-26.421704
Series_6,5.272729,-26.542671
Series_6,5.283748,-26.599181
Series_6,5.294767,-26.691010
Series_6,5.305787,-26.782839
Series_6,5.316806,-26.864812
Series_6,5.327825,-26.946784
Series_6,5.338845,-27.028756
Series_6,5.349864,-27.110729
Series_6,5.360883,-27.192701
Series_6,5.371902,-27.274674
Series_6,5.382922,-27.356646
Series_6,5.393941,-27.438619
Series_6,5.404960,-27.520591
Series_6,5.415979,-27.602564
Series_6,5.426999,-27.684536
Series_6,5.438018,-27.766509
Series_6,5.449037,-27.848481
Series_6,5.460056,-27.930454
Series_6,5.471076,-28.012426
Series_6,5.482095,-28.094398
Series_6,5.493114,-28.176371
Series_6,5.504134,-28.258343
Series_6,5.515153,-28.340316
Series_6,5.526172,-28.422288
Series_6,5.537191,-28.504261
Series_6,5.548211,-28.586233
Series_6,5.559230,-28.668206
Series_6,5.570249,-28.750178
Series_6,5.581268,-28.832151
Series_6,5.592288,-28.914123
Series_6,5.603307,-28.996096
Series_6,5.614326,-29.078068
Series_6,5.625345,-29.160041
Series_6,5.636365,-29.242013
Series_6,5.647384,-29.323985
Series_6,5.658403,-29.405958
Series_6,5.669423,-29.487930
Series_6,5.680442,-29.569903
Series_6,5.691461,-29.651875
Series_6,5.702480,-29.733848
Series_6,5.713500,-29.815820
Series_6,5.724519,-29.897793
Series_6,5.735538,-29.979765
Series_6,5.746557,-30.061738
Series_6,5.757577,-30.143710
Series_6,5.768596,-30.225683
Series_6,5.779615,-30.307655
Series_6,5.790635,-30.392420
Series_6,5.801654,-30.455994
Series_6,5.812673,-30.530163
Series_6,5.823692,-30.604333
Series_6,5.834712,-30.678502
Series_6,5.845731,-30.752672
Series_6,5.856750,-30.826841
Series_6,5.867769,-30.901011
Series_6,5.878789,-30.975180
Series_6,5.889808,-31.049350
Series_6,5.900827,-31.123519
Series_6,5.911846,-31.197689
Series_6,5.922866,-31.271858
Series_6,5.933885,-31.346028
Series_6,5.944904,-31.420197
Series_6,5.955924,-31.494367
Series_6,5.966943,-31.568536
Series_6,5.977962,-31.642706
Series_6,5.988981,-31.716875
Series_6,6.000001,-31.791045
Series_6,6.011020,-31.865214
Series_6,6.022039,-31.939384
Series_6,6.033058,-32.013553
Series_6,6.044078,-32.087722
Series_6,6.055097,-32.161892
Series_6,6.066116,-32.236061
Series_6,6.077135,-32.310231
Series_6,6.088155,-32.384400
Series_6,6.099174,-32.405592
Series_6,6.110193,-32.464221
Series_6,6.121213,-32.522850
Series_6,6.132232,-32.581479
Series_6,6.143251,-32.640108
Series_6,6.154270,-32.698738
Series_6,6.165290,-32.757367
Series_6,6.176309,-32.815996
Series_6,6.187328,-32.874625
Series_6,6.198347,-32.933255
Series_6,6.209367,-32.991884
Series_6,6.220386,-33.050513
Series_6,6.231405,-33.109142
Series_6,6.242424,-33.167771
Series_6,6.253444,-33.226401
Series_6,6.264463,-33.285030
Series_6,6.275482,-33.343659
Series_6,6.286502,-33.402288
Series_6,6.297521,-33.460917
Series_6,6.308540,-33.519547
Series_6,6.319559,-33.578176
Series_6,6.330579,-33.636805
Series_6,6.341598,-33.695434
Series_6,6.352617,-33.754063
Series_6,6.363636,-33.812693
Series_6,6.374656,-33.871322
Series_6,6.385675,-33.929951
Series_6,6.396694,-33.988580
Series_6,6.407714,-34.047209
Series_6,6.418733,-34.105839
Series_6,6.429752,-34.164468
Series_6,6.440771,-34.206850
Series_6,6.451791,-34.355189
Series_6,6.462810,-34.465384
Series_6,6.473829,-34.508280
Series_6,6.484848,-34.551177
Series_6,6.495868,-34.594073
Series_6,6.506887,-34.636969
Series_6,6.517906,-34.679865
Series_6,6.528925,-34.722762
Series_6,6.539945,-34.765658
Series_6,6.550964,-34.808554
Series_6,6.561983,-34.851451
Series_6,6.573003,-34.894347
Series_6,6.584022,-34.937243
Series_6,6.595041,-34.980139
Series_6,6.606060,-35.023036
Series_6,6.617080,-35.065932
Series_6,6.628099,-35.108828
Series_6,6.639118,-35.151725
Series_6,6.650137,-35.194621
Series_6,6.661157,-35.237517
Series_6,6.672176,-35.280413
Series_6,6.683195,-35.323310
Series_6,6.694214,-35.366206
Series_6,6.705234,-35.409102
Series_6,6.716253,-35.451999
Series_6,6.727272,-35.494895
Series_6,6.738292,-35.537791
Series_6,6.749311,-35.580687
Series_6,6.760330,-35.623584
Series_6,6.771349,-35.666480
Series_6,6.782369,-35.709376
Series_6,6.793388,-35.752273
Series_6,6.804407,-35.795169
Series_6,6.815426,-35.838065
Series_6,6.826446,-35.880961
Series_6,6.837465,-35.902153
Series_6,6.848484,-35.902153
Series_6,6.859504,-35.965726
Series_6,6.870523,-35.986918
Series_6,6.881542,-36.008109
Series_6,6.892561,-36.029300
Series_6,6.903581,-36.071683
Series_6,6.914600,-36.092874
Series_6,6.925619,-36.114065
Series_6,6.936638,-36.135257
Series_6,6.947658,-36.156448
Series_6,6.958677,-36.198831
Series_6,6.969696,-36.241213
Series_6,6.980715,-36.241213
Series_6,6.991735,-36.262404
Series_6,7.002754,-36.294191
Series_6,7.013773,-36.325978
Series_6,7.024793,-36.318914
Series_6,7.035812,-36.322446
Series_6,7.046831,-36.325978
Series_6,7.057850,-36.368361
Series_6,7.068870,-36.410743
Series_6,7.079889,-36.453126
Series_6,7.090908,-36.495508
Series_6,7.101927,-36.516700
Series_6,7.112947,-36.491270
Series_6,7.123966,-36.537891
Series_6,7.134985,-36.537891
Series_6,7.146004,-36.573210
Series_6,7.157024,-36.587337
Series_6,7.168043,-36.587337
Series_6,7.179062,-36.587337
Series_6,7.190082,-36.622656
Series_6,7.201101,-36.643847
Series_6,7.212120,-36.665039
Series_6,7.223139,-36.665039
Series_6,7.234159,-36.707421
Series_6,7.245178,-36.665039
Series_6,7.256197,-36.665039
Series_6,7.267216,-36.665039
Series_6,7.278236,-36.686230
Series_6,7.289255,-36.665039
Series_6,7.300274,-36.665039
Series_6,7.311294,-36.665039
Series_6,7.322313,-36.665039
Series_6,7.333332,-36.707421
Series_6,7.344351,-36.707421
Series_6,7.355371,-36.707421
Series_6,7.366390,-36.707421
Series_6,7.377409,-36.686230
Series_6,7.388428,-36.686230
Series_6,7.399448,-36.686230
Series_6,7.410467,-36.686230
Series_6,7.421486,-36.686230
Series_6,7.432505,-36.707421
Series_6,7.443525,-36.696826
Series_6,7.454544,-36.686230
Series_6,7.465563,-36.675634
Series_6,7.476583,-36.665039
Series_6,7.487602,-36.665039
Series_6,7.498621,-36.686230
Series_6,7.509640,-36.707421
Series_6,7.520660,-36.685588
Series_6,7.531679,-36.663754
Series_6,7.542698,-36.641921
Series_6,7.553717,-36.620087
Series_6,7.564737,-36.598254
Series_6,7.575756,-36.576421
Series_6,7.586775,-36.554587
Series_6,7.597794,-36.532754
Series_6,7.608814,-36.510920
Series_6,7.619833,-36.489087
Series_6,7.630852,-36.467253
Series_6,7.641872,-36.445420
Series_6,7.652891,-36.423587
Series_6,7.663910,-36.401753
Series_6,7.674929,-36.379920
Series_6,7.685949,-36.358086
Series_6,7.696968,-36.336253
Series_6,7.707987,-36.314419
Series_6,7.719006,-36.292586
Series_6,7.730026,-36.270752
Series_6,7.741045,-36.248919
Series_6,7.752064,-36.227086
Series_6,7.763083,-36.205252
Series_6,7.774103,-36.183419
Series_6,7.785122,-36.161585
Series_6,7.796141,-36.139752
Series_6,7.807161,-36.117918
Series_6,7.818180,-36.096085
Series_6,7.829199,-36.074252
Series_6,7.840218,-36.052418
Series_6,7.851238,-36.030585
Series_6,7.862257,-36.008751
Series_6,7.873276,-35.986918
Series_6,7.884295,-35.976322
Series_6,7.895315,-35.965726
Series_6,7.906334,-35.944535
Series_6,7.917353,-35.944535
Series_6,7.928373,-35.880961
Series_6,7.939392,-35.838579
Series_6,7.950411,-35.809971
Series_6,7.961430,-35.781362
Series_6,7.972450,-35.752754
Series_6,7.983469,-35.724146
Series_6,7.994488,-35.695538
Series_6,8.005507,-35.666929
Series_6,8.016527,-35.638321
Series_6,8.027546,-35.609713
Series_6,8.038565,-35.581105
Series_6,8.049584,-35.552497
Series_6,8.060604,-35.523888
Series_6,8.071623,-35.495280
Series_6,8.082642,-35.466672
Series_6,8.093662,-35.438064
Series_6,8.104681,-35.409455
Series_6,8.115700,-35.380847
Series_6,8.126719,-35.352239
Series_6,8.137739,-35.323631
Series_6,8.148758,-35.295023
Series_6,8.159777,-35.266414
Series_6,8.170796,-35.245223
Series_6,8.181816,-35.224032
Series_6,8.192835,-35.075693
Series_6,8.203854,-35.046025
Series_6,8.214873,-35.016357
Series_6,8.225893,-34.986689
Series_6,8.236912,-34.957022
Series_6,8.247931,-34.927354
Series_6,8.258951,-34.906163
Series_6,8.269970,-34.948545
Series_6,8.280989,-34.927354
Series_6,8.292008,-34.880262
Series_6,8.303028,-34.833170
Series_6,8.314047,-34.786079
Series_6,8.325066,-34.738987
Series_6,8.336085,-34.691895
Series_6,8.347105,-34.644803
Series_6,8.358124,-34.597712
Series_6,8.369143,-34.550620
Series_6,8.380163,-34.503528
Series_6,8.391182,-34.456437
Series_6,8.402201,-34.409345
Series_6,8.413220,-34.362253
Series_6,8.424240,-34.315161
Series_6,8.435259,-34.268070
Series_6,8.446278,-34.220978
Series_6,8.457297,-34.173886
Series_6,8.468317,-34.126794
Series_6,8.479336,-34.079703
Series_6,8.490355,-34.032611
Series_6,8.501374,-33.985519
Series_6,8.512394,-33.938427
Series_6,8.523413,-33.891336
Series_6,8.534432,-33.844244
Series_6,8.545452,-33.797152
Series_6,8.556471,-33.750061
Series_6,8.567490,-33.702969
Series_6,8.578509,-33.655877
Series_6,8.589529,-33.613495
Series_6,8.600548,-33.571112
Series_6,8.611567,-33.528729
Series_6,8.622586,-33.528729
Series_6,8.633606,-33.475751
Series_6,8.644625,-33.422773
Series_6,8.655644,-33.369795
Series_6,8.666663,-33.316817
Series_6,8.677683,-33.263838
Series_6,8.688702,-33.210860
Series_6,8.699721,-33.157882
Series_6,8.710741,-33.104904
Series_6,8.721760,-33.051926
Series_6,8.732779,-32.998947
Series_6,8.743798,-32.945969
Series_6,8.754818,-32.892991
Series_6,8.765837,-32.840013
Series_6,8.776856,-32.787035
Series_6,8.787875,-32.734056
Series_6,8.798895,-32.681078
Series_6,8.809914,-32.659887
Series_6,8.820933,-32.596313
Series_6,8.831953,-32.596313
Series_6,8.842972,-32.536157
Series_6,8.853991,-32.476001
Series_6,8.865010,-32.415846
Series_6,8.876030,-32.355690
Series_6,8.887049,-32.295534
Series_6,8.898068,-32.235378
Series_6,8.909087,-32.175222
Series_6,8.920107,-32.115066
Series_6,8.931126,-32.054910
Series_6,8.942145,-31.994754
Series_6,8.953164,-31.934598
Series_6,8.964184,-31.874443
Series_6,8.975203,-31.814287
Series_6,8.986222,-31.754131
Series_6,8.997242,-31.693975
Series_6,9.008261,-31.633819
Series_6,9.019280,-31.573663
Series_6,9.030299,-31.513507
Series_6,9.041319,-31.453351
Series_6,9.052338,-31.393195
Series_6,9.063357,-31.333040
Series_6,9.074376,-31.272884
Series_6,9.085396,-31.212728
Series_6,9.096415,-31.152572
Series_6,9.107434,-31.092416
Series_6,9.118453,-31.032260
Series_6,9.129473,-30.972104
Series_6,9.140492,-30.911948
Series_6,9.151511,-30.851792
Series_6,9.162531,-30.791637
Series_6,9.173550,-30.731481
Series_6,9.184569,-30.720885
Series_6,9.195588,-30.583142
Series_6,9.206608,-30.583142
Series_6,9.217627,-30.498377
Series_6,9.228646,-30.455994
Series_6,9.239665,-30.413611
Series_6,9.250685,-30.371229
Series_6,9.261704,-30.328846
Series_6,9.272723,-30.191103
Series_6,9.283742,-30.049121
Series_6,9.294762,-30.018041
Series_6,9.305781,-29.986960
Series_6,9.316800,-29.955880
Series_6,9.327820,-29.877472
Series_6,9.338839,-29.799064
Series_6,9.349858,-29.799064
Series_6,9.360877,-29.671917
Series_6,9.371897,-29.608343
Series_6,9.382916,-29.608343
Series_6,9.393935,-29.576556
Series_6,9.404954,-29.544769
Series_6,9.415974,-29.502386
Series_6,9.426993,-29.354048
Series_6,9.438012,-29.311665
Series_6,9.449032,-29.248091
Series_6,9.460051,-29.184517
Series_6,9.471070,-29.163326
Series_6,9.482089,-29.142135
Series_6,9.493109,-29.120943
Series_6,9.504128,-29.042536
Series_6,9.515147,-28.964128
Series_6,9.526166,-28.909031
Series_6,9.537186,-28.846516
Series_6,9.548205,-28.784002
Series_6,9.559224,-28.721488
Series_6,9.570243,-28.658974
Series_6,9.581263,-28.596459
Series_6,9.592282,-28.533945
Series_6,9.603301,-28.471431
Series_6,9.614321,-28.408916
Series_6,9.625340,-28.346402
Series_6,9.636359,-28.283888
Series_6,9.647378,-28.221374
Series_6,9.658398,-28.158859
Series_6,9.669417,-28.096345
Series_6,9.680436,-28.033831
Series_6,9.691455,-27.971317
Series_6,9.702475,-27.908802
Series_6,9.713494,-27.846288
Series_6,9.724513,-27.783774
Series_6,9.735532,-27.721259
Series_6,9.746552,-27.658745
Series_6,9.757571,-27.596231
Series_6,9.768590,-27.533717
Series_6,9.779610,-27.471202
Series_6,9.790629,-27.408688
Series_6,9.801648,-27.346174
Series_6,9.812667,-27.283660
Series_6,9.823687,-27.221145
Series_6,9.834706,-27.158631
Series_6,9.845725,-27.096117
Series_6,9.856744,-27.033603
Series_6,9.867764,-26.971088
Series_6,9.878783,-26.908574
Series_6,9.889802,-26.846060
Series_6,9.900822,-26.783545
Series_6,9.911841,-26.721031
Series_6,9.922860,-26.658517
Series_6,9.933879,-26.596003
Series_6,9.944899,-26.533488
Series_6,9.955918,-26.470974
Series_6,9.966937,-26.408460
Series_6,9.977956,-26.387268
Series_6,9.988976,-26.366077
Series_6,9.999995,-26.344886
Series_6,10.011014,-26.316631
Series_6,10.022033,-26.262770
Series_6,10.033053,-26.208909
Series_6,10.044072,-26.155047
Series_6,10.055091,-26.101186
Series_6,10.066111,-26.005825
Series_6,10.077130,-25.931656
Series_6,10.088149,-25.857487
Series_6,10.099168,-25.783317
Series_6,10.110188,-25.709148
Series_6,10.121207,-25.709148
Series_6,10.132226,-25.709148
Series_6,10.143245,-25.656169
Series_6,10.154265,-25.603191
Series_6,10.165284,-25.505711
Series_6,10.176303,-25.423065
Series_6,10.187322,-25.370087
Series_6,10.198342,-25.320641
Series_6,10.209361,-25.271194
Series_6,10.220380,-25.221748
Series_6,10.231400,-25.172302
Series_6,10.242419,-25.122856
Series_6,10.253438,-25.073409
Series_6,10.264457,-25.023963
Series_6,10.275477,-24.974517
Series_6,10.286496,-24.925070
Series_6,10.297515,-24.875624
Series_6,10.308534,-24.826178
Series_6,10.319554,-24.776731
Series_6,10.330573,-24.755540
Series_6,10.341592,-24.713157
Series_6,10.352612,-24.670775
Series_6,10.363631,-24.628392
Series_6,10.374650,-24.557755
Series_6,10.385669,-24.487117
Series_6,10.396689,-24.416480
Series_6,10.407708,-24.352906
Series_6,10.418727,-24.331714
Series_6,10.429746,-24.268141
Series_6,10.440766,-24.254013
Series_6,10.451785,-24.197503
Series_6,10.462804,-24.152913
Series_6,10.473823,-24.108323
Series_6,10.484843,-24.063733
Series_6,10.495862,-24.019143
Series_6,10.506881,-23.974553
Series_6,10.517901,-23.929963
Series_6,10.528920,-23.885373
Series_6,10.539939,-23.840783
Series_6,10.550958,-23.796193
Series_6,10.561978,-23.751603
Series_6,10.572997,-23.707013
Series_6,10.584016,-23.662423
Series_6,10.595035,-23.617833
Series_6,10.606055,-23.573243
Series_6,10.617074,-23.528653
Series_6,10.628093,-23.484063
Series_6,10.639112,-23.431085
Series_6,10.650132,-23.378107
Series_6,10.661151,-23.335724
Series_6,10.672170,-23.272151
Series_6,10.683190,-23.229768
Series_6,10.694209,-23.229768
Series_6,10.705228,-23.189228
Series_6,10.716247,-23.148688
Series_6,10.727267,-23.108148
Series_6,10.738286,-23.067609
Series_6,10.749305,-23.027069
Series_6,10.760324,-22.986529
Series_6,10.771344,-22.945989
Series_6,10.782363,-22.905449
Series_6,10.793382,-22.864909
Series_6,10.804401,-22.824370
Series_6,10.815421,-22.783830
Series_6,10.826440,-22.743290
Series_6,10.837459,-22.702750
Series_6,10.848479,-22.662210
Series_6,10.859498,-22.621670
Series_6,10.870517,-22.581131
Series_6,10.881536,-22.540591
Series_6,10.892556,-22.500051
Series_6,10.903575,-22.459511
Series_6,10.914594,-22.418971
Series_6,10.925613,-22.378431
Series_6,10.936633,-22.337892
Series_6,10.947652,-22.297352
Series_6,10.958671,-22.284637
Series_6,10.969691,-22.206229
Series_6,10.980710,-22.127821
Series_6,10.991729,-22.089677
Series_6,11.002748,-22.051533
Series_6,11.013768,-22.013389
Series_6,11.024787,-21.975244
Series_6,11.035806,-21.937100
Series_6,11.046825,-21.898956
Series_6,11.057845,-21.860811
Series_6,11.068864,-21.822667
Series_6,11.079883,-21.784523
Series_6,11.090902,-21.746378
Series_6,11.101922,-21.708234
Series_6,11.112941,-21.670090
Series_6,11.123960,-21.631946
Series_6,11.134980,-21.593801
Series_6,11.145999,-21.555657
Series_6,11.157018,-21.569784
Series_6,11.168037,-21.509743
Series_6,11.179057,-21.449701
Series_6,11.190076,-21.407318
Series_6,11.201095,-21.364935
Series_6,11.212114,-21.322553
Series_6,11.223134,-21.276910
Series_6,11.234153,-21.231267
Series_6,11.245172,-21.185625
Series_6,11.256191,-21.139982
Series_6,11.267211,-21.094339
Series_6,11.278230,-21.048696
Series_6,11.289249,-21.003054
Series_6,11.300269,-20.957411
Series_6,11.311288,-20.911768
Series_6,11.322307,-20.866125
Series_6,11.333326,-20.820483
Series_6,11.344346,-20.774840
Series_6,11.355365,-20.729197
Series_6,11.366384,-20.700942
Series_6,11.377403,-20.672687
Series_6,11.388423,-20.644432
Series_6,11.399442,-20.623241
Series_6,11.410461,-20.602049
Series_6,11.421481,-20.538476
Series_6,11.432500,-20.510221
Series_6,11.443519,-20.481965
Series_6,11.454538,-20.453710
Series_6,11.465558,-20.453710
Series_6,11.476577,-20.439583
Series_6,11.487596,-20.390137
Series_6,11.498615,-20.331861
Series_6,11.509635,-20.273585
Series_6,11.520654,-20.215309
Series_6,11.531673,-20.157033
Series_6,11.542692,-20.098757
Series_6,11.553712,-20.040481
Series_6,11.564731,-19.982204
Series_6,11.575750,-19.923928
Series_6,11.586770,-19.923928
Series_6,11.597789,-19.881546
Series_6,11.608808,-19.817972
Series_6,11.619827,-19.775590
Series_6,11.630847,-19.764994
Series_6,11.641866,-19.754398
Series_6,11.652885,-19.659037
Series_6,11.663904,-19.634314
Series_6,11.674924,-19.606059
Series_6,11.685943,-19.553081
Series_6,11.696962,-19.493039
Series_6,11.707981,-19.415338
Series_6,11.719001,-19.382374
Series_6,11.730020,-19.349409
Series_6,11.741039,-19.316445
Series_6,11.752059,-19.283481
Series_6,11.763078,-19.250517
Series_6,11.774097,-19.217553
Series_6,11.785116,-19.184588
Series_6,11.796136,-19.151624
Series_6,11.807155,-19.118660
Series_6,11.818174,-19.072745
Series_6,11.829193,-19.026831
Series_6,11.840213,-18.995750
Series_6,11.851232,-18.944891
Series_6,11.862251,-18.906747
Series_6,11.873271,-18.864365
Series_6,11.884290,-18.821982
Series_6,11.895309,-18.779599
Series_6,11.906328,-18.737217
Series_6,11.917348,-18.716026
Series_6,11.928367,-18.682120
Series_6,11.939386,-18.648213
Series_6,11.950405,-18.614307
Series_6,11.961425,-18.580401
Series_6,11.972444,-18.546495
Series_6,11.983463,-18.489985
Series_6,11.994482,-18.475858
Series_6,12.005502,-18.461730
Series_6,12.016521,-18.362838
Series_6,12.027540,-18.313391
Series_6,12.038560,-18.278072
Series_6,12.049579,-18.249817
Series_6,12.060598,-18.196839
Series_6,12.071617,-18.143861
Series_6,12.082637,-18.112074
Series_6,12.093656,-18.080287
Series_6,12.104675,-18.037905
Series_6,12.115694,-17.995522
Series_6,12.126714,-17.953140
Series_6,12.137733,-17.889566
Series_6,12.148752,-17.868374
Series_6,12.159771,-17.825992
Series_6,12.170791,-17.751822
Series_6,12.181810,-17.720035
Series_6,12.192829,-17.684717
Series_6,12.203849,-17.656462
Series_6,12.214868,-17.571697
Series_6,12.225887,-17.571697
Series_6,12.236906,-17.530071
Series_6,12.247926,-17.488445
Series_6,12.258945,-17.446819
Series_6,12.269964,-17.405194
Series_6,12.280983,-17.363568
Series_6,12.292003,-17.321942
Series_6,12.303022,-17.280316
Series_6,12.314041,-17.238691
Series_6,12.325060,-17.197065
Series_6,12.336080,-17.155439
Series_6,12.347099,-17.113814
Series_6,12.358118,-17.072188
Series_6,12.369138,-17.030562
Series_6,12.380157,-16.988936
Series_6,12.391176,-16.947311
Series_6,12.402195,-16.905685
Series_6,12.413215,-16.864059
Series_6,12.424234,-16.822433
Series_6,12.435253,-16.780808
Series_6,12.446272,-16.739182
Series_6,12.457292,-16.697556
Series_6,12.468311,-16.655931
Series_6,12.479330,-16.614305
Series_6,12.490350,-16.572679
Series_6,12.501369,-16.531053
Series_6,12.512388,-16.489428
Series_6,12.523407,-16.447802
Series_6,12.534427,-16.406176
Series_6,12.545446,-16.406176
Series_6,12.556465,-16.384985
Series_6,12.567484,-16.342602
Series_6,12.578504,-16.349666
Series_6,12.589523,-16.279029
Series_6,12.600542,-16.215455
Series_6,12.611561,-16.226050
Series_6,12.622581,-16.194263
Series_6,12.633600,-16.130690
Series_6,12.644619,-16.098903
Series_6,12.655639,-16.003542
Series_6,12.666658,-15.982351
Series_6,12.677677,-15.961159
Series_6,12.688696,-15.908181
Series_6,12.699716,-15.855203
Series_6,12.710735,-15.834012
Series_6,12.721754,-15.777502
Series_6,12.732773,-15.781033
Series_6,12.743793,-15.733353
Series_6,12.754812,-15.685673
Series_6,12.765831,-15.664481
Series_6,12.776850,-15.600908
Series_6,12.787870,-15.579716
Series_6,12.798889,-15.537334
Series_6,12.809908,-15.523206
Series_6,12.820928,-15.494951
Series_6,12.831947,-15.463164
Series_6,12.842966,-15.452569
Series_6,12.853985,-15.388995
Series_6,12.865005,-15.367804
Series_6,12.876024,-15.339549
Series_6,12.887043,-15.240656
Series_6,12.898062,-15.184146
Series_6,12.909082,-15.189797
Series_6,12.920101,-15.177082
Series_6,12.931120,-15.113508
Series_6,12.942140,-15.062649
Series_6,12.953159,-15.039339
Series_6,12.964178,-14.986361
Series_6,12.975197,-14.943978
Series_6,12.986217,-14.943978
Series_6,12.997236,-14.880404
Series_6,13.008255,-14.859213
Series_6,13.019274,-14.795639
Series_6,13.030294,-14.732065
Series_6,13.041313,-14.668491
Series_6,13.052332,-14.604918
Series_6,13.063351,-14.541344
Series_6,13.074371,-14.530748
Series_6,13.085390,-14.520152
Series_6,13.096409,-14.498961
Series_6,13.107429,-14.456579
Series_6,13.118448,-14.435387
Series_6,13.129467,-14.385941
Series_6,13.140486,-14.401481
Series_6,13.151506,-14.318835
Series_6,13.162525,-14.244666
Series_6,13.173544,-14.223474
Series_6,13.184563,-14.212879
Series_6,13.195583,-14.202283
Series_6,13.206602,-14.151424
Series_6,13.217621,-14.100565
Series_6,13.228640,-14.049706
Series_6,13.239660,-13.998847
Series_6,13.250679,-13.947988
Series_6,13.261698,-13.940924
Series_6,13.272718,-13.842031
Series_6,13.283737,-13.799649
Series_6,13.294756,-13.785521
Series_6,13.305775,-13.771394
Series_6,13.316795,-13.725479
Series_6,13.327814,-13.698990
Series_6,13.338833,-13.672501
Series_6,13.349852,-13.615991
Series_6,13.360872,-13.591268
Series_6,13.371891,-13.566545
Series_6,13.382910,-13.502971
Series_6,13.393930,-13.446461
Series_6,13.404949,-13.418206
Series_6,13.415968,-13.402312
Series_6,13.426987,-13.386419
Series_6,13.438007,-13.370526
Series_6,13.449026,-13.354632
Series_6,13.460045,-13.301654
Series_6,13.471064,-13.248676
Series_6,13.482084,-13.206293
Series_6,13.493103,-13.163911
Series_6,13.504122,-13.121528
Series_6,13.515141,-13.079145
Series_6,13.526161,-13.036763
Series_6,13.537180,-12.995496
Series_6,13.548199,-12.954228
Series_6,13.559219,-12.912961
Series_6,13.570238,-12.871694
Series_6,13.581257,-12.830427
Series_6,13.592276,-12.789160
Series_6,13.603296,-12.747892
Series_6,13.614315,-12.706625
Series_6,13.625334,-12.665358
Series_6,13.636353,-12.624091
Series_6,13.647373,-12.582823
Series_6,13.658392,-12.541556
Series_6,13.669411,-12.500289
Series_6,13.680430,-12.459022
Series_6,13.691450,-12.417754
Series_6,13.702469,-12.376487
Series_6,13.713488,-12.335220
Series_6,13.724508,-12.293953
Series_6,13.735527,-12.252686
Series_6,13.746546,-12.217367
Series_6,13.757565,-12.132602
Series_6,13.768585,-12.104347
Series_6,13.779604,-12.090219
Series_6,13.790623,-12.076092
Series_6,13.801642,-12.061964
Series_6,13.812662,-12.047837
Series_6,13.823681,-11.977199
Series_6,13.834700,-11.956008
Series_6,13.845719,-11.956008
Series_6,13.856739,-11.892434
Series_6,13.867758,-11.807669
Series_6,13.878777,-11.786477
Series_6,13.889797,-11.786477
Series_6,13.900816,-11.737031
Series_6,13.911835,-11.616947
Series_6,13.922854,-11.583041
Series_6,13.933874,-11.549135
Series_6,13.944893,-11.515229
Series_6,13.955912,-11.481323
Series_6,13.966931,-11.447417
Series_6,13.977951,-11.413511
Series_6,13.988970,-11.379605
Series_6,13.999989,-11.345699
Series_6,14.011009,-11.311793
Series_6,14.022028,-11.277887
Series_6,14.033047,-11.243981
Series_6,14.044066,-11.210075
Series_6,14.055086,-11.176169
Series_6,14.066105,-11.142263
Series_6,14.077124,-11.108357
Series_6,14.088143,-11.074450
Series_6,14.099163,-11.040544
Series_6,14.110182,-11.006638
Series_6,14.121201,-10.972732
Series_6,14.132220,-10.938826
Series_6,14.143240,-10.904920
Series_6,14.154259,-10.871014
Series_6,14.165278,-10.837108
Series_6,14.176298,-10.803202
Series_6,14.187317,-10.769296
Series_6,14.198336,-10.735390
Series_6,14.209355,-10.701484
Series_6,14.220375,-10.667578
Series_6,14.231394,-10.633672
Series_6,14.242413,-10.599766
Series_6,14.253432,-10.585638
Series_6,14.264452,-10.544669
Series_6,14.275471,-10.515001
Series_6,14.286490,-10.472618
Series_6,14.297509,-10.472618
Series_6,14.308529,-10.387853
Series_6,14.319548,-10.303088
Series_6,14.330567,-10.281897
Series_6,14.341587,-10.260705
Series_6,14.352606,-10.218323
Series_6,14.363625,-10.197132
Series_6,14.374644,-10.175940
Series_6,14.385664,-10.154749
Series_6,14.396683,-10.069984
Series_6,14.407702,-10.048793
Series_6,14.418721,-9.964027
Series_6,14.429741,-9.928709
Series_6,14.440760,-9.900454
Series_6,14.451779,-9.879262
Series_6,14.462799,-9.858071
Series_6,14.473818,-9.858071
Series_6,14.484837,-9.815689
Series_6,14.495856,-9.773306
Series_6,14.506876,-9.730923
Series_6,14.517895,-9.730923
Series_6,14.528914,-9.674413
Series_6,14.539933,-9.617903
Series_6,14.550953,-9.582584
Series_6,14.561972,-9.582584
Series_6,14.572991,-9.540202
Series_6,14.584010,-9.497819
Series_6,14.595030,-9.455437
Series_6,14.606049,-9.413054
Series_6,14.617068,-9.370672
Series_6,14.628088,-9.328289
Series_6,14.639107,-9.285907
Series_6,14.650126,-9.285907
Series_6,14.661145,-9.243524
Series_6,14.672165,-9.222333
Series_6,14.683184,-9.179950
Series_6,14.694203,-9.201141
Series_6,14.705222,-9.116376
Series_6,14.716242,-9.111078
Series_6,14.727261,-9.105781
Series_6,14.738280,-9.073994
Series_6,14.749299,-9.073994
Series_6,14.760319,-9.042207
Series_6,14.771338,-9.010420
Series_6,14.782357,-8.969607
Series_6,14.793377,-8.928794
Series_6,14.804396,-8.887981
Series_6,14.815415,-8.847169
Series_6,14.826434,-8.806356
Series_6,14.837454,-8.765543
Series_6,14.848473,-8.724730
Series_6,14.859492,-8.683917
Series_6,14.870511,-8.643104
Series_6,14.881531,-8.607786
Series_6,14.892550,-8.586594
Series_6,14.903569,-8.523021
Series_6,14.914588,-8.491234
Series_6,14.925608,-8.459447
Series_6,14.936627,-8.445319
Series_6,14.947646,-8.401171
Series_6,14.958666,-8.357022
Series_6,14.969685,-8.312874
Series_6,14.980704,-8.268725
Series_6,14.991723,-8.268725
Series_6,15.002743,-8.247534
Series_6,15.013762,-8.226343
Series_6,15.024781,-8.162769
Series_6,15.035800,-8.162769
Series_6,15.046820,-8.148641
Series_6,15.057839,-8.141577
Series_6,15.068858,-8.067408
Series_6,15.079878,-7.993239
Series_6,15.090897,-7.919069
Series_6,15.101916,-7.844900
Series_6,15.112935,-7.844900
Series_6,15.123955,-7.866091
Series_6,15.134974,-7.844900
Series_6,15.145993,-7.823708
Series_6,15.157012,-7.790155
Series_6,15.168032,-7.756603
Series_6,15.179051,-7.723050
Series_6,15.190070,-7.689497
Series_6,15.201089,-7.655944
Series_6,15.212109,-7.622391
Series_6,15.223128,-7.588838
Series_6,15.234147,-7.555285
Series_6,15.245167,-7.521733
Series_6,15.256186,-7.488180
Series_6,15.267205,-7.454627
Series_6,15.278224,-7.421074
Series_6,15.289244,-7.399883
Series_6,15.300263,-7.371628
Series_6,15.311282,-7.357500
Series_6,15.322301,-7.315118
Series_6,15.333321,-7.272735
Series_6,15.344340,-7.219757
Series_6,15.355359,-7.193268
Series_6,15.366378,-7.166779
Series_6,15.377398,-7.166779
Series_6,15.388417,-7.124396
Series_6,15.399436,-7.039631
Series_6,15.410456,-7.018440
Series_6,15.421475,-7.018440
Series_6,15.432494,-6.997248
Series_6,15.443513,-6.997248
Series_6,15.454533,-6.912483
Series_6,15.465552,-6.901888
Series_6,15.476571,-6.891292
Series_6,15.487590,-6.848909
Series_6,15.498610,-6.827718
Series_6,15.509629,-6.820654
Series_6,15.520648,-6.792399
Series_6,15.531668,-6.721762
Series_6,15.542687,-6.629933
Series_6,15.553706,-6.588728
Series_6,15.564725,-6.547522
Series_6,15.575745,-6.506317
Series_6,15.586764,-6.465112
Series_6,15.597783,-6.423907
Series_6,15.608802,-6.382701
Series_6,15.619822,-6.368574
Series_6,15.630841,-6.354446
Series_6,15.641860,-6.340319
Series_6,15.652879,-6.297936
Series_6,15.663899,-6.266149
Series_6,15.674918,-6.234362
Series_6,15.685937,-6.202575
Series_6,15.696957,-6.170789
Series_6,15.707976,-6.139002
Series_6,15.718995,-6.107215
Series_6,15.730014,-6.064832
Series_6,15.741034,-6.086023
Series_6,15.752053,-6.054237
Series_6,15.763072,-6.022450
Series_6,15.774091,-5.992117
Series_6,15.785111,-5.961784
Series_6,15.796130,-5.931452
Series_6,15.807149,-5.901119
Series_6,15.818168,-5.870787
Series_6,15.829188,-5.840454
Series_6,15.840207,-5.810121
Series_6,15.851226,-5.779789
Series_6,15.862246,-5.749456
Series_6,15.873265,-5.719123
Series_6,15.884284,-5.688791
Series_6,15.895303,-5.658458
Series_6,15.906323,-5.628126
Series_6,15.917342,-5.597793
Series_6,15.928361,-5.567460
Series_6,15.939380,-5.537128
Series_6,15.950400,-5.506795
Series_6,15.961419,-5.513859
Series_6,15.972438,-5.478540
Series_6,15.983458,-5.443221
Series_6,15.994477,-5.407903
Series_6,16.005496,-5.365520
Series_6,16.016515,-5.365520
Series_6,16.027535,-5.252500
Series_6,16.038554,-5.259564
Series_6,16.049573,-5.217181
Series_6,16.060592,-5.185394
Series_6,16.071612,-5.153607
Series_6,16.082631,-5.111225
Series_6,16.093650,-5.082970
Series_6,16.104669,-5.054715
Series_6,16.115689,-5.040587
Series_6,16.126708,-4.984077
Series_6,16.137727,-4.973481
Series_6,16.148747,-4.962886
Series_6,16.159766,-4.952290
Series_6,16.170785,-4.941694
Series_6,16.181804,-4.835738
Series_6,16.192824,-4.807483
Series_6,16.203843,-4.779228
Series_6,16.214862,-4.750973
Series_6,16.225881,-4.722718
Series_6,16.236901,-4.694463
Series_6,16.247920,-4.666208
Series_6,16.258939,-4.637953
Series_6,16.269958,-4.609698
Series_6,16.280978,-4.581443
Series_6,16.291997,-4.553188
Series_6,16.303016,-4.524933
Series_6,16.314036,-4.496678
Series_6,16.325055,-4.468423
Series_6,16.336074,-4.440167
Series_6,16.347093,-4.411912
Series_6,16.358113,-4.383657
Series_6,16.369132,-4.355402
Series_6,16.380151,-4.327147
Series_6,16.391170,-4.298892
Series_6,16.402190,-4.270637
Series_6,16.413209,-4.242382
Series_6,16.424228,-4.115235
Series_6,16.435247,-4.122298
Series_6,16.446267,-4.115235
Series_6,16.457286,-4.115235
Series_6,16.468305,-4.084017
Series_6,16.479325,-4.052800
Series_6,16.490344,-4.021583
Series_6,16.501363,-3.990365
Series_6,16.512382,-3.959148
Series_6,16.523402,-3.927931
Series_6,16.534421,-3.896714
Series_6,16.545440,-3.865496
Series_6,16.556459,-3.834279
Series_6,16.567479,-3.803062
Series_6,16.578498,-3.771845
Series_6,16.589517,-3.740627
Series_6,16.600537,-3.709410
Series_6,16.611556,-3.678193
Series_6,16.622575,-3.646976
Series_6,16.633594,-3.615758
Series_6,16.644614,-3.584541
Series_6,16.655633,-3.553324
Series_6,16.666652,-3.522107
Series_6,16.677671,-3.490889
Series_6,16.688691,-3.459672
Series_6,16.699710,-3.428455
Series_6,16.710729,-3.397238
Series_6,16.721748,-3.366020
Series_6,16.732768,-3.334803
Series_6,16.743787,-3.303586
Series_6,16.754806,-3.272369
Series_6,16.765826,-3.241151
Series_6,16.776845,-3.209934
Series_6,16.787864,-3.178717
Series_6,16.798883,-3.147499
Series_6,16.809903,-3.116890
Series_6,16.820922,-3.086280
Series_6,16.831941,-3.055671
Series_6,16.842960,-3.076862
Series_6,16.853980,-3.042426
Series_6,16.864999,-3.007990
Series_6,16.876018,-2.973554
Series_6,16.887037,-2.939119
Series_6,16.898057,-2.904683
Series_6,16.909076,-2.870247
Series_6,16.920095,-2.835811
Series_6,16.931115,-2.801375
Series_6,16.942134,-2.766939
Series_6,16.953153,-2.732504
Series_6,16.964172,-2.698068
Series_6,16.975192,-2.663632
Series_6,16.986211,-2.629196
Series_6,16.997230,-2.594760
Series_6,17.008249,-2.560324
Series_6,17.019269,-2.525889
Series_6,17.030288,-2.491453
Series_6,17.041307,-2.457017
Series_6,17.052327,-2.422581
Series_6,17.063346,-2.388145
Series_6,17.074365,-2.353709
Series_6,17.085384,-2.319274
Series_6,17.096404,-2.284838
Series_6,17.107423,-2.250402
Series_6,17.118442,-2.215966
Series_6,17.129461,-2.181530
Series_6,17.140481,-2.147095
Series_6,17.151500,-2.112659
Series_6,17.162519,-2.078223
Series_6,17.173538,-2.043787
Series_6,17.184558,-2.009351
Series_6,17.195577,-1.974915
Series_6,17.206596,-1.946660
Series_6,17.217616,-1.953724
Series_6,17.228635,-1.890150
Series_6,17.239654,-1.862178
Series_6,17.250673,-1.834205
Series_6,17.261693,-1.806233
Series_6,17.272712,-1.778260
Series_6,17.283731,-1.750288
Series_6,17.294750,-1.722315
Series_6,17.305770,-1.694343
Series_6,17.316789,-1.666370
Series_6,17.327808,-1.638398
Series_6,17.338827,-1.610425
Series_6,17.349847,-1.582453
Series_6,17.360866,-1.554480
Series_6,17.371885,-1.526508
Series_6,17.382905,-1.498535
Series_6,17.393924,-1.470563
Series_6,17.404943,-1.442590
Series_6,17.415962,-1.414618
Series_6,17.426982,-1.386645
Series_6,17.438001,-1.358673
Series_6,17.449020,-1.330701
Series_6,17.460039,-1.302728
Series_6,17.471059,-1.274756
Series_6,17.482078,-1.246783
Series_6,17.493097,-1.218811
Series_6,17.504117,-1.190838
Series_6,17.515136,-1.190838
Series_6,17.526155,-1.106073
Series_6,17.537174,-1.081350
Series_6,17.548194,-1.056627
Series_6,17.559213,-1.042499
Series_6,17.570232,-0.995878
Series_6,17.581251,-0.949257
Series_6,17.592271,-0.902637
Series_6,17.603290,-0.856016
Series_6,17.614309,-0.809395
Series_6,17.625328,-0.795268
Series_6,17.636348,-0.781140
Series_6,17.647367,-0.767012
Series_6,17.658386,-0.767012
Series_6,17.669406,-0.759949
Series_6,17.680425,-0.703439
Series_6,17.691444,-0.669003
Series_6,17.702463,-0.634567
Series_6,17.713483,-0.600131
Series_6,17.724502,-0.565695
Series_6,17.735521,-0.531260
Series_6,17.746540,-0.496824
Series_6,17.757560,-0.462388
Series_6,17.768579,-0.427952
Series_6,17.779598,-0.385569
Series_6,17.790617,-0.352723
Series_6,17.801637,-0.319877
Series_6,17.812656,-0.287030
Series_6,17.823675,-0.254184
Series_6,17.834695,-0.221337
Series_6,17.845714,-0.188491
Series_6,17.856733,-0.155644
Series_6,17.867752,-0.122798
Series_7,0.126731,-0.228754
Series_7,0.137750,-0.266898
Series_7,0.148769,-0.305043
Series_7,0.159789,-0.343187
Series_7,0.170808,-0.381331
Series_7,0.181827,-0.419476
Series_7,0.192846,-0.457620
Series_7,0.203866,-0.495764
Series_7,0.214885,-0.533908
Series_7,0.225904,-0.572053
Series_7,0.236923,-0.610197
Series_7,0.247943,-0.648341
Series_7,0.258962,-0.686486
Series_7,0.269981,-0.724630
Series_7,0.281000,-0.788204
Series_7,0.292020,-0.894160
Series_7,0.303039,-0.915351
Series_7,0.314058,-0.957734
Series_7,0.325078,-0.978925
Series_7,0.336097,-1.000117
Series_7,0.347116,-1.063690
Series_7,0.358135,-1.084882
Series_7,0.369155,-1.106073
Series_7,0.380174,-1.127264
Series_7,0.391193,-1.169647
Series_7,0.402212,-1.212029
Series_7,0.413232,-1.248357
Series_7,0.424251,-1.275603
Series_7,0.435270,-1.317986
Series_7,0.446289,-1.360368
Series_7,0.457309,-1.402751
Series_7,0.468328,-1.466325
Series_7,0.479347,-1.487516
Series_7,0.490367,-1.487516
Series_7,0.501386,-1.572281
Series_7,0.512405,-1.614664
Series_7,0.523424,-1.614664
Series_7,0.534444,-1.635855
Series_7,0.545463,-1.678237
Series_7,0.556482,-1.699429
Series_7,0.567501,-1.699429
Series_7,0.578521,-1.720620
Series_7,0.589540,-1.720620
Series_7,0.600559,-1.763003
Series_7,0.611578,-1.805385
Series_7,0.622598,-1.847768
Series_7,0.633617,-1.864721
Series_7,0.644636,-1.911342
Series_7,0.655656,-1.890150
Series_7,0.666675,-1.904278
Series_7,0.677694,-1.953724
Series_7,0.688713,-2.017298
Series_7,0.699733,-2.017298
Series_7,0.710752,-2.017298
Series_7,0.721771,-2.080872
Series_7,0.732790,-2.144446
Series_7,0.743810,-2.144446
Series_7,0.754829,-2.165637
Series_7,0.765848,-2.208019
Series_7,0.776868,-2.229211
Series_7,0.787887,-2.271593
Series_7,0.798906,-2.313976
Series_7,0.809925,-2.342231
Series_7,0.820945,-2.356358
Series_7,0.831964,-2.377550
Series_7,0.842983,-2.388145
Series_7,0.854002,-2.398741
Series_7,0.865022,-2.462315
Series_7,0.876041,-2.547080
Series_7,0.887060,-2.568271
Series_7,0.898079,-2.589462
Series_7,0.909099,-2.589462
Series_7,0.920118,-2.610654
Series_7,0.931137,-2.653036
Series_7,0.942157,-2.716610
Series_7,0.953176,-2.758993
Series_7,0.964195,-2.780184
Series_7,0.975214,-2.801375
Series_7,0.986234,-2.864949
Series_7,0.997253,-2.886140
Series_7,1.008272,-2.928523
Series_7,1.019291,-2.949714
Series_7,1.030311,-2.992097
Series_7,1.041330,-3.034479
Series_7,1.052349,-3.034479
Series_7,1.063368,-3.055671
Series_7,1.074388,-3.076862
Series_7,1.085407,-3.140436
Series_7,1.096426,-3.161627
Series_7,1.107446,-3.204010
Series_7,1.118465,-3.225201
Series_7,1.129484,-3.297251
Series_7,1.140503,-3.309966
Series_7,1.151523,-3.345285
Series_7,1.162542,-3.331157
Series_7,1.173561,-3.415922
Series_7,1.184580,-3.437114
Series_7,1.195600,-3.437114
Series_7,1.206619,-3.479496
Series_7,1.217638,-3.521879
Series_7,1.228658,-3.543070
Series_7,1.239677,-3.606644
Series_7,1.250696,-3.627835
Series_7,1.261715,-3.641963
Series_7,1.272735,-3.670218
Series_7,1.283754,-3.691409
Series_7,1.294773,-3.754983
Series_7,1.305792,-3.776174
Series_7,1.316812,-3.818557
Series_7,1.327831,-3.850344
Series_7,1.338850,-3.860939
Series_7,1.349869,-3.882130
Series_7,1.360889,-3.924513
Series_7,1.371908,-3.945704
Series_7,1.382927,-4.009278
Series_7,1.393947,-4.041065
Series_7,1.404966,-4.019874
Series_7,1.415985,-4.072852
Series_7,1.427004,-4.094043
Series_7,1.438024,-4.115235
Series_7,1.449043,-4.157617
Series_7,1.460062,-4.178808
Series_7,1.471081,-4.221191
Series_7,1.482101,-4.221191
Series_7,1.493120,-4.242382
Series_7,1.504139,-4.263573
Series_7,1.515158,-4.327147
Series_7,1.526178,-4.369530
Series_7,1.537197,-4.369530
Series_7,1.548216,-4.411912
Series_7,1.559236,-4.433104
Series_7,1.570255,-4.475486
Series_7,1.581274,-4.464891
Series_7,1.592293,-4.566306
Series_7,1.603313,-4.602634
Series_7,1.614332,-4.623825
Series_7,1.625351,-4.645017
Series_7,1.636370,-4.743909
Series_7,1.647390,-4.779228
Series_7,1.658409,-4.814547
Series_7,1.669428,-4.867525
Series_7,1.680448,-4.878121
Series_7,1.691467,-4.913439
Series_7,1.702486,-4.938163
Series_7,1.713505,-4.962886
Series_7,1.724525,-4.962886
Series_7,1.735544,-5.068842
Series_7,1.746563,-5.090033
Series_7,1.757582,-5.111225
Series_7,1.768602,-5.111225
Series_7,1.779621,-5.139480
Series_7,1.790640,-5.167735
Series_7,1.801659,-5.195990
Series_7,1.812679,-5.259564
Series_7,1.823698,-5.280755
Series_7,1.834717,-5.344329
Series_7,1.845737,-5.386711
Series_7,1.856756,-5.429094
Series_7,1.867775,-5.429094
Series_7,1.878794,-5.471476
Series_7,1.889814,-5.535050
Series_7,1.900833,-5.556241
Series_7,1.911852,-5.563305
Series_7,1.922871,-5.577433
Series_7,1.933891,-5.619815
Series_7,1.944910,-5.641007
Series_7,1.955929,-5.683389
Series_7,1.966948,-5.725772
Series_7,1.977968,-5.746963
Series_7,1.988987,-5.789346
Series_7,2.000006,-5.831728
Series_7,2.011026,-5.874111
Series_7,2.022045,-5.916493
Series_7,2.033064,-5.933446
Series_7,2.044083,-5.948280
Series_7,2.055103,-5.980067
Series_7,2.066122,-5.980067
Series_7,2.077141,-6.043641
Series_7,2.088160,-6.107215
Series_7,2.099180,-6.107215
Series_7,2.110199,-6.128406
Series_7,2.121218,-6.191980
Series_7,2.132237,-6.223767
Series_7,2.143257,-6.276745
Series_7,2.154276,-6.276745
Series_7,2.165295,-6.297936
Series_7,2.176315,-6.319128
Series_7,2.187334,-6.425084
Series_7,2.198353,-6.488658
Series_7,2.209372,-6.484117
Series_7,2.220392,-6.479576
Series_7,2.231411,-6.516913
Series_7,2.242430,-6.516913
Series_7,2.253449,-6.573423
Series_7,2.264469,-6.594614
Series_7,2.275488,-6.647592
Series_7,2.286507,-6.700571
Series_7,2.297527,-6.742953
Series_7,2.308546,-6.827718
Series_7,2.319565,-6.848909
Series_7,2.330584,-6.870101
Series_7,2.341604,-6.954866
Series_7,2.352623,-6.967581
Series_7,2.363642,-6.976057
Series_7,2.374661,-7.039631
Series_7,2.385681,-7.060822
Series_7,2.396700,-7.060822
Series_7,2.407719,-7.060822
Series_7,2.418738,-7.103205
Series_7,2.429758,-7.187970
Series_7,2.440777,-7.247306
Series_7,2.451796,-7.272735
Series_7,2.462816,-7.325713
Series_7,2.473835,-7.378691
Series_7,2.484854,-7.406946
Series_7,2.495873,-7.435202
Series_7,2.506893,-7.463457
Series_7,2.517912,-7.516435
Series_7,2.528931,-7.569413
Series_7,2.539950,-7.569413
Series_7,2.550970,-7.590604
Series_7,2.561989,-7.611796
Series_7,2.573008,-7.675369
Series_7,2.584027,-7.675369
Series_7,2.595047,-7.738943
Series_7,2.606066,-7.802517
Series_7,2.617085,-7.851963
Series_7,2.628105,-7.866091
Series_7,2.639124,-7.897878
Series_7,2.650143,-7.929665
Series_7,2.661162,-7.972047
Series_7,2.672182,-8.035621
Series_7,2.683201,-8.078004
Series_7,2.694220,-8.063876
Series_7,2.705239,-8.106259
Series_7,2.716259,-8.134514
Series_7,2.727278,-8.148641
Series_7,2.738297,-8.162769
Series_7,2.749317,-8.233406
Series_7,2.760336,-8.261661
Series_7,2.771355,-8.332299
Series_7,2.782374,-8.388809
Series_7,2.793394,-8.445319
Series_7,2.804413,-8.518782
Series_7,2.815432,-8.515957
Series_7,2.826451,-8.572467
Series_7,2.837471,-8.607786
Series_7,2.848490,-8.671359
Series_7,2.859509,-8.713742
Series_7,2.870528,-8.770252
Series_7,2.881548,-8.812635
Series_7,2.892567,-8.826762
Series_7,2.903586,-8.855017
Series_7,2.914606,-8.936250
Series_7,2.925625,-8.968037
Series_7,2.936644,-8.989229
Series_7,2.947663,-9.031611
Series_7,2.958683,-9.031611
Series_7,2.969702,-9.031611
Series_7,2.980721,-9.095185
Series_7,2.991740,-9.158759
Series_7,3.002760,-9.222333
Series_7,3.013779,-9.285907
Series_7,3.024798,-9.349480
Series_7,3.035817,-9.363608
Series_7,3.046837,-9.448373
Series_7,3.057856,-9.540202
Series_7,3.068875,-9.561393
Series_7,3.079895,-9.582584
Series_7,3.090914,-9.582584
Series_7,3.101933,-9.646158
Series_7,3.112952,-9.677945
Series_7,3.123972,-9.709732
Series_7,3.134991,-9.752115
Series_7,3.146010,-9.836880
Series_7,3.157029,-9.879262
Series_7,3.168049,-9.942836
Series_7,3.179068,-9.964027
Series_7,3.190087,-10.002878
Series_7,3.201107,-10.041729
Series_7,3.212126,-10.112366
Series_7,3.223145,-10.112366
Series_7,3.234164,-10.152100
Series_7,3.245184,-10.191834
Series_7,3.256203,-10.231567
Series_7,3.267222,-10.271301
Series_7,3.278241,-10.303088
Series_7,3.289261,-10.352534
Series_7,3.300280,-10.366662
Series_7,3.311299,-10.451427
Series_7,3.322318,-10.560411
Series_7,3.333338,-10.578575
Series_7,3.344357,-10.620957
Series_7,3.355376,-10.684531
Series_7,3.366396,-10.769296
Series_7,3.377415,-10.798964
Series_7,3.388434,-10.828632
Series_7,3.399453,-10.858299
Series_7,3.410473,-10.887967
Series_7,3.421492,-10.917635
Series_7,3.432511,-11.023591
Series_7,3.443530,-11.069506
Series_7,3.454550,-11.115420
Series_7,3.465569,-11.138024
Series_7,3.476588,-11.224909
Series_7,3.487607,-11.270823
Series_7,3.498627,-11.313206
Series_7,3.509646,-11.415630
Series_7,3.520665,-11.465581
Series_7,3.531685,-11.515532
Series_7,3.542704,-11.565483
Series_7,3.553723,-11.615434
Series_7,3.564742,-11.665384
Series_7,3.575762,-11.715335
Series_7,3.586781,-11.765286
Series_7,3.597800,-11.828860
Series_7,3.608819,-11.871243
Series_7,3.619839,-11.913625
Series_7,3.630858,-11.991326
Series_7,3.641877,-12.005454
Series_7,3.652896,-12.040773
Series_7,3.663916,-12.104347
Series_7,3.674935,-12.125538
Series_7,3.685954,-12.132602
Series_7,3.696974,-12.203239
Series_7,3.707993,-12.245622
Series_7,3.719012,-12.288004
Series_7,3.730031,-12.386897
Series_7,3.741051,-12.501683
Series_7,3.752070,-12.528172
Series_7,3.763089,-12.528172
Series_7,3.774108,-12.655320
Series_7,3.785128,-12.740085
Series_7,3.796147,-12.782468
Series_7,3.807166,-12.846041
Series_7,3.818186,-12.909615
Series_7,3.829205,-12.973189
Series_7,3.840224,-13.015572
Series_7,3.851243,-13.057954
Series_7,3.862263,-13.104575
Series_7,3.873282,-13.113051
Series_7,3.884301,-13.121528
Series_7,3.895320,-13.206293
Series_7,3.906340,-13.291058
Series_7,3.917359,-13.322845
Series_7,3.928378,-13.428802
Series_7,3.939397,-13.517099
Series_7,3.950417,-13.566545
Series_7,3.961436,-13.630119
Series_7,3.972455,-13.746671
Series_7,3.983475,-13.778458
Series_7,3.994494,-13.863223
Series_7,4.005513,-13.969179
Series_7,4.016532,-14.053944
Series_7,4.027552,-14.075136
Series_7,4.038571,-14.138709
Series_7,4.049590,-14.138709
Series_7,4.060609,-14.223474
Series_7,4.071629,-14.350622
Series_7,4.082648,-14.456579
Series_7,4.093667,-14.460817
Series_7,4.104686,-14.477770
Series_7,4.115706,-14.604918
Series_7,4.126725,-14.689683
Series_7,4.137744,-14.753256
Series_7,4.148764,-14.816830
Series_7,4.159783,-14.922787
Series_7,4.170802,-15.028743
Series_7,4.181821,-15.049934
Series_7,4.192841,-15.155891
Series_7,4.203860,-15.177082
Series_7,4.214879,-15.261847
Series_7,4.225898,-15.346612
Series_7,4.236918,-15.463164
Series_7,4.247937,-15.532036
Series_7,4.258956,-15.600908
Series_7,4.269976,-15.696268
Series_7,4.280995,-15.733353
Series_7,4.292014,-15.770438
Series_7,4.303033,-15.876394
Series_7,4.314053,-15.876394
Series_7,4.325072,-15.961159
Series_7,4.336091,-16.045924
Series_7,4.347110,-16.102435
Series_7,4.358130,-16.158945
Series_7,4.369149,-16.215455
Series_7,4.380168,-16.268433
Series_7,4.391187,-16.321411
Series_7,4.402207,-16.363794
Series_7,4.413226,-16.480346
Series_7,4.424245,-16.596898
Series_7,4.435265,-16.713450
Series_7,4.446284,-16.830002
Series_7,4.457303,-16.830002
Series_7,4.468322,-16.885099
Series_7,4.479342,-16.928894
Series_7,4.490361,-16.992468
Series_7,4.501380,-17.056042
Series_7,4.512399,-17.140807
Series_7,4.523419,-17.260891
Series_7,4.534438,-17.380975
Series_7,4.545457,-17.444549
Series_7,4.556476,-17.503884
Series_7,4.567496,-17.558982
Series_7,4.578515,-17.614079
Series_7,4.589534,-17.647985
Series_7,4.600554,-17.771500
Series_7,4.611573,-17.889566
Series_7,4.622592,-17.953140
Series_7,4.633611,-18.037905
Series_7,4.644631,-18.155634
Series_7,4.655650,-18.273363
Series_7,4.666669,-18.313391
Series_7,4.677688,-18.436301
Series_7,4.688708,-18.546495
Series_7,4.699727,-18.616124
Series_7,4.710746,-18.685752
Series_7,4.721765,-18.817744
Series_7,4.732785,-18.832578
Series_7,4.743804,-18.919462
Series_7,4.754823,-18.936415
Series_7,4.765843,-19.076277
Series_7,4.776862,-19.161042
Series_7,4.787881,-19.161042
Series_7,4.798900,-19.309381
Series_7,4.809920,-19.394147
Series_7,4.820939,-19.436529
Series_7,4.831958,-19.563677
Series_7,4.842977,-19.643733
Series_7,4.853997,-19.669633
Series_7,4.865016,-19.810908
Series_7,4.876035,-19.865299
Series_7,4.887055,-19.919690
Series_7,4.898074,-20.017170
Series_7,4.909093,-20.114650
Series_7,4.920112,-20.170277
Series_7,4.931132,-20.225904
Series_7,4.942151,-20.302344
Series_7,4.953170,-20.404516
Series_7,4.964189,-20.506689
Series_7,4.975209,-20.609113
Series_7,4.986228,-20.729197
Series_7,4.997247,-20.801247
Series_7,5.008266,-20.856345
Series_7,5.019286,-20.919919
Series_7,5.030305,-20.972897
Series_7,5.041324,-21.068258
Series_7,5.052344,-21.216596
Series_7,5.063363,-21.258979
Series_7,5.074382,-21.334326
Series_7,5.085401,-21.409673
Series_7,5.096421,-21.485019
Series_7,5.107440,-21.545061
Series_7,5.118459,-21.555657
Series_7,5.129478,-21.576848
Series_7,5.140498,-21.707023
Series_7,5.151517,-21.790275
Series_7,5.162536,-21.873526
Series_7,5.173555,-21.987959
Series_7,5.184575,-22.085439
Series_7,5.195594,-22.177268
Series_7,5.206613,-22.254969
Series_7,5.217633,-22.371521
Series_7,5.228652,-22.366980
Series_7,5.239671,-22.509264
Series_7,5.250690,-22.594030
Series_7,5.261710,-22.606744
Series_7,5.272729,-22.685858
Series_7,5.283748,-22.827134
Series_7,5.294767,-22.862452
Series_7,5.305787,-22.933090
Series_7,5.316806,-23.070833
Series_7,5.327825,-23.208577
Series_7,5.338845,-23.258023
Series_7,5.349864,-23.307469
Series_7,5.360883,-23.441681
Series_7,5.371902,-23.491127
Series_7,5.382922,-23.590020
Series_7,5.393941,-23.653594
Series_7,5.404960,-23.717167
Series_7,5.415979,-23.759550
Series_7,5.426999,-23.844315
Series_7,5.438018,-23.929080
Series_7,5.449037,-23.929080
Series_7,5.460056,-24.045632
Series_7,5.471076,-24.183376
Series_7,5.482095,-24.246949
Series_7,5.493114,-24.352906
Series_7,5.504134,-24.501245
Series_7,5.515153,-24.586010
Series_7,5.526172,-24.660179
Series_7,5.537191,-24.751756
Series_7,5.548211,-24.843332
Series_7,5.559230,-24.903879
Series_7,5.570249,-24.974517
Series_7,5.581268,-25.073409
Series_7,5.592288,-25.158174
Series_7,5.603307,-25.172302
Series_7,5.614326,-25.166651
Series_7,5.625345,-25.285322
Series_7,5.636365,-25.364789
Series_7,5.647384,-25.444257
Series_7,5.658403,-25.476044
Series_7,5.669423,-25.624382
Series_7,5.680442,-25.666765
Series_7,5.691461,-25.709148
Series_7,5.702480,-25.762126
Series_7,5.713500,-25.772721
Series_7,5.724519,-25.822168
Series_7,5.735538,-25.956379
Series_7,5.746557,-26.055272
Series_7,5.757577,-26.154164
Series_7,5.768596,-26.224802
Series_7,5.779615,-26.295440
Series_7,5.790635,-26.366077
Series_7,5.801654,-26.395745
Series_7,5.812673,-26.507352
Series_7,5.823692,-26.570926
Series_7,5.834712,-26.680415
Series_7,5.845731,-26.789903
Series_7,5.856750,-26.853477
Series_7,5.867769,-26.853477
Series_7,5.878789,-27.001816
Series_7,5.889808,-27.065389
Series_7,5.900827,-27.107772
Series_7,5.911846,-27.222810
Series_7,5.922866,-27.337849
Series_7,5.933885,-27.340876
Series_7,5.944904,-27.393854
Series_7,5.955924,-27.446832
Series_7,5.966943,-27.517470
Series_7,5.977962,-27.604253
Series_7,5.988981,-27.692651
Series_7,6.000001,-27.726557
Series_7,6.011020,-27.760463
Series_7,6.022039,-27.785893
Series_7,6.033058,-27.934232
Series_7,6.044078,-28.061380
Series_7,6.055097,-28.106411
Series_7,6.066116,-28.151442
Series_7,6.077135,-28.180580
Series_7,6.088155,-28.209718
Series_7,6.099174,-28.315675
Series_7,6.110193,-28.421631
Series_7,6.121213,-28.449886
Series_7,6.132232,-28.569970
Series_7,6.143251,-28.675927
Series_7,6.154270,-28.781883
Series_7,6.165290,-28.781883
Series_7,6.176309,-28.824266
Series_7,6.187328,-28.951413
Series_7,6.198347,-28.958477
Series_7,6.209367,-28.958477
Series_7,6.220386,-29.057370
Series_7,6.231405,-29.085625
Series_7,6.242424,-29.124475
Series_7,6.253444,-29.163326
Series_7,6.264463,-29.226900
Series_7,6.275482,-29.290474
Series_7,6.286502,-29.417621
Series_7,6.297521,-29.460004
Series_7,6.308540,-29.523578
Series_7,6.319559,-29.565960
Series_7,6.330579,-29.636598
Series_7,6.341598,-29.684631
Series_7,6.352617,-29.703704
Series_7,6.363636,-29.793767
Series_7,6.374656,-29.883829
Series_7,6.385675,-29.883829
Series_7,6.396694,-29.910319
Series_7,6.407714,-29.936808
Series_7,6.418733,-30.042764
Series_7,6.429752,-30.092564
Series_7,6.440771,-30.142363
Series_7,6.451791,-30.207753
Series_7,6.462810,-30.340956
Series_7,6.473829,-30.405539
Series_7,6.484848,-30.470122
Series_7,6.495868,-30.515330
Series_7,6.506887,-30.583142
Series_7,6.517906,-30.583142
Series_7,6.528925,-30.696162
Series_7,6.539945,-30.699694
Series_7,6.550964,-30.780927
Series_7,6.561983,-30.837437
Series_7,6.573003,-30.851565
Series_7,6.584022,-30.865692
Series_7,6.595041,-30.879820
Series_7,6.606060,-30.985776
Series_7,6.617080,-31.006967
Series_7,6.628099,-31.049350
Series_7,6.639118,-31.070541
Series_7,6.650137,-31.187093
Series_7,6.661157,-31.197689
Series_7,6.672176,-31.229476
Series_7,6.683195,-31.261263
Series_7,6.694214,-31.331900
Series_7,6.705234,-31.444920
Series_7,6.716253,-31.487303
Series_7,6.727272,-31.473175
Series_7,6.738292,-31.515558
Series_7,6.749311,-31.579132
Series_7,6.760330,-31.642706
Series_7,6.771349,-31.628578
Series_7,6.782369,-31.663897
Series_7,6.793388,-31.706279
Series_7,6.804407,-31.791045
Series_7,6.815426,-31.791045
Series_7,6.826446,-31.854618
Series_7,6.837465,-31.854618
Series_7,6.848484,-31.911128
Series_7,6.859504,-31.939384
Series_7,6.870523,-31.939384
Series_7,6.881542,-31.939384
Series_7,6.892561,-31.971170
Series_7,6.903581,-32.002957
Series_7,6.914600,-32.045340
Series_7,6.925619,-32.087722
Series_7,6.936638,-32.142820
Series_7,6.947658,-32.193679
Series_7,6.958677,-32.214870
Series_7,6.969696,-32.278444
Series_7,6.980715,-32.320827
Series_7,6.991735,-32.320827
Series_7,7.002754,-32.320827
Series_7,7.013773,-32.342018
Series_7,7.024793,-32.405592
Series_7,7.035812,-32.384400
Series_7,7.046831,-32.456451
Series_7,7.057850,-32.532739
Series_7,7.068870,-32.568058
Series_7,7.079889,-32.600551
Series_7,7.090908,-32.659887
Series_7,7.101927,-32.659887
Series_7,7.112947,-32.638696
Series_7,7.123966,-32.617504
Series_7,7.134985,-32.674015
Series_7,7.146004,-32.681078
Series_7,7.157024,-32.702270
Series_7,7.168043,-32.765843
Series_7,7.179062,-32.787035
Series_7,7.190082,-32.787035
Series_7,7.201101,-32.808226
Series_7,7.212120,-32.829417
Series_7,7.223139,-32.861204
Series_7,7.234159,-32.871800
Series_7,7.245178,-32.892991
Series_7,7.256197,-32.882395
Series_7,7.267216,-32.882395
Series_7,7.278236,-32.914182
Series_7,7.289255,-32.928310
Series_7,7.300274,-32.956565
Series_7,7.311294,-32.956565
Series_7,7.322313,-32.956565
Series_7,7.333332,-32.956565
Series_7,7.344351,-32.956565
Series_7,7.355371,-32.956565
Series_7,7.366390,-32.977756
Series_7,7.377409,-33.020139
Series_7,7.388428,-33.020139
Series_7,7.399448,-33.041330
Series_7,7.410467,-33.041330
Series_7,7.421486,-33.041330
Series_7,7.432505,-33.041330
Series_7,7.443525,-33.062521
Series_7,7.454544,-33.062521
Series_7,7.465563,-33.062521
Series_7,7.476583,-33.062521
Series_7,7.487602,-33.062521
Series_7,7.498621,-33.062521
Series_7,7.509640,-33.062521
Series_7,7.520660,-33.062521
Series_7,7.531679,-33.062521
Series_7,7.542698,-33.062521
Series_7,7.553717,-33.062521
Series_7,7.564737,-33.062521
Series_7,7.575756,-33.062521
Series_7,7.586775,-33.062521
Series_7,7.597794,-33.062521
Series_7,7.608814,-33.062521
Series_7,7.619833,-33.062521
Series_7,7.630852,-33.062521
Series_7,7.641872,-33.062521
Series_7,7.652891,-33.062521
Series_7,7.663910,-33.062521
Series_7,7.674929,-33.062521
Series_7,7.685949,-33.062521
Series_7,7.696968,-33.062521
Series_7,7.707987,-33.062521
Series_7,7.719006,-33.062521
Series_7,7.730026,-33.062521
Series_7,7.741045,-33.062521
Series_7,7.752064,-33.062521
Series_7,7.763083,-33.062521
Series_7,7.774103,-33.049277
Series_7,7.785122,-33.036032
Series_7,7.796141,-33.022788
Series_7,7.807161,-33.009543
Series_7,7.818180,-32.996299
Series_7,7.829199,-32.983054
Series_7,7.840218,-32.969809
Series_7,7.851238,-32.956565
Series_7,7.862257,-32.956565
Series_7,7.873276,-32.956565
Series_7,7.884295,-32.935374
Series_7,7.895315,-32.935374
Series_7,7.906334,-32.935374
Series_7,7.917353,-32.935374
Series_7,7.928373,-32.923264
Series_7,7.939392,-32.911155
Series_7,7.950411,-32.899046
Series_7,7.961430,-32.886936
Series_7,7.972450,-32.874827
Series_7,7.983469,-32.862718
Series_7,7.994488,-32.850609
Series_7,8.005507,-32.829417
Series_7,8.016527,-32.787035
Series_7,8.027546,-32.765843
Series_7,8.038565,-32.758780
Series_7,8.049584,-32.710746
Series_7,8.060604,-32.710746
Series_7,8.071623,-32.710746
Series_7,8.082642,-32.670483
Series_7,8.093662,-32.659887
Series_7,8.104681,-32.638696
Series_7,8.115700,-32.638696
Series_7,8.126719,-32.638696
Series_7,8.137739,-32.638696
Series_7,8.148758,-32.638696
Series_7,8.159777,-32.575122
Series_7,8.170796,-32.553931
Series_7,8.181816,-32.511548
Series_7,8.192835,-32.490357
Series_7,8.203854,-32.447974
Series_7,8.214873,-32.426783
Series_7,8.225893,-32.394996
Series_7,8.236912,-32.363209
Series_7,8.247931,-32.342018
Series_7,8.258951,-32.320827
Series_7,8.269970,-32.299635
Series_7,8.280989,-32.299635
Series_7,8.292008,-32.299635
Series_7,8.303028,-32.244538
Series_7,8.314047,-32.221934
Series_7,8.325066,-32.193679
Series_7,8.336085,-32.087722
Series_7,8.347105,-32.094786
Series_7,8.358124,-32.094786
Series_7,8.369143,-32.038276
Series_7,8.380163,-32.024149
Series_7,8.391182,-32.024149
Series_7,8.402201,-31.956337
Series_7,8.413220,-31.918192
Series_7,8.424240,-31.939384
Series_7,8.435259,-31.897001
Series_7,8.446278,-31.918192
Series_7,8.457297,-31.875810
Series_7,8.468317,-31.812236
Series_7,8.479336,-31.798108
Series_7,8.490355,-31.769853
Series_7,8.501374,-31.769853
Series_7,8.512394,-31.706279
Series_7,8.523413,-31.642706
Series_7,8.534432,-31.621514
Series_7,8.545452,-31.610919
Series_7,8.556471,-31.600323
Series_7,8.567490,-31.600323
Series_7,8.578509,-31.557941
Series_7,8.589529,-31.494367
Series_7,8.600548,-31.494367
Series_7,8.611567,-31.451984
Series_7,8.622586,-31.409602
Series_7,8.633606,-31.367219
Series_7,8.644625,-31.367219
Series_7,8.655644,-31.367219
Series_7,8.666663,-31.367219
Series_7,8.677683,-31.261263
Series_7,8.688702,-31.278216
Series_7,8.699721,-31.176497
Series_7,8.710741,-31.190625
Series_7,8.721760,-31.169434
Series_7,8.732779,-31.148242
Series_7,8.743798,-31.105860
Series_7,8.754818,-31.077605
Series_7,8.765837,-31.077605
Series_7,8.776856,-31.049350
Series_7,8.787875,-30.996372
Series_7,8.798895,-30.964585
Series_7,8.809914,-30.922202
Series_7,8.820933,-30.893947
Series_7,8.831953,-30.879820
Series_7,8.842972,-30.816246
Series_7,8.853991,-30.752672
Series_7,8.865010,-30.731481
Series_7,8.876030,-30.752672
Series_7,8.887049,-30.667907
Series_7,8.898068,-30.625524
Series_7,8.909087,-30.625524
Series_7,8.920107,-30.597269
Series_7,8.931126,-30.604333
Series_7,8.942145,-30.506853
Series_7,8.953164,-30.455994
Series_7,8.964184,-30.427739
Series_7,8.975203,-30.399484
Series_7,8.986222,-30.328846
Series_7,8.997242,-30.286464
Series_7,9.008261,-30.261034
Series_7,9.019280,-30.180507
Series_7,9.030299,-30.131061
Series_7,9.041319,-30.046296
Series_7,9.052338,-30.053360
Series_7,9.063357,-30.015215
Series_7,9.074376,-29.957999
Series_7,9.085396,-29.926212
Series_7,9.096415,-29.862638
Series_7,9.107434,-29.848511
Series_7,9.118453,-29.813192
Series_7,9.129473,-29.777873
Series_7,9.140492,-29.714299
Series_7,9.151511,-29.714299
Series_7,9.162531,-29.693108
Series_7,9.173550,-29.629534
Series_7,9.184569,-29.650725
Series_7,9.195588,-29.587152
Series_7,9.206608,-29.549007
Series_7,9.217627,-29.523578
Series_7,9.228646,-29.460004
Series_7,9.239665,-29.417621
Series_7,9.250685,-29.375239
Series_7,9.261704,-29.354048
Series_7,9.272723,-29.362524
Series_7,9.283742,-29.290474
Series_7,9.294762,-29.260806
Series_7,9.305781,-29.205709
Series_7,9.316800,-29.184517
Series_7,9.327820,-29.099752
Series_7,9.338839,-29.078561
Series_7,9.349858,-29.014987
Series_7,9.360877,-28.993796
Series_7,9.371897,-28.986732
Series_7,9.382916,-28.938698
Series_7,9.393935,-28.904792
Series_7,9.404954,-28.866648
Series_7,9.415974,-28.803074
Series_7,9.426993,-28.771287
Series_7,9.438012,-28.739500
Series_7,9.449032,-28.739500
Series_7,9.460051,-28.711245
Series_7,9.471070,-28.682990
Series_7,9.482089,-28.661799
Series_7,9.493109,-28.633544
Series_7,9.504128,-28.591161
Series_7,9.515147,-28.591161
Series_7,9.526166,-28.598867
Series_7,9.537186,-28.567616
Series_7,9.548205,-28.477055
Series_7,9.559224,-28.414567
Series_7,9.570243,-28.315675
Series_7,9.581263,-28.294484
Series_7,9.592282,-28.273292
Series_7,9.603301,-28.273292
Series_7,9.614321,-28.209718
Series_7,9.625340,-28.188527
Series_7,9.636359,-28.146145
Series_7,9.647378,-28.119656
Series_7,9.658398,-28.009915
Series_7,9.669417,-27.976614
Series_7,9.680436,-27.913041
Series_7,9.691455,-27.838871
Series_7,9.702475,-27.722319
Series_7,9.713494,-27.678171
Series_7,9.724513,-27.634022
Series_7,9.735532,-27.589874
Series_7,9.746552,-27.545725
Series_7,9.757571,-27.501577
Series_7,9.768590,-27.457428
Series_7,9.779610,-27.413280
Series_7,9.790629,-27.369131
Series_7,9.801648,-27.324983
Series_7,9.812667,-27.280834
Series_7,9.823687,-27.236686
Series_7,9.834706,-27.192537
Series_7,9.845725,-27.192537
Series_7,9.856744,-27.171346
Series_7,9.867764,-27.150155
Series_7,9.878783,-27.128963
Series_7,9.889802,-27.107772
Series_7,9.900822,-27.086581
Series_7,9.911841,-27.065389
Series_7,9.922860,-26.963671
Series_7,9.933879,-26.959433
Series_7,9.944899,-26.959433
Series_7,9.955918,-26.870430
Series_7,9.966937,-26.758931
Series_7,9.977956,-26.723069
Series_7,9.988976,-26.683946
Series_7,9.999995,-26.683946
Series_7,10.011014,-26.683946
Series_7,10.022033,-26.587622
Series_7,10.033053,-26.577990
Series_7,10.044072,-26.577990
Series_7,10.055091,-26.577990
Series_7,10.066111,-26.505940
Series_7,10.077130,-26.505940
Series_7,10.088149,-26.429651
Series_7,10.099168,-26.366077
Series_7,10.110188,-26.355482
Series_7,10.121207,-26.344886
Series_7,10.132226,-26.323695
Series_7,10.143245,-26.310980
Series_7,10.154265,-26.217738
Series_7,10.165284,-26.175356
Series_7,10.176303,-26.132973
Series_7,10.187322,-26.111782
Series_7,10.198342,-26.058804
Series_7,10.209361,-26.005825
Series_7,10.220380,-25.942252
Series_7,10.231400,-25.921060
Series_7,10.242419,-25.878678
Series_7,10.253438,-25.815104
Series_7,10.264457,-25.815104
Series_7,10.275477,-25.815104
Series_7,10.286496,-25.762126
Series_7,10.297515,-25.709148
Series_7,10.308534,-25.687956
Series_7,10.319554,-25.695020
Series_7,10.330573,-25.687956
Series_7,10.341592,-25.603191
Series_7,10.352612,-25.571404
Series_7,10.363631,-25.539617
Series_7,10.374650,-25.486639
Series_7,10.385669,-25.476044
Series_7,10.396689,-25.483107
Series_7,10.407708,-25.384215
Series_7,10.418727,-25.391278
Series_7,10.429746,-25.370087
Series_7,10.440766,-25.348896
Series_7,10.451785,-25.313577
Series_7,10.462804,-25.271194
Series_7,10.473823,-25.264131
Series_7,10.484843,-25.242939
Series_7,10.495862,-25.211153
Series_7,10.506881,-25.200557
Series_7,10.517901,-25.179366
Series_7,10.528920,-25.136983
Series_7,10.539939,-25.115792
Series_7,10.550958,-25.101664
Series_7,10.561978,-25.073409
Series_7,10.572997,-25.016899
Series_7,10.584016,-25.002772
Series_7,10.595035,-24.988644
Series_7,10.606055,-24.988644
Series_7,10.617074,-24.988644
Series_7,10.628093,-24.967453
Series_7,10.639112,-24.927189
Series_7,10.650132,-24.886926
Series_7,10.661151,-24.819114
Series_7,10.672170,-24.776731
Series_7,10.683190,-24.797923
Series_7,10.694209,-24.720221
Series_7,10.705228,-24.691966
Series_7,10.716247,-24.628392
Series_7,10.727267,-24.649584
Series_7,10.738286,-24.607201
Series_7,10.749305,-24.543627
Series_7,10.760324,-24.543627
Series_7,10.771344,-24.543627
Series_7,10.782363,-24.543627
Series_7,10.793382,-24.522436
Series_7,10.804401,-24.501245
Series_7,10.815421,-24.480053
Series_7,10.826440,-24.437671
Series_7,10.837459,-24.395288
Series_7,10.848479,-24.395288
Series_7,10.859498,-24.338778
Series_7,10.870517,-24.310523
Series_7,10.881536,-24.246949
Series_7,10.892556,-24.254013
Series_7,10.903575,-24.268141
Series_7,10.914594,-24.225758
Series_7,10.925613,-24.172780
Series_7,10.936633,-24.119802
Series_7,10.947652,-24.098610
Series_7,10.958671,-24.098610
Series_7,10.969691,-24.098610
Series_7,10.980710,-24.035037
Series_7,10.991729,-24.022322
Series_7,11.002748,-23.971463
Series_7,11.013768,-23.907889
Series_7,11.024787,-23.929080
Series_7,11.035806,-23.929080
Series_7,11.046825,-23.865506
Series_7,11.057845,-23.865506
Series_7,11.068864,-23.844315
Series_7,11.079883,-23.801932
Series_7,11.090902,-23.801932
Series_7,11.101922,-23.780741
Series_7,11.112941,-23.780741
Series_7,11.123960,-23.695976
Series_7,11.134980,-23.695976
Series_7,11.145999,-23.695976
Series_7,11.157018,-23.660657
Series_7,11.168037,-23.625339
Series_7,11.179057,-23.590020
Series_7,11.190076,-23.564590
Series_7,11.201095,-23.526446
Series_7,11.212114,-23.526446
Series_7,11.223134,-23.505255
Series_7,11.234153,-23.484063
Series_7,11.245172,-23.445919
Series_7,11.256191,-23.420489
Series_7,11.267211,-23.356916
Series_7,11.278230,-23.356916
Series_7,11.289249,-23.356916
Series_7,11.300269,-23.335724
Series_7,11.311288,-23.293342
Series_7,11.322307,-23.279214
Series_7,11.333326,-23.275682
Series_7,11.344346,-23.272151
Series_7,11.355365,-23.208577
Series_7,11.366384,-23.229768
Series_7,11.377403,-23.190917
Series_7,11.388423,-23.152067
Series_7,11.399442,-23.152067
Series_7,11.410461,-23.102620
Series_7,11.421481,-23.102620
Series_7,11.432500,-23.060238
Series_7,11.443519,-23.060238
Series_7,11.454538,-23.039046
Series_7,11.465558,-22.996664
Series_7,11.476577,-22.940154
Series_7,11.487596,-22.933090
Series_7,11.498615,-22.933090
Series_7,11.509635,-22.911899
Series_7,11.520654,-22.890708
Series_7,11.531673,-22.805942
Series_7,11.542692,-22.784751
Series_7,11.553712,-22.742369
Series_7,11.564731,-22.721177
Series_7,11.575750,-22.705284
Series_7,11.586770,-22.689390
Series_7,11.597789,-22.684093
Series_7,11.608808,-22.678795
Series_7,11.619827,-22.657603
Series_7,11.630847,-22.636412
Series_7,11.641866,-22.615221
Series_7,11.652885,-22.594030
Series_7,11.663904,-22.586966
Series_7,11.674924,-22.530456
Series_7,11.685943,-22.530456
Series_7,11.696962,-22.488073
Series_7,11.707981,-22.445691
Series_7,11.719001,-22.459818
Series_7,11.730020,-22.403308
Series_7,11.741039,-22.332670
Series_7,11.752059,-22.276160
Series_7,11.763078,-22.290288
Series_7,11.774097,-22.276160
Series_7,11.785116,-22.276160
Series_7,11.796136,-22.262033
Series_7,11.807155,-22.191395
Series_7,11.818174,-22.191395
Series_7,11.829193,-22.134885
Series_7,11.840213,-22.064248
Series_7,11.851232,-22.064248
Series_7,11.862251,-22.043056
Series_7,11.873271,-22.021865
Series_7,11.884290,-21.979483
Series_7,11.895309,-21.958291
Series_7,11.906328,-21.937100
Series_7,11.917348,-21.937100
Series_7,11.928367,-21.915909
Series_7,11.939386,-21.894717
Series_7,11.950405,-21.884122
Series_7,11.961425,-21.868228
Series_7,11.972444,-21.852335
Series_7,11.983463,-21.809952
Series_7,11.994482,-21.767570
Series_7,12.005502,-21.788761
Series_7,12.016521,-21.746378
Series_7,12.027540,-21.703996
Series_7,12.038560,-21.640422
Series_7,12.049579,-21.598040
Series_7,12.060598,-21.545061
Series_7,12.071617,-21.492083
Series_7,12.082637,-21.449701
Series_7,12.093656,-21.429756
Series_7,12.104675,-21.409811
Series_7,12.115694,-21.389866
Series_7,12.126714,-21.369922
Series_7,12.137733,-21.349977
Series_7,12.148752,-21.330032
Series_7,12.159771,-21.310087
Series_7,12.170791,-21.290143
Series_7,12.181810,-21.270198
Series_7,12.192829,-21.250253
Series_7,12.203849,-21.230308
Series_7,12.214868,-21.210364
Series_7,12.225887,-21.190419
Series_7,12.236906,-21.170474
Series_7,12.247926,-21.150530
Series_7,12.258945,-21.130585
Series_7,12.269964,-21.110640
Series_7,12.280983,-21.090695
Series_7,12.292003,-21.070751
Series_7,12.303022,-21.050806
Series_7,12.314041,-21.030861
Series_7,12.325060,-21.010916
Series_7,12.336080,-20.990972
Series_7,12.347099,-20.971027
Series_7,12.358118,-20.951082
Series_7,12.369138,-20.931137
Series_7,12.380157,-20.911193
Series_7,12.391176,-20.891248
Series_7,12.402195,-20.871303
Series_7,12.413215,-20.851359
Series_7,12.424234,-20.831414
Series_7,12.435253,-20.811469
Series_7,12.446272,-20.791524
Series_7,12.457292,-20.771580
Series_7,12.468311,-20.729197
Series_7,12.479330,-20.708006
Series_7,12.490350,-20.665623
Series_7,12.501369,-20.623241
Series_7,12.512388,-20.623241
Series_7,12.523407,-20.580858
Series_7,12.534427,-20.559667
Series_7,12.545446,-20.496093
Series_7,12.556465,-20.411328
Series_7,12.567484,-20.411328
Series_7,12.578504,-20.411328
Series_7,12.589523,-20.411328
Series_7,12.600542,-20.411328
Series_7,12.611561,-20.377422
Series_7,12.622581,-20.318086
Series_7,12.633600,-20.326563
Series_7,12.644619,-20.277116
Series_7,12.655639,-20.284180
Series_7,12.666658,-20.178224
Series_7,12.677677,-20.157033
Series_7,12.688696,-20.157033
Series_7,12.699716,-20.135841
Series_7,12.710735,-20.093459
Series_7,12.721754,-20.051076
Series_7,12.732773,-20.029885
Series_7,12.743793,-20.029885
Series_7,12.754812,-20.008694
Series_7,12.765831,-19.987502
Series_7,12.776850,-19.955715
Series_7,12.787870,-19.923928
Series_7,12.798889,-19.902737
Series_7,12.809908,-19.902737
Series_7,12.820928,-19.888610
Series_7,12.831947,-19.839163
Series_7,12.842966,-19.817972
Series_7,12.853985,-19.817972
Series_7,12.865005,-19.796781
Series_7,12.876024,-19.754398
Series_7,12.887043,-19.754398
Series_7,12.898062,-19.733207
Series_7,12.909082,-19.627251
Series_7,12.920101,-19.606059
Series_7,12.931120,-19.584868
Series_7,12.942140,-19.584868
Series_7,12.953159,-19.584868
Series_7,12.964178,-19.542485
Series_7,12.975197,-19.542485
Series_7,12.986217,-19.500103
Series_7,12.997236,-19.457720
Series_7,13.008255,-19.457720
Series_7,13.019274,-19.436529
Series_7,13.030294,-19.415338
Series_7,13.041313,-19.372955
Series_7,13.052332,-19.330573
Series_7,13.063351,-19.309381
Series_7,13.074371,-19.309381
Series_7,13.085390,-19.288190
Series_7,13.096409,-19.288190
Series_7,13.107429,-19.281126
Series_7,13.118448,-19.210489
Series_7,13.129467,-19.224616
Series_7,13.140486,-19.182234
Series_7,13.151506,-19.182234
Series_7,13.162525,-19.182234
Series_7,13.173544,-19.182234
Series_7,13.184563,-19.125724
Series_7,13.195583,-19.118660
Series_7,13.206602,-19.097469
Series_7,13.217621,-19.055086
Series_7,13.228640,-19.042977
Series_7,13.239660,-18.991512
Series_7,13.250679,-18.970321
Series_7,13.261698,-18.970321
Series_7,13.272718,-18.949130
Series_7,13.283737,-18.885556
Series_7,13.294756,-18.885556
Series_7,13.305775,-18.864365
Series_7,13.316795,-18.821982
Series_7,13.327814,-18.800791
Series_7,13.338833,-18.779599
Series_7,13.349852,-18.779599
Series_7,13.360872,-18.716026
Series_7,13.371891,-18.694834
Series_7,13.382910,-18.652452
Series_7,13.393930,-18.631260
Series_7,13.404949,-18.631260
Series_7,13.415968,-18.631260
Series_7,13.426987,-18.567687
Series_7,13.438007,-18.504113
Series_7,13.449026,-18.482922
Series_7,13.460045,-18.398156
Series_7,13.471064,-18.376965
Series_7,13.482084,-18.376965
Series_7,13.493103,-18.376965
Series_7,13.504122,-18.334583
Series_7,13.515141,-18.292200
Series_7,13.526161,-18.271009
Series_7,13.537180,-18.165052
Series_7,13.548199,-18.165052
Series_7,13.559219,-18.143861
Series_7,13.570238,-18.080287
Series_7,13.581257,-18.059096
Series_7,13.592276,-18.037905
Series_7,13.603296,-18.037905
Series_7,13.614315,-17.974331
Series_7,13.625334,-17.974331
Series_7,13.636353,-17.951893
Series_7,13.647373,-17.929455
Series_7,13.658392,-17.907017
Series_7,13.669411,-17.884580
Series_7,13.680430,-17.862142
Series_7,13.691450,-17.839704
Series_7,13.702469,-17.817266
Series_7,13.713488,-17.794828
Series_7,13.724508,-17.772390
Series_7,13.735527,-17.749953
Series_7,13.746546,-17.727515
Series_7,13.757565,-17.705077
Series_7,13.768585,-17.682639
Series_7,13.779604,-17.660201
Series_7,13.790623,-17.637763
Series_7,13.801642,-17.615326
Series_7,13.812662,-17.592888
Series_7,13.823681,-17.570450
Series_7,13.834700,-17.548012
Series_7,13.845719,-17.525574
Series_7,13.856739,-17.503137
Series_7,13.867758,-17.480699
Series_7,13.878777,-17.458261
Series_7,13.889797,-17.435823
Series_7,13.900816,-17.413385
Series_7,13.911835,-17.390947
Series_7,13.922854,-17.368510
Series_7,13.933874,-17.346072
Series_7,13.944893,-17.323634
Series_7,13.955912,-17.301196
Series_7,13.966931,-17.278758
Series_7,13.977951,-17.256320
Series_7,13.988970,-17.233883
Series_7,13.999989,-17.211445
Series_7,14.011009,-17.189007
Series_7,14.022028,-17.166569
Series_7,14.033047,-17.144131
Series_7,14.044066,-17.121694
Series_7,14.055086,-17.099256
Series_7,14.066105,-17.076818
Series_7,14.077124,-17.054380
Series_7,14.088143,-17.031942
Series_7,14.099163,-17.009504
Series_7,14.110182,-16.987067
Series_7,14.121201,-16.964629
Series_7,14.132220,-16.942191
Series_7,14.143240,-16.919753
Series_7,14.154259,-16.897315
Series_7,14.165278,-16.874877
Series_7,14.176298,-16.852440
Series_7,14.187317,-16.830002
Series_7,14.198336,-16.787619
Series_7,14.209355,-16.755832
Series_7,14.220375,-16.724045
Series_7,14.231394,-16.681663
Series_7,14.242413,-16.660472
Series_7,14.253432,-16.596898
Series_7,14.264452,-16.596898
Series_7,14.275471,-16.533324
Series_7,14.286490,-16.512133
Series_7,14.297509,-16.469750
Series_7,14.308529,-16.427367
Series_7,14.319548,-16.384985
Series_7,14.330567,-16.363794
Series_7,14.341587,-16.342602
Series_7,14.352606,-16.266314
Series_7,14.363625,-16.215455
Series_7,14.374644,-16.173072
Series_7,14.385664,-16.151881
Series_7,14.396683,-16.067116
Series_7,14.407702,-16.067116
Series_7,14.418721,-16.045924
Series_7,14.429741,-16.045924
Series_7,14.440760,-16.024733
Series_7,14.451779,-16.003542
Series_7,14.462799,-16.003542
Series_7,14.473818,-15.982351
Series_7,14.484837,-15.982351
Series_7,14.495856,-15.961159
Series_7,14.506876,-15.982351
Series_7,14.517895,-15.918777
Series_7,14.528914,-15.897586
Series_7,14.539933,-15.876394
Series_7,14.550953,-15.876394
Series_7,14.561972,-15.834012
Series_7,14.572991,-15.774676
Series_7,14.584010,-15.783153
Series_7,14.595030,-15.685673
Series_7,14.606049,-15.685673
Series_7,14.617068,-15.664481
Series_7,14.628088,-15.685673
Series_7,14.639107,-15.643290
Series_7,14.650126,-15.622099
Series_7,14.661145,-15.579716
Series_7,14.672165,-15.558525
Series_7,14.683184,-15.516143
Series_7,14.694203,-15.509079
Series_7,14.705222,-15.473760
Series_7,14.716242,-15.463164
Series_7,14.727261,-15.410186
Series_7,14.738280,-15.431377
Series_7,14.749299,-15.410186
Series_7,14.760319,-15.388995
Series_7,14.771338,-15.346612
Series_7,14.782357,-15.325421
Series_7,14.793377,-15.314825
Series_7,14.804396,-15.304230
Series_7,14.815415,-15.261847
Series_7,14.826434,-15.261847
Series_7,14.837454,-15.240656
Series_7,14.848473,-15.155891
Series_7,14.859492,-15.127636
Series_7,14.870511,-15.092317
Series_7,14.881531,-15.092317
Series_7,14.892550,-15.071126
Series_7,14.903569,-15.049934
Series_7,14.914588,-15.049934
Series_7,14.925608,-14.965169
Series_7,14.936627,-14.958105
Series_7,14.947646,-14.922787
Series_7,14.958666,-14.901595
Series_7,14.969685,-14.891000
Series_7,14.980704,-14.838022
Series_7,14.991723,-14.838022
Series_7,15.002743,-14.827426
Series_7,15.013762,-14.838022
Series_7,15.024781,-14.795639
Series_7,15.035800,-14.742661
Series_7,15.046820,-14.710874
Series_7,15.057839,-14.668491
Series_7,15.068858,-14.668491
Series_7,15.079878,-14.583726
Series_7,15.090897,-14.554058
Series_7,15.101916,-14.562535
Series_7,15.112935,-14.498961
Series_7,15.123955,-14.477770
Series_7,15.134974,-14.456579
Series_7,15.145993,-14.456579
Series_7,15.157012,-14.393005
Series_7,15.168032,-14.350622
Series_7,15.179051,-14.371813
Series_7,15.190070,-14.329431
Series_7,15.201089,-14.308240
Series_7,15.212109,-14.265857
Series_7,15.223128,-14.223474
Series_7,15.234147,-14.202283
Series_7,15.245167,-14.181092
Series_7,15.256186,-14.117518
Series_7,15.267205,-14.117518
Series_7,15.278224,-14.096327
Series_7,15.289244,-14.075136
Series_7,15.300263,-14.039817
Series_7,15.311282,-14.011562
Series_7,15.322301,-13.990370
Series_7,15.333321,-13.958584
Series_7,15.344340,-13.969179
Series_7,15.355359,-13.905605
Series_7,15.366378,-13.884414
Series_7,15.377398,-13.863223
Series_7,15.388417,-13.863223
Series_7,15.399436,-13.827904
Series_7,15.410456,-13.748790
Series_7,15.421475,-13.723360
Series_7,15.432494,-13.736075
Series_7,15.443513,-13.693693
Series_7,15.454533,-13.651310
Series_7,15.465552,-13.630119
Series_7,15.476571,-13.608927
Series_7,15.487590,-13.566545
Series_7,15.498610,-13.566545
Series_7,15.509629,-13.524162
Series_7,15.520648,-13.502971
Series_7,15.531668,-13.460588
Series_7,15.542687,-13.439397
Series_7,15.553706,-13.439397
Series_7,15.564725,-13.397015
Series_7,15.575745,-13.354632
Series_7,15.586764,-13.354632
Series_7,15.597783,-13.354632
Series_7,15.608802,-13.333441
Series_7,15.619822,-13.269867
Series_7,15.630841,-13.248676
Series_7,15.641860,-13.227484
Series_7,15.652879,-13.206293
Series_7,15.663899,-13.206293
Series_7,15.674918,-13.163911
Series_7,15.685937,-13.142719
Series_7,15.696957,-13.100337
Series_7,15.707976,-13.100337
Series_7,15.718995,-13.068550
Series_7,15.730014,-13.079145
Series_7,15.741034,-13.015572
Series_7,15.752053,-12.973189
Series_7,15.763072,-12.951998
Series_7,15.774091,-12.909615
Series_7,15.785111,-12.909615
Series_7,15.796130,-12.888424
Series_7,15.807149,-12.846041
Series_7,15.818168,-12.824850
Series_7,15.829188,-12.803659
Series_7,15.840207,-12.782468
Series_7,15.851226,-12.761276
Series_7,15.862246,-12.740085
Series_7,15.873265,-12.708298
Series_7,15.884284,-12.697702
Series_7,15.895303,-12.665916
Series_7,15.906323,-12.577619
Series_7,15.917342,-12.535236
Series_7,15.928361,-12.506981
Series_7,15.939380,-12.473680
Series_7,15.950400,-12.485790
Series_7,15.961419,-12.443407
Series_7,15.972438,-12.379833
Series_7,15.983458,-12.379833
Series_7,15.994477,-12.322314
Series_7,16.005496,-12.295068
Series_7,16.016515,-12.273877
Series_7,16.027535,-12.210303
Series_7,16.038554,-12.223018
Series_7,16.049573,-12.160857
Series_7,16.060592,-12.146729
Series_7,16.071612,-12.146729
Series_7,16.082631,-12.104347
Series_7,16.093650,-12.083155
Series_7,16.104669,-12.061964
Series_7,16.115689,-12.061964
Series_7,16.126708,-12.019582
Series_7,16.137727,-11.956008
Series_7,16.148747,-11.977199
Series_7,16.159766,-11.934816
Series_7,16.170785,-11.913625
Series_7,16.181804,-11.920689
Series_7,16.192824,-11.864179
Series_7,16.203843,-11.840162
Series_7,16.214862,-11.816145
Series_7,16.225881,-11.786477
Series_7,16.236901,-11.754691
Series_7,16.247920,-11.701712
Series_7,16.258939,-11.659330
Series_7,16.269958,-11.638138
Series_7,16.280978,-11.609883
Series_7,16.291997,-11.595756
Series_7,16.303016,-11.574565
Series_7,16.314036,-11.532182
Series_7,16.325055,-11.532182
Series_7,16.336074,-11.510991
Series_7,16.347093,-11.489800
Series_7,16.358113,-11.468608
Series_7,16.369132,-11.426226
Series_7,16.380151,-11.415630
Series_7,16.391170,-11.405034
Series_7,16.402190,-11.362652
Series_7,16.413209,-11.341461
Series_7,16.424228,-11.299078
Series_7,16.435247,-11.256695
Series_7,16.446267,-11.235504
Series_7,16.457286,-11.214313
Series_7,16.468305,-11.214313
Series_7,16.479325,-11.171930
Series_7,16.490344,-11.143675
Series_7,16.501363,-11.150739
Series_7,16.512382,-11.087165
Series_7,16.523402,-11.044783
Series_7,16.534421,-11.023591
Series_7,16.545440,-11.002400
Series_7,16.556459,-10.960018
Series_7,16.567479,-10.960018
Series_7,16.578498,-10.896444
Series_7,16.589517,-10.896444
Series_7,16.600537,-10.896444
Series_7,16.611556,-10.854061
Series_7,16.622575,-10.832870
Series_7,16.633594,-10.846997
Series_7,16.644614,-10.811679
Series_7,16.655633,-10.776360
Series_7,16.666652,-10.762232
Series_7,16.677671,-10.748105
Series_7,16.688691,-10.680293
Series_7,16.699710,-10.620957
Series_7,16.710729,-10.578575
Series_7,16.721748,-10.557383
Series_7,16.732768,-10.515001
Series_7,16.743787,-10.493809
Series_7,16.754806,-10.472618
Series_7,16.765826,-10.451427
Series_7,16.776845,-10.409044
Series_7,16.787864,-10.366662
Series_7,16.798883,-10.345470
Series_7,16.809903,-10.345470
Series_7,16.820922,-10.324279
Series_7,16.831941,-10.273420
Series_7,16.842960,-10.273420
Series_7,16.853980,-10.239514
Series_7,16.864999,-10.197132
Series_7,16.876018,-10.197132
Series_7,16.887037,-10.175940
Series_7,16.898057,-10.112366
Series_7,16.909076,-10.133558
Series_7,16.920095,-10.069984
Series_7,16.931115,-10.048793
Series_7,16.942134,-9.985219
Series_7,16.953153,-9.985219
Series_7,16.964172,-9.964027
Series_7,16.975192,-9.964027
Series_7,16.986211,-9.942836
Series_7,16.997230,-9.879262
Series_7,17.008249,-9.858071
Series_7,17.019269,-9.858071
Series_7,17.030288,-9.829816
Series_7,17.041307,-9.790259
Series_7,17.052327,-9.773306
Series_7,17.063346,-9.699136
Series_7,17.074365,-9.709732
Series_7,17.085384,-9.667350
Series_7,17.096404,-9.624967
Series_7,17.107423,-9.646158
Series_7,17.118442,-9.624967
Series_7,17.129461,-9.575521
Series_7,17.140481,-9.575521
Series_7,17.151500,-9.497819
Series_7,17.162519,-9.508415
Series_7,17.173538,-9.460735
Series_7,17.184558,-9.413054
Series_7,17.195577,-9.402459
Series_7,17.206596,-9.391863
Series_7,17.217616,-9.391863
Series_7,17.228635,-9.370672
Series_7,17.239654,-9.328289
Series_7,17.250673,-9.328289
Series_7,17.261693,-9.258661
Series_7,17.272712,-9.222333
Series_7,17.283731,-9.201141
Series_7,17.294750,-9.137568
Series_7,17.305770,-9.137568
Series_7,17.316789,-9.137568
Series_7,17.327808,-9.095185
Series_7,17.338827,-9.031611
Series_7,17.349847,-9.031611
Series_7,17.360866,-9.010420
Series_7,17.371885,-8.999824
Series_7,17.382905,-8.946846
Series_7,17.393924,-8.968037
Series_7,17.404943,-8.904464
Series_7,17.415962,-8.904464
Series_7,17.426982,-8.883272
Series_7,17.438001,-8.862081
Series_7,17.449020,-8.840890
Series_7,17.460039,-8.819698
Series_7,17.471059,-8.832413
Series_7,17.482078,-8.777316
Series_7,17.493097,-8.713742
Series_7,17.504117,-8.671359
Series_7,17.515136,-8.685487
Series_7,17.526155,-8.636041
Series_7,17.537174,-8.579531
Series_7,17.548194,-8.544212
Series_7,17.559213,-8.544212
Series_7,17.570232,-8.558339
Series_7,17.581251,-8.501829
Series_7,17.592271,-8.501829
Series_7,17.603290,-8.459447
Series_7,17.614309,-8.385277
Series_7,17.625328,-8.311108
Series_7,17.636348,-8.311108
Series_7,17.647367,-8.289916
Series_7,17.658386,-8.289916
Series_7,17.669406,-8.268725
Series_7,17.680425,-8.247534
Series_7,17.691444,-8.183960
Series_7,17.702463,-8.162769
Series_7,17.713483,-8.145816
Series_7,17.724502,-8.109791
Series_7,17.735521,-8.078004
Series_7,17.746540,-8.056812
Series_7,17.757560,-8.063876
Series_7,17.768579,-8.035621
Series_7,17.779598,-7.972047
Series_7,17.790617,-7.929665
Series_7,17.801637,-7.908473
Series_7,17.812656,-7.908473
Series_7,17.823675,-7.908473
Series_7,17.834695,-7.899997
Series_7,17.845714,-7.840661
Series_7,17.856733,-7.834304
Series_7,17.867752,-7.767198
Series_7,17.878772,-7.760134
Series_7,17.889791,-7.738943
Series_7,17.900810,-7.712454
Series_7,17.911829,-7.685965
Series_7,17.922849,-7.659476
Series_7,17.933868,-7.632987
Series_8,0.126731,-0.634567
Series_8,0.137750,-0.618674
Series_8,0.148769,-0.661056
Series_8,0.159789,-0.661056
Series_8,0.170808,-0.752885
Series_8,0.181827,-0.899458
Series_8,0.192846,-0.936543
Series_8,0.203866,-0.976571
Series_8,0.214885,-0.989521
Series_8,0.225904,-1.021308
Series_8,0.236923,-1.084882
Series_8,0.247943,-1.084882
Series_8,0.258962,-1.106073
Series_8,0.269981,-1.116669
Series_8,0.281000,-1.127264
Series_8,0.292020,-1.169647
Series_8,0.303039,-1.190838
Series_8,0.314058,-1.243816
Series_8,0.325078,-1.296794
Series_8,0.336097,-1.317986
Series_8,0.347116,-1.339177
Series_8,0.358135,-1.360368
Series_8,0.369155,-1.423942
Series_8,0.380174,-1.466325
Series_8,0.391193,-1.508707
Series_8,0.402212,-1.561685
Series_8,0.413232,-1.614664
Series_8,0.424251,-1.699429
Series_8,0.435270,-1.741811
Series_8,0.446289,-1.805385
Series_8,0.457309,-1.847768
Series_8,0.468328,-1.890150
Series_8,0.479347,-1.890150
Series_8,0.490367,-1.980566
Series_8,0.501386,-2.070983
Series_8,0.512405,-2.161399
Series_8,0.523424,-2.251815
Series_8,0.534444,-2.342231
Series_8,0.545463,-2.335167
Series_8,0.556482,-2.335167
Series_8,0.567501,-2.356358
Series_8,0.578521,-2.441124
Series_8,0.589540,-2.483506
Series_8,0.600559,-2.561207
Series_8,0.611578,-2.610654
Series_8,0.622598,-2.665146
Series_8,0.633617,-2.716610
Series_8,0.644636,-2.758993
Series_8,0.655656,-2.822567
Series_8,0.666675,-2.886140
Series_8,0.677694,-2.907332
Series_8,0.688713,-2.949714
Series_8,0.699733,-2.992097
Series_8,0.710752,-3.045075
Series_8,0.721771,-3.098053
Series_8,0.732790,-3.127721
Series_8,0.743810,-3.151031
Series_8,0.754829,-3.182818
Series_8,0.765848,-3.225201
Series_8,0.776868,-3.309966
Series_8,0.787887,-3.331157
Series_8,0.798906,-3.394731
Series_8,0.809925,-3.426518
Series_8,0.820945,-3.458305
Series_8,0.831964,-3.479496
Series_8,0.842983,-3.543070
Series_8,0.854002,-3.564261
Series_8,0.865022,-3.606644
Series_8,0.876041,-3.627835
Series_8,0.887060,-3.649026
Series_8,0.898079,-3.670218
Series_8,0.909099,-3.744387
Series_8,0.920118,-3.776174
Series_8,0.931137,-3.860939
Series_8,0.942157,-3.903322
Series_8,0.953176,-3.945704
Series_8,0.964195,-4.009278
Series_8,0.975214,-4.051661
Series_8,0.986234,-4.094043
Series_8,0.997253,-4.115235
Series_8,1.008272,-4.136426
Series_8,1.019291,-4.221191
Series_8,1.030311,-4.305956
Series_8,1.041330,-4.305956
Series_8,1.052349,-4.327147
Series_8,1.063368,-4.348339
Series_8,1.074388,-4.426040
Series_8,1.085407,-4.454295
Series_8,1.096426,-4.496678
Series_8,1.107446,-4.623825
Series_8,1.118465,-4.623825
Series_8,1.129484,-4.729782
Series_8,1.140503,-4.772164
Series_8,1.151523,-4.814547
Series_8,1.162542,-4.873882
Series_8,1.173561,-4.941694
Series_8,1.184580,-5.005268
Series_8,1.195600,-5.026460
Series_8,1.206619,-5.047651
Series_8,1.217638,-5.060366
Series_8,1.228658,-5.132416
Series_8,1.239677,-5.132416
Series_8,1.250696,-5.206585
Series_8,1.261715,-5.301946
Series_8,1.272735,-5.323137
Series_8,1.283754,-5.386711
Series_8,1.294773,-5.429094
Series_8,1.305792,-5.471476
Series_8,1.316812,-5.506795
Series_8,1.327831,-5.577433
Series_8,1.338850,-5.602862
Series_8,1.349869,-5.630411
Series_8,1.360889,-5.704580
Series_8,1.371908,-5.736367
Series_8,1.382927,-5.768154
Series_8,1.393947,-5.789346
Series_8,1.404966,-5.848681
Series_8,1.415985,-5.916493
Series_8,1.427004,-5.899540
Series_8,1.438024,-6.022450
Series_8,1.449043,-6.064832
Series_8,1.460062,-6.086023
Series_8,1.471081,-6.128406
Series_8,1.482101,-6.149597
Series_8,1.493120,-6.202575
Series_8,1.504139,-6.255554
Series_8,1.515158,-6.297936
Series_8,1.526178,-6.297936
Series_8,1.537197,-6.340319
Series_8,1.548216,-6.446275
Series_8,1.559236,-6.531040
Series_8,1.570255,-6.548700
Series_8,1.581274,-6.566359
Series_8,1.592293,-6.679379
Series_8,1.603313,-6.721762
Series_8,1.614332,-6.764144
Series_8,1.625351,-6.806527
Series_8,1.636370,-6.863037
Series_8,1.647390,-6.912483
Series_8,1.658409,-6.933675
Series_8,1.669428,-7.018440
Series_8,1.680448,-7.050227
Series_8,1.691467,-7.039631
Series_8,1.702486,-7.103205
Series_8,1.713505,-7.145587
Series_8,1.724525,-7.244480
Series_8,1.735544,-7.272735
Series_8,1.746563,-7.315118
Series_8,1.757582,-7.357500
Series_8,1.768602,-7.399883
Series_8,1.779621,-7.459218
Series_8,1.790640,-7.505839
Series_8,1.801659,-7.548222
Series_8,1.812679,-7.597668
Series_8,1.823698,-7.640051
Series_8,1.834717,-7.640051
Series_8,1.845737,-7.696561
Series_8,1.856756,-7.767198
Series_8,1.867775,-7.816645
Series_8,1.878794,-7.802517
Series_8,1.889814,-7.883044
Series_8,1.900833,-7.950856
Series_8,1.911852,-7.993239
Series_8,1.922871,-8.014430
Series_8,1.933891,-8.056812
Series_8,1.944910,-8.056812
Series_8,1.955929,-8.141577
Series_8,1.966948,-8.226343
Series_8,1.977968,-8.247534
Series_8,1.988987,-8.318171
Series_8,2.000006,-8.395873
Series_8,2.011026,-8.476400
Series_8,2.022045,-8.487702
Series_8,2.033064,-8.501829
Series_8,2.044083,-8.616868
Series_8,2.055103,-8.647141
Series_8,2.066122,-8.671359
Series_8,2.077141,-8.734933
Series_8,2.088160,-8.777316
Series_8,2.099180,-8.862081
Series_8,2.110199,-8.883272
Series_8,2.121218,-8.904464
Series_8,2.132237,-8.982165
Series_8,2.143257,-9.010420
Series_8,2.154276,-9.081058
Series_8,2.165295,-9.116376
Series_8,2.176315,-9.169355
Series_8,2.187334,-9.222333
Series_8,2.198353,-9.222333
Series_8,2.209372,-9.292970
Series_8,2.220392,-9.374204
Series_8,2.231411,-9.455437
Series_8,2.242430,-9.476628
Series_8,2.253449,-9.448373
Series_8,2.264469,-9.476628
Series_8,2.275488,-9.534904
Series_8,2.286507,-9.593180
Series_8,2.297527,-9.651456
Series_8,2.308546,-9.709732
Series_8,2.319565,-9.836880
Series_8,2.330584,-9.872199
Series_8,2.341604,-9.942836
Series_8,2.352623,-9.964027
Series_8,2.363642,-10.027601
Series_8,2.374661,-10.112366
Series_8,2.385681,-10.133558
Series_8,2.396700,-10.133558
Series_8,2.407719,-10.133558
Series_8,2.418738,-10.250110
Series_8,2.429758,-10.324279
Series_8,2.440777,-10.345470
Series_8,2.451796,-10.366662
Series_8,2.462816,-10.465554
Series_8,2.473835,-10.527715
Series_8,2.484854,-10.578575
Series_8,2.495873,-10.654863
Series_8,2.506893,-10.699668
Series_8,2.517912,-10.705722
Series_8,2.528931,-10.832870
Series_8,2.539950,-10.854061
Series_8,2.550970,-10.846997
Series_8,2.561989,-10.875252
Series_8,2.573008,-10.938826
Series_8,2.584027,-10.974145
Series_8,2.595047,-11.002400
Series_8,2.606066,-11.070212
Series_8,2.617085,-11.150739
Series_8,2.628105,-11.157803
Series_8,2.639124,-11.186058
Series_8,2.650143,-11.256695
Series_8,2.661162,-11.299078
Series_8,2.672182,-11.405034
Series_8,2.683201,-11.468608
Series_8,2.694220,-11.510991
Series_8,2.705239,-11.532182
Series_8,2.716259,-11.553373
Series_8,2.727278,-11.680521
Series_8,2.738297,-11.712308
Series_8,2.749317,-11.739857
Series_8,2.760336,-11.786477
Series_8,2.771355,-11.850051
Series_8,2.782374,-11.858528
Series_8,2.793394,-11.987795
Series_8,2.804413,-12.045011
Series_8,2.815432,-12.095870
Series_8,2.826451,-12.146729
Series_8,2.837471,-12.210303
Series_8,2.848490,-12.242090
Series_8,2.859509,-12.273877
Series_8,2.870528,-12.401025
Series_8,2.881548,-12.497899
Series_8,2.892567,-12.549363
Series_8,2.903586,-12.570555
Series_8,2.914606,-12.697702
Series_8,2.925625,-12.697702
Series_8,2.936644,-12.740085
Series_8,2.947663,-12.803659
Series_8,2.958683,-12.824850
Series_8,2.969702,-12.930806
Series_8,2.980721,-13.008508
Series_8,2.991740,-13.107400
Series_8,3.002760,-13.142719
Series_8,3.013779,-13.206293
Series_8,3.024798,-13.291058
Series_8,3.035817,-13.280463
Series_8,3.046837,-13.361696
Series_8,3.057856,-13.382887
Series_8,3.068875,-13.404078
Series_8,3.079895,-13.481780
Series_8,3.090914,-13.524162
Series_8,3.101933,-13.573609
Series_8,3.112952,-13.637182
Series_8,3.123972,-13.723360
Series_8,3.134991,-13.799649
Series_8,3.146010,-13.820840
Series_8,3.157029,-13.884414
Series_8,3.168049,-13.947988
Series_8,3.179068,-14.045468
Series_8,3.190087,-14.096327
Series_8,3.201107,-14.096327
Series_8,3.212126,-14.209347
Series_8,3.223145,-14.251730
Series_8,3.234164,-14.282810
Series_8,3.245184,-14.301176
Series_8,3.256203,-14.414196
Series_8,3.267222,-14.477770
Series_8,3.278241,-14.520152
Series_8,3.289261,-14.630347
Series_8,3.300280,-14.689683
Series_8,3.311299,-14.749018
Series_8,3.322318,-14.816830
Series_8,3.333338,-14.880404
Series_8,3.344357,-14.901595
Series_8,3.355376,-14.994837
Series_8,3.366396,-15.062649
Series_8,3.377415,-15.088079
Series_8,3.388434,-15.113508
Series_8,3.399453,-15.204328
Series_8,3.410473,-15.226528
Series_8,3.421492,-15.311293
Series_8,3.432511,-15.357208
Series_8,3.443530,-15.346612
Series_8,3.454550,-15.477998
Series_8,3.465569,-15.551461
Series_8,3.476588,-15.622099
Series_8,3.487607,-15.653886
Series_8,3.498627,-15.723817
Series_8,3.509646,-15.855203
Series_8,3.520665,-15.897586
Series_8,3.531685,-15.961159
Series_8,3.542704,-16.088307
Series_8,3.553723,-16.130690
Series_8,3.564742,-16.151881
Series_8,3.575762,-16.215455
Series_8,3.586781,-16.317879
Series_8,3.597800,-16.420304
Series_8,3.608819,-16.512133
Series_8,3.619839,-16.526260
Series_8,3.630858,-16.618089
Series_8,3.641877,-16.724045
Series_8,3.652896,-16.830002
Series_8,3.663916,-16.893576
Series_8,3.674935,-16.925363
Series_8,3.685954,-17.004830
Series_8,3.696974,-17.084297
Series_8,3.707993,-17.137275
Series_8,3.719012,-17.163764
Series_8,3.730031,-17.190254
Series_8,3.741051,-17.253827
Series_8,3.752070,-17.335061
Series_8,3.763089,-17.416294
Series_8,3.774108,-17.550505
Series_8,3.785128,-17.635270
Series_8,3.796147,-17.773014
Series_8,3.807166,-17.840119
Series_8,3.818186,-17.931948
Series_8,3.829205,-17.953140
Series_8,3.840224,-17.981395
Series_8,3.851243,-18.101479
Series_8,3.862263,-18.158998
Series_8,3.873282,-18.249817
Series_8,3.884301,-18.292200
Series_8,3.895320,-18.355774
Series_8,3.906340,-18.427824
Series_8,3.917359,-18.529542
Series_8,3.928378,-18.631260
Series_8,3.939397,-18.708962
Series_8,3.950417,-18.749932
Series_8,3.961436,-18.843173
Series_8,3.972455,-18.965023
Series_8,3.983475,-19.033895
Series_8,3.994494,-19.161042
Series_8,4.005513,-19.207663
Series_8,4.016532,-19.330573
Series_8,4.027552,-19.436529
Series_8,4.038571,-19.526003
Series_8,4.049590,-19.568975
Series_8,4.060609,-19.680229
Series_8,4.071629,-19.690824
Series_8,4.082648,-19.775590
Series_8,4.093667,-19.860355
Series_8,4.104686,-19.923928
Series_8,4.115706,-20.051076
Series_8,4.126725,-20.140080
Series_8,4.137744,-20.185288
Series_8,4.148764,-20.332617
Series_8,4.159783,-20.477256
Series_8,4.170802,-20.549071
Series_8,4.181821,-20.681517
Series_8,4.192841,-20.801247
Series_8,4.203860,-20.835153
Series_8,4.214879,-20.912855
Series_8,4.225898,-21.055543
Series_8,4.236918,-21.112229
Series_8,4.247937,-21.168916
Series_8,4.258956,-21.298713
Series_8,4.269976,-21.428509
Series_8,4.280995,-21.480310
Series_8,4.292014,-21.572610
Series_8,4.303033,-21.682199
Series_8,4.314053,-21.791788
Series_8,4.325072,-21.852335
Series_8,4.336091,-21.937100
Series_8,4.347110,-22.064248
Series_8,4.358130,-22.191395
Series_8,4.369149,-22.233778
Series_8,4.380168,-22.379762
Series_8,4.391187,-22.445691
Series_8,4.402207,-22.505026
Series_8,4.413226,-22.636412
Series_8,4.424245,-22.763560
Series_8,4.435265,-22.818657
Series_8,4.446284,-22.890708
Series_8,4.457303,-22.975473
Series_8,4.468322,-22.996664
Series_8,4.479342,-23.123812
Series_8,4.490361,-23.242483
Series_8,4.501380,-23.272151
Series_8,4.512399,-23.327248
Series_8,4.523419,-23.446524
Series_8,4.534438,-23.565801
Series_8,4.545457,-23.688912
Series_8,4.556476,-23.793691
Series_8,4.567496,-23.898471
Series_8,4.578515,-24.003250
Series_8,4.589534,-24.113974
Series_8,4.600554,-24.224699
Series_8,4.611573,-24.335423
Series_8,4.622592,-24.446147
Series_8,4.633611,-24.543627
Series_8,4.644631,-24.684902
Series_8,4.655650,-24.794895
Series_8,4.666669,-24.891770
Series_8,4.677688,-24.988644
Series_8,4.688708,-25.121090
Series_8,4.699727,-25.200557
Series_8,4.710746,-25.306513
Series_8,4.721765,-25.370087
Series_8,4.732785,-25.471805
Series_8,4.743804,-25.550213
Series_8,4.754823,-25.624382
Series_8,4.765843,-25.772721
Series_8,4.776862,-25.848405
Series_8,4.787881,-25.971642
Series_8,4.798900,-26.094879
Series_8,4.809920,-26.218117
Series_8,4.820939,-26.341354
Series_8,4.831958,-26.463910
Series_8,4.842977,-26.586467
Series_8,4.853997,-26.698780
Series_8,4.865016,-26.811094
Series_8,4.876035,-26.917050
Series_8,4.887055,-27.023007
Series_8,4.898074,-27.128963
Series_8,4.909093,-27.260349
Series_8,4.920112,-27.331794
Series_8,4.931132,-27.416055
Series_8,4.942151,-27.500315
Series_8,4.953170,-27.584576
Series_8,4.964189,-27.634527
Series_8,4.975209,-27.658745
Series_8,4.986228,-27.807084
Series_8,4.997247,-27.944827
Series_8,5.008266,-28.082571
Series_8,5.019286,-28.216782
Series_8,5.030305,-28.348639
Series_8,5.041324,-28.480496
Series_8,5.052344,-28.612353
Series_8,5.063363,-28.654735
Series_8,5.074382,-28.718309
Series_8,5.085401,-28.781883
Series_8,5.096421,-28.845457
Series_8,5.107440,-28.951413
Series_8,5.118459,-28.993796
Series_8,5.129478,-29.099752
Series_8,5.140498,-29.216304
Series_8,5.151517,-29.332856
Series_8,5.162536,-29.470600
Series_8,5.173555,-29.608343
Series_8,5.184575,-29.671917
Series_8,5.195594,-29.799064
Series_8,5.206613,-29.926212
Series_8,5.217633,-29.954467
Series_8,5.228652,-30.032168
Series_8,5.239671,-30.138125
Series_8,5.250690,-30.217592
Series_8,5.261710,-30.297059
Series_8,5.272729,-30.432154
Series_8,5.283748,-30.567248
Series_8,5.294767,-30.714999
Series_8,5.305787,-30.840576
Series_8,5.316806,-30.966154
Series_8,5.327825,-31.091732
Series_8,5.338845,-31.240071
Series_8,5.349864,-31.314241
Series_8,5.360883,-31.374283
Series_8,5.371902,-31.378992
Series_8,5.382922,-31.515558
Series_8,5.393941,-31.600323
Series_8,5.404960,-31.727471
Series_8,5.415979,-31.791045
Series_8,5.426999,-31.911835
Series_8,5.438018,-32.032625
Series_8,5.449037,-32.084695
Series_8,5.460056,-32.170561
Series_8,5.471076,-32.299635
Series_8,5.482095,-32.437379
Series_8,5.493114,-32.575122
Series_8,5.504134,-32.686376
Series_8,5.515153,-32.791008
Series_8,5.526172,-32.895640
Series_8,5.537191,-33.000272
Series_8,5.548211,-33.104904
Series_8,5.559230,-33.163180
Series_8,5.570249,-33.277461
Series_8,5.581268,-33.359199
Series_8,5.592288,-33.446992
Series_8,5.603307,-33.446992
Series_8,5.614326,-33.507538
Series_8,5.625345,-33.613495
Series_8,5.636365,-33.726515
Series_8,5.647384,-33.839535
Series_8,5.658403,-33.952555
Series_8,5.669423,-34.016129
Series_8,5.680442,-34.150340
Series_8,5.691461,-34.185659
Series_8,5.702480,-34.305743
Series_8,5.713500,-34.425827
Series_8,5.724519,-34.545911
Series_8,5.735538,-34.618903
Series_8,5.746557,-34.683065
Series_8,5.757577,-34.747228
Series_8,5.768596,-34.786079
Series_8,5.779615,-34.906163
Series_8,5.790635,-35.026246
Series_8,5.801654,-35.099911
Series_8,5.812673,-35.177865
Series_8,5.823692,-35.255819
Series_8,5.834712,-35.329988
Series_8,5.845731,-35.478327
Series_8,5.856750,-35.626666
Series_8,5.867769,-35.711431
Series_8,5.878789,-35.796196
Series_8,5.889808,-35.876252
Series_8,5.900827,-35.902153
Series_8,5.911846,-36.029300
Series_8,5.922866,-36.135257
Series_8,5.933885,-36.241213
Series_8,5.944904,-36.347170
Series_8,5.955924,-36.357765
Series_8,5.966943,-36.453126
Series_8,5.977962,-36.580274
Series_8,5.988981,-36.686230
Series_8,6.000001,-36.820441
Series_8,6.011020,-36.880483
Series_8,6.022039,-36.940525
Series_8,6.033058,-37.004099
Series_8,6.044078,-37.099460
Series_8,6.055097,-37.163034
Series_8,6.066116,-37.194821
Series_8,6.077135,-37.279586
Series_8,6.088155,-37.332564
Series_8,6.099174,-37.433223
Series_8,6.110193,-37.533881
Series_8,6.121213,-37.597455
Series_8,6.132232,-37.639838
Series_8,6.143251,-37.777581
Series_8,6.154270,-37.915324
Series_8,6.165290,-38.000089
Series_8,6.176309,-38.091918
Series_8,6.187328,-38.169619
Series_8,6.198347,-38.233193
Series_8,6.209367,-38.296767
Series_8,6.220386,-38.348568
Series_8,6.231405,-38.421560
Series_8,6.242424,-38.494552
Series_8,6.253444,-38.546353
Series_8,6.264463,-38.598154
Series_8,6.275482,-38.720593
Series_8,6.286502,-38.797652
Series_8,6.297521,-38.868932
Series_8,6.308540,-38.940211
Series_8,6.319559,-39.045526
Series_8,6.330579,-39.102036
Series_8,6.341598,-39.144418
Series_8,6.352617,-39.173556
Series_8,6.363636,-39.202694
Series_8,6.374656,-39.313949
Series_8,6.385675,-39.398714
Series_8,6.396694,-39.392659
Series_8,6.407714,-39.462287
Series_8,6.418733,-39.525861
Series_8,6.429752,-39.628790
Series_8,6.440771,-39.653009
Series_8,6.451791,-39.737774
Series_8,6.462810,-39.770738
Series_8,6.473829,-39.843731
Series_8,6.484848,-39.949687
Series_8,6.495868,-40.013261
Series_8,6.506887,-40.087430
Series_8,6.517906,-40.151004
Series_8,6.528925,-40.161600
Series_8,6.539945,-40.267556
Series_8,6.550964,-40.323424
Series_8,6.561983,-40.439441
Series_8,6.573003,-40.491242
Series_8,6.584022,-40.500660
Series_8,6.595041,-40.585425
Series_8,6.606060,-40.648999
Series_8,6.617080,-40.684318
Series_8,6.628099,-40.712573
Series_8,6.639118,-40.776147
Series_8,6.650137,-40.867976
Series_8,6.661157,-40.882103
Series_8,6.672176,-40.956273
Series_8,6.683195,-41.009251
Series_8,6.694214,-41.072825
Series_8,6.705234,-41.100071
Series_8,6.716253,-41.118235
Series_8,6.727272,-41.136399
Series_8,6.738292,-41.190890
Series_8,6.749311,-41.284737
Series_8,6.760330,-41.305929
Series_8,6.771349,-41.305929
Series_8,6.782369,-41.354366
Series_8,6.793388,-41.454268
Series_8,6.804407,-41.493623
Series_8,6.815426,-41.560224
Series_8,6.826446,-41.602607
Series_8,6.837465,-41.623798
Series_8,6.848484,-41.623798
Series_8,6.859504,-41.673244
Series_8,6.870523,-41.708563
Series_8,6.881542,-41.729754
Series_8,6.892561,-41.772137
Series_8,6.903581,-41.856902
Series_8,6.914600,-41.878093
Series_8,6.925619,-41.878093
Series_8,6.936638,-41.920476
Series_8,6.947658,-41.962858
Series_8,6.958677,-41.984050
Series_8,6.969696,-42.026432
Series_8,6.980715,-42.062760
Series_8,6.991735,-42.111197
Series_8,7.002754,-42.132389
Series_8,7.013773,-42.132389
Series_8,7.024793,-42.153580
Series_8,7.035812,-42.174771
Series_8,7.046831,-42.217154
Series_8,7.057850,-42.217154
Series_8,7.068870,-42.280728
Series_8,7.079889,-42.301919
Series_8,7.090908,-42.301919
Series_8,7.101927,-42.323110
Series_8,7.112947,-42.365493
Series_8,7.123966,-42.365493
Series_8,7.134985,-42.416352
Series_8,7.146004,-42.429067
Series_8,7.157024,-42.450258
Series_8,7.168043,-42.492640
Series_8,7.179062,-42.471449
Series_8,7.190082,-42.492640
Series_8,7.201101,-42.535023
Series_8,7.212120,-42.513832
Series_8,7.223139,-42.535023
Series_8,7.234159,-42.513832
Series_8,7.245178,-42.556214
Series_8,7.256197,-42.577405
Series_8,7.267216,-42.577405
Series_8,7.278236,-42.556214
Series_8,7.289255,-42.619788
Series_8,7.300274,-42.640979
Series_8,7.311294,-42.619788
Series_8,7.322313,-42.619788
Series_8,7.333332,-42.619788
Series_8,7.344351,-42.640979
Series_8,7.355371,-42.640979
Series_8,7.366390,-42.640979
Series_8,7.377409,-42.640979
Series_8,7.388428,-42.640979
Series_8,7.399448,-42.640979
Series_8,7.410467,-42.640979
Series_8,7.421486,-42.662171
Series_8,7.432505,-42.662171
Series_8,7.443525,-42.662171
Series_8,7.454544,-42.662171
Series_8,7.465563,-42.619788
Series_8,7.476583,-42.640979
Series_8,7.487602,-42.640979
Series_8,7.498621,-42.619788
Series_8,7.509640,-42.588001
Series_8,7.520660,-42.588001
Series_8,7.531679,-42.577405
Series_8,7.542698,-42.577405
Series_8,7.553717,-42.535023
Series_8,7.564737,-42.535023
Series_8,7.575756,-42.535023
Series_8,7.586775,-42.513832
Series_8,7.597794,-42.513832
Series_8,7.608814,-42.492640
Series_8,7.619833,-42.492640
Series_8,7.630852,-42.492640
Series_8,7.641872,-42.471449
Series_8,7.652891,-42.441781
Series_8,7.663910,-42.416352
Series_8,7.674929,-42.382446
Series_8,7.685949,-42.344301
Series_8,7.696968,-42.344301
Series_8,7.707987,-42.344301
Series_8,7.719006,-42.323110
Series_8,7.730026,-42.259536
Series_8,7.741045,-42.238345
Series_8,7.752064,-42.217154
Series_8,7.763083,-42.187486
Series_8,7.774103,-42.153580
Series_8,7.785122,-42.132389
Series_8,7.796141,-42.111197
Series_8,7.807161,-42.111197
Series_8,7.818180,-42.047623
Series_8,7.829199,-42.026432
Series_8,7.840218,-42.012305
Series_8,7.851238,-41.913412
Series_8,7.862257,-41.920476
Series_8,7.873276,-41.890808
Series_8,7.884295,-41.888689
Series_8,7.895315,-41.851604
Series_8,7.906334,-41.814519
Series_8,7.917353,-41.825115
Series_8,7.928373,-41.782733
Series_8,7.939392,-41.750946
Series_8,7.950411,-41.721278
Series_8,7.961430,-41.666180
Series_8,7.972450,-41.623798
Series_8,7.983469,-41.623798
Series_8,7.994488,-41.581415
Series_8,8.005507,-41.549628
Series_8,8.016527,-41.517842
Series_8,8.027546,-41.475459
Series_8,8.038565,-41.443672
Series_8,8.049584,-41.424600
Series_8,8.060604,-41.390694
Series_8,8.071623,-41.348311
Series_8,8.082642,-41.305929
Series_8,8.093662,-41.327120
Series_8,8.104681,-41.272023
Series_8,8.115700,-41.216925
Series_8,8.126719,-41.161828
Series_8,8.137739,-41.106731
Series_8,8.148758,-41.051633
Series_8,8.159777,-41.030442
Series_8,8.170796,-41.010764
Series_8,8.181816,-40.991087
Series_8,8.192835,-40.908592
Series_8,8.203854,-40.850316
Series_8,8.214873,-40.765551
Series_8,8.225893,-40.746479
Series_8,8.236912,-40.712573
Series_8,8.247931,-40.670190
Series_8,8.258951,-40.613680
Series_8,8.269970,-40.619331
Series_8,8.280989,-40.613680
Series_8,8.292008,-40.521851
Series_8,8.303028,-40.477955
Series_8,8.314047,-40.434059
Series_8,8.325066,-40.331130
Series_8,8.336085,-40.288747
Series_8,8.347105,-40.225174
Series_8,8.358124,-40.225174
Series_8,8.369143,-40.161600
Series_8,8.380163,-40.098026
Series_8,8.391182,-40.085311
Series_8,8.402201,-39.949687
Series_8,8.413220,-39.843731
Series_8,8.424240,-39.822539
Series_8,8.435259,-39.822539
Series_8,8.446278,-39.780157
Series_8,8.457297,-39.695392
Series_8,8.468317,-39.695392
Series_8,8.479336,-39.610626
Series_8,8.490355,-39.525861
Series_8,8.501374,-39.462287
Series_8,8.512394,-39.441096
Series_8,8.523413,-39.419905
Series_8,8.534432,-39.324544
Series_8,8.545452,-39.229183
Series_8,8.556471,-39.144418
Series_8,8.567490,-39.116163
Series_8,8.578509,-39.034930
Series_8,8.589529,-38.953697
Series_8,8.600548,-38.911314
Series_8,8.611567,-38.890123
Series_8,8.622586,-38.911314
Series_8,8.633606,-38.900719
Series_8,8.644625,-38.771452
Series_8,8.655644,-38.750866
Series_8,8.666663,-38.644304
Series_8,8.677683,-38.529871
Series_8,8.688702,-38.491727
Series_8,8.699721,-38.466297
Series_8,8.710741,-38.474774
Series_8,8.721760,-38.360341
Series_8,8.732779,-38.322197
Series_8,8.743798,-38.254385
Series_8,8.754818,-38.131946
Series_8,8.765837,-38.121182
Series_8,8.776856,-38.084854
Series_8,8.787875,-37.978898
Series_8,8.798895,-37.915324
Series_8,8.809914,-37.915324
Series_8,8.820933,-37.851750
Series_8,8.831953,-37.761687
Series_8,8.842972,-37.675156
Series_8,8.853991,-37.586859
Series_8,8.865010,-37.512690
Series_8,8.876030,-37.491499
Series_8,8.887049,-37.413797
Series_8,8.898068,-37.336096
Series_8,8.909087,-37.304813
Series_8,8.920107,-37.273531
Series_8,8.931126,-37.194821
Series_8,8.942145,-37.085837
Series_8,8.953164,-37.061618
Series_8,8.964184,-37.046482
Series_8,8.975203,-36.919334
Series_8,8.986222,-36.839867
Series_8,8.997242,-36.792186
Series_8,9.008261,-36.728613
Series_8,9.019280,-36.612060
Series_8,9.030299,-36.566146
Series_8,9.041319,-36.499747
Series_8,9.052338,-36.395607
Series_8,9.063357,-36.296310
Series_8,9.074376,-36.268762
Series_8,9.085396,-36.241213
Series_8,9.096415,-36.135257
Series_8,9.107434,-36.071683
Series_8,9.118453,-36.029300
Series_8,9.129473,-35.944535
Series_8,9.140492,-35.893071
Series_8,9.151511,-35.817388
Series_8,9.162531,-35.711431
Series_8,9.173550,-35.626666
Series_8,9.184569,-35.605475
Series_8,9.195588,-35.563092
Series_8,9.206608,-35.510114
Series_8,9.217627,-35.448306
Series_8,9.228646,-35.386498
Series_8,9.239665,-35.329988
Series_8,9.250685,-35.195777
Series_8,9.261704,-35.166513
Series_8,9.272723,-35.146330
Series_8,9.283742,-35.054502
Series_8,9.294762,-35.012119
Series_8,9.305781,-34.990928
Series_8,9.316800,-34.855303
Series_8,9.327820,-34.838350
Series_8,9.338839,-34.821397
Series_8,9.349858,-34.715441
Series_8,9.360877,-34.617961
Series_8,9.371897,-34.540613
Series_8,9.382916,-34.461146
Series_8,9.393935,-34.397572
Series_8,9.404954,-34.369317
Series_8,9.415974,-34.264370
Series_8,9.426993,-34.164468
Series_8,9.438012,-34.079703
Series_8,9.449032,-34.034293
Series_8,9.460051,-33.952555
Series_8,9.471070,-33.896045
Series_8,9.482089,-33.839535
Series_8,9.493109,-33.730047
Series_8,9.504128,-33.617733
Series_8,9.515147,-33.617733
Series_8,9.526166,-33.613495
Series_8,9.537186,-33.486347
Series_8,9.548205,-33.409150
Series_8,9.559224,-33.331953
Series_8,9.570243,-33.239620
Series_8,9.581263,-33.147286
Series_8,9.592282,-33.126095
Series_8,9.603301,-33.055458
Series_8,9.614321,-32.956565
Series_8,9.625340,-32.948088
Series_8,9.636359,-32.882395
Series_8,9.647378,-32.826239
Series_8,9.658398,-32.770082
Series_8,9.669417,-32.685317
Series_8,9.680436,-32.611450
Series_8,9.691455,-32.522144
Series_8,9.702475,-32.464927
Series_8,9.713494,-32.377337
Series_8,9.724513,-32.312350
Series_8,9.735532,-32.193679
Series_8,9.746552,-32.151296
Series_8,9.757571,-32.002957
Series_8,9.768590,-31.992362
Series_8,9.779610,-31.981766
Series_8,9.790629,-31.897001
Series_8,9.801648,-31.854618
Series_8,9.812667,-31.806181
Series_8,9.823687,-31.748662
Series_8,9.834706,-31.706279
Series_8,9.845725,-31.610919
Series_8,9.856744,-31.503449
Series_8,9.867764,-31.467121
Series_8,9.878783,-31.374283
Series_8,9.889802,-31.296581
Series_8,9.900822,-31.296581
Series_8,9.911841,-31.182552
Series_8,9.922860,-31.148242
Series_8,9.933879,-31.142591
Series_8,9.944899,-31.108685
Series_8,9.955918,-31.006967
Series_8,9.966937,-30.928257
Series_8,9.977956,-30.826841
Series_8,9.988976,-30.816246
Series_8,9.999995,-30.717353
Series_8,10.011014,-30.676383
Series_8,10.022033,-30.604333
Series_8,10.033053,-30.496863
Series_8,10.044072,-30.389393
Series_8,10.055091,-30.335910
Series_8,10.066111,-30.261034
Series_8,10.077130,-30.219863
Series_8,10.088149,-30.133887
Series_8,10.099168,-29.989786
Series_8,10.110188,-29.968595
Series_8,10.121207,-29.940340
Series_8,10.132226,-29.938927
Series_8,10.143245,-29.820256
Series_8,10.154265,-29.735491
Series_8,10.165284,-29.735491
Series_8,10.176303,-29.693108
Series_8,10.187322,-29.565960
Series_8,10.198342,-29.557484
Series_8,10.209361,-29.460004
Series_8,10.220380,-29.362524
Series_8,10.231400,-29.332856
Series_8,10.242419,-29.311665
Series_8,10.253438,-29.205709
Series_8,10.264457,-29.099752
Series_8,10.275477,-29.099752
Series_8,10.286496,-29.071497
Series_8,10.297515,-28.993796
Series_8,10.308534,-28.930222
Series_8,10.319554,-28.866648
Series_8,10.330573,-28.803074
Series_8,10.341592,-28.732437
Series_8,10.352612,-28.697118
Series_8,10.363631,-28.654735
Series_8,10.374650,-28.591161
Series_8,10.385669,-28.548779
Series_8,10.396689,-28.442823
Series_8,10.407708,-28.421631
Series_8,10.418727,-28.400440
Series_8,10.429746,-28.400440
Series_8,10.440766,-28.315675
Series_8,10.451785,-28.188527
Series_8,10.462804,-28.146145
Series_8,10.473823,-28.061380
Series_8,10.484843,-27.976614
Series_8,10.495862,-27.955423
Series_8,10.506881,-27.946947
Series_8,10.517901,-27.891849
Series_8,10.528920,-27.828275
Series_8,10.539939,-27.800020
Series_8,10.550958,-27.722319
Series_8,10.561978,-27.679937
Series_8,10.572997,-27.679937
Series_8,10.584016,-27.605767
Series_8,10.595035,-27.531598
Series_8,10.606055,-27.510406
Series_8,10.617074,-27.506168
Series_8,10.628093,-27.468024
Series_8,10.639112,-27.423715
Series_8,10.650132,-27.379406
Series_8,10.661151,-27.335097
Series_8,10.672170,-27.290788
Series_8,10.683190,-27.246479
Series_8,10.694209,-27.202169
Series_8,10.705228,-27.157860
Series_8,10.716247,-27.113551
Series_8,10.727267,-27.069242
Series_8,10.738286,-27.024933
Series_8,10.749305,-26.980624
Series_8,10.760324,-26.927646
Series_8,10.771344,-26.874668
Series_8,10.782363,-26.832285
Series_8,10.793382,-26.789903
Series_8,10.804401,-26.726329
Series_8,10.815421,-26.705138
Series_8,10.826440,-26.620373
Series_8,10.837459,-26.570926
Series_8,10.848479,-26.542671
Series_8,10.859498,-26.500289
Series_8,10.870517,-26.429651
Series_8,10.881536,-26.344886
Series_8,10.892556,-26.323695
Series_8,10.903575,-26.260121
Series_8,10.914594,-26.217738
Series_8,10.925613,-26.161228
Series_8,10.936633,-26.111782
Series_8,10.947652,-26.079995
Series_8,10.958671,-26.048208
Series_8,10.969691,-26.005825
Series_8,10.980710,-25.942252
Series_8,10.991729,-25.912584
Series_8,11.002748,-25.836295
Series_8,11.013768,-25.793913
Series_8,11.024787,-25.772721
Series_8,11.035806,-25.751530
Series_8,11.046825,-25.709148
Series_8,11.057845,-25.709148
Series_8,11.068864,-25.645574
Series_8,11.079883,-25.582000
Series_8,11.090902,-25.560809
Series_8,11.101922,-25.518426
Series_8,11.112941,-25.433661
Series_8,11.123960,-25.412470
Series_8,11.134980,-25.391278
Series_8,11.145999,-25.391278
Series_8,11.157018,-25.348896
Series_8,11.168037,-25.327705
Series_8,11.179057,-25.200557
Series_8,11.190076,-25.168770
Series_8,11.201095,-25.115792
Series_8,11.212114,-25.115792
Series_8,11.223134,-25.059282
Series_8,11.234153,-25.073409
Series_8,11.245172,-24.956857
Series_8,11.256191,-24.861496
Series_8,11.267211,-24.840305
Series_8,11.278230,-24.819114
Series_8,11.289249,-24.804986
Series_8,11.300269,-24.854433
Series_8,11.311288,-24.840305
Series_8,11.322307,-24.840305
Series_8,11.333326,-24.736468
Series_8,11.344346,-24.632631
Series_8,11.355365,-24.607201
Series_8,11.366384,-24.581772
Series_8,11.377403,-24.509721
Series_8,11.388423,-24.437671
Series_8,11.399442,-24.412241
Series_8,11.410461,-24.374097
Series_8,11.421481,-24.344429
Series_8,11.432500,-24.352906
Series_8,11.443519,-24.293570
Series_8,11.454538,-24.246949
Series_8,11.465558,-24.162184
Series_8,11.476577,-24.084483
Series_8,11.487596,-24.070355
Series_8,11.498615,-24.045632
Series_8,11.509635,-23.988416
Series_8,11.520654,-23.929080
Series_8,11.531673,-23.929080
Series_8,11.542692,-23.854911
Series_8,11.553712,-23.823124
Series_8,11.564731,-23.759550
Series_8,11.575750,-23.695976
Series_8,11.586770,-23.685380
Series_8,11.597789,-23.674785
Series_8,11.608808,-23.660657
Series_8,11.619827,-23.581543
Series_8,11.630847,-23.568828
Series_8,11.641866,-23.547637
Series_8,11.652885,-23.441681
Series_8,11.663904,-23.335724
Series_8,11.674924,-23.314533
Series_8,11.685943,-23.321597
Series_8,11.696962,-23.229768
Series_8,11.707981,-23.187385
Series_8,11.719001,-23.145003
Series_8,11.730020,-23.145003
Series_8,11.741039,-23.102620
Series_8,11.752059,-22.996664
Series_8,11.763078,-22.954281
Series_8,11.774097,-22.926026
Series_8,11.785116,-22.933090
Series_8,11.796136,-22.911899
Series_8,11.807155,-22.827134
Series_8,11.818174,-22.805942
Series_8,11.829193,-22.784751
Series_8,11.840213,-22.678795
Series_8,11.851232,-22.636412
Series_8,11.862251,-22.657603
Series_8,11.873271,-22.615221
Series_8,11.884290,-22.572838
Series_8,11.895309,-22.537520
Series_8,11.906328,-22.479597
Series_8,11.917348,-22.424499
Series_8,11.928367,-22.369402
Series_8,11.939386,-22.373035
Series_8,11.950405,-22.312488
Series_8,11.961425,-22.276160
Series_8,11.972444,-22.269097
Series_8,11.983463,-22.170204
Series_8,11.994482,-22.156077
Series_8,12.005502,-22.043056
Series_8,12.016521,-22.043056
Series_8,12.027540,-22.021865
Series_8,12.038560,-21.990078
Series_8,12.049579,-21.958291
Series_8,12.060598,-21.884122
Series_8,12.071617,-21.841739
Series_8,12.082637,-21.788761
Series_8,12.093656,-21.767570
Series_8,12.104675,-21.725187
Series_8,12.115694,-21.668677
Series_8,12.126714,-21.682805
Series_8,12.137733,-21.598040
Series_8,12.148752,-21.564133
Series_8,12.159771,-21.534466
Series_8,12.170791,-21.521751
Series_8,12.181810,-21.475130
Series_8,12.192829,-21.428509
Series_8,12.203849,-21.386127
Series_8,12.214868,-21.364935
Series_8,12.225887,-21.301362
Series_8,12.236906,-21.280170
Series_8,12.247926,-21.227192
Series_8,12.258945,-21.131831
Series_8,12.269964,-21.121236
Series_8,12.280983,-21.068258
Series_8,12.292003,-21.025875
Series_8,12.303022,-21.015279
Series_8,12.314041,-21.018811
Series_8,12.325060,-20.934046
Series_8,12.336080,-20.919919
Series_8,12.347099,-20.835153
Series_8,12.358118,-20.813962
Series_8,12.369138,-20.771580
Series_8,12.380157,-20.729197
Series_8,12.391176,-20.644432
Series_8,12.402195,-20.623241
Series_8,12.413215,-20.602049
Series_8,12.424234,-20.602049
Series_8,12.435253,-20.538476
Series_8,12.446272,-20.496093
Series_8,12.457292,-20.453710
Series_8,12.468311,-20.453710
Series_8,12.479330,-20.390137
Series_8,12.490350,-20.284180
Series_8,12.501369,-20.258751
Series_8,12.512388,-20.199415
Series_8,12.523407,-20.171160
Series_8,12.534427,-20.114650
Series_8,12.545446,-20.093459
Series_8,12.556465,-20.040481
Series_8,12.567484,-20.051076
Series_8,12.578504,-20.008694
Series_8,12.589523,-19.923928
Series_8,12.600542,-19.913333
Series_8,12.611561,-19.902737
Series_8,12.622581,-19.860355
Series_8,12.633600,-19.839163
Series_8,12.644619,-19.750160
Series_8,12.655639,-19.716254
Series_8,12.666658,-19.682348
Series_8,12.677677,-19.683761
Series_8,12.688696,-19.665395
Series_8,12.699716,-19.577804
Series_8,12.710735,-19.529771
Series_8,12.721754,-19.521294
Series_8,12.732773,-19.457720
Series_8,12.743793,-19.415338
Series_8,12.754812,-19.394147
Series_8,12.765831,-19.362360
Series_8,12.776850,-19.252871
Series_8,12.787870,-19.266999
Series_8,12.798889,-19.238744
Series_8,12.809908,-19.245808
Series_8,12.820928,-19.182234
Series_8,12.831947,-19.118660
Series_8,12.842966,-19.131375
Series_8,12.853985,-19.076277
Series_8,12.865005,-19.040959
Series_8,12.876024,-18.978797
Series_8,12.887043,-18.913811
Series_8,12.898062,-18.927938
Series_8,12.909082,-18.864365
Series_8,12.920101,-18.821982
Series_8,12.931120,-18.775361
Series_8,12.942140,-18.737217
Series_8,12.953159,-18.698366
Series_8,12.964178,-18.659516
Series_8,12.975197,-18.610069
Series_8,12.986217,-18.588878
Series_8,12.997236,-18.580401
Series_8,13.008255,-18.571925
Series_8,13.019274,-18.431457
Series_8,13.030294,-18.435241
Series_8,13.041313,-18.376965
Series_8,13.052332,-18.355774
Series_8,13.063351,-18.309153
Series_8,13.074371,-18.249817
Series_8,13.085390,-18.165052
Series_8,13.096409,-18.143861
Series_8,13.107429,-18.090883
Series_8,13.118448,-18.080287
Series_8,13.129467,-18.046381
Series_8,13.140486,-18.037905
Series_8,13.151506,-17.995522
Series_8,13.162525,-17.953140
Series_8,13.173544,-17.931948
Series_8,13.184563,-17.910757
Series_8,13.195583,-17.817515
Series_8,13.206602,-17.804801
Series_8,13.217621,-17.775133
Series_8,13.228640,-17.690368
Series_8,13.239660,-17.656462
Series_8,13.250679,-17.645866
Series_8,13.261698,-17.571697
Series_8,13.272718,-17.518718
Series_8,13.283737,-17.502825
Series_8,13.294756,-17.486931
Series_8,13.305775,-17.476336
Series_8,13.316795,-17.402166
Series_8,13.327814,-17.376737
Series_8,13.338833,-17.351307
Series_8,13.349852,-17.317401
Series_8,13.360872,-17.246764
Series_8,13.371891,-17.232636
Series_8,13.382910,-17.211445
Series_8,13.393930,-17.179658
Series_8,13.404949,-17.169062
Series_8,13.415968,-17.063106
Series_8,13.426987,-17.056042
Series_8,13.438007,-17.041915
Series_8,13.449026,-16.992468
Series_8,13.460045,-16.935958
Series_8,13.471064,-16.914767
Series_8,13.482084,-16.851193
Series_8,13.493103,-16.868146
Series_8,13.504122,-16.774904
Series_8,13.515141,-16.766428
Series_8,13.526161,-16.695790
Series_8,13.537180,-16.702854
Series_8,13.548199,-16.632217
Series_8,13.559219,-16.561579
Series_8,13.570238,-16.512133
Series_8,13.581257,-16.490941
Series_8,13.592276,-16.457641
Series_8,13.603296,-16.368335
Series_8,13.614315,-16.279029
Series_8,13.625334,-16.257837
Series_8,13.636353,-16.228169
Series_8,13.647373,-16.198502
Series_8,13.658392,-16.194263
Series_8,13.669411,-16.151881
Series_8,13.680430,-16.109498
Series_8,13.691450,-16.077711
Series_8,13.702469,-16.045924
Series_8,13.713488,-15.961159
Series_8,13.724508,-15.897586
Series_8,13.735527,-15.901824
Series_8,13.746546,-15.855203
Series_8,13.757565,-15.834012
Series_8,13.768585,-15.770438
Series_8,13.779604,-15.728055
Series_8,13.790623,-15.622099
Series_8,13.801642,-15.600908
Series_8,13.812662,-15.600908
Series_8,13.823681,-15.600908
Series_8,13.834700,-15.516143
Series_8,13.845719,-15.473760
Series_8,13.856739,-15.452569
Series_8,13.867758,-15.367804
Series_8,13.878777,-15.367804
Series_8,13.889797,-15.346612
Series_8,13.900816,-15.304230
Series_8,13.911835,-15.261847
Series_8,13.922854,-15.230060
Series_8,13.933874,-15.189797
Series_8,13.944893,-15.134699
Series_8,13.955912,-15.124104
Series_8,13.966931,-15.113508
Series_8,13.977951,-15.092317
Series_8,13.988970,-15.014616
Series_8,13.999989,-14.972233
Series_8,14.011009,-14.965169
Series_8,14.022028,-14.901595
Series_8,14.033047,-14.880404
Series_8,14.044066,-14.816830
Series_8,14.055086,-14.774448
Series_8,14.066105,-14.765971
Series_8,14.077124,-14.774448
Series_8,14.088143,-14.689683
Series_8,14.099163,-14.647300
Series_8,14.110182,-14.626109
Series_8,14.121201,-14.562535
Series_8,14.132220,-14.520152
Series_8,14.143240,-14.498961
Series_8,14.154259,-14.456579
Series_8,14.165278,-14.414196
Series_8,14.176298,-14.350622
Series_8,14.187317,-14.308240
Series_8,14.198336,-14.287048
Series_8,14.209355,-14.223474
Series_8,14.220375,-14.172615
Series_8,14.231394,-14.138709
Series_8,14.242413,-14.117518
Series_8,14.253432,-14.045468
Series_8,14.264452,-14.011562
Series_8,14.275471,-14.011562
Series_8,14.286490,-13.918320
Series_8,14.297509,-13.901367
Series_8,14.308529,-13.884414
Series_8,14.319548,-13.863223
Series_8,14.330567,-13.820840
Series_8,14.341587,-13.757266
Series_8,14.352606,-13.714884
Series_8,14.363625,-13.672501
Series_8,14.374644,-13.608927
Series_8,14.385664,-13.587736
Series_8,14.396683,-13.566545
Series_8,14.407702,-13.502971
Series_8,14.418721,-13.494495
Series_8,14.429741,-13.443635
Series_8,14.440760,-13.439397
Series_8,14.451779,-13.397015
Series_8,14.462799,-13.354632
Series_8,14.473818,-13.333441
Series_8,14.484837,-13.322845
Series_8,14.495856,-13.312250
Series_8,14.506876,-13.248676
Series_8,14.517895,-13.206293
Series_8,14.528914,-13.185102
Series_8,14.539933,-13.121528
Series_8,14.550953,-13.057954
Series_8,14.561972,-13.015572
Series_8,14.572991,-12.985904
Series_8,14.584010,-12.951998
Series_8,14.595030,-12.888424
Series_8,14.606049,-12.838978
Series_8,14.617068,-12.803659
Series_8,14.628088,-12.782468
Series_8,14.639107,-12.750681
Series_8,14.650126,-12.761276
Series_8,14.661145,-12.676511
Series_8,14.672165,-12.629890
Series_8,14.683184,-12.570555
Series_8,14.694203,-12.549363
Series_8,14.705222,-12.464598
Series_8,14.716242,-12.443407
Series_8,14.727261,-12.464598
Series_8,14.738280,-12.422216
Series_8,14.749299,-12.370751
Series_8,14.760319,-12.351578
Series_8,14.771338,-12.231494
Series_8,14.782357,-12.210303
Series_8,14.793377,-12.157325
Series_8,14.804396,-12.125538
Series_8,14.815415,-12.083155
Series_8,14.826434,-12.061964
Series_8,14.837454,-12.040773
Series_8,14.848473,-11.998390
Series_8,14.859492,-11.963071
Series_8,14.870511,-11.850051
Series_8,14.881531,-11.828860
Series_8,14.892550,-11.800605
Series_8,14.903569,-11.807669
Series_8,14.914588,-11.765286
Series_8,14.925608,-11.722904
Series_8,14.936627,-11.688998
Series_8,14.947646,-11.688998
Series_8,14.958666,-11.616947
Series_8,14.969685,-11.553373
Series_8,14.980704,-11.553373
Series_8,14.991723,-11.532182
Series_8,15.002743,-11.489800
Series_8,15.013762,-11.468608
Series_8,15.024781,-11.405034
Series_8,15.035800,-11.383843
Series_8,15.046820,-11.341461
Series_8,15.057839,-11.299078
Series_8,15.068858,-11.256695
Series_8,15.079878,-11.171930
Series_8,15.090897,-11.150739
Series_8,15.101916,-11.154977
Series_8,15.112935,-11.097761
Series_8,15.123955,-11.044783
Series_8,15.134974,-11.036306
Series_8,15.145993,-10.981209
Series_8,15.157012,-10.917635
Series_8,15.168032,-10.875252
Series_8,15.179051,-10.875252
Series_8,15.190070,-10.832870
Series_8,15.201089,-10.811679
Series_8,15.212109,-10.748105
Series_8,15.223128,-10.705722
Series_8,15.234147,-10.663340
Series_8,15.245167,-10.599766
Series_8,15.256186,-10.557383
Series_8,15.267205,-10.509703
Series_8,15.278224,-10.493809
Series_8,15.289244,-10.459903
Series_8,15.300263,-10.324279
Series_8,15.311282,-10.292492
Series_8,15.322301,-10.281897
Series_8,15.333321,-10.260705
Series_8,15.344340,-10.260705
Series_8,15.355359,-10.165345
Series_8,15.366378,-10.165345
Series_8,15.377398,-10.122962
Series_8,15.388417,-10.129319
Series_8,15.399436,-10.091175
Series_8,15.410456,-9.999346
Series_8,15.421475,-10.006410
Series_8,15.432494,-9.942836
Series_8,15.443513,-9.930727
Series_8,15.454533,-9.858071
Series_8,15.465552,-9.858071
Series_8,15.476571,-9.836880
Series_8,15.487590,-9.730923
Series_8,15.498610,-9.709732
Series_8,15.509629,-9.688541
Series_8,15.520648,-9.654635
Series_8,15.531668,-9.561393
Series_8,15.542687,-9.540202
Series_8,15.553706,-9.535964
Series_8,15.564725,-9.519011
Series_8,15.575745,-9.476628
Series_8,15.586764,-9.434246
Series_8,15.597783,-9.383386
Series_8,15.608802,-9.328289
Series_8,15.619822,-9.328289
Series_8,15.630841,-9.307098
Series_8,15.641860,-9.243524
Series_8,15.652879,-9.196903
Series_8,15.663899,-9.179950
Series_8,15.674918,-9.116376
Series_8,15.685937,-9.073994
Series_8,15.696957,-9.052802
Series_8,15.707976,-9.010420
Series_8,15.718995,-8.968037
Series_8,15.730014,-8.925655
Series_8,15.741034,-8.904464
Series_8,15.752053,-8.862081
Series_8,15.763072,-8.832413
Series_8,15.774091,-8.819698
Series_8,15.785111,-8.798507
Series_8,15.796130,-8.671359
Series_8,15.807149,-8.628977
Series_8,15.818168,-8.624268
Series_8,15.829188,-8.584240
Series_8,15.840207,-8.544212
Series_8,15.851226,-8.513939
Series_8,15.862246,-8.467923
Series_8,15.873265,-8.374682
Series_8,15.884284,-8.374682
Series_8,15.895303,-8.332299
Series_8,15.906323,-8.268725
Series_8,15.917342,-8.226343
Series_8,15.928361,-8.205151
Series_8,15.939380,-8.134514
Series_8,15.950400,-8.120386
Series_8,15.961419,-8.111910
Series_8,15.972438,-8.056812
Series_8,15.983458,-7.972047
Series_8,15.994477,-7.957920
Series_8,16.005496,-7.950856
Series_8,16.016515,-7.887282
Series_8,16.027535,-7.849138
Series_8,16.038554,-7.837836
Series_8,16.049573,-7.789802
Series_8,16.060592,-7.760134
Series_8,16.071612,-7.675369
Series_8,16.082631,-7.664774
Series_8,16.093650,-7.597668
Series_8,16.104669,-7.590604
Series_8,16.115689,-7.537626
Series_8,16.126708,-7.484648
Series_8,16.137727,-7.493124
Series_8,16.148747,-7.442265
Series_8,16.159766,-7.442265
Series_8,16.170785,-7.442265
Series_8,16.181804,-7.343373
Series_8,16.192824,-7.323594
Series_8,16.203843,-7.272735
Series_8,16.214862,-7.237416
Series_8,16.225881,-7.187970
Series_8,16.236901,-7.159715
Series_8,16.247920,-7.082014
Series_8,16.258939,-7.060822
Series_8,16.269958,-7.039631
Series_8,16.280978,-6.997248
Series_8,16.291997,-6.954866
Series_8,16.303016,-6.933675
Series_8,16.314036,-6.870101
Series_8,16.325055,-6.870101
Series_8,16.336074,-6.870101
Series_8,16.347093,-6.848909
Series_8,16.358113,-6.798050
Series_8,16.369132,-6.742953
Series_8,16.380151,-6.662426
Series_8,16.391170,-6.594614
Series_8,16.402190,-6.509849
Series_8,16.413209,-6.509849
Series_8,16.424228,-6.495722
Series_8,16.435247,-6.460403
Series_8,16.446267,-6.425084
Series_8,16.457286,-6.425084
Series_8,16.468305,-6.319128
Series_8,16.479325,-6.255554
Series_8,16.490344,-6.234362
Series_8,16.501363,-6.213171
Series_8,16.512382,-6.191980
Series_8,16.523402,-6.149597
Series_8,16.534421,-6.100857
Series_8,16.545440,-6.052117
Series_8,16.556459,-6.018211
Series_8,16.567479,-5.995204
Series_8,16.578498,-5.937685
Series_8,16.589517,-5.916493
Series_8,16.600537,-5.933446
Series_8,16.611556,-5.831728
Series_8,16.622575,-5.810537
Series_8,16.633594,-5.746963
Series_8,16.644614,-5.725772
Series_8,16.655633,-5.738486
Series_8,16.666652,-5.651602
Series_8,16.677671,-5.619815
Series_8,16.688691,-5.598624
Series_8,16.699710,-5.556241
Series_8,16.710729,-5.506795
Series_8,16.721748,-5.484191
Series_8,16.732768,-5.450285
Series_8,16.743787,-5.429094
Series_8,16.754806,-5.333733
Series_8,16.765826,-5.306184
Series_8,16.776845,-5.259564
Series_8,16.787864,-5.238372
Series_8,16.798883,-5.195990
Series_8,16.809903,-5.174798
Series_8,16.820922,-5.174798
Series_8,16.831941,-5.132416
Series_8,16.842960,-5.090033
Series_8,16.853980,-5.047651
Series_8,16.864999,-5.047651
Series_8,16.876018,-5.047651
Series_8,16.887037,-4.952290
Series_8,16.898057,-4.962886
Series_8,16.909076,-4.842802
Series_8,16.920095,-4.761569
Series_8,16.931115,-4.729782
Series_8,16.942134,-4.712829
Series_8,16.953153,-4.659144
Series_8,16.964172,-4.645017
Series_8,16.975192,-4.619587
Series_8,16.986211,-4.602634
Series_8,16.997230,-4.496678
Series_8,17.008249,-4.433104
Series_8,17.019269,-4.433104
Series_8,17.030288,-4.390721
Series_8,17.041307,-4.348339
Series_8,17.052327,-4.316552
Series_8,17.063346,-4.284765
Series_8,17.074365,-4.284765
Series_8,17.085384,-4.221191
Series_8,17.096404,-4.157617
Series_8,17.107423,-4.094043
Series_8,17.118442,-4.077090
Series_8,17.129461,-4.043184
Series_8,17.140481,-4.009278
Series_8,17.151500,-3.945704
Series_8,17.162519,-3.935109
Series_8,17.173538,-3.887428
Series_8,17.184558,-3.839748
Series_8,17.195577,-3.807961
Series_8,17.206596,-3.776174
Series_8,17.217616,-3.765578
Series_8,17.228635,-3.712600
Series_8,17.239654,-3.670218
Series_8,17.250673,-3.649026
Series_8,17.261693,-3.649026
Series_8,17.272712,-3.624303
Series_8,17.283731,-3.599580
Series_8,17.294750,-3.521879
Series_8,17.305770,-3.475258
Series_8,17.316789,-3.424399
Series_8,17.327808,-3.365063
Series_8,17.338827,-3.305728
Series_8,17.349847,-3.297251
Series_8,17.360866,-3.261226
Series_8,17.371885,-3.225201
Series_8,17.382905,-3.161627
Series_8,17.393924,-3.170104
Series_8,17.404943,-3.140436
Series_8,17.415962,-3.108649
Series_8,17.426982,-3.076862
Series_8,17.438001,-3.076862
Series_8,17.449020,-3.023884
Series_8,17.460039,-2.970905
Series_8,17.471059,-2.949714
Series_8,17.482078,-2.879077
Series_8,17.493097,-2.801375
Series_8,17.504117,-2.801375
Series_8,17.515136,-2.801375
Series_8,17.526155,-2.780184
Series_8,17.537174,-2.667164
Series_8,17.548194,-2.653036
Series_8,17.559213,-2.610654
Series_8,17.570232,-2.568271
Series_8,17.581251,-2.541782
Series_8,17.592271,-2.511761
Series_8,17.603290,-2.444655
Series_8,17.614309,-2.377550
Series_8,17.625328,-2.356358
Series_8,17.636348,-2.299848
Series_8,17.647367,-2.264530
Series_8,17.658386,-2.229211
Series_8,17.669406,-2.208019
Series_8,17.680425,-2.165637
Series_8,17.691444,-2.169875
Series_8,17.702463,-2.123254
Series_8,17.713483,-2.038489
Series_8,17.724502,-2.038489
Series_8,17.735521,-1.996107
Series_8,17.746540,-1.953724
Series_8,17.757560,-1.890150
Series_8,17.768579,-1.868959
Series_8,17.779598,-1.858363
Series_8,17.790617,-1.805385
Series_8,17.801637,-1.763003
Series_8,17.812656,-1.741811
Series_8,17.823675,-1.703314
Series_8,17.834695,-1.664816
Series_8,17.845714,-1.626319
Series_8,17.856733,-1.587821
Series_8,17.867752,-1.549324
Series_8,17.878772,-1.510826
Series_8,17.889791,-1.472329
Series_8,17.900810,-1.433831
Series_8,17.911829,-1.395334
Series_8,17.922849,-1.356836
Series_8,17.933868,-1.318339
Series_9,0.126731,-0.237231
Series_9,0.137750,-0.311400
Series_9,0.148769,-0.385569
Series_9,0.159789,-0.470335
Series_9,0.170808,-0.491526
Series_9,0.181827,-0.512717
Series_9,0.192846,-0.555100
Series_9,0.203866,-0.639865
Series_9,0.214885,-0.661056
Series_9,0.225904,-0.724630
Series_9,0.236923,-0.809395
Series_9,0.247943,-0.851778
Series_9,0.258962,-0.894160
Series_9,0.269981,-0.936543
Series_9,0.281000,-1.060159
Series_9,0.292020,-1.183774
Series_9,0.303039,-1.307390
Series_9,0.314058,-1.431006
Series_9,0.325078,-1.554622
Series_9,0.336097,-1.678237
Series_9,0.347116,-1.678237
Series_9,0.358135,-1.741811
Series_9,0.369155,-1.868959
Series_9,0.380174,-1.890150
Series_9,0.391193,-1.932533
Series_9,0.402212,-1.953724
Series_9,0.413232,-2.073808
Series_9,0.424251,-2.144446
Series_9,0.435270,-2.156555
Series_9,0.446289,-2.252328
Series_9,0.457309,-2.381788
Series_9,0.468328,-2.466553
Series_9,0.479347,-2.551318
Series_9,0.490367,-2.638909
Series_9,0.501386,-2.773120
Series_9,0.512405,-2.810457
Series_9,0.523424,-2.846785
Series_9,0.534444,-2.907332
Series_9,0.545463,-2.992097
Series_9,0.556482,-3.013288
Series_9,0.567501,-3.055671
Series_9,0.578521,-3.140436
Series_9,0.589540,-3.175755
Series_9,0.600559,-3.225201
Series_9,0.611578,-3.325103
Series_9,0.622598,-3.415922
Series_9,0.633617,-3.452250
Series_9,0.644636,-3.516581
Series_9,0.655656,-3.564261
Series_9,0.666675,-3.606644
Series_9,0.677694,-3.627835
Series_9,0.688713,-3.733792
Series_9,0.699733,-3.747919
Series_9,0.710752,-3.818557
Series_9,0.721771,-3.903322
Series_9,0.732790,-3.988087
Series_9,0.743810,-3.988087
Series_9,0.754829,-4.072852
Series_9,0.765848,-4.168213
Series_9,0.776868,-4.295360
Series_9,0.787887,-4.327147
Series_9,0.798906,-4.411912
Series_9,0.809925,-4.517869
Series_9,0.820945,-4.560251
Series_9,0.831964,-4.602634
Series_9,0.842983,-4.645017
Series_9,0.854002,-4.670446
Series_9,0.865022,-4.760055
Series_9,0.876041,-4.772164
Series_9,0.887060,-4.786292
Series_9,0.898079,-4.916265
Series_9,0.909099,-4.997851
Series_9,0.920118,-5.079438
Series_9,0.931137,-5.132416
Series_9,0.942157,-5.238372
Series_9,0.953176,-5.259564
Series_9,0.964195,-5.280755
Series_9,0.975214,-5.331614
Series_9,0.986234,-5.464413
Series_9,0.997253,-5.480558
Series_9,1.008272,-5.513859
Series_9,1.019291,-5.585909
Series_9,1.030311,-5.630176
Series_9,1.041330,-5.674442
Series_9,1.052349,-5.718708
Series_9,1.063368,-5.746963
Series_9,1.074388,-5.831728
Series_9,1.085407,-5.909429
Series_9,1.096426,-6.001258
Series_9,1.107446,-6.101917
Series_9,1.118465,-6.170789
Series_9,1.129484,-6.191980
Series_9,1.140503,-6.244958
Series_9,1.151523,-6.276745
Series_9,1.162542,-6.345617
Series_9,1.173561,-6.414488
Series_9,1.184580,-6.509849
Series_9,1.195600,-6.526802
Series_9,1.206619,-6.611567
Series_9,1.217638,-6.721762
Series_9,1.228658,-6.848909
Series_9,1.239677,-6.882816
Series_9,1.250696,-6.933675
Series_9,1.261715,-6.976057
Series_9,1.272735,-7.018440
Series_9,1.283754,-7.145587
Series_9,1.294773,-7.173842
Series_9,1.305792,-7.230353
Series_9,1.316812,-7.315118
Series_9,1.327831,-7.315118
Series_9,1.338850,-7.336309
Series_9,1.349869,-7.410478
Series_9,1.360889,-7.484648
Series_9,1.371908,-7.558817
Series_9,1.382927,-7.632987
Series_9,1.393947,-7.664774
Series_9,1.404966,-7.738943
Series_9,1.415985,-7.816645
Series_9,1.427004,-7.887282
Series_9,1.438024,-7.908473
Series_9,1.449043,-7.972047
Series_9,1.460062,-8.102727
Series_9,1.471081,-8.233406
Series_9,1.482101,-8.311108
Series_9,1.493120,-8.374682
Series_9,1.504139,-8.374682
Series_9,1.515158,-8.374682
Series_9,1.526178,-8.443553
Series_9,1.537197,-8.532102
Series_9,1.548216,-8.539503
Series_9,1.559236,-8.624268
Series_9,1.570255,-8.764601
Series_9,1.581274,-8.904464
Series_9,1.592293,-8.968037
Series_9,1.603313,-9.031611
Series_9,1.614332,-9.095185
Series_9,1.625351,-9.158759
Series_9,1.636370,-9.222333
Series_9,1.647390,-9.264715
Series_9,1.658409,-9.307098
Series_9,1.669428,-9.281668
Series_9,1.680448,-9.256239
Series_9,1.691467,-9.285907
Series_9,1.702486,-9.387625
Series_9,1.713505,-9.489343
Series_9,1.724525,-9.591061
Series_9,1.735544,-9.692779
Series_9,1.746563,-9.794497
Series_9,1.757582,-9.836880
Series_9,1.768602,-9.847475
Series_9,1.779621,-9.858071
Series_9,1.790640,-9.879262
Series_9,1.801659,-9.942836
Series_9,1.812679,-10.006410
Series_9,1.823698,-10.140621
Series_9,1.834717,-10.232450
Series_9,1.845737,-10.324279
Series_9,1.856756,-10.430236
Series_9,1.867775,-10.472618
Series_9,1.878794,-10.504405
Series_9,1.889814,-10.536192
Series_9,1.900833,-10.578575
Series_9,1.911852,-10.684531
Series_9,1.922871,-10.790487
Series_9,1.933891,-10.790487
Series_9,1.944910,-10.896444
Series_9,1.955929,-11.002400
Series_9,1.966948,-11.023591
Series_9,1.977968,-11.044783
Series_9,1.988987,-11.075056
Series_9,2.000006,-11.123493
Series_9,2.011026,-11.235504
Series_9,2.022045,-11.341461
Series_9,2.033064,-11.362652
Series_9,2.044083,-11.426226
Series_9,2.055103,-11.475672
Series_9,2.066122,-11.489800
Series_9,2.077141,-11.553373
Series_9,2.088160,-11.574565
Series_9,2.099180,-11.680521
Series_9,2.110199,-11.765286
Series_9,2.121218,-11.807669
Series_9,2.132237,-11.903029
Series_9,2.143257,-11.998390
Series_9,2.154276,-11.998390
Series_9,2.165295,-12.104347
Series_9,2.176315,-12.210303
Series_9,2.187334,-12.231494
Series_9,2.198353,-12.273877
Series_9,2.209372,-12.316259
Series_9,2.220392,-12.337451
Series_9,2.231411,-12.422216
Series_9,2.242430,-12.528172
Series_9,2.253449,-12.612937
Series_9,2.264469,-12.676511
Series_9,2.275488,-12.704766
Series_9,2.286507,-12.733021
Series_9,2.297527,-12.761276
Series_9,2.308546,-12.789531
Series_9,2.319565,-12.817786
Series_9,2.330584,-12.846041
Series_9,2.341604,-12.973189
Series_9,2.352623,-13.079145
Series_9,2.363642,-13.142719
Series_9,2.374661,-13.178038
Series_9,2.385681,-13.206293
Series_9,2.396700,-13.269867
Series_9,2.407719,-13.354632
Series_9,2.418738,-13.375823
Series_9,2.429758,-13.397015
Series_9,2.440777,-13.439397
Series_9,2.451796,-13.534758
Series_9,2.462816,-13.630119
Series_9,2.473835,-13.672501
Series_9,2.484854,-13.736075
Series_9,2.495873,-13.875938
Series_9,2.506893,-13.925586
Series_9,2.517912,-13.975234
Series_9,2.528931,-14.024882
Series_9,2.539950,-14.074530
Series_9,2.550970,-14.124178
Series_9,2.561989,-14.173826
Series_9,2.573008,-14.223474
Series_9,2.584027,-14.244666
Series_9,2.595047,-14.287048
Series_9,2.606066,-14.371813
Series_9,2.617085,-14.498961
Series_9,2.628105,-14.604918
Series_9,2.639124,-14.664253
Series_9,2.650143,-14.723589
Series_9,2.661162,-14.782924
Series_9,2.672182,-14.842260
Series_9,2.683201,-14.901595
Series_9,2.694220,-14.901595
Series_9,2.705239,-14.975765
Series_9,2.716259,-15.049934
Series_9,2.727278,-15.134699
Series_9,2.738297,-15.134699
Series_9,2.749317,-15.212401
Series_9,2.760336,-15.283038
Series_9,2.771355,-15.388995
Series_9,2.782374,-15.431377
Series_9,2.793394,-15.505547
Series_9,2.804413,-15.579716
Series_9,2.815432,-15.636226
Series_9,2.826451,-15.692736
Series_9,2.837471,-15.757723
Series_9,2.848490,-15.791629
Series_9,2.859509,-15.865799
Series_9,2.870528,-15.939968
Series_9,2.881548,-15.961159
Series_9,2.892567,-16.037448
Series_9,2.903586,-16.113737
Series_9,2.914606,-16.190025
Series_9,2.925625,-16.266314
Series_9,2.936644,-16.342602
Series_9,2.947663,-16.342602
Series_9,2.958683,-16.441495
Series_9,2.969702,-16.528615
Series_9,2.980721,-16.615734
Series_9,2.991740,-16.702854
Series_9,3.002760,-16.755832
Series_9,3.013779,-16.808811
Series_9,3.024798,-16.927482
Series_9,3.035817,-16.978341
Series_9,3.046837,-17.052510
Series_9,3.057856,-17.126680
Series_9,3.068875,-17.169062
Series_9,3.079895,-17.232636
Series_9,3.090914,-17.296210
Series_9,3.101933,-17.359784
Series_9,3.112952,-17.423358
Series_9,3.123972,-17.486931
Series_9,3.134991,-17.550505
Series_9,3.146010,-17.614079
Series_9,3.157029,-17.677653
Series_9,3.168049,-17.741227
Series_9,3.179068,-17.804801
Series_9,3.190087,-17.868374
Series_9,3.201107,-17.931948
Series_9,3.212126,-17.995522
Series_9,3.223145,-18.059096
Series_9,3.234164,-18.122670
Series_9,3.245184,-18.186244
Series_9,3.256203,-18.249817
Series_9,3.267222,-18.313391
Series_9,3.278241,-18.376965
Series_9,3.289261,-18.440539
Series_9,3.300280,-18.504113
Series_9,3.311299,-18.567687
Series_9,3.322318,-18.631260
Series_9,3.333338,-18.694834
Series_9,3.344357,-18.758408
Series_9,3.355376,-18.821982
Series_9,3.366396,-18.885556
Series_9,3.377415,-18.956193
Series_9,3.388434,-19.012703
Series_9,3.399453,-19.055086
Series_9,3.410473,-19.139851
Series_9,3.421492,-19.209875
Series_9,3.432511,-19.279898
Series_9,3.443530,-19.349921
Series_9,3.454550,-19.419945
Series_9,3.465569,-19.489968
Series_9,3.476588,-19.559991
Series_9,3.487607,-19.630015
Series_9,3.498627,-19.700038
Series_9,3.509646,-19.770061
Series_9,3.520665,-19.840085
Series_9,3.531685,-19.910108
Series_9,3.542704,-19.980131
Series_9,3.553723,-20.050155
Series_9,3.564742,-20.120178
Series_9,3.575762,-20.190202
Series_9,3.586781,-20.260225
Series_9,3.597800,-20.330248
Series_9,3.608819,-20.400272
Series_9,3.619839,-20.470295
Series_9,3.630858,-20.540318
Series_9,3.641877,-20.610342
Series_9,3.652896,-20.680365
Series_9,3.663916,-20.750388
Series_9,3.674935,-20.750388
Series_9,3.685954,-20.792771
Series_9,3.696974,-20.792771
Series_9,3.707993,-20.856345
Series_9,3.719012,-20.921845
Series_9,3.730031,-20.987345
Series_9,3.741051,-21.052846
Series_9,3.752070,-21.118346
Series_9,3.763089,-21.183846
Series_9,3.774108,-21.249347
Series_9,3.785128,-21.314847
Series_9,3.796147,-21.380347
Series_9,3.807166,-21.445848
Series_9,3.818186,-21.511348
Series_9,3.829205,-21.576848
Series_9,3.840224,-21.629826
Series_9,3.851243,-21.682805
Series_9,3.862263,-21.718123
Series_9,3.873282,-21.753442
Series_9,3.884301,-21.788761
Series_9,3.895320,-21.878067
Series_9,3.906340,-21.967373
Series_9,3.917359,-22.056679
Series_9,3.928378,-22.145985
Series_9,3.939397,-22.235292
Series_9,3.950417,-22.324598
Series_9,3.961436,-22.413904
Series_9,3.972455,-22.503210
Series_9,3.983475,-22.592516
Series_9,3.994494,-22.681822
Series_9,4.005513,-22.771128
Series_9,4.016532,-22.860434
Series_9,4.027552,-22.949740
Series_9,4.038571,-23.039046
Series_9,4.049590,-23.128353
Series_9,4.060609,-23.217659
Series_9,4.071629,-23.306965
Series_9,4.082648,-23.396271
Series_9,4.093667,-23.485577
Series_9,4.104686,-23.574883
Series_9,4.115706,-23.664189
Series_9,4.126725,-23.753495
Series_9,4.137744,-23.842801
Series_9,4.148764,-23.932107
Series_9,4.159783,-24.021414
Series_9,4.170802,-24.110720
Series_9,4.181821,-24.200026
Series_9,4.192841,-24.289332
Series_9,4.203860,-24.374097
Series_9,4.214879,-24.384693
Series_9,4.225898,-24.395288
Series_9,4.236918,-24.437671
Series_9,4.247937,-24.527326
Series_9,4.258956,-24.616982
Series_9,4.269976,-24.706637
Series_9,4.280995,-24.796292
Series_9,4.292014,-24.885948
Series_9,4.303033,-24.975603
Series_9,4.314053,-25.065259
Series_9,4.325072,-25.154914
Series_9,4.336091,-25.244570
Series_9,4.347110,-25.334225
Series_9,4.358130,-25.423880
Series_9,4.369149,-25.513536
Series_9,4.380168,-25.603191
Series_9,4.391187,-25.603191
Series_9,4.402207,-25.652638
Series_9,4.413226,-25.687956
Series_9,4.424245,-25.730339
Series_9,4.435265,-25.821624
Series_9,4.446284,-25.912910
Series_9,4.457303,-26.004195
Series_9,4.468322,-26.095481
Series_9,4.479342,-26.186766
Series_9,4.490361,-26.278052
Series_9,4.501380,-26.369337
Series_9,4.512399,-26.460623
Series_9,4.523419,-26.551908
Series_9,4.534438,-26.643194
Series_9,4.545457,-26.734479
Series_9,4.556476,-26.825765
Series_9,4.567496,-26.917050
Series_9,4.578515,-27.008336
Series_9,4.589534,-27.099621
Series_9,4.600554,-27.190907
Series_9,4.611573,-27.282193
Series_9,4.622592,-27.373478
Series_9,4.633611,-27.464764
Series_9,4.644631,-27.556049
Series_9,4.655650,-27.647335
Series_9,4.666669,-27.738620
Series_9,4.677688,-27.829906
Series_9,4.688708,-27.921191
Series_9,4.699727,-28.012477
Series_9,4.710746,-28.103762
Series_9,4.721765,-28.156740
Series_9,4.732785,-28.216782
Series_9,4.743804,-28.266229
Series_9,4.754823,-28.315675
Series_9,4.765843,-28.416741
Series_9,4.776862,-28.517807
Series_9,4.787881,-28.618873
Series_9,4.798900,-28.719939
Series_9,4.809920,-28.821005
Series_9,4.820939,-28.922071
Series_9,4.831958,-29.023138
Series_9,4.842977,-29.124204
Series_9,4.853997,-29.225270
Series_9,4.865016,-29.326336
Series_9,4.876035,-29.427402
Series_9,4.887055,-29.528468
Series_9,4.898074,-29.629534
Series_9,4.909093,-29.693108
Series_9,4.920112,-29.735491
Series_9,4.931132,-29.822375
Series_9,4.942151,-29.909259
Series_9,4.953170,-29.996143
Series_9,4.964189,-30.083028
Series_9,4.975209,-30.169912
Series_9,4.986228,-30.256796
Series_9,4.997247,-30.343680
Series_9,5.008266,-30.430564
Series_9,5.019286,-30.517449
Series_9,5.030305,-30.604333
Series_9,5.041324,-30.618460
Series_9,5.052344,-30.699694
Series_9,5.063363,-30.780927
Series_9,5.074382,-30.851565
Series_9,5.085401,-30.922202
Series_9,5.096421,-31.006967
Series_9,5.107440,-31.128817
Series_9,5.118459,-31.250667
Series_9,5.129478,-31.372517
Series_9,5.140498,-31.494367
Series_9,5.151517,-31.549464
Series_9,5.162536,-31.583370
Series_9,5.173555,-31.616217
Series_9,5.184575,-31.685088
Series_9,5.195594,-31.769853
Series_9,5.206613,-31.897001
Series_9,5.217633,-32.024149
Series_9,5.228652,-32.031212
Series_9,5.239671,-32.073595
Series_9,5.250690,-32.198388
Series_9,5.261710,-32.270203
Series_9,5.272729,-32.342018
Series_9,5.283748,-32.384400
Series_9,5.294767,-32.482410
Series_9,5.305787,-32.580420
Series_9,5.316806,-32.678429
Series_9,5.327825,-32.776439
Series_9,5.338845,-32.874449
Series_9,5.349864,-32.972458
Series_9,5.360883,-33.070468
Series_9,5.371902,-33.168478
Series_9,5.382922,-33.232052
Series_9,5.393941,-33.338008
Series_9,5.404960,-33.359199
Series_9,5.415979,-33.451028
Series_9,5.426999,-33.542857
Series_9,5.438018,-33.634686
Series_9,5.449037,-33.726515
Series_9,5.460056,-33.818344
Series_9,5.471076,-33.910172
Series_9,5.482095,-33.973746
Series_9,5.493114,-33.973746
Series_9,5.504134,-34.117847
Series_9,5.515153,-34.164468
Series_9,5.526172,-34.270424
Series_9,5.537191,-34.376381
Series_9,5.548211,-34.482337
Series_9,5.559230,-34.575579
Series_9,5.570249,-34.634914
Series_9,5.581268,-34.694250
Series_9,5.592288,-34.762062
Series_9,5.603307,-34.779015
Series_9,5.614326,-34.884971
Series_9,5.625345,-34.906163
Series_9,5.636365,-34.927354
Series_9,5.647384,-35.014768
Series_9,5.658403,-35.102182
Series_9,5.669423,-35.189596
Series_9,5.680442,-35.277010
Series_9,5.691461,-35.364424
Series_9,5.702480,-35.451838
Series_9,5.713500,-35.539252
Series_9,5.724519,-35.626666
Series_9,5.735538,-35.632721
Series_9,5.746557,-35.647857
Series_9,5.757577,-35.722027
Series_9,5.768596,-35.796196
Series_9,5.779615,-35.895089
Series_9,5.790635,-35.944535
Series_9,5.801654,-36.082279
Series_9,5.812673,-36.220022
Series_9,5.823692,-36.283596
Series_9,5.834712,-36.329510
Series_9,5.845731,-36.375425
Series_9,5.856750,-36.488445
Series_9,5.867769,-36.601465
Series_9,5.878789,-36.686230
Series_9,5.889808,-36.770995
Series_9,5.900827,-36.855760
Series_9,5.911846,-36.865179
Series_9,5.922866,-36.874597
Series_9,5.933885,-36.884015
Series_9,5.944904,-36.919334
Series_9,5.955924,-36.961717
Series_9,5.966943,-37.057077
Series_9,5.977962,-37.135485
Series_9,5.988981,-37.177161
Series_9,6.000001,-37.247799
Series_9,6.011020,-37.343160
Series_9,6.022039,-37.406733
Series_9,6.033058,-37.486201
Series_9,6.044078,-37.555072
Series_9,6.055097,-37.597455
Series_9,6.066116,-37.687518
Series_9,6.077135,-37.788706
Series_9,6.088155,-37.889895
Series_9,6.099174,-37.978898
Series_9,6.110193,-37.978898
Series_9,6.121213,-38.031050
Series_9,6.132232,-38.083201
Series_9,6.143251,-38.135353
Series_9,6.154270,-38.187504
Series_9,6.165290,-38.239656
Series_9,6.176309,-38.291807
Series_9,6.187328,-38.343959
Series_9,6.198347,-38.396111
Series_9,6.209367,-38.448262
Series_9,6.220386,-38.500414
Series_9,6.231405,-38.552565
Series_9,6.242424,-38.604717
Series_9,6.253444,-38.656869
Series_9,6.264463,-38.709020
Series_9,6.275482,-38.761172
Series_9,6.286502,-38.813323
Series_9,6.297521,-38.865475
Series_9,6.308540,-38.917627
Series_9,6.319559,-38.969778
Series_9,6.330579,-39.021930
Series_9,6.341598,-39.074081
Series_9,6.352617,-39.126233
Series_9,6.363636,-39.178384
Series_9,6.374656,-39.230536
Series_9,6.385675,-39.282688
Series_9,6.396694,-39.334839
Series_9,6.407714,-39.386991
Series_9,6.418733,-39.439142
Series_9,6.429752,-39.491294
Series_9,6.440771,-39.543446
Series_9,6.451791,-39.595597
Series_9,6.462810,-39.647749
Series_9,6.473829,-39.699900
Series_9,6.484848,-39.752052
Series_9,6.495868,-39.804204
Series_9,6.506887,-39.856355
Series_9,6.517906,-39.908507
Series_9,6.528925,-39.960658
Series_9,6.539945,-40.012810
Series_9,6.550964,-40.064961
Series_9,6.561983,-40.117113
Series_9,6.573003,-40.169265
Series_9,6.584022,-40.221416
Series_9,6.595041,-40.273568
Series_9,6.606060,-40.325719
Series_9,6.617080,-40.377871
Series_9,6.628099,-40.430023
Series_9,6.639118,-40.458278
Series_9,6.650137,-40.458278
Series_9,6.661157,-40.479469
Series_9,6.672176,-40.585425
Series_9,6.683195,-40.648999
Series_9,6.694214,-40.648999
Series_9,6.705234,-40.712573
Series_9,6.716253,-40.776147
Series_9,6.727272,-40.839721
Series_9,6.738292,-40.882103
Series_9,6.749311,-40.882103
Series_9,6.760330,-40.924486
Series_9,6.771349,-40.966868
Series_9,6.782369,-41.009251
Series_9,6.793388,-41.062229
Series_9,6.804407,-41.051633
Series_9,6.815426,-41.072825
Series_9,6.826446,-41.051633
Series_9,6.837465,-41.079888
Series_9,6.848484,-41.115207
Series_9,6.859504,-41.115207
Series_9,6.870523,-41.150526
Series_9,6.881542,-41.185845
Series_9,6.892561,-41.221164
Series_9,6.903581,-41.263546
Series_9,6.914600,-41.284737
Series_9,6.925619,-41.263546
Series_9,6.936638,-41.316524
Series_9,6.947658,-41.369503
Series_9,6.958677,-41.369503
Series_9,6.969696,-41.411885
Series_9,6.980715,-41.433076
Series_9,6.991735,-41.454268
Series_9,7.002754,-41.454268
Series_9,7.013773,-41.454268
Series_9,7.024793,-41.482523
Series_9,7.035812,-41.510778
Series_9,7.046831,-41.539033
Series_9,7.057850,-41.546097
Series_9,7.068870,-41.560224
Series_9,7.079889,-41.581415
Series_9,7.090908,-41.602607
Series_9,7.101927,-41.623798
Series_9,7.112947,-41.602607
Series_9,7.123966,-41.623798
Series_9,7.134985,-41.666180
Series_9,7.146004,-41.666180
Series_9,7.157024,-41.687372
Series_9,7.168043,-41.687372
Series_9,7.179062,-41.687372
Series_9,7.190082,-41.687372
Series_9,7.201101,-41.679666
Series_9,7.212120,-41.671960
Series_9,7.223139,-41.664254
Series_9,7.234159,-41.656548
Series_9,7.245178,-41.648842
Series_9,7.256197,-41.641136
Series_9,7.267216,-41.633430
Series_9,7.278236,-41.625724
Series_9,7.289255,-41.618018
Series_9,7.300274,-41.610313
Series_9,7.311294,-41.602607
Series_9,7.322313,-41.594901
Series_9,7.333332,-41.587195
Series_9,7.344351,-41.579489
Series_9,7.355371,-41.571783
Series_9,7.366390,-41.564077
Series_9,7.377409,-41.556371
Series_9,7.388428,-41.548665
Series_9,7.399448,-41.540959
Series_9,7.410467,-41.533253
Series_9,7.421486,-41.525547
Series_9,7.432505,-41.517842
Series_9,7.443525,-41.510136
Series_9,7.454544,-41.502430
Series_9,7.465563,-41.494724
Series_9,7.476583,-41.487018
Series_9,7.487602,-41.479312
Series_9,7.498621,-41.471606
Series_9,7.509640,-41.463900
Series_9,7.520660,-41.456194
Series_9,7.531679,-41.448488
Series_9,7.542698,-41.440782
Series_9,7.553717,-41.433076
Series_9,7.564737,-41.425370
Series_9,7.575756,-41.417665
Series_9,7.586775,-41.409959
Series_9,7.597794,-41.402253
Series_9,7.608814,-41.394547
Series_9,7.619833,-41.386841
Series_9,7.630852,-41.379135
Series_9,7.641872,-41.371429
Series_9,7.652891,-41.363723
Series_9,7.663910,-41.356017
Series_9,7.674929,-41.348311
Series_9,7.685949,-41.327120
Series_9,7.696968,-41.284737
Series_9,7.707987,-41.274142
Series_9,7.719006,-41.263546
Series_9,7.730026,-41.221164
Series_9,7.741045,-41.199972
Series_9,7.752064,-41.221164
Series_9,7.763083,-41.178781
Series_9,7.774103,-41.199972
Series_9,7.785122,-41.178781
Series_9,7.796141,-41.178781
Series_9,7.807161,-41.094016
Series_9,7.818180,-41.065761
Series_9,7.829199,-41.009251
Series_9,7.840218,-41.009251
Series_9,7.851238,-40.988060
Series_9,7.862257,-40.903294
Series_9,7.873276,-40.882103
Series_9,7.884295,-40.860912
Series_9,7.895315,-40.839721
Series_9,7.906334,-40.829125
Series_9,7.917353,-40.818529
Series_9,7.928373,-40.765551
Series_9,7.939392,-40.712573
Series_9,7.950411,-40.733764
Series_9,7.961430,-40.641935
Series_9,7.972450,-40.648999
Series_9,7.983469,-40.613680
Series_9,7.994488,-40.596021
Series_9,8.005507,-40.543043
Series_9,8.016527,-40.521851
Series_9,8.027546,-40.472405
Series_9,8.038565,-40.426491
Series_9,8.049584,-40.437086
Series_9,8.060604,-40.362917
Series_9,8.071623,-40.309939
Series_9,8.082642,-40.309939
Series_9,8.093662,-40.221642
Series_9,8.104681,-40.133345
Series_9,8.115700,-40.098026
Series_9,8.126719,-40.098026
Series_9,8.137739,-40.034452
Series_9,8.148758,-40.034452
Series_9,8.159777,-39.976933
Series_9,8.170796,-39.919414
Series_9,8.181816,-39.861894
Series_9,8.192835,-39.804375
Series_9,8.203854,-39.746856
Series_9,8.214873,-39.689337
Series_9,8.225893,-39.631818
Series_9,8.236912,-39.582371
Series_9,8.247931,-39.532925
Series_9,8.258951,-39.483479
Series_9,8.269970,-39.483479
Series_9,8.280989,-39.462287
Series_9,8.292008,-39.402952
Series_9,8.303028,-39.343616
Series_9,8.314047,-39.284281
Series_9,8.325066,-39.224945
Series_9,8.336085,-39.165610
Series_9,8.347105,-39.091440
Series_9,8.358124,-39.054355
Series_9,8.369143,-39.017271
Series_9,8.380163,-38.974888
Series_9,8.391182,-38.918378
Series_9,8.402201,-38.932506
Series_9,8.413220,-38.794762
Series_9,8.424240,-38.794762
Series_9,8.435259,-38.784167
Series_9,8.446278,-38.741784
Series_9,8.457297,-38.678210
Series_9,8.468317,-38.657019
Series_9,8.479336,-38.572254
Series_9,8.490355,-38.529871
Series_9,8.501374,-38.498084
Series_9,8.512394,-38.466297
Series_9,8.523413,-38.423915
Series_9,8.534432,-38.303831
Series_9,8.545452,-38.183747
Series_9,8.556471,-38.063663
Series_9,8.567490,-37.978898
Series_9,8.578509,-37.948288
Series_9,8.589529,-37.917679
Series_9,8.600548,-37.887069
Series_9,8.611567,-37.766985
Series_9,8.622586,-37.766985
Series_9,8.633606,-37.766985
Series_9,8.644625,-37.714007
Series_9,8.655644,-37.661029
Series_9,8.666663,-37.639838
Series_9,8.677683,-37.597455
Series_9,8.688702,-37.470307
Series_9,8.699721,-37.343160
Series_9,8.710741,-37.343160
Series_9,8.721760,-37.300777
Series_9,8.732779,-37.279586
Series_9,8.743798,-37.180693
Series_9,8.754818,-37.081801
Series_9,8.765837,-37.025290
Series_9,8.776856,-37.004099
Series_9,8.787875,-36.982908
Series_9,8.798895,-36.919334
Series_9,8.809914,-36.919334
Series_9,8.820933,-36.827505
Series_9,8.831953,-36.834569
Series_9,8.842972,-36.696826
Series_9,8.853991,-36.672102
Series_9,8.865010,-36.578508
Series_9,8.876030,-36.484913
Series_9,8.887049,-36.453126
Series_9,8.898068,-36.347170
Series_9,8.909087,-36.315383
Series_9,8.920107,-36.304787
Series_9,8.931126,-36.220022
Series_9,8.942145,-36.135257
Series_9,8.953164,-36.092874
Series_9,8.964184,-35.990450
Series_9,8.975203,-35.888025
Series_9,8.986222,-35.746750
Series_9,8.997242,-35.714963
Series_9,9.008261,-35.683176
Series_9,9.019280,-35.640794
Series_9,9.030299,-35.541901
Series_9,9.041319,-35.467731
Series_9,9.052338,-35.424172
Series_9,9.063357,-35.380612
Series_9,9.074376,-35.337052
Series_9,9.085396,-35.245223
Series_9,9.096415,-35.160458
Series_9,9.107434,-35.118075
Series_9,9.118453,-35.089820
Series_9,9.129473,-35.012119
Series_9,9.140492,-34.906163
Series_9,9.151511,-34.821397
Series_9,9.162531,-34.800206
Series_9,9.173550,-34.779015
Series_9,9.184569,-34.711203
Series_9,9.195588,-34.634914
Series_9,9.206608,-34.637740
Series_9,9.217627,-34.503528
Series_9,9.228646,-34.448431
Series_9,9.239665,-34.393334
Series_9,9.250685,-34.338236
Series_9,9.261704,-34.228042
Series_9,9.272723,-34.185659
Series_9,9.283742,-34.083941
Series_9,9.294762,-34.030256
Series_9,9.305781,-33.994938
Series_9,9.316800,-33.905934
Series_9,9.327820,-33.903109
Series_9,9.338839,-33.790089
Series_9,9.349858,-33.677068
Series_9,9.360877,-33.592303
Series_9,9.371897,-33.541444
Series_9,9.382916,-33.528729
Series_9,9.393935,-33.380390
Series_9,9.404954,-33.338008
Series_9,9.415974,-33.295625
Series_9,9.426993,-33.221456
Series_9,9.438012,-33.147286
Series_9,9.449032,-33.136691
Series_9,9.460051,-33.062521
Series_9,9.471070,-33.009543
Series_9,9.482089,-32.956565
Series_9,9.493109,-32.871800
Series_9,9.504128,-32.771141
Series_9,9.515147,-32.670483
Series_9,9.526166,-32.569824
Series_9,9.537186,-32.469165
Series_9,9.548205,-32.447974
Series_9,9.559224,-32.416187
Series_9,9.570243,-32.384400
Series_9,9.581263,-32.338991
Series_9,9.592282,-32.295397
Series_9,9.603301,-32.214870
Series_9,9.614321,-32.100437
Series_9,9.625340,-32.041102
Series_9,9.636359,-31.956337
Series_9,9.647378,-31.897001
Series_9,9.658398,-31.868746
Series_9,9.669417,-31.871571
Series_9,9.680436,-31.748662
Series_9,9.691455,-31.658599
Series_9,9.702475,-31.568536
Series_9,9.713494,-31.478473
Series_9,9.724513,-31.388410
Series_9,9.735532,-31.324836
Series_9,9.746552,-31.261263
Series_9,9.757571,-31.197689
Series_9,9.768590,-31.176497
Series_9,9.779610,-31.162370
Series_9,9.790629,-31.148242
Series_9,9.801648,-31.134115
Series_9,9.812667,-31.070541
Series_9,9.823687,-31.006967
Series_9,9.834706,-30.922202
Series_9,9.845725,-30.840086
Series_9,9.856744,-30.757970
Series_9,9.867764,-30.675854
Series_9,9.878783,-30.593737
Series_9,9.889802,-30.511621
Series_9,9.900822,-30.429505
Series_9,9.911841,-30.347389
Series_9,9.922860,-30.265273
Series_9,9.933879,-30.265273
Series_9,9.944899,-30.265273
Series_9,9.955918,-30.265273
Series_9,9.966937,-30.159316
Series_9,9.977956,-30.081615
Series_9,9.988976,-30.032168
Series_9,9.999995,-29.947403
Series_9,10.011014,-29.841447
Series_9,10.022033,-29.841447
Series_9,10.033053,-29.714299
Series_9,10.044072,-29.629534
Series_9,10.055091,-29.608343
Series_9,10.066111,-29.580088
Series_9,10.077130,-29.509450
Series_9,10.088149,-29.502386
Series_9,10.099168,-29.431749
Series_9,10.110188,-29.361111
Series_9,10.121207,-29.290474
Series_9,10.132226,-29.269282
Series_9,10.143245,-29.180985
Series_9,10.154265,-29.092688
Series_9,10.165284,-29.004391
Series_9,10.176303,-28.916094
Series_9,10.187322,-28.827797
Series_9,10.198342,-28.739500
Series_9,10.209361,-28.728905
Series_9,10.220380,-28.718309
Series_9,10.231400,-28.650497
Series_9,10.242419,-28.605289
Series_9,10.253438,-28.520524
Series_9,10.264457,-28.506396
Series_9,10.275477,-28.464014
Series_9,10.286496,-28.421631
Series_9,10.297515,-28.322739
Series_9,10.308534,-28.273292
Series_9,10.319554,-28.209718
Series_9,10.330573,-28.209718
Series_9,10.341592,-28.124953
Series_9,10.352612,-28.068443
Series_9,10.363631,-27.969551
Series_9,10.374650,-27.955423
Series_9,10.385669,-27.898913
Series_9,10.396689,-27.870658
Series_9,10.407708,-27.807084
Series_9,10.418727,-27.796489
Series_9,10.429746,-27.764702
Series_9,10.440766,-27.732915
Series_9,10.451785,-27.701128
Series_9,10.462804,-27.595171
Series_9,10.473823,-27.573980
Series_9,10.484843,-27.545725
Series_9,10.495862,-27.517470
Series_9,10.506881,-27.531598
Series_9,10.517901,-27.429879
Series_9,10.528920,-27.353591
Series_9,10.539939,-27.330280
Series_9,10.550958,-27.326749
Series_9,10.561978,-27.323217
Series_9,10.572997,-27.319685
Series_9,10.584016,-27.256111
Series_9,10.595035,-27.164282
Series_9,10.606055,-27.144504
Series_9,10.617074,-27.124725
Series_9,10.628093,-27.128963
Series_9,10.639112,-27.023007
Series_9,10.650132,-26.980624
Series_9,10.661151,-26.959433
Series_9,10.672170,-26.938242
Series_9,10.683190,-26.832285
Series_9,10.694209,-26.811094
Series_9,10.705228,-26.768712
Series_9,10.716247,-26.716911
Series_9,10.727267,-26.726329
Series_9,10.738286,-26.683946
Series_9,10.749305,-26.544689
Series_9,10.760324,-26.535607
Series_9,10.771344,-26.544689
Series_9,10.782363,-26.493225
Series_9,10.793382,-26.493225
Series_9,10.804401,-26.472034
Series_9,10.815421,-26.429651
Series_9,10.826440,-26.387268
Series_9,10.837459,-26.260121
Series_9,10.848479,-26.231866
Series_9,10.859498,-26.141450
Series_9,10.870517,-26.048208
Series_9,10.881536,-26.062336
Series_9,10.892556,-25.984634
Series_9,10.903575,-25.887154
Series_9,10.914594,-25.857487
Series_9,10.925613,-25.836295
Series_9,10.936633,-25.815104
Series_9,10.947652,-25.793913
Series_9,10.958671,-25.765658
Series_9,10.969691,-25.737403
Series_9,10.980710,-25.709148
Series_9,10.991729,-25.645574
Series_9,11.002748,-25.620851
Series_9,11.013768,-25.596127
Series_9,11.024787,-25.567872
Series_9,11.035806,-25.497235
Series_9,11.046825,-25.433661
Series_9,11.057845,-25.416002
Series_9,11.068864,-25.398342
Series_9,11.079883,-25.360669
Series_9,11.090902,-25.322995
Series_9,11.101922,-25.285322
Series_9,11.112941,-25.242939
Series_9,11.123960,-25.200557
Series_9,11.134980,-25.158174
Series_9,11.145999,-25.124654
Series_9,11.157018,-25.091133
Series_9,11.168037,-25.057612
Series_9,11.179057,-25.024091
Series_9,11.190076,-24.990571
Series_9,11.201095,-24.957050
Series_9,11.212114,-24.923529
Series_9,11.223134,-24.890008
Series_9,11.234153,-24.856488
Series_9,11.245172,-24.822967
Series_9,11.256191,-24.789446
Series_9,11.267211,-24.755925
Series_9,11.278230,-24.722405
Series_9,11.289249,-24.688884
Series_9,11.300269,-24.655363
Series_9,11.311288,-24.621842
Series_9,11.322307,-24.588322
Series_9,11.333326,-24.554801
Series_9,11.344346,-24.521280
Series_9,11.355365,-24.487759
Series_9,11.366384,-24.454239
Series_9,11.377403,-24.420718
Series_9,11.388423,-24.387197
Series_9,11.399442,-24.353676
Series_9,11.410461,-24.320156
Series_9,11.421481,-24.286635
Series_9,11.432500,-24.253114
Series_9,11.443519,-24.219593
Series_9,11.454538,-24.186073
Series_9,11.465558,-24.152552
Series_9,11.476577,-24.119031
Series_9,11.487596,-24.085510
Series_9,11.498615,-24.051990
Series_9,11.509635,-24.018469
Series_9,11.520654,-23.984948
Series_9,11.531673,-23.951427
Series_9,11.542692,-23.917907
Series_9,11.553712,-23.884386
Series_9,11.564731,-23.850865
Series_9,11.575750,-23.817344
Series_9,11.586770,-23.783824
Series_9,11.597789,-23.750303
Series_9,11.608808,-23.716782
Series_9,11.619827,-23.683261
Series_9,11.630847,-23.649741
Series_9,11.641866,-23.616220
Series_9,11.652885,-23.582699
Series_9,11.663904,-23.549178
Series_9,11.674924,-23.515658
Series_9,11.685943,-23.482137
Series_9,11.696962,-23.448616
Series_9,11.707981,-23.415095
Series_9,11.719001,-23.381575
Series_9,11.730020,-23.348054
Series_9,11.741039,-23.314533
Series_9,11.752059,-23.307469
Series_9,11.763078,-23.250959
Series_9,11.774097,-23.208577
Series_9,11.785116,-23.208577
Series_9,11.796136,-23.166194
Series_9,11.807155,-23.123812
Series_9,11.818174,-23.102620
Series_9,11.829193,-23.072953
Series_9,11.840213,-22.986068
Series_9,11.851232,-22.996664
Series_9,11.862251,-22.966391
Series_9,11.873271,-22.911899
Series_9,11.884290,-22.869516
Series_9,11.895309,-22.805942
Series_9,11.906328,-22.827134
Series_9,11.917348,-22.805942
Series_9,11.928367,-22.784751
Series_9,11.939386,-22.774155
Series_9,11.950405,-22.763560
Series_9,11.961425,-22.784751
Series_9,11.972444,-22.742369
Series_9,11.983463,-22.678795
Series_9,11.994482,-22.678795
Series_9,12.005502,-22.636412
Series_9,12.016521,-22.594030
Series_9,12.027540,-22.569306
Series_9,12.038560,-22.544583
Series_9,12.049579,-22.519860
Series_9,12.060598,-22.495137
Series_9,12.071617,-22.470414
Series_9,12.082637,-22.445691
Series_9,12.093656,-22.431563
Series_9,12.104675,-22.385649
Series_9,12.115694,-22.339734
Series_9,12.126714,-22.339734
Series_9,12.137733,-22.286756
Series_9,12.148752,-22.191395
Series_9,12.159771,-22.149013
Series_9,12.170791,-22.138417
Series_9,12.181810,-22.106630
Series_9,12.192829,-22.074843
Series_9,12.203849,-22.043056
Series_9,12.214868,-22.000674
Series_9,12.225887,-21.915909
Series_9,12.236906,-21.915909
Series_9,12.247926,-21.898956
Series_9,12.258945,-21.882003
Series_9,12.269964,-21.865050
Series_9,12.280983,-21.848097
Series_9,12.292003,-21.831144
Series_9,12.303022,-21.795825
Series_9,12.314041,-21.760506
Series_9,12.325060,-21.725187
Series_9,12.336080,-21.689868
Series_9,12.347099,-21.654550
Series_9,12.358118,-21.619231
Series_9,12.369138,-21.598040
Series_9,12.380157,-21.576848
Series_9,12.391176,-21.530227
Series_9,12.402195,-21.485019
Series_9,12.413215,-21.407318
Series_9,12.424234,-21.386127
Series_9,12.435253,-21.364935
Series_9,12.446272,-21.343744
Series_9,12.457292,-21.364935
Series_9,12.468311,-21.343744
Series_9,12.479330,-21.317255
Series_9,12.490350,-21.290766
Series_9,12.501369,-21.264277
Series_9,12.512388,-21.237788
Series_9,12.523407,-21.195405
Series_9,12.534427,-21.195405
Series_9,12.545446,-21.174214
Series_9,12.556465,-21.061194
Series_9,12.567484,-21.068258
Series_9,12.578504,-21.018811
Series_9,12.589523,-20.962301
Series_9,12.600542,-20.941110
Series_9,12.611561,-20.951705
Series_9,12.622581,-20.962301
Series_9,12.633600,-20.941110
Series_9,12.644619,-20.888132
Series_9,12.655639,-20.813962
Series_9,12.666658,-20.792771
Series_9,12.677677,-20.771580
Series_9,12.688696,-20.750388
Series_9,12.699716,-20.729197
Series_9,12.710735,-20.708006
Series_9,12.721754,-20.686815
Series_9,12.732773,-20.623241
Series_9,12.743793,-20.623241
Series_9,12.754812,-20.580858
Series_9,12.765831,-20.559667
Series_9,12.776850,-20.496093
Series_9,12.787870,-20.474902
Series_9,12.798889,-20.474902
Series_9,12.809908,-20.445234
Series_9,12.820928,-20.425455
Series_9,12.831947,-20.418392
Series_9,12.842966,-20.326563
Series_9,12.853985,-20.347754
Series_9,12.865005,-20.347754
Series_9,12.876024,-20.262989
Series_9,12.887043,-20.178224
Series_9,12.898062,-20.199415
Series_9,12.909082,-20.157033
Series_9,12.920101,-20.058140
Series_9,12.931120,-20.029885
Series_9,12.942140,-20.003396
Series_9,12.953159,-19.976907
Series_9,12.964178,-19.950418
Series_9,12.975197,-19.923928
Series_9,12.986217,-19.916865
Series_9,12.997236,-19.909801
Series_9,13.008255,-19.902737
Series_9,13.019274,-19.860355
Series_9,13.030294,-19.846227
Series_9,13.041313,-19.775590
Series_9,13.052332,-19.754398
Series_9,13.063351,-19.747334
Series_9,13.074371,-19.699301
Series_9,13.085390,-19.712016
Series_9,13.096409,-19.627251
Series_9,13.107429,-19.563677
Series_9,13.118448,-19.584868
Series_9,13.129467,-19.574272
Series_9,13.140486,-19.563677
Series_9,13.151506,-19.542485
Series_9,13.162525,-19.457720
Series_9,13.173544,-19.415338
Series_9,13.184563,-19.415338
Series_9,13.195583,-19.394147
Series_9,13.206602,-19.358828
Series_9,13.217621,-19.323509
Series_9,13.228640,-19.296393
Series_9,13.239660,-19.269277
Series_9,13.250679,-19.242162
Series_9,13.261698,-19.215046
Series_9,13.272718,-19.187930
Series_9,13.283737,-19.160815
Series_9,13.294756,-19.133699
Series_9,13.305775,-19.106583
Series_9,13.316795,-19.079467
Series_9,13.327814,-19.052352
Series_9,13.338833,-19.025236
Series_9,13.349852,-18.998120
Series_9,13.360872,-18.971005
Series_9,13.371891,-18.943889
Series_9,13.382910,-18.916773
Series_9,13.393930,-18.889657
Series_9,13.404949,-18.862542
Series_9,13.415968,-18.835426
Series_9,13.426987,-18.808310
Series_9,13.438007,-18.781194
Series_9,13.449026,-18.754079
Series_9,13.460045,-18.726963
Series_9,13.471064,-18.699847
Series_9,13.482084,-18.672732
Series_9,13.493103,-18.645616
Series_9,13.504122,-18.618500
Series_9,13.515141,-18.591384
Series_9,13.526161,-18.564269
Series_9,13.537180,-18.537153
Series_9,13.548199,-18.510037
Series_9,13.559219,-18.482922
Series_9,13.570238,-18.461730
Series_9,13.581257,-18.419348
Series_9,13.592276,-18.376965
Series_9,13.603296,-18.355774
Series_9,13.614315,-18.318282
Series_9,13.625334,-18.280789
Series_9,13.636353,-18.243297
Series_9,13.647373,-18.205805
Series_9,13.658392,-18.168313
Series_9,13.669411,-18.130820
Series_9,13.680430,-18.093328
Series_9,13.691450,-18.055836
Series_9,13.702469,-18.018343
Series_9,13.713488,-17.980851
Series_9,13.724508,-17.943359
Series_9,13.735527,-17.905867
Series_9,13.746546,-17.868374
Series_9,13.757565,-17.830882
Series_9,13.768585,-17.793390
Series_9,13.779604,-17.755898
Series_9,13.790623,-17.718405
Series_9,13.801642,-17.680913
Series_9,13.812662,-17.643421
Series_9,13.823681,-17.605929
Series_9,13.834700,-17.568436
Series_9,13.845719,-17.530944
Series_9,13.856739,-17.493452
Series_9,13.867758,-17.455960
Series_9,13.878777,-17.418467
Series_9,13.889797,-17.380975
Series_9,13.900816,-17.338592
Series_9,13.911835,-17.345656
Series_9,13.922854,-17.331529
Series_9,13.933874,-17.317401
Series_9,13.944893,-17.306806
Series_9,13.955912,-17.296210
Series_9,13.966931,-17.275019
Series_9,13.977951,-17.232636
Series_9,13.988970,-17.211445
Series_9,13.999989,-17.169062
Series_9,14.011009,-17.126680
Series_9,14.022028,-17.105488
Series_9,14.033047,-17.041915
Series_9,14.044066,-17.006596
Series_9,14.055086,-16.992468
Series_9,14.066105,-16.954501
Series_9,14.077124,-16.916533
Series_9,14.088143,-16.878565
Series_9,14.099163,-16.840597
Series_9,14.110182,-16.802630
Series_9,14.121201,-16.764662
Series_9,14.132220,-16.726694
Series_9,14.143240,-16.688727
Series_9,14.154259,-16.650759
Series_9,14.165278,-16.612791
Series_9,14.176298,-16.574823
Series_9,14.187317,-16.536856
Series_9,14.198336,-16.498888
Series_9,14.209355,-16.460920
Series_9,14.220375,-16.422953
Series_9,14.231394,-16.384985
Series_9,14.242413,-16.347017
Series_9,14.253432,-16.309050
Series_9,14.264452,-16.271082
Series_9,14.275471,-16.233114
Series_9,14.286490,-16.195146
Series_9,14.297509,-16.157179
Series_9,14.308529,-16.119211
Series_9,14.319548,-16.081243
Series_9,14.330567,-16.043276
Series_9,14.341587,-16.005308
Series_9,14.352606,-15.967340
Series_9,14.363625,-15.929372
Series_9,14.374644,-15.891405
Series_9,14.385664,-15.853437
Series_9,14.396683,-15.815469
Series_9,14.407702,-15.777502
Series_9,14.418721,-15.735119
Series_9,14.429741,-15.692736
Series_9,14.440760,-15.706864
Series_9,14.451779,-15.685673
Series_9,14.462799,-15.643290
Series_9,14.473818,-15.579716
Series_9,14.484837,-15.558525
Series_9,14.495856,-15.537334
Series_9,14.506876,-15.516143
Series_9,14.517895,-15.477292
Series_9,14.528914,-15.438441
Series_9,14.539933,-15.388995
Series_9,14.550953,-15.378399
Series_9,14.561972,-15.367804
Series_9,14.572991,-15.346612
Series_9,14.584010,-15.304230
Series_9,14.595030,-15.254783
Series_9,14.606049,-15.240656
Series_9,14.617068,-15.219465
Series_9,14.628088,-15.198273
Series_9,14.639107,-15.134699
Series_9,14.650126,-15.113508
Series_9,14.661145,-15.049934
Series_9,14.672165,-14.986361
Series_9,14.683184,-14.965169
Series_9,14.694203,-14.943978
Series_9,14.705222,-14.943978
Series_9,14.716242,-14.880404
Series_9,14.727261,-14.867689
Series_9,14.738280,-14.849324
Series_9,14.749299,-14.830958
Series_9,14.760319,-14.795639
Series_9,14.771338,-14.788575
Series_9,14.782357,-14.689683
Series_9,14.793377,-14.668491
Series_9,14.804396,-14.604918
Series_9,14.815415,-14.548407
Series_9,14.826434,-14.498961
Series_9,14.837454,-14.477770
Series_9,14.848473,-14.477770
Series_9,14.859492,-14.382409
Series_9,14.870511,-14.371813
Series_9,14.881531,-14.276453
Series_9,14.892550,-14.244666
Series_9,14.903569,-14.191688
Series_9,14.914588,-14.181092
Series_9,14.925608,-14.124582
Series_9,14.936627,-14.117518
Series_9,14.947646,-14.071604
Series_9,14.958666,-14.025689
Series_9,14.969685,-13.990370
Series_9,14.980704,-13.969179
Series_9,14.991723,-13.947988
Series_9,15.002743,-13.926797
Series_9,15.013762,-13.905605
Series_9,15.024781,-13.898542
Series_9,15.035800,-13.863223
Series_9,15.046820,-13.806713
Series_9,15.057839,-13.750203
Series_9,15.068858,-13.693693
Series_9,15.079878,-13.637182
Series_9,15.090897,-13.580672
Series_9,15.101916,-13.524162
Series_9,15.112935,-13.524162
Series_9,15.123955,-13.474716
Series_9,15.134974,-13.460588
Series_9,15.145993,-13.418206
Series_9,15.157012,-13.397015
Series_9,15.168032,-13.386419
Series_9,15.179051,-13.333441
Series_9,15.190070,-13.312250
Series_9,15.201089,-13.312250
Series_9,15.212109,-13.269867
Series_9,15.223128,-13.269867
Series_9,15.234147,-13.227484
Series_9,15.245167,-13.163911
Series_9,15.256186,-13.163911
Series_9,15.267205,-13.026167
Series_9,15.278224,-12.973189
Series_9,15.289244,-12.930806
Series_9,15.300263,-12.888424
Series_9,15.311282,-12.863701
Series_9,15.322301,-12.838978
Series_9,15.333321,-12.824850
Series_9,15.344340,-12.824850
Series_9,15.355359,-12.740085
Series_9,15.366378,-12.740085
Series_9,15.377398,-12.676511
Series_9,15.388417,-12.655320
Series_9,15.399436,-12.570555
Series_9,15.410456,-12.477313
Series_9,15.421475,-12.434931
Series_9,15.432494,-12.401025
Series_9,15.443513,-12.393961
Series_9,15.454533,-12.302132
Series_9,15.465552,-12.307783
Series_9,15.476571,-12.273877
Series_9,15.487590,-12.242090
Series_9,15.498610,-12.199707
Series_9,15.509629,-12.189112
Series_9,15.520648,-12.125538
Series_9,15.531668,-12.083155
Series_9,15.542687,-12.030177
Series_9,15.553706,-12.011105
Series_9,15.564725,-11.963071
Series_9,15.575745,-11.892434
Series_9,15.586764,-11.835924
Series_9,15.597783,-11.786477
Series_9,15.608802,-11.793541
Series_9,15.619822,-11.786477
Series_9,15.630841,-11.744095
Series_9,15.641860,-11.712308
Series_9,15.652879,-11.680521
Series_9,15.663899,-11.648734
Series_9,15.674918,-11.616947
Series_9,15.685937,-11.585160
Series_9,15.696957,-11.553373
Series_9,15.707976,-11.521586
Series_9,15.718995,-11.489800
Series_9,15.730014,-11.436821
Series_9,15.741034,-11.383843
Series_9,15.752053,-11.330865
Series_9,15.763072,-11.277887
Series_9,15.774091,-11.224909
Series_9,15.785111,-11.171930
Series_9,15.796130,-11.180407
Series_9,15.807149,-11.171930
Series_9,15.818168,-11.121071
Series_9,15.829188,-11.093523
Series_9,15.840207,-11.065974
Series_9,15.851226,-11.023591
Series_9,15.862246,-11.023591
Series_9,15.873265,-10.949422
Series_9,15.884284,-10.875252
Series_9,15.895303,-10.790487
Series_9,15.906323,-10.748105
Series_9,15.917342,-10.748105
Series_9,15.928361,-10.705722
Series_9,15.939380,-10.642148
Series_9,15.950400,-10.612481
Series_9,15.961419,-10.578575
Series_9,15.972438,-10.493809
Series_9,15.983458,-10.465554
Series_9,15.994477,-10.430236
Series_9,16.005496,-10.387853
Series_9,16.016515,-10.345470
Series_9,16.027535,-10.324279
Series_9,16.038554,-10.218323
Series_9,16.049573,-10.218323
Series_9,16.060592,-10.239514
Series_9,16.071612,-10.218323
Series_9,16.082631,-10.180179
Series_9,16.093650,-10.142034
Series_9,16.104669,-10.103890
Series_9,16.115689,-10.065746
Series_9,16.126708,-10.027601
Series_9,16.137727,-9.989457
Series_9,16.148747,-9.951313
Series_9,16.159766,-9.913168
Series_9,16.170785,-9.875024
Series_9,16.181804,-9.836880
Series_9,16.192824,-9.787433
Series_9,16.203843,-9.773306
Series_9,16.214862,-9.688541
Series_9,16.225881,-9.582584
Series_9,16.236901,-9.561393
Series_9,16.247920,-9.540202
Series_9,16.258939,-9.519011
Series_9,16.269958,-9.476628
Series_9,16.280978,-9.455437
Series_9,16.291997,-9.434246
Series_9,16.303016,-9.420118
Series_9,16.314036,-9.386212
Series_9,16.325055,-9.352306
Series_9,16.336074,-9.318400
Series_9,16.347093,-9.284494
Series_9,16.358113,-9.250588
Series_9,16.369132,-9.179950
Series_9,16.380151,-9.116376
Series_9,16.391170,-9.109313
Series_9,16.402190,-9.081058
Series_9,16.413209,-9.052802
Series_9,16.424228,-9.031611
Series_9,16.435247,-8.996292
Series_9,16.446267,-8.939782
Series_9,16.457286,-8.946846
Series_9,16.468305,-8.798507
Series_9,16.479325,-8.798507
Series_9,16.490344,-8.745529
Series_9,16.501363,-8.692551
Series_9,16.512382,-8.671359
Series_9,16.523402,-8.650168
Series_9,16.534421,-8.628977
Series_9,16.545440,-8.544212
Series_9,16.556459,-8.523021
Series_9,16.567479,-8.395873
Series_9,16.578498,-8.353490
Series_9,16.589517,-8.311108
Series_9,16.600537,-8.289916
Series_9,16.611556,-8.226343
Series_9,16.622575,-8.219279
Series_9,16.633594,-8.212215
Series_9,16.644614,-8.205151
Series_9,16.655633,-8.183960
Series_9,16.666652,-8.162769
Series_9,16.677671,-8.118460
Series_9,16.688691,-8.074151
Series_9,16.699710,-8.029842
Series_9,16.710729,-7.985533
Series_9,16.721748,-7.941224
Series_9,16.732768,-7.896915
Series_9,16.743787,-7.852606
Series_9,16.754806,-7.808296
Series_9,16.765826,-7.763987
Series_9,16.776845,-7.719678
Series_9,16.787864,-7.675369
Series_9,16.798883,-7.640051
Series_9,16.809903,-7.632987
Series_9,16.820922,-7.611796
Series_9,16.831941,-7.590604
Series_9,16.842960,-7.538332
Series_9,16.853980,-7.486061
Series_9,16.864999,-7.433789
Series_9,16.876018,-7.381517
Series_9,16.887037,-7.329245
Series_9,16.898057,-7.304522
Series_9,16.909076,-7.230353
Series_9,16.920095,-7.202097
Series_9,16.931115,-7.173842
Series_9,16.942134,-7.145587
Series_9,16.953153,-7.082014
Series_9,16.964172,-7.082014
Series_9,16.975192,-7.071418
Series_9,16.986211,-7.043869
Series_9,16.997230,-7.039631
Series_9,17.008249,-6.947802
Series_9,17.019269,-6.919547
Series_9,17.030288,-6.877165
Series_9,17.041307,-6.848909
Series_9,17.052327,-6.834782
Series_9,17.063346,-6.827718
Series_9,17.074365,-6.785336
Series_9,17.085384,-6.714698
Series_9,17.096404,-6.644060
Series_9,17.107423,-6.573423
Series_9,17.118442,-6.501373
Series_9,17.129461,-6.509849
Series_9,17.140481,-6.453339
Series_9,17.151500,-6.449807
Series_9,17.162519,-6.446275
Series_9,17.173538,-6.361510
Series_9,17.184558,-6.340319
Series_9,17.195577,-6.319128
Series_9,17.206596,-6.276745
Series_9,17.217616,-6.213171
Series_9,17.228635,-6.149597
Series_9,17.239654,-6.086023
Series_9,17.250673,-6.022450
Series_9,17.261693,-6.001258
Series_9,17.272712,-5.967352
Series_9,17.283731,-5.933446
Series_9,17.294750,-5.937685
Series_9,17.305770,-5.874111
Series_9,17.316789,-5.803473
Series_9,17.327808,-5.810537
Series_9,17.338827,-5.768154
Series_9,17.349847,-5.775218
Series_9,17.360866,-5.714470
Series_9,17.371885,-5.653721
Series_9,17.382905,-5.592973
Series_9,17.393924,-5.532225
Series_9,17.404943,-5.471476
Series_9,17.415962,-5.429094
Series_9,17.426982,-5.418498
Series_9,17.438001,-5.407903
Series_9,17.449020,-5.386711
Series_9,17.460039,-5.347861
Series_9,17.471059,-5.309010
Series_9,17.482078,-5.252500
Series_9,17.493097,-5.195990
Series_9,17.504117,-5.167735
Series_9,17.515136,-5.139480
Series_9,17.526155,-5.111225
Series_9,17.537174,-5.090033
Series_9,17.548194,-5.082970
Series_9,17.559213,-5.005268
Series_9,17.570232,-4.998204
Series_9,17.581251,-4.984077
Series_9,17.592271,-4.920503
Series_9,17.603290,-4.856929
Series_9,17.614309,-4.842802
Series_9,17.625328,-4.814547
Series_9,17.636348,-4.708590
Series_9,17.647367,-4.701527
Series_9,17.658386,-4.623825
Series_9,17.669406,-4.623825
Series_9,17.680425,-4.549656
Series_9,17.691444,-4.508450
Series_9,17.702463,-4.467245
Series_9,17.713483,-4.426040
Series_9,17.724502,-4.384835
Series_9,17.735521,-4.343629
Series_9,17.746540,-4.302424
Series_9,17.757560,-4.261219
Series_9,17.768579,-4.220014
Series_9,17.779598,-4.178808
Series_9,17.790617,-4.136426
Series_9,17.801637,-4.125830
Series_9,17.812656,-4.115235
Series_9,17.823675,-4.072852
Series_9,17.834695,-4.072852
Series_9,17.845714,-3.966896
Series_9,17.856733,-3.966896
Series_9,17.867752,-3.945704
Series_9,17.878772,-3.945704
Series_9,17.889791,-3.911798
Series_9,17.900810,-3.877892
Series_9,17.911829,-3.843986
Series_9,17.922849,-3.810080
Series_9,17.933868,-3.776174
Series_10,0.126731,-0.749733
Series_10,0.137750,-0.813633
Series_10,0.148769,-0.877533
Series_10,0.159789,-0.941433
Series_10,0.170808,-1.005333
Series_10,0.181827,-1.069233
Series_10,0.192846,-1.133133
Series_10,0.203866,-1.197032
Series_10,0.214885,-1.260932
Series_10,0.225904,-1.324832
Series_10,0.236923,-1.388732
Series_10,0.247943,-1.452632
Series_10,0.258962,-1.516532
Series_10,0.269981,-1.580432
Series_10,0.281000,-1.644331
Series_10,0.292020,-1.708231
Series_10,0.303039,-1.772131
Series_10,0.314058,-1.836031
Series_10,0.325078,-1.899931
Series_10,0.336097,-1.963831
Series_10,0.347116,-2.027731
Series_10,0.358135,-2.091630
Series_10,0.369155,-2.155530
Series_10,0.380174,-2.219430
Series_10,0.391193,-2.283330
Series_10,0.402212,-2.347230
Series_10,0.413232,-2.411130
Series_10,0.424251,-2.475030
Series_10,0.435270,-2.538929
Series_10,0.446289,-2.602829
Series_10,0.457309,-2.666729
Series_10,0.468328,-2.730629
Series_10,0.479347,-2.794529
Series_10,0.490367,-2.858429
Series_10,0.501386,-2.922329
Series_10,0.512405,-2.986228
Series_10,0.523424,-3.050128
Series_10,0.534444,-3.114028
Series_10,0.545463,-3.177928
Series_10,0.556482,-3.241828
Series_10,0.567501,-3.305728
Series_10,0.578521,-3.369628
Series_10,0.589540,-3.433527
Series_10,0.600559,-3.497427
Series_10,0.611578,-3.561327
Series_10,0.622598,-3.625227
Series_10,0.633617,-3.689127
Series_10,0.644636,-3.753027
Series_10,0.655656,-3.816927
Series_10,0.666675,-3.880826
Series_10,0.677694,-3.944726
Series_10,0.688713,-4.008626
Series_10,0.699733,-4.072526
Series_10,0.710752,-4.136426
Series_10,0.721771,-4.200326
Series_10,0.732790,-4.264226
Series_10,0.743810,-4.328125
Series_10,0.754829,-4.392025
Series_10,0.765848,-4.455925
Series_10,0.776868,-4.519825
Series_10,0.787887,-4.583725
Series_10,0.798906,-4.647625
Series_10,0.809925,-4.711525
Series_10,0.820945,-4.775424
Series_10,0.831964,-4.839324
Series_10,0.842983,-4.903224
Series_10,0.854002,-4.967124
Series_10,0.865022,-5.031024
Series_10,0.876041,-5.094924
Series_10,0.887060,-5.158824
Series_10,0.898079,-5.222723
Series_10,0.909099,-5.286623
Series_10,0.920118,-5.350523
Series_10,0.931137,-5.414423
Series_10,0.942157,-5.478323
Series_10,0.953176,-5.542223
Series_10,0.964195,-5.606122
Series_10,0.975214,-5.670022
Series_10,0.986234,-5.733922
Series_10,0.997253,-5.797822
Series_10,1.008272,-5.861722
Series_10,1.019291,-5.925622
Series_10,1.030311,-5.989522
Series_10,1.041330,-6.053421
Series_10,1.052349,-6.117321
Series_10,1.063368,-6.181221
Series_10,1.074388,-6.245121
Series_10,1.085407,-6.309021
Series_10,1.096426,-6.372921
Series_10,1.107446,-6.436821
Series_10,1.118465,-6.500720
Series_10,1.129484,-6.564620
Series_10,1.140503,-6.628520
Series_10,1.151523,-6.692420
Series_10,1.162542,-6.756320
Series_10,1.173561,-6.820220
Series_10,1.184580,-6.884120
Series_10,1.195600,-6.948019
Series_10,1.206619,-7.011919
Series_10,1.217638,-7.075819
Series_10,1.228658,-7.139719
Series_10,1.239677,-7.203619
Series_10,1.250696,-7.267519
Series_10,1.261715,-7.331419
Series_10,1.272735,-7.395318
Series_10,1.283754,-7.459218
Series_10,1.294773,-7.523118
Series_10,1.305792,-7.587018
Series_10,1.316812,-7.650918
Series_10,1.327831,-7.714818
Series_10,1.338850,-7.778718
Series_10,1.349869,-7.842617
Series_10,1.360889,-7.906517
Series_10,1.371908,-7.970417
Series_10,1.382927,-8.034317
Series_10,1.393947,-8.098217
Series_10,1.404966,-8.162117
Series_10,1.415985,-8.226017
Series_10,1.427004,-8.289916
Series_10,1.438024,-8.332299
Series_10,1.449043,-8.438255
Series_10,1.460062,-8.459447
Series_10,1.471081,-8.551276
Series_10,1.482101,-8.643104
Series_10,1.493120,-8.734933
Series_10,1.504139,-8.819698
Series_10,1.515158,-8.883272
Series_10,1.526178,-8.904464
Series_10,1.537197,-8.946846
Series_10,1.548216,-9.010420
Series_10,1.559236,-9.116376
Series_10,1.570255,-9.151695
Series_10,1.581274,-9.148163
Series_10,1.592293,-9.215092
Series_10,1.603313,-9.282021
Series_10,1.614332,-9.348951
Series_10,1.625351,-9.415880
Series_10,1.636370,-9.482809
Series_10,1.647390,-9.549738
Series_10,1.658409,-9.616667
Series_10,1.669428,-9.683596
Series_10,1.680448,-9.750525
Series_10,1.691467,-9.817454
Series_10,1.702486,-9.884384
Series_10,1.713505,-9.951313
Series_10,1.724525,-9.985219
Series_10,1.735544,-10.027601
Series_10,1.746563,-10.140621
Series_10,1.757582,-10.183004
Series_10,1.768602,-10.218323
Series_10,1.779621,-10.303088
Series_10,1.790640,-10.387853
Series_10,1.801659,-10.394917
Series_10,1.812679,-10.423172
Series_10,1.823698,-10.557383
Series_10,1.834717,-10.627012
Series_10,1.845737,-10.737509
Series_10,1.856756,-10.832870
Series_10,1.867775,-10.832870
Series_10,1.878794,-10.889380
Series_10,1.889814,-10.938826
Series_10,1.900833,-11.065974
Series_10,1.911852,-11.097761
Series_10,1.922871,-11.138024
Series_10,1.933891,-11.256695
Series_10,1.944910,-11.299078
Series_10,1.955929,-11.362652
Series_10,1.966948,-11.415630
Series_10,1.977968,-11.442119
Series_10,1.988987,-11.468608
Series_10,2.000006,-11.532182
Series_10,2.011026,-11.648734
Series_10,2.022045,-11.691117
Series_10,2.033064,-11.779414
Series_10,2.044083,-11.828860
Series_10,2.055103,-11.878306
Series_10,2.066122,-11.895966
Series_10,2.077141,-11.913625
Series_10,2.088160,-12.033709
Series_10,2.099180,-12.083155
Series_10,2.110199,-12.167920
Series_10,2.121218,-12.189112
Series_10,2.132237,-12.210303
Series_10,2.143257,-12.337451
Series_10,2.154276,-12.455516
Series_10,2.165295,-12.521108
Series_10,2.176315,-12.577619
Series_10,2.187334,-12.651788
Series_10,2.198353,-12.725957
Series_10,2.209372,-12.782468
Series_10,2.220392,-12.824850
Series_10,2.231411,-12.888424
Series_10,2.242430,-13.011333
Series_10,2.253449,-13.057954
Series_10,2.264469,-13.100337
Series_10,2.275488,-13.142719
Series_10,2.286507,-13.172387
Series_10,2.297527,-13.269867
Series_10,2.308546,-13.354632
Series_10,2.319565,-13.418206
Series_10,2.330584,-13.449993
Series_10,2.341604,-13.529460
Series_10,2.352623,-13.608927
Series_10,2.363642,-13.665437
Series_10,2.374661,-13.757266
Series_10,2.385681,-13.789053
Series_10,2.396700,-13.820840
Series_10,2.407719,-13.854141
Series_10,2.418738,-13.905605
Series_10,2.429758,-13.958584
Series_10,2.440777,-14.011562
Series_10,2.451796,-14.075136
Series_10,2.462816,-14.202283
Series_10,2.473835,-14.308240
Series_10,2.484854,-14.393005
Series_10,2.495873,-14.435387
Series_10,2.506893,-14.504259
Series_10,2.517912,-14.562535
Series_10,2.528931,-14.657896
Series_10,2.539950,-14.753256
Series_10,2.550970,-14.753256
Series_10,2.561989,-14.774448
Series_10,2.573008,-14.901595
Series_10,2.584027,-14.965169
Series_10,2.595047,-14.965169
Series_10,2.606066,-15.049934
Series_10,2.617085,-15.177082
Series_10,2.628105,-15.177082
Series_10,2.639124,-15.272443
Series_10,2.650143,-15.367804
Series_10,2.661162,-15.418663
Series_10,2.672182,-15.494951
Series_10,2.683201,-15.572653
Series_10,2.694220,-15.588193
Series_10,2.705239,-15.622099
Series_10,2.716259,-15.743192
Series_10,2.727278,-15.834012
Series_10,2.738297,-15.827957
Series_10,2.749317,-15.834012
Series_10,2.760336,-15.939968
Series_10,2.771355,-16.003542
Series_10,2.782374,-16.088307
Series_10,2.793394,-16.194263
Series_10,2.804413,-16.300220
Series_10,2.815432,-16.384985
Series_10,2.826451,-16.448559
Series_10,2.837471,-16.490941
Series_10,2.848490,-16.533324
Series_10,2.859509,-16.596898
Series_10,2.870528,-16.692258
Series_10,2.881548,-16.787619
Series_10,2.892567,-16.849679
Series_10,2.903586,-16.911740
Series_10,2.914606,-16.966231
Series_10,2.925625,-17.020723
Series_10,2.936644,-17.063106
Series_10,2.947663,-17.173300
Series_10,2.958683,-17.256855
Series_10,2.969702,-17.266542
Series_10,2.980721,-17.342831
Series_10,2.991740,-17.465740
Series_10,3.002760,-17.518718
Series_10,3.013779,-17.607015
Series_10,3.024798,-17.656462
Series_10,3.035817,-17.720035
Series_10,3.046837,-17.741227
Series_10,3.057856,-17.783609
Series_10,3.068875,-17.833056
Series_10,3.079895,-17.892593
Series_10,3.090914,-17.981395
Series_10,3.101933,-18.037905
Series_10,3.112952,-18.087351
Series_10,3.123972,-18.165052
Series_10,3.134991,-18.296438
Series_10,3.146010,-18.427824
Series_10,3.157029,-18.473840
Series_10,3.168049,-18.567687
Series_10,3.179068,-18.652452
Series_10,3.190087,-18.673643
Series_10,3.201107,-18.694834
Series_10,3.212126,-18.800791
Series_10,3.223145,-18.857301
Series_10,3.234164,-18.853769
Series_10,3.245184,-18.935002
Series_10,3.256203,-18.995750
Series_10,3.267222,-19.049788
Series_10,3.278241,-19.111596
Series_10,3.289261,-19.245808
Series_10,3.300280,-19.266999
Series_10,3.311299,-19.292428
Series_10,3.322318,-19.415338
Series_10,3.333338,-19.509185
Series_10,3.344357,-19.542485
Series_10,3.355376,-19.648442
Series_10,3.366396,-19.708988
Series_10,3.377415,-19.763480
Series_10,3.388434,-19.817972
Series_10,3.399453,-19.881546
Series_10,3.410473,-19.892142
Series_10,3.421492,-19.945120
Series_10,3.432511,-20.008694
Series_10,3.443530,-20.051076
Series_10,3.454550,-20.128778
Series_10,3.465569,-20.185288
Series_10,3.476588,-20.277116
Series_10,3.487607,-20.368945
Series_10,3.498627,-20.432519
Series_10,3.509646,-20.538476
Series_10,3.520665,-20.631717
Series_10,3.531685,-20.686815
Series_10,3.542704,-20.729197
Series_10,3.553723,-20.775112
Series_10,3.564742,-20.821026
Series_10,3.575762,-20.835153
Series_10,3.586781,-20.962301
Series_10,3.597800,-21.034957
Series_10,3.608819,-21.106402
Series_10,3.619839,-21.174214
Series_10,3.630858,-21.292885
Series_10,3.641877,-21.381888
Series_10,3.652896,-21.470892
Series_10,3.663916,-21.555657
Series_10,3.674935,-21.612167
Series_10,3.685954,-21.647486
Series_10,3.696974,-21.682805
Series_10,3.707993,-21.809952
Series_10,3.719012,-21.824080
Series_10,3.730031,-21.859399
Series_10,3.741051,-21.894717
Series_10,3.752070,-22.000674
Series_10,3.763089,-22.064248
Series_10,3.774108,-22.149013
Series_10,3.785128,-22.250731
Series_10,3.796147,-22.360926
Series_10,3.807166,-22.473946
Series_10,3.818186,-22.488073
Series_10,3.829205,-22.558711
Series_10,3.840224,-22.615221
Series_10,3.851243,-22.699986
Series_10,3.862263,-22.810181
Series_10,3.873282,-22.837729
Series_10,3.884301,-22.890708
Series_10,3.895320,-22.975473
Series_10,3.906340,-22.996664
Series_10,3.917359,-23.017855
Series_10,3.928378,-23.149241
Series_10,3.939397,-23.272151
Series_10,3.950417,-23.335724
Series_10,3.961436,-23.399298
Series_10,3.972455,-23.462872
Series_10,3.983475,-23.590020
Series_10,3.994494,-23.632402
Series_10,4.005513,-23.717167
Series_10,4.016532,-23.759550
Series_10,4.027552,-23.865506
Series_10,4.038571,-23.950271
Series_10,4.049590,-23.999718
Series_10,4.060609,-24.056228
Series_10,4.071629,-24.162184
Series_10,4.082648,-24.302047
Series_10,4.093667,-24.352906
Series_10,4.104686,-24.416480
Series_10,4.115706,-24.543627
Series_10,4.126725,-24.628392
Series_10,4.137744,-24.702562
Series_10,4.148764,-24.840305
Series_10,4.159783,-24.861496
Series_10,4.170802,-24.956857
Series_10,4.181821,-25.052218
Series_10,4.192841,-25.158174
Series_10,4.203860,-25.200557
Series_10,4.214879,-25.285322
Series_10,4.225898,-25.363023
Series_10,4.236918,-25.433661
Series_10,4.247937,-25.518426
Series_10,4.258956,-25.603191
Series_10,4.269976,-25.673122
Series_10,4.280995,-25.743054
Series_10,4.292014,-25.857487
Series_10,4.303033,-25.984634
Series_10,4.314053,-26.069399
Series_10,4.325072,-26.196547
Series_10,4.336091,-26.238930
Series_10,4.347110,-26.327933
Series_10,4.358130,-26.445545
Series_10,4.369149,-26.450842
Series_10,4.380168,-26.573752
Series_10,4.391187,-26.607658
Series_10,4.402207,-26.673351
Series_10,4.413226,-26.794141
Series_10,4.424245,-26.847422
Series_10,4.435265,-26.929765
Series_10,4.446284,-26.980624
Series_10,4.457303,-27.086581
Series_10,4.468322,-27.158631
Series_10,4.479342,-27.171346
Series_10,4.490361,-27.311208
Series_10,4.501380,-27.376195
Series_10,4.512399,-27.446832
Series_10,4.523419,-27.573980
Series_10,4.534438,-27.637554
Series_10,4.545457,-27.743510
Series_10,4.556476,-27.849467
Series_10,4.567496,-27.888317
Series_10,4.578515,-27.927168
Series_10,4.589534,-27.997806
Series_10,4.600554,-28.117890
Series_10,4.611573,-28.227882
Series_10,4.622592,-28.331568
Series_10,4.633611,-28.439795
Series_10,4.644631,-28.566943
Series_10,4.655650,-28.682990
Series_10,4.666669,-28.706200
Series_10,4.677688,-28.821238
Series_10,4.688708,-28.951413
Series_10,4.699727,-29.022051
Series_10,4.710746,-29.142135
Series_10,4.721765,-29.226900
Series_10,4.732785,-29.226900
Series_10,4.743804,-29.332856
Series_10,4.754823,-29.426703
Series_10,4.765843,-29.528119
Series_10,4.776862,-29.629534
Series_10,4.787881,-29.636598
Series_10,4.798900,-29.746086
Series_10,4.809920,-29.892911
Series_10,4.820939,-29.994327
Series_10,4.831958,-30.095742
Series_10,4.842977,-30.210175
Series_10,4.853997,-30.244081
Series_10,4.865016,-30.323195
Series_10,4.876035,-30.402309
Series_10,4.887055,-30.481424
Series_10,4.898074,-30.583142
Series_10,4.909093,-30.703226
Series_10,4.920112,-30.823310
Series_10,4.931132,-30.858628
Series_10,4.942151,-30.943393
Series_10,4.953170,-31.049350
Series_10,4.964189,-31.112924
Series_10,4.975209,-31.197689
Series_10,4.986228,-31.282454
Series_10,4.997247,-31.319539
Series_10,5.008266,-31.446686
Series_10,5.019286,-31.557941
Series_10,5.030305,-31.579132
Series_10,5.041324,-31.642706
Series_10,5.052344,-31.791045
Series_10,5.063363,-31.875810
Series_10,5.074382,-31.897001
Series_10,5.085401,-31.960575
Series_10,5.096421,-32.024149
Series_10,5.107440,-32.161892
Series_10,5.118459,-32.214870
Series_10,5.129478,-32.278444
Series_10,5.140498,-32.386755
Series_10,5.151517,-32.512725
Series_10,5.162536,-32.638696
Series_10,5.173555,-32.681078
Series_10,5.184575,-32.765843
Series_10,5.195594,-32.892991
Series_10,5.206613,-32.998947
Series_10,5.217633,-33.020139
Series_10,5.228652,-33.041330
Series_10,5.239671,-33.138204
Series_10,5.250690,-33.210860
Series_10,5.261710,-33.283516
Series_10,5.272729,-33.368281
Series_10,5.283748,-33.481049
Series_10,5.294767,-33.592303
Series_10,5.305787,-33.620558
Series_10,5.316806,-33.719451
Series_10,5.327825,-33.848953
Series_10,5.338845,-33.978455
Series_10,5.349864,-34.107958
Series_10,5.360883,-34.185659
Series_10,5.371902,-34.228042
Series_10,5.382922,-34.333998
Series_10,5.393941,-34.376381
Series_10,5.404960,-34.515301
Series_10,5.415979,-34.577698
Series_10,5.426999,-34.625378
Series_10,5.438018,-34.720360
Series_10,5.449037,-34.815343
Series_10,5.460056,-34.855303
Series_10,5.471076,-34.990928
Series_10,5.482095,-35.111012
Series_10,5.493114,-35.139267
Series_10,5.504134,-35.287606
Series_10,5.515153,-35.361775
Series_10,5.526172,-35.414753
Series_10,5.537191,-35.443008
Series_10,5.548211,-35.584283
Series_10,5.559230,-35.640794
Series_10,5.570249,-35.647857
Series_10,5.581268,-35.746750
Series_10,5.592288,-35.859770
Series_10,5.603307,-35.923344
Series_10,5.614326,-35.965726
Series_10,5.625345,-36.029300
Series_10,5.636365,-36.092874
Series_10,5.647384,-36.177639
Series_10,5.658403,-36.256350
Series_10,5.669423,-36.375929
Series_10,5.680442,-36.495508
Series_10,5.691461,-36.601465
Series_10,5.702480,-36.612060
Series_10,5.713500,-36.696826
Series_10,5.724519,-36.735676
Series_10,5.735538,-36.834569
Series_10,5.746557,-36.876951
Series_10,5.757577,-36.919334
Series_10,5.768596,-36.982908
Series_10,5.779615,-37.081801
Series_10,5.790635,-37.152438
Series_10,5.801654,-37.194821
Series_10,5.812673,-37.328023
Series_10,5.823692,-37.381304
Series_10,5.834712,-37.483022
Series_10,5.845731,-37.533881
Series_10,5.856750,-37.639838
Series_10,5.867769,-37.661029
Series_10,5.878789,-37.766985
Series_10,5.889808,-37.872942
Series_10,5.900827,-37.894133
Series_10,5.911846,-37.957707
Series_10,5.922866,-38.063663
Series_10,5.933885,-38.096964
Series_10,5.944904,-38.164910
Series_10,5.955924,-38.260439
Series_10,5.966943,-38.296767
Series_10,5.977962,-38.416209
Series_10,5.988981,-38.454188
Series_10,6.000001,-38.545008
Series_10,6.011020,-38.635828
Series_10,6.022039,-38.657019
Series_10,6.033058,-38.805358
Series_10,6.044078,-38.898599
Series_10,6.055097,-38.932506
Series_10,6.066116,-38.966412
Series_10,6.077135,-39.070249
Series_10,6.088155,-39.102036
Series_10,6.099174,-39.135942
Series_10,6.110193,-39.150473
Series_10,6.121213,-39.229183
Series_10,6.132232,-39.324544
Series_10,6.143251,-39.398714
Series_10,6.154270,-39.462287
Series_10,6.165290,-39.504670
Series_10,6.176309,-39.557648
Series_10,6.187328,-39.653009
Series_10,6.198347,-39.665118
Series_10,6.209367,-39.695392
Series_10,6.220386,-39.801348
Series_10,6.231405,-39.801348
Series_10,6.242424,-39.801348
Series_10,6.253444,-39.801348
Series_10,6.264463,-39.928496
Series_10,6.275482,-40.013261
Series_10,6.286502,-40.085311
Series_10,6.297521,-40.119217
Series_10,6.308540,-40.218110
Series_10,6.319559,-40.278152
Series_10,6.330579,-40.352321
Series_10,6.341598,-40.479469
Series_10,6.352617,-40.500660
Series_10,6.363636,-40.543043
Series_10,6.374656,-40.641935
Series_10,6.385675,-40.652026
Series_10,6.396694,-40.682300
Series_10,6.407714,-40.712573
Series_10,6.418733,-40.776147
Series_10,6.429752,-40.839721
Series_10,6.440771,-40.882103
Series_10,6.451791,-41.009251
Series_10,6.462810,-41.051633
Series_10,6.473829,-41.061052
Series_10,6.484848,-41.129335
Series_10,6.495868,-41.221164
Series_10,6.506887,-41.284737
Series_10,6.517906,-41.305929
Series_10,6.528925,-41.348311
Series_10,6.539945,-41.369503
Series_10,6.550964,-41.411885
Series_10,6.561983,-41.496650
Series_10,6.573003,-41.560224
Series_10,6.584022,-41.560224
Series_10,6.595041,-41.581415
Series_10,6.606060,-41.644989
Series_10,6.617080,-41.687372
Series_10,6.628099,-41.708563
Series_10,6.639118,-41.788030
Series_10,6.650137,-41.842774
Series_10,6.661157,-41.856902
Series_10,6.672176,-41.878093
Series_10,6.683195,-41.948731
Series_10,6.694214,-42.026432
Series_10,6.705234,-42.068815
Series_10,6.716253,-42.132389
Series_10,6.727272,-42.132389
Series_10,6.738292,-42.153580
Series_10,6.749311,-42.174771
Series_10,6.760330,-42.238345
Series_10,6.771349,-42.280728
Series_10,6.782369,-42.280728
Series_10,6.793388,-42.365493
Series_10,6.804407,-42.407875
Series_10,6.815426,-42.429067
Series_10,6.826446,-42.450258
Series_10,6.837465,-42.471449
Series_10,6.848484,-42.492640
Series_10,6.859504,-42.543499
Series_10,6.870523,-42.556214
Series_10,6.881542,-42.556214
Series_10,6.892561,-42.598597
Series_10,6.903581,-42.640979
Series_10,6.914600,-42.662171
Series_10,6.925619,-42.683362
Series_10,6.936638,-42.704553
Series_10,6.947658,-42.683362
Series_10,6.958677,-42.746936
Series_10,6.969696,-42.746936
Series_10,6.980715,-42.789318
Series_10,6.991735,-42.831701
Series_10,7.002754,-42.852892
Series_10,7.013773,-42.874083
Series_10,7.024793,-42.874083
Series_10,7.035812,-42.895275
Series_10,7.046831,-42.937657
Series_10,7.057850,-42.937657
Series_10,7.068870,-42.937657
Series_10,7.079889,-42.958848
Series_10,7.090908,-42.980040
Series_10,7.101927,-43.001231
Series_10,7.112947,-43.022422
Series_10,7.123966,-43.022422
Series_10,7.134985,-43.064805
Series_10,7.146004,-43.107187
Series_10,7.157024,-43.107187
Series_10,7.168043,-43.107187
Series_10,7.179062,-43.128379
Series_10,7.190082,-43.138974
Series_10,7.201101,-43.149570
Series_10,7.212120,-43.162285
Series_10,7.223139,-43.213144
Series_10,7.234159,-43.213144
Series_10,7.245178,-43.213144
Series_10,7.256197,-43.213144
Series_10,7.267216,-43.213144
Series_10,7.278236,-43.213144
Series_10,7.289255,-43.213144
Series_10,7.300274,-43.213144
Series_10,7.311294,-43.213144
Series_10,7.322313,-43.213144
Series_10,7.333332,-43.213144
Series_10,7.344351,-43.213144
Series_10,7.355371,-43.213144
Series_10,7.366390,-43.213144
Series_10,7.377409,-43.213144
Series_10,7.388428,-43.213144
Series_10,7.399448,-43.213144
Series_10,7.410467,-43.213144
Series_10,7.421486,-43.213144
Series_10,7.432505,-43.213144
Series_10,7.443525,-43.213144
Series_10,7.454544,-43.213144
Series_10,7.465563,-43.213144
Series_10,7.476583,-43.213144
Series_10,7.487602,-43.191953
Series_10,7.498621,-43.191953
Series_10,7.509640,-43.191953
Series_10,7.520660,-43.213144
Series_10,7.531679,-43.191953
Series_10,7.542698,-43.149570
Series_10,7.553717,-43.107187
Series_10,7.564737,-43.107187
Series_10,7.575756,-43.085996
Series_10,7.586775,-43.085996
Series_10,7.597794,-43.085996
Series_10,7.608814,-43.085996
Series_10,7.619833,-43.085996
Series_10,7.630852,-43.064805
Series_10,7.641872,-43.064805
Series_10,7.652891,-43.064805
Series_10,7.663910,-43.022422
Series_10,7.674929,-42.980040
Series_10,7.685949,-42.937657
Series_10,7.696968,-42.937657
Series_10,7.707987,-42.937657
Series_10,7.719006,-42.884679
Series_10,7.730026,-42.874083
Series_10,7.741045,-42.874083
Series_10,7.752064,-42.874083
Series_10,7.763083,-42.852892
Series_10,7.774103,-42.817573
Series_10,7.785122,-42.789318
Series_10,7.796141,-42.810510
Series_10,7.807161,-42.768127
Series_10,7.818180,-42.768127
Series_10,7.829199,-42.746936
Series_10,7.840218,-42.732808
Series_10,7.851238,-42.718681
Series_10,7.862257,-42.690426
Series_10,7.873276,-42.662171
Series_10,7.884295,-42.598597
Series_10,7.895315,-42.605660
Series_10,7.906334,-42.556214
Series_10,7.917353,-42.549150
Series_10,7.928373,-42.492640
Series_10,7.939392,-42.492640
Series_10,7.950411,-42.471449
Series_10,7.961430,-42.407875
Series_10,7.972450,-42.365493
Series_10,7.983469,-42.365493
Series_10,7.994488,-42.351365
Series_10,8.005507,-42.323110
Series_10,8.016527,-42.280728
Series_10,8.027546,-42.238345
Series_10,8.038565,-42.164176
Series_10,8.049584,-42.132389
Series_10,8.060604,-42.132389
Series_10,8.071623,-42.090006
Series_10,8.082642,-42.090006
Series_10,8.093662,-42.100602
Series_10,8.104681,-42.026432
Series_10,8.115700,-41.984050
Series_10,8.126719,-41.962858
Series_10,8.137739,-41.920476
Series_10,8.148758,-41.899285
Series_10,8.159777,-41.846306
Series_10,8.170796,-41.835711
Series_10,8.181816,-41.772137
Series_10,8.192835,-41.687372
Series_10,8.203854,-41.708563
Series_10,8.214873,-41.644989
Series_10,8.225893,-41.644989
Series_10,8.236912,-41.581415
Series_10,8.247931,-41.560224
Series_10,8.258951,-41.475459
Series_10,8.269970,-41.433076
Series_10,8.280989,-41.390694
Series_10,8.292008,-41.369503
Series_10,8.303028,-41.327120
Series_10,8.314047,-41.284737
Series_10,8.325066,-41.263546
Series_10,8.336085,-41.178781
Series_10,8.347105,-41.079888
Series_10,8.358124,-41.044570
Series_10,8.369143,-41.009251
Series_10,8.380163,-40.988060
Series_10,8.391182,-40.966868
Series_10,8.402201,-40.903294
Series_10,8.413220,-40.839721
Series_10,8.424240,-40.839721
Series_10,8.435259,-40.818529
Series_10,8.446278,-40.776147
Series_10,8.457297,-40.733764
Series_10,8.468317,-40.712573
Series_10,8.479336,-40.670190
Series_10,8.490355,-40.627808
Series_10,8.501374,-40.543043
Series_10,8.512394,-40.415895
Series_10,8.523413,-40.373512
Series_10,8.534432,-40.345257
Series_10,8.545452,-40.309939
Series_10,8.556471,-40.220935
Series_10,8.567490,-40.201863
Series_10,8.578509,-40.182791
Series_10,8.589529,-40.119217
Series_10,8.600548,-40.013261
Series_10,8.611567,-39.992069
Series_10,8.622586,-39.970878
Series_10,8.633606,-39.970878
Series_10,8.644625,-39.839492
Series_10,8.655644,-39.801348
Series_10,8.666663,-39.737774
Series_10,8.677683,-39.674200
Series_10,8.688702,-39.674200
Series_10,8.699721,-39.589435
Series_10,8.710741,-39.554116
Series_10,8.721760,-39.504670
Series_10,8.732779,-39.483479
Series_10,8.743798,-39.398714
Series_10,8.754818,-39.377522
Series_10,8.765837,-39.292757
Series_10,8.776856,-39.207992
Series_10,8.787875,-39.123227
Series_10,8.798895,-39.038462
Series_10,8.809914,-39.045526
Series_10,8.820933,-39.017271
Series_10,8.831953,-38.985484
Series_10,8.842972,-38.911314
Series_10,8.853991,-38.858336
Series_10,8.865010,-38.805358
Series_10,8.876030,-38.784167
Series_10,8.887049,-38.699401
Series_10,8.898068,-38.614636
Series_10,8.909087,-38.559539
Series_10,8.920107,-38.532899
Series_10,8.931126,-38.508680
Series_10,8.942145,-38.415438
Series_10,8.953164,-38.373056
Series_10,8.964184,-38.296061
Series_10,8.975203,-38.219066
Series_10,8.986222,-38.195049
Series_10,8.997242,-38.169619
Series_10,9.008261,-38.042472
Series_10,9.019280,-37.940754
Series_10,9.030299,-37.947111
Series_10,9.041319,-37.830559
Series_10,9.052338,-37.816432
Series_10,9.063357,-37.755683
Series_10,9.074376,-37.694935
Series_10,9.085396,-37.682220
Series_10,9.096415,-37.533881
Series_10,9.107434,-37.491499
Series_10,9.118453,-37.449116
Series_10,9.129473,-37.396138
Series_10,9.140492,-37.364351
Series_10,9.151511,-37.343160
Series_10,9.162531,-37.194821
Series_10,9.173550,-37.194821
Series_10,9.184569,-37.138311
Series_10,9.195588,-37.110056
Series_10,9.206608,-36.974431
Series_10,9.217627,-36.940525
Series_10,9.228646,-36.866356
Series_10,9.239665,-36.813378
Series_10,9.250685,-36.756868
Series_10,9.261704,-36.762519
Series_10,9.272723,-36.734970
Series_10,9.283742,-36.707421
Series_10,9.294762,-36.672102
Series_10,9.305781,-36.622656
Series_10,9.316800,-36.550606
Series_10,9.327820,-36.478555
Series_10,9.338839,-36.406505
Series_10,9.349858,-36.334455
Series_10,9.360877,-36.262404
Series_10,9.371897,-36.177639
Series_10,9.382916,-36.135257
Series_10,9.393935,-35.993982
Series_10,9.404954,-35.923344
Series_10,9.415974,-35.909216
Series_10,9.426993,-35.845643
Series_10,9.438012,-35.838579
Series_10,9.449032,-35.745337
Series_10,9.460051,-35.677525
Series_10,9.471070,-35.605475
Series_10,9.482089,-35.499518
Series_10,9.493109,-35.478327
Series_10,9.504128,-35.416519
Series_10,9.515147,-35.354711
Series_10,9.526166,-35.292903
Series_10,9.537186,-35.231095
Series_10,9.548205,-35.181649
Series_10,9.559224,-35.132203
Series_10,9.570243,-35.096884
Series_10,9.581263,-35.054502
Series_10,9.592282,-35.005055
Series_10,9.603301,-34.927354
Series_10,9.614321,-34.863780
Series_10,9.625340,-34.842589
Series_10,9.636359,-34.779015
Series_10,9.647378,-34.634914
Series_10,9.658398,-34.609485
Series_10,9.669417,-34.577698
Series_10,9.680436,-34.574166
Series_10,9.691455,-34.473860
Series_10,9.702475,-34.482337
Series_10,9.713494,-34.397572
Series_10,9.724513,-34.259829
Series_10,9.735532,-34.122085
Series_10,9.746552,-34.079703
Series_10,9.757571,-34.086766
Series_10,9.768590,-34.016129
Series_10,9.779610,-33.965270
Series_10,9.790629,-33.914411
Series_10,9.801648,-33.863552
Series_10,9.812667,-33.812693
Series_10,9.823687,-33.761834
Series_10,9.834706,-33.687664
Series_10,9.845725,-33.654111
Series_10,9.856744,-33.620558
Series_10,9.867764,-33.613495
Series_10,9.878783,-33.532261
Series_10,9.889802,-33.451028
Series_10,9.900822,-33.422773
Series_10,9.911841,-33.295625
Series_10,9.922860,-33.182605
Series_10,9.933879,-33.168478
Series_10,9.944899,-33.062521
Series_10,9.955918,-33.027203
Series_10,9.966937,-32.991884
Series_10,9.977956,-32.956565
Series_10,9.988976,-32.891065
Series_10,9.999995,-32.825564
Series_10,10.011014,-32.760064
Series_10,10.022033,-32.694564
Series_10,10.033053,-32.629063
Series_10,10.044072,-32.563563
Series_10,10.055091,-32.498063
Series_10,10.066111,-32.432562
Series_10,10.077130,-32.367062
Series_10,10.088149,-32.301562
Series_10,10.099168,-32.236061
Series_10,10.110188,-32.172488
Series_10,10.121207,-32.176726
Series_10,10.132226,-32.123041
Series_10,10.143245,-32.066531
Series_10,10.154265,-31.974702
Series_10,10.165284,-31.936356
Series_10,10.176303,-31.898010
Series_10,10.187322,-31.859664
Series_10,10.198342,-31.821318
Series_10,10.209361,-31.782972
Series_10,10.220380,-31.744626
Series_10,10.231400,-31.706279
Series_10,10.242419,-31.600323
Series_10,10.253438,-31.579132
Series_10,10.264457,-31.430793
Series_10,10.275477,-31.430793
Series_10,10.286496,-31.388410
Series_10,10.297515,-31.331900
Series_10,10.308534,-31.282454
Series_10,10.319554,-31.240071
Series_10,10.330573,-31.218880
Series_10,10.341592,-31.197689
Series_10,10.352612,-31.155306
Series_10,10.363631,-31.086435
Series_10,10.374650,-31.017563
Series_10,10.385669,-30.998491
Series_10,10.396689,-30.908075
Series_10,10.407708,-30.869224
Series_10,10.418727,-30.858628
Series_10,10.429746,-30.837437
Series_10,10.440766,-30.816246
Series_10,10.451785,-30.738544
Series_10,10.462804,-30.752672
Series_10,10.473823,-30.650954
Series_10,10.484843,-30.604333
Series_10,10.495862,-30.561950
Series_10,10.506881,-30.515330
Series_10,10.517901,-30.455994
Series_10,10.528920,-30.328846
Series_10,10.539939,-30.314719
Series_10,10.550958,-30.300591
Series_10,10.561978,-30.286464
Series_10,10.572997,-30.201699
Series_10,10.584016,-30.166380
Series_10,10.595035,-30.116934
Series_10,10.606055,-30.095742
Series_10,10.617074,-30.095742
Series_10,10.628093,-30.010977
Series_10,10.639112,-29.975658
Series_10,10.650132,-29.919148
Series_10,10.661151,-29.862638
Series_10,10.672170,-29.792001
Series_10,10.683190,-29.735491
Series_10,10.694209,-29.714299
Series_10,10.705228,-29.714299
Series_10,10.716247,-29.682512
Series_10,10.727267,-29.650725
Series_10,10.738286,-29.640130
Series_10,10.749305,-29.629534
Series_10,10.760324,-29.597747
Series_10,10.771344,-29.565960
Series_10,10.782363,-29.502386
Series_10,10.793382,-29.438813
Series_10,10.804401,-29.387954
Series_10,10.815421,-29.332856
Series_10,10.826440,-29.301069
Series_10,10.837459,-29.260806
Series_10,10.848479,-29.205709
Series_10,10.859498,-29.163326
Series_10,10.870517,-29.163326
Series_10,10.881536,-29.099752
Series_10,10.892556,-29.014987
Series_10,10.903575,-28.993796
Series_10,10.914594,-28.993796
Series_10,10.925613,-28.944349
Series_10,10.936633,-28.958477
Series_10,10.947652,-28.933754
Series_10,10.958671,-28.909031
Series_10,10.969691,-28.909031
Series_10,10.980710,-28.824266
Series_10,10.991729,-28.781883
Series_10,11.002748,-28.739500
Series_10,11.013768,-28.718309
Series_10,11.024787,-28.647672
Series_10,11.035806,-28.569970
Series_10,11.046825,-28.485205
Series_10,11.057845,-28.464014
Series_10,11.068864,-28.414567
Series_10,11.079883,-28.365121
Series_10,11.090902,-28.365121
Series_10,11.101922,-28.340398
Series_10,11.112941,-28.315675
Series_10,11.123960,-28.209718
Series_10,11.134980,-28.223846
Series_10,11.145999,-28.167336
Series_10,11.157018,-28.141906
Series_10,11.168037,-28.103762
Series_10,11.179057,-28.068443
Series_10,11.190076,-27.997806
Series_10,11.201095,-27.934232
Series_10,11.212114,-27.913041
Series_10,11.223134,-27.870658
Series_10,11.234153,-27.849467
Series_10,11.245172,-27.800020
Series_10,11.256191,-27.796489
Series_10,11.267211,-27.764702
Series_10,11.278230,-27.764702
Series_10,11.289249,-27.679937
Series_10,11.300269,-27.672873
Series_10,11.311288,-27.679937
Series_10,11.322307,-27.626958
Series_10,11.333326,-27.573980
Series_10,11.344346,-27.489215
Series_10,11.355365,-27.463785
Series_10,11.366384,-27.468024
Series_10,11.377403,-27.425641
Series_10,11.388423,-27.362067
Series_10,11.399442,-27.362067
Series_10,11.410461,-27.277302
Series_10,11.421481,-27.263175
Series_10,11.432500,-27.245515
Series_10,11.443519,-27.256111
Series_10,11.454538,-27.234920
Series_10,11.465558,-27.171346
Series_10,11.476577,-27.171346
Series_10,11.487596,-27.109538
Series_10,11.498615,-27.047730
Series_10,11.509635,-26.985922
Series_10,11.520654,-26.924114
Series_10,11.531673,-26.904336
Series_10,11.542692,-26.853477
Series_10,11.553712,-26.853477
Series_10,11.564731,-26.805796
Series_10,11.575750,-26.758116
Series_10,11.586770,-26.768712
Series_10,11.597789,-26.736925
Series_10,11.608808,-26.705138
Series_10,11.619827,-26.641564
Series_10,11.630847,-26.630968
Series_10,11.641866,-26.609777
Series_10,11.652885,-26.535607
Series_10,11.663904,-26.472034
Series_10,11.674924,-26.482629
Series_10,11.685943,-26.408460
Series_10,11.696962,-26.302503
Series_10,11.707981,-26.288376
Series_10,11.719001,-26.302503
Series_10,11.730020,-26.260121
Series_10,11.741039,-26.196547
Series_10,11.752059,-26.175356
Series_10,11.763078,-26.154164
Series_10,11.774097,-26.132973
Series_10,11.785116,-26.055272
Series_10,11.796136,-26.022779
Series_10,11.807155,-26.003706
Series_10,11.818174,-25.984634
Series_10,11.829193,-25.878678
Series_10,11.840213,-25.836295
Series_10,11.851232,-25.836295
Series_10,11.862251,-25.836295
Series_10,11.873271,-25.709148
Series_10,11.884290,-25.709148
Series_10,11.895309,-25.645574
Series_10,11.906328,-25.596127
Series_10,11.917348,-25.560809
Series_10,11.928367,-25.539617
Series_10,11.939386,-25.518426
Series_10,11.950405,-25.497235
Series_10,11.961425,-25.454852
Series_10,11.972444,-25.384215
Series_10,11.983463,-25.391278
Series_10,11.994482,-25.353134
Series_10,12.005502,-25.327705
Series_10,12.016521,-25.306513
Series_10,12.027540,-25.264131
Series_10,12.038560,-25.211153
Series_10,12.049579,-25.186429
Series_10,12.060598,-25.115792
Series_10,12.071617,-25.073409
Series_10,12.082637,-25.094600
Series_10,12.093656,-25.031027
Series_10,12.104675,-25.009835
Series_10,12.115694,-24.988644
Series_10,12.126714,-24.988644
Series_10,12.137733,-24.903879
Series_10,12.148752,-24.861496
Series_10,12.159771,-24.840305
Series_10,12.170791,-24.808518
Series_10,12.181810,-24.755540
Series_10,12.192829,-24.755540
Series_10,12.203849,-24.748476
Series_10,12.214868,-24.677839
Series_10,12.225887,-24.649584
Series_10,12.236906,-24.649584
Series_10,12.247926,-24.543627
Series_10,12.258945,-24.480053
Series_10,12.269964,-24.480053
Series_10,12.280983,-24.416480
Series_10,12.292003,-24.327476
Series_10,12.303022,-24.344429
Series_10,12.314041,-24.338072
Series_10,12.325060,-24.331714
Series_10,12.336080,-24.289332
Series_10,12.347099,-24.162184
Series_10,12.358118,-24.130397
Series_10,12.369138,-24.098610
Series_10,12.380157,-24.077419
Series_10,12.391176,-24.070355
Series_10,12.402195,-23.971463
Series_10,12.413215,-23.971463
Series_10,12.424234,-23.950271
Series_10,12.435253,-23.823124
Series_10,12.446272,-23.823124
Series_10,12.457292,-23.801932
Series_10,12.468311,-23.823124
Series_10,12.479330,-23.801932
Series_10,12.490350,-23.759550
Series_10,12.501369,-23.738359
Series_10,12.512388,-23.674785
Series_10,12.523407,-23.674785
Series_10,12.534427,-23.615449
Series_10,12.545446,-23.547637
Series_10,12.556465,-23.505255
Series_10,12.567484,-23.484063
Series_10,12.578504,-23.462872
Series_10,12.589523,-23.399298
Series_10,12.600542,-23.356916
Series_10,12.611561,-23.335724
Series_10,12.622581,-23.335724
Series_10,12.633600,-23.293342
Series_10,12.644619,-23.250959
Series_10,12.655639,-23.208577
Series_10,12.666658,-23.176790
Series_10,12.677677,-23.176790
Series_10,12.688696,-23.166194
Series_10,12.699716,-23.102620
Series_10,12.710735,-23.123812
Series_10,12.721754,-23.024919
Series_10,12.732773,-23.007260
Series_10,12.743793,-22.940154
Series_10,12.754812,-22.933090
Series_10,12.765831,-22.890708
Series_10,12.776850,-22.813006
Series_10,12.787870,-22.784751
Series_10,12.798889,-22.777687
Series_10,12.809908,-22.770624
Series_10,12.820928,-22.699986
Series_10,12.831947,-22.710582
Series_10,12.842966,-22.728241
Series_10,12.853985,-22.682327
Series_10,12.865005,-22.636412
Series_10,12.876024,-22.571661
Series_10,12.887043,-22.506910
Series_10,12.898062,-22.442159
Series_10,12.909082,-22.377408
Series_10,12.920101,-22.312657
Series_10,12.931120,-22.247905
Series_10,12.942140,-22.219650
Series_10,12.953159,-22.191395
Series_10,12.964178,-22.212587
Series_10,12.975197,-22.170204
Series_10,12.986217,-22.166672
Series_10,12.997236,-22.163140
Series_10,13.008255,-22.123583
Series_10,13.019274,-22.064248
Series_10,13.030294,-22.064248
Series_10,13.041313,-21.990078
Series_10,13.052332,-21.979483
Series_10,13.063351,-21.965355
Series_10,13.074371,-21.894717
Series_10,13.085390,-21.880590
Series_10,13.096409,-21.866462
Series_10,13.107429,-21.880590
Series_10,13.118448,-21.795825
Series_10,13.129467,-21.739315
Series_10,13.140486,-21.746378
Series_10,13.151506,-21.739315
Series_10,13.162525,-21.679273
Series_10,13.173544,-21.619231
Series_10,13.184563,-21.619231
Series_10,13.195583,-21.555657
Series_10,13.206602,-21.492083
Series_10,13.217621,-21.492083
Series_10,13.228640,-21.470892
Series_10,13.239660,-21.428509
Series_10,13.250679,-21.420033
Series_10,13.261698,-21.343744
Series_10,13.272718,-21.343744
Series_10,13.283737,-21.343744
Series_10,13.294756,-21.322553
Series_10,13.305775,-21.237788
Series_10,13.316795,-21.216596
Series_10,13.327814,-21.202469
Series_10,13.338833,-21.216596
Series_10,13.349852,-21.153023
Series_10,13.360872,-21.047066
Series_10,13.371891,-21.047066
Series_10,13.382910,-21.068258
Series_10,13.393930,-20.983492
Series_10,13.404949,-20.976429
Series_10,13.415968,-20.877536
Series_10,13.426987,-20.842217
Series_10,13.438007,-20.824558
Series_10,13.449026,-20.806898
Series_10,13.460045,-20.792771
Series_10,13.471064,-20.750388
Series_10,13.482084,-20.750388
Series_10,13.493103,-20.729197
Series_10,13.504122,-20.644432
Series_10,13.515141,-20.623241
Series_10,13.526161,-20.607347
Series_10,13.537180,-20.591454
Series_10,13.548199,-20.521523
Series_10,13.559219,-20.517284
Series_10,13.570238,-20.411328
Series_10,13.581257,-20.390137
Series_10,13.592276,-20.368945
Series_10,13.603296,-20.305371
Series_10,13.614315,-20.259962
Series_10,13.625334,-20.278126
Series_10,13.636353,-20.275704
Series_10,13.647373,-20.185288
Series_10,13.658392,-20.140080
Series_10,13.669411,-20.093459
Series_10,13.680430,-20.058140
Series_10,13.691450,-20.029885
Series_10,13.702469,-20.008694
Series_10,13.713488,-19.923928
Series_10,13.724508,-19.902737
Series_10,13.735527,-19.870950
Series_10,13.746546,-19.839163
Series_10,13.757565,-19.807376
Series_10,13.768585,-19.775590
Series_10,13.779604,-19.761462
Series_10,13.790623,-19.747334
Series_10,13.801642,-19.716254
Series_10,13.812662,-19.676697
Series_10,13.823681,-19.648442
Series_10,13.834700,-19.606059
Series_10,13.845719,-19.563677
Series_10,13.856739,-19.542485
Series_10,13.867758,-19.450657
Series_10,13.878777,-19.457720
Series_10,13.889797,-19.404742
Series_10,13.900816,-19.365891
Series_10,13.911835,-19.330573
Series_10,13.922854,-19.309381
Series_10,13.933874,-19.309381
Series_10,13.944893,-19.288190
Series_10,13.955912,-19.224616
Series_10,13.966931,-19.210489
Series_10,13.977951,-19.210489
Series_10,13.988970,-19.161042
Series_10,13.999989,-19.097469
Series_10,14.011009,-19.083341
Series_10,14.022028,-19.069214
Series_10,14.033047,-19.055086
Series_10,14.044066,-19.012703
Series_10,14.055086,-18.913811
Series_10,14.066105,-18.906747
Series_10,14.077124,-18.885556
Series_10,14.088143,-18.843173
Series_10,14.099163,-18.857301
Series_10,14.110182,-18.834697
Series_10,14.121201,-18.800791
Series_10,14.132220,-18.737217
Series_10,14.143240,-18.673643
Series_10,14.154259,-18.684239
Series_10,14.165278,-18.694834
Series_10,14.176298,-18.610069
Series_10,14.187317,-18.571925
Series_10,14.198336,-18.532368
Series_10,14.209355,-18.535900
Series_10,14.220375,-18.461730
Series_10,14.231394,-18.398156
Series_10,14.242413,-18.355774
Series_10,14.253432,-18.376965
Series_10,14.264452,-18.355774
Series_10,14.275471,-18.334583
Series_10,14.286490,-18.263945
Series_10,14.297509,-18.241341
Series_10,14.308529,-18.207435
Series_10,14.319548,-18.122670
Series_10,14.330567,-18.101479
Series_10,14.341587,-18.094415
Series_10,14.352606,-18.063334
Series_10,14.363625,-17.995522
Series_10,14.374644,-17.978569
Series_10,14.385664,-17.963735
Series_10,14.396683,-17.868374
Series_10,14.407702,-17.809039
Series_10,14.418721,-17.809039
Series_10,14.429741,-17.769482
Series_10,14.440760,-17.720035
Series_10,14.451779,-17.720035
Series_10,14.462799,-17.741227
Series_10,14.473818,-17.681891
Series_10,14.484837,-17.647985
Series_10,14.495856,-17.656462
Series_10,14.506876,-17.592888
Series_10,14.517895,-17.508123
Series_10,14.528914,-17.486931
Series_10,14.539933,-17.497527
Series_10,14.550953,-17.423358
Series_10,14.561972,-17.386273
Series_10,14.572991,-17.349188
Series_10,14.584010,-17.338592
Series_10,14.595030,-17.317401
Series_10,14.606049,-17.338592
Series_10,14.617068,-17.296210
Series_10,14.628088,-17.275019
Series_10,14.639107,-17.222040
Series_10,14.650126,-17.232636
Series_10,14.661145,-17.169062
Series_10,14.672165,-17.105488
Series_10,14.683184,-17.071582
Series_10,14.694203,-17.029200
Series_10,14.705222,-16.978341
Series_10,14.716242,-16.978341
Series_10,14.727261,-16.946554
Series_10,14.738280,-16.935958
Series_10,14.749299,-16.879448
Series_10,14.760319,-16.851193
Series_10,14.771338,-16.830002
Series_10,14.782357,-16.803513
Series_10,14.793377,-16.777024
Series_10,14.804396,-16.745237
Series_10,14.815415,-16.664710
Series_10,14.826434,-16.647757
Series_10,14.837454,-16.630804
Series_10,14.848473,-16.596898
Series_10,14.859492,-16.582770
Series_10,14.870511,-16.503656
Series_10,14.881531,-16.469750
Series_10,14.892550,-16.433422
Series_10,14.903569,-16.413240
Series_10,14.914588,-16.384985
Series_10,14.925608,-16.321411
Series_10,14.936627,-16.289624
Series_10,14.947646,-16.257837
Series_10,14.958666,-16.187200
Series_10,14.969685,-16.162477
Series_10,14.980704,-16.151881
Series_10,14.991723,-16.151881
Series_10,15.002743,-16.116562
Series_10,15.013762,-16.035329
Series_10,15.024781,-16.045924
Series_10,15.035800,-15.992946
Series_10,15.046820,-15.939968
Series_10,15.057839,-15.908181
Series_10,15.068858,-15.876394
Series_10,15.079878,-15.855203
Series_10,15.090897,-15.844607
Series_10,15.101916,-15.834012
Series_10,15.112935,-15.770438
Series_10,15.123955,-15.791629
Series_10,15.134974,-15.749247
Series_10,15.145993,-15.728055
Series_10,15.157012,-15.664481
Series_10,15.168032,-15.622099
Series_10,15.179051,-15.600908
Series_10,15.190070,-15.596669
Series_10,15.201089,-15.537334
Series_10,15.212109,-15.505547
Series_10,15.223128,-15.505547
Series_10,15.234147,-15.452569
Series_10,15.245167,-15.431377
Series_10,15.256186,-15.388995
Series_10,15.267205,-15.339549
Series_10,15.278224,-15.325421
Series_10,15.289244,-15.304230
Series_10,15.300263,-15.283038
Series_10,15.311282,-15.261847
Series_10,15.322301,-15.240656
Series_10,15.333321,-15.181320
Series_10,15.344340,-15.189797
Series_10,15.355359,-15.155891
Series_10,15.366378,-15.113508
Series_10,15.377398,-15.071126
Series_10,15.388417,-15.028743
Series_10,15.399436,-14.996956
Series_10,15.410456,-15.007552
Series_10,15.421475,-14.943978
Series_10,15.432494,-14.893119
Series_10,15.443513,-14.880404
Series_10,15.454533,-14.808354
Series_10,15.465552,-14.816830
Series_10,15.476571,-14.816830
Series_10,15.487590,-14.774448
Series_10,15.498610,-14.732065
Series_10,15.509629,-14.749018
Series_10,15.520648,-14.710874
Series_10,15.531668,-14.626109
Series_10,15.542687,-14.583726
Series_10,15.553706,-14.583726
Series_10,15.564725,-14.514098
Series_10,15.575745,-14.456579
Series_10,15.586764,-14.456579
Series_10,15.597783,-14.414196
Series_10,15.608802,-14.329431
Series_10,15.619822,-14.329431
Series_10,15.630841,-14.287048
Series_10,15.641860,-14.244666
Series_10,15.652879,-14.202283
Series_10,15.663899,-14.202283
Series_10,15.674918,-14.181092
Series_10,15.685937,-14.159901
Series_10,15.696957,-14.138709
Series_10,15.707976,-14.117518
Series_10,15.718995,-14.064540
Series_10,15.730014,-14.045468
Series_10,15.741034,-14.011562
Series_10,15.752053,-13.947988
Series_10,15.763072,-13.947988
Series_10,15.774091,-13.918320
Series_10,15.785111,-13.884414
Series_10,15.796130,-13.884414
Series_10,15.807149,-13.820840
Series_10,15.818168,-13.778458
Series_10,15.829188,-13.778458
Series_10,15.840207,-13.736075
Series_10,15.851226,-13.736075
Series_10,15.862246,-13.672501
Series_10,15.873265,-13.630119
Series_10,15.884284,-13.608927
Series_10,15.895303,-13.587736
Series_10,15.906323,-13.545354
Series_10,15.917342,-13.481780
Series_10,15.928361,-13.460588
Series_10,15.939380,-13.439397
Series_10,15.950400,-13.439397
Series_10,15.961419,-13.418206
Series_10,15.972438,-13.397015
Series_10,15.983458,-13.333441
Series_10,15.994477,-13.312250
Series_10,16.005496,-13.312250
Series_10,16.016515,-13.312250
Series_10,16.027535,-13.269867
Series_10,16.038554,-13.236566
Series_10,16.049573,-13.180864
Series_10,16.060592,-13.163911
Series_10,16.071612,-13.142719
Series_10,16.082631,-13.100337
Series_10,16.093650,-13.079145
Series_10,16.104669,-13.079145
Series_10,16.115689,-13.026167
Series_10,16.126708,-12.994380
Series_10,16.137727,-12.994380
Series_10,16.148747,-12.909615
Series_10,16.159766,-12.909615
Series_10,16.170785,-12.888424
Series_10,16.181804,-12.867233
Series_10,16.192824,-12.846041
Series_10,16.203843,-12.803659
Series_10,16.214862,-12.761276
Series_10,16.225881,-12.761276
Series_10,16.236901,-12.718894
Series_10,16.247920,-12.676511
Series_10,16.258939,-12.676511
Series_10,16.269958,-12.676511
Series_10,16.280978,-12.570555
Series_10,16.291997,-12.528172
Series_10,16.303016,-12.485790
Series_10,16.314036,-12.506981
Series_10,16.325055,-12.464598
Series_10,16.336074,-12.422216
Series_10,16.347093,-12.401025
Series_10,16.358113,-12.307783
Series_10,16.369132,-12.273877
Series_10,16.380151,-12.231494
Series_10,16.391170,-12.252686
Series_10,16.402190,-12.172159
Series_10,16.413209,-12.157325
Series_10,16.424228,-12.146729
Series_10,16.435247,-12.125538
Series_10,16.446267,-12.090219
Series_10,16.457286,-12.083155
Series_10,16.468305,-12.040773
Series_10,16.479325,-11.998390
Series_10,16.490344,-11.998390
Series_10,16.501363,-11.977199
Series_10,16.512382,-11.899498
Series_10,16.523402,-11.886379
Series_10,16.534421,-11.883957
Series_10,16.545440,-11.850051
Series_10,16.556459,-11.807669
Series_10,16.567479,-11.765286
Series_10,16.578498,-11.722904
Series_10,16.589517,-11.722904
Series_10,16.600537,-11.701712
Series_10,16.611556,-11.616947
Series_10,16.622575,-11.595756
Series_10,16.633594,-11.595756
Series_10,16.644614,-11.553373
Series_10,16.655633,-11.553373
Series_10,16.666652,-11.510991
Series_10,16.677671,-11.489800
Series_10,16.688691,-11.468608
Series_10,16.699710,-11.426226
Series_10,16.710729,-11.426226
Series_10,16.721748,-11.383843
Series_10,16.732768,-11.362652
Series_10,16.743787,-11.306142
Series_10,16.754806,-11.256695
Series_10,16.765826,-11.256695
Series_10,16.776845,-11.214313
Series_10,16.787864,-11.214313
Series_10,16.798883,-11.171930
Series_10,16.809903,-11.129548
Series_10,16.820922,-11.104118
Series_10,16.831941,-11.099275
Series_10,16.842960,-11.104118
Series_10,16.853980,-11.044783
Series_10,16.864999,-10.960018
Series_10,16.876018,-10.960018
Series_10,16.887037,-10.938826
Series_10,16.898057,-10.883729
Series_10,16.909076,-10.875252
Series_10,16.920095,-10.832870
Series_10,16.931115,-10.832870
Series_10,16.942134,-10.811679
Series_10,16.953153,-10.755169
Series_10,16.964172,-10.684531
Series_10,16.975192,-10.705722
Series_10,16.986211,-10.684531
Series_10,16.997230,-10.620957
Series_10,17.008249,-10.599766
Series_10,17.019269,-10.599766
Series_10,17.030288,-10.557383
Series_10,17.041307,-10.536192
Series_10,17.052327,-10.505919
Series_10,17.063346,-10.451427
Series_10,17.074365,-10.409044
Series_10,17.085384,-10.345470
Series_10,17.096404,-10.303088
Series_10,17.107423,-10.303088
Series_10,17.118442,-10.239514
Series_10,17.129461,-10.239514
Series_10,17.140481,-10.218323
Series_10,17.151500,-10.188655
Series_10,17.162519,-10.133558
Series_10,17.173538,-10.112366
Series_10,17.184558,-10.112366
Series_10,17.195577,-10.069984
Series_10,17.206596,-10.069984
Series_10,17.217616,-9.985219
Series_10,17.228635,-9.985219
Series_10,17.239654,-9.942836
Series_10,17.250673,-9.921645
Series_10,17.261693,-9.907517
Series_10,17.272712,-9.858071
Series_10,17.283731,-9.836880
Series_10,17.294750,-9.836880
Series_10,17.305770,-9.766242
Series_10,17.316789,-9.709732
Series_10,17.327808,-9.688541
Series_10,17.338827,-9.667350
Series_10,17.349847,-9.646158
Series_10,17.360866,-9.624967
Series_10,17.371885,-9.586823
Series_10,17.382905,-9.582584
Series_10,17.393924,-9.552917
Series_10,17.404943,-9.519011
Series_10,17.415962,-9.519011
Series_10,17.426982,-9.423650
Series_10,17.438001,-9.425769
Series_10,17.449020,-9.377735
Series_10,17.460039,-9.328289
Series_10,17.471059,-9.322991
Series_10,17.482078,-9.264715
Series_10,17.493097,-9.264715
Series_10,17.504117,-9.243524
Series_10,17.515136,-9.243524
Series_10,17.526155,-9.158759
Series_10,17.537174,-9.137568
Series_10,17.548194,-9.116376
Series_10,17.559213,-9.095185
Series_10,17.570232,-9.073994
Series_10,17.581251,-9.031611
Series_10,17.592271,-8.982165
Series_10,17.603290,-8.989229
Series_10,17.614309,-9.010420
Series_10,17.625328,-8.925655
Series_10,17.636348,-8.904464
Series_10,17.647367,-8.883272
Series_10,17.658386,-8.819698
Series_10,17.669406,-8.819698
Series_10,17.680425,-8.798507
Series_10,17.691444,-8.703146
Series_10,17.702463,-8.685487
Series_10,17.713483,-8.662883
Series_10,17.724502,-8.593658
Series_10,17.735521,-8.580540
Series_10,17.746540,-8.523021
Series_10,17.757560,-8.501829
Series_10,17.768579,-8.480638
Series_10,17.779598,-8.400111
Series_10,17.790617,-8.374682
Series_10,17.801637,-8.332299
Series_10,17.812656,-8.332299
Series_10,17.823675,-8.289916
Series_10,17.834695,-8.258130
Series_10,17.845714,-8.247534
Series_10,17.856733,-8.226343
Series_10,17.867752,-8.141577
Series_10,17.878772,-8.162769
Series_10,17.889791,-8.162769
Series_10,17.900810,-8.183960
Series_10,17.911829,-8.153233
Series_10,17.922849,-8.122505
Series_10,17.933868,-8.091778
