x1,y1,x2,y2,x3,y3,x4,y4,x5,y5,x6,y6,x7,y7
-0.093113,0.984755,-0.093113,0.985516,-0.093113,0.985453,-0.093113,0.961402,-0.093113,-3.446954,-0.093113,1.006033,-0.093113,0.982193
-0.092323,0.981550,-0.092323,0.944970,-0.092323,0.944926,-0.092323,0.957600,-0.092323,-3.597673,-0.092323,0.993677,-0.092323,0.979593
-0.091532,0.923777,-0.091532,0.896069,-0.091532,0.896070,-0.091532,0.954213,-0.091532,-3.520713,-0.091532,0.980322,-0.091532,0.976610
-0.090742,0.866994,-0.090742,0.863233,-0.090742,0.863353,-0.090742,0.955620,-0.090742,-3.443750,-0.090742,0.965567,-0.090742,0.973819
-0.089952,0.821836,-0.089952,0.855249,-0.089952,0.855610,-0.089952,0.963186,-0.089952,-3.366783,-0.089952,0.947198,-0.089952,0.970079
-0.089162,0.843382,-0.089162,0.889176,-0.089162,0.889894,-0.089162,0.976438,-0.089162,-3.289810,-0.089162,0.922043,-0.089162,0.963078
-0.088372,0.945886,-0.088372,0.960785,-0.088372,0.961852,-0.088372,0.986995,-0.088372,-3.212825,-0.088372,0.884233,-0.088372,0.947323
-0.087581,1.057745,-0.087581,1.032646,-0.087581,1.033766,-0.087581,0.977797,-0.087581,-3.135825,-0.087581,0.825232,-0.087581,0.914282
-0.086791,1.116997,-0.086791,1.061834,-0.086791,1.061931,-0.086791,0.929208,-0.086791,-3.058806,-0.086791,0.737767,-0.086791,0.855464
-0.086001,1.015630,-0.086001,1.010304,-0.086001,1.007006,-0.086001,0.825980,-0.086001,-2.981761,-0.086001,0.618892,-0.086001,0.765166
-0.085211,0.781413,-0.085211,0.883956,-0.085211,0.873667,-0.085211,0.665655,-0.085211,-2.904684,-0.085211,0.470189,-0.085211,0.643047
-0.084421,0.747299,-0.084421,0.735637,-0.084421,0.714947,-0.084421,0.459568,-0.084421,-2.827568,-0.084421,0.296538,-0.084421,0.494169
-0.083630,0.747707,-0.083630,0.522106,-0.083630,0.488724,-0.083630,0.214996,-0.083630,-2.750406,-0.083630,0.105969,-0.083630,0.322611
-0.082840,0.450046,-0.082840,0.180945,-0.082840,0.143149,-0.082840,-0.048046,-0.082840,-2.673188,-0.082840,-0.089021,-0.082840,0.136820
-0.082050,-0.236189,-0.082050,-0.248692,-0.082050,-0.276295,-0.082050,-0.305756,-0.082050,-2.595905,-0.082050,-0.275938,-0.082050,-0.051481
-0.081260,-0.828761,-0.081260,-0.640392,-0.081260,-0.657396,-0.081260,-0.533669,-0.081260,-2.518548,-0.081260,-0.442281,-0.081260,-0.227351
-0.080469,-1.013344,-0.080469,-0.886701,-0.080469,-0.894203,-0.080469,-0.706235,-0.080469,-2.441105,-0.080469,-0.575916,-0.080469,-0.380748
-0.079679,-1.018975,-0.079679,-0.982086,-0.079679,-0.983909,-0.079679,-0.809490,-0.079679,-2.363567,-0.079679,-0.668102,-0.079679,-0.501626
-0.078889,-0.965652,-0.078889,-0.962755,-0.078889,-0.962175,-0.078889,-0.842452,-0.078889,-2.285919,-0.078889,-0.715942,-0.078889,-0.583079
-0.078099,-0.860208,-0.078099,-0.865346,-0.078099,-0.864247,-0.078099,-0.814649,-0.078099,-2.208151,-0.078099,-0.722122,-0.078099,-0.623288
-0.077309,-0.687114,-0.077309,-0.724563,-0.077309,-0.723705,-0.077309,-0.743100,-0.077309,-2.130247,-0.077309,-0.694245,-0.077309,-0.626174
-0.076518,-0.535354,-0.076518,-0.588090,-0.076518,-0.587612,-0.076518,-0.650053,-0.076518,-2.052195,-0.076518,-0.643750,-0.076518,-0.600977
-0.075728,-0.503007,-0.075728,-0.487626,-0.075728,-0.487442,-0.075728,-0.555322,-0.075728,-1.973978,-0.075728,-0.581965,-0.075728,-0.558585
-0.074938,-0.411828,-0.074938,-0.393332,-0.074938,-0.393306,-0.074938,-0.466731,-0.074938,-1.895583,-0.074938,-0.515759,-0.074938,-0.506188
-0.074148,-0.285517,-0.074148,-0.311713,-0.074148,-0.311744,-0.074148,-0.392957,-0.074148,-1.816991,-0.074148,-0.451636,-0.074148,-0.451220
-0.073358,-0.240669,-0.073358,-0.271344,-0.073358,-0.271376,-0.073358,-0.340949,-0.073358,-1.738187,-0.073358,-0.394189,-0.073358,-0.399446
-0.072567,-0.261700,-0.072567,-0.270120,-0.072567,-0.270132,-0.072567,-0.308537,-0.072567,-1.659152,-0.072567,-0.343541,-0.072567,-0.352172
-0.071777,-0.294164,-0.071777,-0.286124,-0.071777,-0.286113,-0.071777,-0.286227,-0.071777,-1.579868,-0.071777,-0.295898,-0.071777,-0.306688
-0.070987,-0.302282,-0.070987,-0.296422,-0.070987,-0.296398,-0.070987,-0.261870,-0.070987,-1.500316,-0.070987,-0.245605,-0.070987,-0.258219
-0.070197,-0.296802,-0.070197,-0.288110,-0.070197,-0.288101,-0.070197,-0.224786,-0.070197,-1.420476,-0.070197,-0.187350,-0.070197,-0.202092
-0.069407,-0.266570,-0.069407,-0.247413,-0.069407,-0.247472,-0.069407,-0.166189,-0.069407,-1.340328,-0.069407,-0.116908,-0.069407,-0.134438
-0.068616,-0.175085,-0.068616,-0.160312,-0.068616,-0.160525,-0.068616,-0.080928,-0.068616,-1.259850,-0.068616,-0.032229,-0.068616,-0.053252
-0.067826,-0.072207,-0.067826,-0.032983,-0.067826,-0.033445,-0.067826,0.029106,-0.067826,-1.179020,-0.067826,0.065195,-0.067826,0.040270
-0.067036,0.082446,-0.067036,0.135083,-0.067036,0.134361,-0.067036,0.157856,-0.067036,-1.097816,-0.067036,0.171151,-0.067036,0.142711
-0.066246,0.395980,-0.066246,0.336007,-0.066246,0.335308,-0.066246,0.293895,-0.066246,-1.016214,-0.066246,0.278521,-0.066246,0.248365
-0.065456,0.545071,-0.065456,0.481678,-0.065456,0.481256,-0.065456,0.412858,-0.065456,-0.934190,-0.065456,0.375100,-0.065456,0.347015
-0.064665,0.582182,-0.064665,0.559819,-0.064665,0.559668,-0.064665,0.502723,-0.064665,-0.851719,-0.064665,0.453625,-0.064665,0.433948
-0.063875,0.592391,-0.063875,0.591731,-0.063875,0.591726,-0.063875,0.560320,-0.063875,-0.768777,-0.063875,0.510713,-0.063875,0.508952
-0.063085,0.617806,-0.063085,0.602783,-0.063085,0.602746,-0.063085,0.586871,-0.063085,-0.685335,-0.063085,0.545813,-0.063085,0.575124
-0.062295,0.613063,-0.062295,0.605811,-0.062295,0.605518,-0.062295,0.583891,-0.062295,-0.695967,-0.062295,0.559761,-0.062295,0.636998
-0.061505,0.582139,-0.061505,0.627835,-0.061505,0.627025,-0.061505,0.556035,-0.061505,-0.710552,-0.061505,0.555604,-0.061505,0.700601
-0.060714,0.523628,-0.060714,0.698446,-0.060714,0.696966,-0.060714,0.509822,-0.060714,-0.756381,-0.060714,0.537720,-0.060714,0.771291
-0.059924,0.688753,-0.059924,0.863713,-0.059924,0.861879,-0.059924,0.458770,-0.059924,-0.737967,-0.059924,0.513168,-0.059924,0.853458
-0.059134,1.096688,-0.059134,1.078304,-0.059134,1.076952,-0.059134,0.412093,-0.059134,-0.750739,-0.059134,0.486671,-0.059134,0.944605
-0.058344,1.338073,-0.058344,1.245282,-0.058344,1.244538,-0.058344,0.369491,-0.058344,-0.762847,-0.058344,0.458326,-0.058344,1.035665
-0.057554,1.367996,-0.057554,1.326013,-0.057554,1.325732,-0.057554,0.330670,-0.057554,-0.774261,-0.057554,0.428278,-0.057554,1.120678
-0.056763,1.347413,-0.056763,1.347676,-0.056763,1.347639,-0.056763,0.295341,-0.056763,-0.784949,-0.056763,0.396671,-0.056763,1.195556
-0.055973,1.323384,-0.055973,1.340140,-0.055973,1.340191,-0.055973,0.263217,-0.055973,-0.794878,-0.055973,0.363652,-0.055973,1.258593
-0.055183,1.308109,-0.055183,1.328039,-0.055183,1.328098,-0.055183,0.234019,-0.055183,-0.804017,-0.055183,0.329370,-0.055183,1.310052
-0.054393,1.305250,-0.054393,1.326984,-0.054393,1.327025,-0.054393,0.207472,-0.054393,-0.812330,-0.054393,0.293976,-0.054393,1.351257
-0.053603,1.340497,-0.053603,1.346578,-0.053603,1.346597,-0.053603,0.183304,-0.053603,-0.819784,-0.053603,0.257622,-0.053603,1.383628
-0.052812,1.386241,-0.052812,1.378599,-0.052812,1.378602,-0.052812,0.161250,-0.052812,-0.826343,-0.052812,0.220463,-0.052812,1.407250
-0.052022,1.420170,-0.052022,1.412786,-0.052022,1.412777,-0.052022,0.141049,-0.052022,-0.831972,-0.052022,0.182654,-0.052022,1.421402
-0.051232,1.445031,-0.051232,1.446096,-0.051232,1.446074,-0.051232,0.122443,-0.051232,-0.836635,-0.051232,0.144354,-0.051232,1.425137
-0.050442,1.478616,-0.050442,1.481119,-0.050442,1.481087,-0.050442,0.105182,-0.050442,-0.840293,-0.050442,0.105723,-0.050442,1.417565
-0.049651,1.516951,-0.049651,1.516757,-0.049651,1.516729,-0.049651,0.089019,-0.049651,-0.842910,-0.049651,0.066921,-0.049651,1.397968
-0.048861,1.554803,-0.048861,1.550567,-0.048861,1.550581,-0.048861,0.073711,-0.048861,-0.844446,-0.048861,0.028113,-0.048861,1.366150
-0.048071,1.584523,-0.048071,1.579839,-0.048071,1.579973,-0.048071,0.059021,-0.048071,-0.844862,-0.048071,-0.010537,-0.048071,1.322593
-0.047281,1.610313,-0.047281,1.605569,-0.047281,1.605933,-0.047281,0.044717,-0.047281,-0.844119,-0.047281,-0.048860,-0.047281,1.268226
-0.046491,1.633196,-0.046491,1.630459,-0.046491,1.631136,-0.046491,0.030571,-0.046491,-0.842175,-0.046491,-0.086689,-0.046491,1.204116
-0.045700,1.645833,-0.045700,1.658189,-0.045700,1.659061,-0.045700,0.016361,-0.045700,-0.838990,-0.045700,-0.123853,-0.045700,1.131333
-0.044910,1.671230,-0.044910,1.698160,-0.044910,1.698599,-0.044910,0.001867,-0.044910,-0.834521,-0.044910,-0.160178,-0.044910,1.050947
-0.044120,1.719091,-0.044120,1.752106,-0.044120,1.750565,-0.044120,-0.013123,-0.044120,-0.828724,-0.044120,-0.195490,-0.044120,0.964031
-0.043330,1.870904,-0.043330,1.819809,-0.043330,1.813622,-0.043330,-0.028819,-0.043330,-0.821558,-0.043330,-0.229614,-0.043330,0.871660
-0.042540,2.176455,-0.042540,1.881085,-0.042540,1.867179,-0.042540,-0.045423,-0.042540,-0.812977,-0.042540,-0.262371,-0.042540,0.774911
-0.041749,2.369324,-0.041749,1.891953,-0.041749,1.869735,-0.041749,-0.063136,-0.041749,-0.802937,-0.041749,-0.293580,-0.041749,0.674861
-0.040959,2.353968,-0.040959,1.853720,-0.040959,1.824075,-0.040959,-0.082151,-0.040959,-0.791392,-0.040959,-0.323062,-0.040959,0.572591
-0.040169,2.357390,-0.040169,1.767728,-0.040169,1.733014,-0.040169,-0.102657,-0.040169,-0.778295,-0.040169,-0.350631,-0.040169,0.469184
-0.039379,2.390977,-0.039379,1.641043,-0.039379,1.603433,-0.039379,-0.124840,-0.039379,-0.763600,-0.039379,-0.376102,-0.039379,0.365722
-0.038589,2.413501,-0.038589,1.480761,-0.038589,1.442241,-0.038589,-0.148880,-0.038589,-0.747260,-0.038589,-0.399288,-0.038589,0.263292
-0.037798,2.213960,-0.037798,1.294015,-0.037798,1.256384,-0.037798,-0.174951,-0.037798,-0.729224,-0.037798,-0.420001,-0.037798,0.162980
-0.037008,1.797581,-0.037008,1.087966,-0.037008,1.052837,-0.037008,-0.203225,-0.037008,-0.709445,-0.037008,-0.438048,-0.037008,0.065877
-0.036218,1.330150,-0.036218,0.869810,-0.036218,0.838609,-0.036218,-0.233866,-0.036218,-0.687873,-0.036218,-0.453238,-0.036218,-0.026927
-0.035428,0.852096,-0.035428,0.646774,-0.035428,0.620741,-0.035428,-0.267035,-0.035428,-0.664456,-0.035428,-0.465376,-0.035428,-0.114338
-0.034638,0.472768,-0.034638,0.426121,-0.034638,0.406307,-0.034638,-0.302890,-0.034638,-0.639145,-0.034638,-0.474265,-0.034638,-0.195262
-0.033847,0.301735,-0.033847,0.215141,-0.033847,0.202413,-0.033847,-0.341580,-0.033847,-0.611886,-0.033847,-0.479707,-0.033847,-0.268602
-0.033057,0.016145,-0.033057,-0.024904,-0.033057,-0.031705,-0.033057,-0.380418,-0.033057,-0.582628,-0.033057,-0.481502,-0.033057,-0.331860
-0.032267,-0.274569,-0.032267,-0.250042,-0.032267,-0.252535,-0.032267,-0.416712,-0.032267,-0.551316,-0.032267,-0.479448,-0.032267,-0.382534
-0.031477,-0.460752,-0.031477,-0.416264,-0.031477,-0.416536,-0.031477,-0.447765,-0.031477,-0.517897,-0.031477,-0.473342,-0.031477,-0.418121
-0.030687,-0.520216,-0.030687,-0.503630,-0.030687,-0.503128,-0.030687,-0.463542,-0.030687,-0.480817,-0.030687,-0.458866,-0.030687,-0.434139
-0.029896,-0.514752,-0.029896,-0.524609,-0.029896,-0.524053,-0.029896,-0.456697,-0.029896,-0.438231,-0.029896,-0.432071,-0.029896,-0.427898
-0.029106,-0.486663,-0.029106,-0.496504,-0.029106,-0.496121,-0.029106,-0.423296,-0.029106,-0.388624,-0.029106,-0.390430,-0.029106,-0.398760
-0.028316,-0.455420,-0.028316,-0.428702,-0.028316,-0.428480,-0.028316,-0.362835,-0.028316,-0.331175,-0.028316,-0.333344,-0.028316,-0.348119
-0.027526,-0.374034,-0.027526,-0.316294,-0.027526,-0.316165,-0.027526,-0.277673,-0.027526,-0.265826,-0.027526,-0.262139,-0.027526,-0.279085
-0.026736,-0.111334,-0.026736,-0.154390,-0.026736,-0.154324,-0.026736,-0.174583,-0.026736,-0.193481,-0.026736,-0.180545,-0.026736,-0.196811
-0.025945,0.018174,-0.025945,-0.021100,-0.025945,-0.021082,-0.025945,-0.073650,-0.025945,-0.117136,-0.025945,-0.097557,-0.025945,-0.111485
-0.025155,0.073146,-0.025155,0.075634,-0.025155,0.075614,-0.025155,0.016296,-0.025155,-0.038104,-0.025155,-0.017771,-0.025155,-0.028693
-0.024365,0.163885,-0.024365,0.153396,-0.024365,0.153338,-0.024365,0.093492,-0.024365,0.043679,-0.024365,0.057444,-0.024365,0.049521
-0.023575,0.224050,-0.023575,0.202734,-0.023575,0.202638,-0.023575,0.156199,-0.023575,0.128816,-0.023575,0.127617,-0.023575,0.122290
-0.022784,0.229826,-0.022784,0.225289,-0.022784,0.225178,-0.022784,0.208244,-0.022784,0.219166,-0.022784,0.195242,-0.022784,0.191899
-0.021994,0.243796,-0.021994,0.245118,-0.021994,0.245086,-0.021994,0.259730,-0.021994,0.317753,-0.021994,0.265864,-0.021994,0.263807
-0.021204,0.255721,-0.021204,0.277687,-0.021204,0.277943,-0.021204,0.320660,-0.021204,0.427477,-0.021204,0.345332,-0.021204,0.343862
-0.020414,0.291133,-0.020414,0.343097,-0.020414,0.343985,-0.020414,0.400720,-0.020414,0.550629,-0.020414,0.439211,-0.020414,0.437685
-0.019624,0.471152,-0.019624,0.465331,-0.019624,0.467210,-0.019624,0.507249,-0.019624,0.688401,-0.019624,0.551541,-0.019624,0.549407
-0.018833,0.714031,-0.018833,0.616669,-0.018833,0.619560,-0.018833,0.637697,-0.018833,0.840060,-0.018833,0.681928,-0.018833,0.678737
-0.018043,0.753789,-0.018043,0.744955,-0.018043,0.747710,-0.018043,0.783253,-0.018043,1.003002,-0.018043,0.826615,-0.018043,0.822057
-0.017253,0.766129,-0.017253,0.889092,-0.017253,0.889499,-0.017253,0.947968,-0.017253,1.174888,-0.017253,0.986137,-0.017253,0.980075
-0.016463,1.035064,-0.016463,1.107912,-0.016463,1.101474,-0.016463,1.136226,-0.016463,1.351727,-0.016463,1.160033,-0.016463,1.152620
-0.015673,1.737698,-0.015673,1.394422,-0.015673,1.374892,-0.015673,1.340841,-0.015673,1.528055,-0.015673,1.342999,-0.015673,1.334683
-0.014882,2.494303,-0.014882,1.652306,-0.014882,1.612397,-0.014882,1.540819,-0.014882,1.697612,-0.014882,1.524564,-0.014882,1.515959
-0.014092,3.268247,-0.014092,1.898055,-0.014092,1.817047,-0.014092,1.726994,-0.014092,1.856539,-0.014092,1.698993,-0.014092,1.690545
-0.013302,4.023117,-0.013302,2.149910,-0.013302,2.012234,-0.013302,1.897786,-0.013302,2.000576,-0.013302,1.863845,-0.013302,1.855997
-0.012512,4.722722,-0.012512,2.399389,-0.012512,2.135279,-0.012512,2.038454,-0.012512,2.123804,-0.012512,2.011963,-0.012512,2.005159
-0.011722,5.331092,-0.011722,2.658517,-0.011722,2.201810,-0.011722,2.149056,-0.011722,2.222121,-0.011722,2.142131,-0.011722,2.136652
-0.010931,5.812475,-0.010931,2.911016,-0.010931,2.229449,-0.010931,2.236348,-0.010931,2.291580,-0.010931,2.256334,-0.010931,2.252419
-0.010141,6.131341,-0.010141,3.137446,-0.010141,2.276328,-0.010141,2.316205,-0.010141,2.328931,-0.010141,2.360236,-0.010141,2.358142
-0.009351,6.252379,-0.009351,3.318399,-0.009351,2.332643,-0.009351,2.394354,-0.009351,2.329279,-0.009351,2.455364,-0.009351,2.455320
-0.008561,6.140499,-0.008561,3.434500,-0.008561,2.412853,-0.008561,2.477409,-0.008561,2.287735,-0.008561,2.542444,-0.008561,2.544696
-0.007771,5.760830,-0.007771,3.466406,-0.007771,2.500279,-0.007771,2.563737,-0.007771,2.198809,-0.007771,2.618019,-0.007771,2.622695
-0.006980,5.078720,-0.006980,3.394806,-0.006980,2.583917,-0.006980,2.648184,-0.006980,2.058374,-0.006980,2.675949,-0.006980,2.682788
-0.006190,4.059738,-0.006190,3.200422,-0.006190,2.659528,-0.006190,2.722976,-0.006190,1.865009,-0.006190,2.707780,-0.006190,2.715992
-0.005400,2.669674,-0.005400,2.864008,-0.005400,2.724465,-0.005400,2.776254,-0.005400,1.620055,-0.005400,2.702852,-0.005400,2.710935
-0.004610,0.874537,-0.004610,2.361932,-0.004610,2.779239,-0.004610,2.792353,-0.004610,1.325442,-0.004610,2.649438,-0.004610,2.654967
-0.003820,-1.156964,-0.003820,1.624179,-0.003820,2.829041,-0.003820,2.752788,-0.003820,0.983099,-0.003820,2.536639,-0.003820,2.536057
-0.003029,-3.255896,-0.003029,0.701983,-0.003029,2.844252,-0.003029,2.633153,-0.003029,0.594958,-0.003029,2.354937,-0.003029,2.343418
-0.002239,-5.253106,-0.002239,-0.353392,-0.002239,2.766994,-0.002239,2.410005,-0.002239,0.162951,-0.002239,2.099730,-0.002239,2.071812
-0.001449,-6.979217,-0.001449,-1.490650,-0.001449,2.588189,-0.001449,2.074756,-0.001449,-0.310991,-0.001449,1.771356,-0.001449,1.723315
-0.000659,-8.439303,-0.000659,-2.743522,-0.000659,2.299922,-0.000659,1.631892,-0.000659,-0.825348,-0.000659,1.370157,-0.000659,1.301544
0.000131,-9.750476,0.000131,-4.084210,0.000131,1.894308,0.000131,1.085904,0.000131,-1.378601,0.000131,0.896599,0.000131,0.813505
0.000922,-10.946771,0.000922,-5.484883,0.000922,1.363495,0.000922,0.441288,0.000922,-1.966747,0.000922,0.353389,0.000922,0.266208
0.001712,-12.233418,0.001712,-6.917676,0.001712,0.699664,0.001712,-0.297455,0.001712,-2.583682,0.001712,-0.256684,0.001712,-0.333335
0.002502,-13.731319,0.002502,-8.354694,0.002502,-0.104971,0.002502,-1.125820,0.002502,-3.223299,0.002502,-0.927246,0.002502,-0.978113
0.003292,-15.311412,0.003292,-9.768007,0.003292,-1.058166,0.003292,-2.023324,0.003292,-3.879492,0.003292,-1.647316,0.003292,-1.661110
0.004083,-16.917293,0.004083,-11.129651,0.004083,-2.120189,0.004083,-2.962971,0.004083,-4.546155,0.004083,-2.404786,0.004083,-2.373558
0.004873,-18.590848,0.004873,-12.411632,0.004873,-3.223926,0.004873,-3.922227,0.004873,-5.217594,0.004873,-3.186415,0.004873,-3.105351
0.005663,-20.374492,0.005663,-13.585921,0.005663,-4.326958,0.005663,-4.878052,0.005663,-5.888964,0.005663,-3.980291,0.005663,-3.846316
0.006453,-22.364406,0.006453,-14.624455,0.006453,-5.386899,0.006453,-5.812758,0.006453,-6.555162,0.006453,-4.775855,0.006453,-4.586277
0.007243,-24.438701,0.007243,-15.499142,0.007243,-6.385808,0.007243,-6.709264,0.007243,-7.210908,0.007243,-5.565633,0.007243,-5.315668
0.008034,-26.548016,0.008034,-16.181851,0.008034,-7.305706,0.008034,-7.557532,0.008034,-7.850790,0.008034,-6.342152,0.008034,-6.024918
0.008824,-28.642762,0.008824,-16.633983,0.008824,-8.161233,0.008824,-8.356408,0.008824,-8.468712,0.008824,-7.097937,0.008824,-6.704458
0.009614,-30.558945,0.009614,-16.816904,0.009614,-8.967555,0.009614,-9.104274,0.009614,-9.058233,0.009614,-7.825509,0.009614,-7.344714
0.010404,-32.038595,0.010404,-16.764439,0.010404,-9.753402,0.010404,-9.795666,0.010404,-9.613223,0.010404,-8.518285,0.010404,-7.936301
0.011194,-32.946459,0.011194,-16.510377,0.011194,-10.515287,0.011194,-10.419053,0.011194,-10.126775,0.011194,-9.167667,0.011194,-8.475203
0.011985,-33.078291,0.011985,-16.088476,0.011985,-11.285249,0.011985,-10.967935,0.011985,-10.593413,0.011985,-9.765053,0.011985,-8.957405
0.012775,-32.525931,0.012775,-15.532461,0.012775,-12.117429,0.012775,-11.444894,0.012775,-11.009847,0.012775,-10.301841,0.012775,-9.378889
0.013565,-31.372780,0.013565,-14.876021,0.013565,-12.991714,0.013565,-11.844553,0.013565,-11.374075,0.013565,-10.770675,0.013565,-9.735636
0.014355,-29.649332,0.014355,-14.152814,0.014355,-13.878397,0.014355,-12.170182,0.014355,-11.684464,0.014355,-11.164198,0.014355,-10.023622
0.015145,-27.184751,0.015145,-13.396465,0.015145,-14.747736,0.015145,-12.425049,0.015145,-11.939380,0.015145,-11.475052,0.015145,-10.238827
0.015936,-23.890093,0.015936,-12.595615,0.015936,-15.569825,0.015936,-12.612416,0.015936,-12.137190,0.015936,-11.695876,0.015936,-10.377222
0.016726,-19.834428,0.016726,-11.738876,0.016726,-16.314722,0.016726,-12.735539,0.016726,-12.276260,0.016726,-11.819308,0.016726,-10.434783
0.017516,-15.266616,0.017516,-10.814822,0.017516,-16.952454,0.017516,-12.797671,0.017516,-12.354954,0.017516,-11.837983,0.017516,-10.407479
0.018306,-10.730461,0.018306,-9.811997,0.018306,-17.453014,0.018306,-12.802060,0.018306,-12.371637,0.018306,-11.744536,0.018306,-10.291281
0.019096,-6.769537,0.019096,-8.718911,0.019096,-17.786362,0.019096,-12.751947,0.019096,-12.324673,0.019096,-11.531598,0.019096,-10.082154
0.019887,-3.333113,0.019887,-7.524042,0.019887,-17.922423,0.019887,-12.641336,0.019887,-12.214787,0.019887,-11.196163,0.019887,-9.778085
0.020677,-0.370233,0.020677,-6.223166,0.020677,-17.831090,0.020677,-12.471143,0.020677,-12.043344,0.020677,-10.741298,0.020677,-9.388206
0.021467,2.292654,0.021467,-4.812025,0.021467,-17.560926,0.021467,-12.242279,0.021467,-11.811710,0.021467,-10.173845,0.021467,-8.923775
0.022257,4.746628,0.022257,-3.286331,0.022257,-17.122893,0.022257,-11.956778,0.022257,-11.521277,0.022257,-9.505918,0.022257,-8.396046
0.023047,7.082989,0.023047,-1.641761,0.023047,-16.570907,0.023047,-11.616673,0.023047,-11.173434,0.023047,-8.749930,0.023047,-7.816271
0.023838,9.393259,0.023838,0.126041,0.023838,-15.972752,0.023838,-11.224000,0.023838,-10.769579,0.023838,-7.917736,0.023838,-7.195702
0.024628,11.841393,0.024628,2.021462,0.024628,-15.337253,0.024628,-10.780791,0.024628,-10.311108,0.024628,-7.021721,0.024628,-6.539998
0.025418,14.543363,0.025418,4.048923,0.025418,-14.610515,0.025418,-10.289074,0.025418,-9.799416,0.025418,-6.074268,0.025418,-5.852525
0.026208,17.550705,0.026208,6.239051,0.026208,-13.780563,0.026208,-9.750871,0.026208,-9.235898,0.026208,-5.085219,0.026208,-4.685408
0.026998,20.853882,0.026998,8.609074,0.026998,-12.881086,0.026998,-9.168200,0.026998,-8.621949,0.026998,-4.064412,0.026998,-3.212043
0.027789,24.297565,0.027789,11.112378,0.027789,-11.918303,0.027789,-8.543073,0.027789,-7.958961,0.027789,-3.019555,0.027789,-1.747729
0.028579,27.833885,0.028579,13.727383,0.028579,-10.891322,0.028579,-7.877498,0.028579,-7.248328,0.028579,-1.955619,0.028579,-0.318586
0.029369,31.271528,0.029369,16.445952,0.029369,-9.834218,0.029369,-7.173478,0.029369,-6.491440,0.029369,-0.874607,0.029369,1.049268
0.030159,34.603989,0.030159,19.259979,0.030159,-8.739828,0.030159,-6.433012,0.030159,-5.689690,0.030159,0.221483,0.030159,2.332159
0.030950,37.931106,0.030950,22.161390,0.030950,-7.601313,0.030950,-5.658093,0.030950,-4.102219,0.030950,1.330652,0.030950,3.506417
0.031740,41.229255,0.031740,25.140801,0.031740,-6.446450,0.031740,-4.852471,0.031740,-3.173220,0.031740,2.450905,0.031740,4.576154
0.032530,44.523940,0.032530,28.188860,0.032530,-5.293398,0.032530,-2.776847,0.032530,-2.788355,0.032530,3.731845,0.032530,5.545486
0.033320,47.860268,0.033320,31.296245,0.033320,-4.153841,0.033320,-2.117311,0.033320,-2.066734,0.033320,4.716689,0.033320,6.446552
0.034110,51.287730,0.034110,34.453665,0.034110,-3.059471,0.034110,-1.668356,0.034110,-1.066354,0.034110,5.858238,0.034110,7.270664
0.034901,54.812084,0.034901,37.651863,0.034901,-2.024332,0.034901,-1.231120,0.034901,-0.031777,0.034901,7.002905,0.034901,7.967237
0.035691,58.233679,0.035691,40.881609,0.035691,-1.034294,0.035691,-0.635506,0.035691,1.035568,0.035691,8.148706,0.035691,8.545151
0.036481,61.531423,0.036481,44.133707,0.036481,-0.096115,0.036481,0.190137,0.036481,2.134256,0.036481,9.293654,0.036481,9.030218
0.037271,64.707817,0.037271,47.398989,0.037271,0.800810,0.037271,0.995893,0.037271,3.262807,0.037271,10.435766,0.037271,9.483636
0.038061,67.774273,0.038061,50.668321,0.038061,1.683124,0.038061,1.799829,0.038061,4.419321,0.038061,11.573062,0.038061,9.865505
0.038852,70.885418,0.038852,53.932596,0.038852,2.585728,0.038852,2.627587,0.038852,5.601896,0.038852,12.703562,0.038852,10.179954
0.039642,73.967230,0.039642,57.185130,0.039642,3.513188,0.039642,3.497247,0.039642,6.808633,0.039642,13.825288,0.039642,10.462979
0.040432,76.877869,0.040432,60.389543,0.040432,4.469524,0.040432,4.419368,0.040432,8.037632,0.040432,14.936265,0.040432,10.623124
0.041222,79.661421,0.041222,63.520476,0.041222,5.504598,0.041222,5.410198,0.041222,9.286993,0.041222,16.034519,0.041222,10.760111
0.042012,82.404691,0.042012,66.547909,0.042012,6.635956,0.042012,6.480720,0.042012,10.554819,0.042012,17.118076,0.042012,10.846215
0.042803,85.132569,0.042803,69.435270,0.042803,7.855453,0.042803,7.638109,0.042803,11.839213,0.042803,18.184968,0.042803,10.885575
0.043593,87.888936,0.043593,72.161901,0.043593,9.130513,0.043593,8.882680,0.043593,13.138278,0.043593,19.233225,0.043593,11.010816
0.044383,90.704610,0.044383,74.716325,0.044383,10.407455,0.044383,10.209294,0.044383,14.450117,0.044383,20.260880,0.044383,11.455409
0.045173,93.606673,0.045173,77.100794,0.045173,11.674400,0.045173,11.614364,0.045173,15.772835,0.045173,21.265968,0.045173,11.848191
0.045963,96.612662,0.045963,79.358771,0.045963,12.989482,0.045963,13.095344,0.045963,17.104538,0.045963,22.246526,0.045963,12.189104
0.046754,99.541645,0.046754,81.536232,0.046754,14.451769,0.046754,14.655523,0.046754,18.443331,0.046754,23.200593,0.046754,12.479628
0.047544,102.294269,0.047544,83.647736,0.047544,16.085120,0.047544,16.291429,0.047544,19.787321,0.047544,24.126208,0.047544,12.727207
0.048334,104.845273,0.048334,85.700611,0.048334,17.924663,0.048334,17.993391,0.048334,21.134617,0.048334,25.021413,0.048334,12.939285
0.049124,107.317407,0.049124,87.708938,0.049124,19.954323,0.049124,19.742084,0.049124,22.483324,0.049124,25.884253,0.049124,13.123310
0.049914,109.793689,0.049914,89.659849,0.049914,22.121794,0.049914,21.516062,0.049914,23.831553,0.049914,26.712773,0.049914,13.286730
0.050705,112.095325,0.050705,91.572277,0.050705,24.311304,0.050705,23.290659,0.050705,25.176538,0.050705,27.505020,0.050705,13.436995
0.051495,114.299862,0.051495,93.484882,0.051495,26.418709,0.051495,25.046397,0.051495,26.516176,0.051495,28.256245,0.051495,13.581559
0.052285,116.516420,0.052285,95.422409,0.052285,28.362667,0.052285,26.770399,0.052285,27.848905,0.052285,28.961702,0.052285,13.727876
0.053075,118.722325,0.053075,97.368522,0.053075,30.082035,0.053075,28.453767,0.053075,29.172760,0.053075,29.616644,0.053075,13.883401
0.053865,120.929051,0.053865,99.347159,0.053865,31.562757,0.053865,30.087605,0.053865,30.485829,0.053865,30.220515,0.053865,14.053191
0.054656,123.206422,0.054656,101.367403,0.054656,32.880838,0.054656,31.663022,0.054656,31.786201,0.054656,30.772762,0.054656,14.242305
0.055446,125.457209,0.055446,103.396003,0.055446,34.100788,0.055446,33.181655,0.055446,33.072483,0.055446,31.277780,0.055446,14.455804
0.056236,127.664267,0.056236,105.419290,0.056236,35.247079,0.056236,34.651176,0.056236,34.343939,0.056236,31.739965,0.056236,14.698751
0.057026,130.032988,0.057026,107.453661,0.057026,36.458496,0.057026,36.079508,0.057026,35.599830,0.057026,32.163713,0.057026,14.968482
0.057817,132.558879,0.057817,109.495483,0.057817,37.779256,0.057817,37.477874,0.057817,36.840023,0.057817,32.553425,0.057817,15.255519
0.058607,135.161092,0.058607,111.539566,0.058607,39.170002,0.058607,38.842459,0.058607,38.063129,0.058607,32.913501,0.058607,15.546333
0.059397,137.814049,0.059397,113.586508,0.059397,40.591730,0.059397,40.169801,0.059397,39.267762,0.059397,33.248345,0.059397,15.828623
0.060187,140.423628,0.060187,115.602999,0.060187,42.015611,0.060187,41.457852,0.060187,40.452664,0.060187,33.562359,0.060187,16.092835
0.060977,142.791724,0.060977,117.550062,0.060977,43.422573,0.060977,42.707300,0.060977,41.616959,0.060977,33.859951,0.060977,16.332793
0.061768,144.977582,0.061768,119.428071,0.061768,44.841264,0.061768,43.921295,0.061768,42.759770,0.061768,34.145529,0.061768,16.545327
0.062558,147.114998,0.062558,121.241761,0.062558,46.292443,0.062558,45.104123,0.062558,43.880456,0.062558,34.423502,0.062558,16.729776
0.063348,149.084201,0.063348,122.974240,0.063348,47.779053,0.063348,46.249265,0.063348,44.978347,0.063348,34.698281,0.063348,16.888513
0.064138,150.952849,0.064138,124.642765,0.064138,49.278439,0.064138,47.352210,0.064138,46.053300,0.064138,34.974281,0.064138,17.026772
0.064928,152.937504,0.064928,126.301784,0.064928,50.806765,0.064928,48.410276,0.064928,47.105397,0.064928,35.255915,0.064928,17.152731
0.065719,155.009865,0.065719,127.975300,0.065719,52.359478,0.065719,49.422370,0.065719,48.135016,0.065719,35.547601,0.065719,17.276680
0.066509,156.978257,0.066509,129.647924,0.066509,53.903355,0.066509,50.389642,0.066509,49.142547,0.066509,35.853756,0.066509,17.410553
0.067299,158.872119,0.067299,131.351117,0.067299,55.461436,0.067299,51.313246,0.067299,50.128376,0.067299,36.183384,0.067299,17.566714
0.068089,160.926971,0.068089,133.118731,0.068089,57.046680,0.068089,52.194325,0.068089,51.092904,0.068089,36.549306,0.068089,17.756444
0.068879,163.117291,0.068879,134.954120,0.068879,58.672071,0.068879,53.034912,0.068879,52.036991,0.068879,36.965070,0.068879,17.989544
0.069670,165.363158,0.069670,136.827230,0.069670,60.322570,0.069670,53.840563,0.069670,52.961624,0.069670,37.441613,0.069670,18.273979
0.070460,167.797366,0.070460,138.737234,0.070460,61.997724,0.070460,54.615792,0.070460,53.868325,0.070460,37.984879,0.070460,18.614949
0.071250,170.312214,0.071250,140.640929,0.071250,63.663730,0.071250,55.368574,0.071250,54.759335,0.071250,38.595994,0.071250,19.014532
0.072040,172.781206,0.072040,142.494119,0.072040,65.274187,0.072040,56.104409,0.072040,55.637507,0.072040,39.271890,0.072040,19.472418
0.072830,175.160987,0.072830,144.279258,0.072830,66.822591,0.072830,56.829886,0.072830,56.505193,0.072830,40.003891,0.072830,19.984548
0.073621,177.446303,0.073621,145.978953,0.073621,68.273687,0.073621,57.553225,0.073621,57.365415,0.073621,40.780831,0.073621,20.542783
0.074411,179.622121,0.074411,147.598403,0.074411,69.636899,0.074411,58.278593,0.074411,58.221984,0.074411,41.593132,0.074411,21.137380
0.075201,181.783484,0.075201,149.185466,0.075201,70.946941,0.075201,59.009825,0.075201,59.078499,0.075201,42.431602,0.075201,21.758133
0.075991,183.996351,0.075991,150.747699,0.075991,72.259399,0.075991,59.757770,0.075991,59.939691,0.075991,43.286616,0.075991,22.394385
0.076781,186.075752,0.076781,152.281172,0.076781,73.577229,0.076781,60.536439,0.076781,60.810258,0.076781,44.145857,0.076781,23.034247
0.077572,188.002766,0.077572,153.809419,0.077572,74.941686,0.077572,61.361449,0.077572,61.693658,0.077572,44.996623,0.077572,23.666952
0.078362,190.009422,0.078362,155.361719,0.078362,76.394052,0.078362,62.242184,0.078362,62.591254,0.078362,45.825457,0.078362,24.284761
0.079152,192.058525,0.079152,156.939490,0.079152,77.932609,0.079152,63.181269,0.079152,63.502583,0.079152,46.620177,0.079152,24.884183
0.079942,194.016214,0.079942,158.526135,0.079942,79.523656,0.079942,64.176079,0.079942,64.425625,0.079942,47.367628,0.079942,25.464304
0.080732,196.012351,0.080732,160.150538,0.080732,81.173055,0.080732,65.234121,0.080732,65.358112,0.080732,48.057850,0.080732,26.024993
0.081523,198.091931,0.081523,161.818592,0.081523,82.902237,0.081523,66.370029,0.081523,66.296850,0.081523,48.684840,0.081523,26.565455
0.082313,200.102894,0.082313,163.496582,0.082313,84.683819,0.082313,67.597588,0.082313,67.237419,0.082313,49.246993,0.082313,27.085542
0.083103,202.032415,0.083103,165.174100,0.083103,86.513115,0.083103,68.921839,0.083103,68.174755,0.083103,49.746568,0.083103,27.584474
0.083893,204.010004,0.083893,166.856855,0.083893,88.372297,0.083893,70.335862,0.083893,69.103205,0.083893,50.188048,0.083893,28.059456
0.084684,205.819181,0.084684,168.507689,0.084684,90.205576,0.084684,71.832738,0.084684,70.015945,0.084684,50.576736,0.084684,28.505906
0.085474,207.516453,0.085474,170.118202,0.085474,91.988409,0.085474,75.810512,0.085474,70.906172,0.085474,50.920563,0.085474,28.919610
0.086264,209.256879,0.086264,171.673572,0.086264,93.693564,0.086264,77.433837,0.086264,71.766869,0.086264,51.230066,0.086264,29.295784
0.087054,210.856725,0.087054,173.114334,0.087054,95.275878,0.087054,79.521356,0.087054,72.592842,0.087054,51.516229,0.087054,29.628617
0.087844,212.276642,0.087844,174.421137,0.087844,96.730093,0.087844,80.355544,0.087844,73.381063,0.087844,51.787964,0.087844,29.911280
0.088635,213.688690,0.088635,175.631131,0.088635,98.094521,0.088635,82.057314,0.088635,74.130489,0.088635,52.054183,0.088635,30.137127
0.089425,215.029219,0.089425,176.734650,0.089425,99.374270,0.089425,83.827686,0.089425,74.842226,0.089425,52.323117,0.089425,30.300940
0.090215,216.176407,0.090215,177.734003,0.090215,100.611090,0.090215,84.831133,0.090215,75.519267,0.090215,52.602542,0.090215,30.399960
0.091005,217.216353,0.091005,178.680464,0.091005,101.875693,0.091005,85.961793,0.091005,76.166733,0.091005,52.898130,0.091005,30.434837
0.091795,218.463730,0.091795,179.653665,0.091795,103.214118,0.091795,87.893769,0.091795,76.791128,0.091795,53.213995,0.091795,30.408652
0.092586,219.926952,0.092586,180.733264,0.092586,104.623124,0.092586,89.855869,0.092586,77.398002,0.092586,53.551549,0.092586,30.326045
0.093376,221.550457,0.093376,181.929534,0.093376,106.075388,0.093376,91.792589,0.093376,77.991565,0.093376,53.910970,0.093376,30.194753
0.094166,223.278835,0.094166,183.252772,0.094166,107.594319,0.094166,93.745695,0.094166,78.575350,0.094166,54.290877,0.094166,30.026074
0.094956,225.014927,0.094956,184.663549,0.094956,109.175208,0.094956,95.692114,0.094956,79.152827,0.094956,54.690050,0.094956,29.833670
0.095746,226.687318,0.095746,186.116010,0.095746,110.794647,0.095746,97.624987,0.095746,79.727010,0.095746,55.106605,0.095746,29.631942
0.096537,228.411261,0.096537,187.615209,0.096537,112.437032,0.096537,99.537460,0.096537,80.300305,0.096537,55.537628,0.096537,29.435289
0.097327,230.098545,0.097327,189.105233,0.097327,114.054038,0.097327,101.422683,0.097327,80.873940,0.097327,55.978128,0.097327,29.258041
0.098117,231.590955,0.098117,190.557886,0.098117,115.586576,0.098117,103.273809,0.098117,81.448972,0.098117,56.425664,0.098117,29.114198
0.098907,233.055288,0.098907,191.948203,0.098907,117.022788,0.098907,105.083997,0.098907,82.026909,0.098907,56.879463,0.098907,29.016588
0.099697,234.550453,0.099697,193.264537,0.099697,118.372041,0.099697,106.846408,0.099697,82.608947,0.099697,57.340238,0.099697,28.976133
0.100488,235.897476,0.100488,194.505320,0.100488,119.618527,0.100488,108.554210,0.100488,83.196298,0.100488,57.809901,0.100488,29.001106
0.101278,237.250716,0.101278,195.700732,0.101278,120.791721,0.101278,110.200571,0.101278,83.790748,0.101278,58.292225,0.101278,29.096749
0.102068,238.642367,0.102068,196.848747,0.102068,121.910879,0.102068,111.778667,0.102068,84.394101,0.102068,58.792439,0.102068,29.264899
0.102858,239.782553,0.102858,197.898635,0.102858,122.976454,0.102858,113.281675,0.102858,85.008014,0.102858,59.315774,0.102858,29.503576
0.103648,240.666440,0.103648,198.867216,0.103648,123.998169,0.103648,114.702777,0.103648,85.635927,0.103648,59.866485,0.103648,29.806820
0.104439,241.642943,0.104439,199.855576,0.104439,125.023189,0.104439,116.035161,0.104439,86.281653,0.104439,60.446204,0.104439,30.164989
0.105229,242.813183,0.105229,200.907538,0.105229,126.097536,0.105229,117.277789,0.105229,86.946902,0.105229,61.052594,0.105229,30.565053
0.106019,244.278427,0.106019,202.066949,0.106019,127.201266,0.106019,118.437745,0.106019,87.631724,0.106019,61.679951,0.106019,30.991759
0.106809,245.747873,0.106809,203.265426,0.106809,128.348317,0.106809,119.525961,0.106809,88.334263,0.106809,62.318771,0.106809,31.429020
0.107599,247.269686,0.107599,204.461530,0.107599,129.558891,0.107599,120.550063,0.107599,89.050890,0.107599,62.956670,0.107599,31.862751
0.108390,248.758652,0.108390,205.613843,0.108390,130.793150,0.108390,121.519149,0.108390,89.776646,0.108390,63.579024,0.108390,32.281027
0.109180,249.955521,0.109180,206.694927,0.109180,132.006425,0.109180,122.447710,0.109180,90.507482,0.109180,64.172762,0.109180,32.672504
0.109970,250.950663,0.109970,207.751773,0.109970,133.207491,0.109970,123.343214,0.109970,91.240590,0.109970,64.726846,0.109970,33.026740
0.110760,251.834591,0.110760,208.755991,0.110760,134.363893,0.110760,124.212443,0.110760,91.973926,0.110760,65.234437,0.110760,33.336375
0.111551,252.768228,0.111551,209.751927,0.111551,135.489401,0.111551,125.066661,0.111551,92.706091,0.111551,65.692121,0.111551,33.596272
0.112341,253.912639,0.112341,210.810860,0.112341,136.645771,0.112341,125.916018,0.112341,93.435752,0.112341,66.099997,0.112341,33.805217
0.113131,255.201176,0.113131,211.948515,0.113131,137.833301,0.113131,126.769962,0.113131,94.160598,0.113131,66.461437,0.113131,33.964919
0.113921,256.529979,0.113921,213.097993,0.113921,138.970757,0.113921,127.625460,0.113921,94.877439,0.113921,66.781425,0.113921,34.079450
0.114711,257.795332,0.114711,214.224466,0.114711,140.046697,0.114711,128.477040,0.114711,95.583611,0.114711,67.066359,0.114711,34.154483
0.115502,258.797424,0.115502,215.270620,0.115502,141.062678,0.115502,129.313875,0.115502,96.278459,0.115502,67.324183,0.115502,34.196656
0.116292,259.720456,0.116292,216.253269,0.116292,142.049451,0.116292,130.137060,0.116292,96.963435,0.116292,67.563501,0.116292,34.214128
0.117082,260.748773,0.117082,217.189254,0.117082,143.037796,0.117082,130.961474,0.117082,97.640272,0.117082,67.793004,0.117082,34.216362
0.117872,261.974174,0.117872,218.146858,0.117872,144.114759,0.117872,131.795390,0.117872,98.312702,0.117872,68.018947,0.117872,34.213730
0.118662,263.273646,0.118662,219.121581,0.118662,145.283004,0.118662,132.644038,0.118662,98.984397,0.118662,68.244513,0.118662,34.216822
0.119453,264.524318,0.119453,220.104654,0.119453,146.477125,0.119453,133.512650,0.119453,99.657288,0.119453,68.469638,0.119453,34.236095
0.120243,265.896060,0.120243,221.137490,0.120243,147.674949,0.120243,134.417149,0.120243,100.332333,0.120243,68.693454,0.120243,34.280213
0.121033,267.401493,0.121033,222.256428,0.121033,148.876780,0.121033,135.362948,0.121033,101.009026,0.121033,68.914776,0.121033,34.355162
0.121823,268.843545,0.121823,223.420694,0.121823,150.015261,0.121823,136.343258,0.121823,101.685632,0.121823,69.131199,0.121823,34.463977
0.122613,270.306421,0.122613,224.589536,0.122613,151.099144,0.122613,137.362679,0.122613,102.359931,0.122613,69.339714,0.122613,34.606646
0.123404,271.810525,0.123404,225.748116,0.123404,152.153825,0.123404,138.418307,0.123404,103.029967,0.123404,69.540963,0.123404,34.780612
0.124194,273.376399,0.124194,226.863931,0.124194,153.204730,0.124194,139.497516,0.124194,103.693181,0.124194,69.738825,0.124194,34.980738
0.124984,274.984616,0.124984,227.969455,0.124984,154.266512,0.124984,140.587765,0.124984,104.347297,0.124984,69.938208,0.124984,35.199862
0.125774,276.831538,0.125774,229.125013,0.125774,155.408943,0.125774,141.680876,0.125774,104.989389,0.125774,70.143023,0.125774,35.430906
0.126564,278.809368,0.126564,230.315852,0.126564,156.606091,0.126564,142.758726,0.126564,105.615510,0.126564,70.356661,0.126564,35.668059
0.127355,280.596248,0.127355,231.455602,0.127355,157.751478,0.127355,143.803256,0.127355,106.220891,0.127355,70.581565,0.127355,35.907105
0.128145,282.190300,0.128145,232.492221,0.128145,158.803324,0.128145,144.805878,0.128145,106.802323,0.128145,70.817491,0.128145,36.145061
0.128935,283.439785,0.128935,233.373690,0.128935,159.719417,0.128935,145.763086,0.128935,107.358516,0.128935,71.061504,0.128935,36.379816
0.129725,284.552743,0.129725,234.140627,0.129725,160.539317,0.129725,146.680129,0.129725,107.890059,0.129725,71.312785,0.129725,36.610247
0.130515,285.737346,0.130515,234.897314,0.130515,161.333036,0.130515,147.567124,0.130515,108.399407,0.130515,71.572560,0.130515,36.834508
0.131306,287.032463,0.131306,235.702298,0.131306,162.105017,0.131306,148.425957,0.131306,108.890699,0.131306,71.843268,0.131306,37.049925
0.132096,288.307583,0.132096,236.555725,0.132096,162.905691,0.132096,149.257623,0.132096,109.368661,0.132096,72.127160,0.132096,37.253287
0.132886,289.432323,0.132886,237.457758,0.132886,163.785515,0.132886,150.069867,0.132886,109.839074,0.132886,72.426918,0.132886,37.443266
0.133676,290.689467,0.133676,238.447923,0.133676,164.794969,0.133676,150.882846,0.133676,110.307310,0.133676,72.744968,0.133676,37.620974
0.134466,292.107629,0.134466,239.510623,0.134466,165.908266,0.134466,151.706523,0.134466,110.776959,0.134466,73.082172,0.134466,37.789502
0.135257,293.651484,0.135257,240.572496,0.135257,167.029246,0.135257,152.537825,0.135257,111.249760,0.135257,73.435787,0.135257,37.953377
0.136047,295.407416,0.136047,241.643020,0.136047,168.147030,0.136047,153.382276,0.136047,111.727584,0.136047,73.802659,0.136047,38.116459
0.136837,297.180728,0.136837,242.726988,0.136837,169.248712,0.136837,154.246554,0.136837,112.211902,0.136837,74.179489,0.136837,38.280444
0.137627,298.776854,0.137627,243.829217,0.137627,170.321410,0.137627,155.123408,0.137627,112.703260,0.137627,74.562552,0.137627,38.445351
0.138418,300.354094,0.138418,245.010676,0.138418,171.403529,0.138418,156.009890,0.138418,113.201295,0.138418,74.946537,0.138418,38.610341
0.139208,301.863869,0.139208,246.239748,0.139208,172.506495,0.139208,156.892982,0.139208,113.704573,0.139208,75.325544,0.139208,38.774900
0.139998,303.257723,0.139998,247.473708,0.139998,173.565718,0.139998,157.749665,0.139998,114.210136,0.139998,75.692554,0.139998,38.938853
0.140788,304.730402,0.140788,248.660208,0.140788,174.569341,0.140788,158.566325,0.140788,114.713894,0.140788,76.039556,0.140788,39.102686
0.141578,306.150510,0.141578,249.755042,0.141578,175.524744,0.141578,159.335711,0.141578,115.211575,0.141578,76.358198,0.141578,39.266550
0.142369,307.386776,0.142369,250.714026,0.142369,176.354655,0.142369,160.051278,0.142369,115.699920,0.142369,76.644921,0.142369,39.430051
0.143159,308.409935,0.143159,251.556530,0.143159,177.061054,0.143159,160.720365,0.143159,116.177635,0.143159,76.901156,0.143159,39.592690
0.143949,309.401244,0.143949,252.331924,0.143949,177.702364,0.143949,161.364728,0.143949,116.645531,0.143949,77.132189,0.143949,39.754323
0.144739,310.542085,0.144739,253.089598,0.144739,178.328853,0.144739,161.993803,0.144739,117.106081,0.144739,77.344840,0.144739,39.915148
0.145529,311.677194,0.145529,253.815789,0.145529,178.895714,0.145529,162.622157,0.145529,117.562530,0.145529,77.546454,0.145529,40.076632
0.146320,312.721404,0.146320,254.562786,0.146320,179.445927,0.146320,163.278741,0.146320,118.018473,0.146320,77.743833,0.146320,40.240949
0.147110,313.856749,0.147110,255.406561,0.147110,180.111278,0.147110,163.988676,0.147110,118.476411,0.147110,77.942040,0.147110,40.409221
0.147900,315.265389,0.147900,256.356899,0.147900,180.936618,0.147900,164.765340,0.147900,118.936838,0.147900,78.144048,0.147900,40.580319
0.148690,316.709768,0.148690,257.345272,0.148690,181.888460,0.148690,165.607679,0.148690,119.398309,0.148690,78.351210,0.148690,40.753353
0.149480,318.193530,0.149480,258.322804,0.149480,182.933339,0.149480,166.519956,0.149480,119.858246,0.149480,78.562911,0.149480,40.927562
0.150271,319.616845,0.150271,259.296472,0.150271,184.053328,0.150271,167.498130,0.150271,120.312423,0.150271,78.777160,0.150271,41.101560
0.151061,320.873071,0.151061,260.271805,0.151061,185.229452,0.151061,168.530196,0.151061,120.755292,0.151061,78.989703,0.151061,41.273241
0.151851,322.053782,0.151851,261.266976,0.151851,186.477901,0.151851,169.616364,0.151851,121.181906,0.151851,79.197299,0.151851,41.441146
0.152641,323.180098,0.152641,262.226727,0.152641,187.752334,0.152641,170.746692,0.152641,121.588580,0.152641,79.397954,0.152641,41.604539
0.153431,324.304168,0.153431,263.115915,0.153431,189.008290,0.153431,171.912119,0.153431,121.973507,0.153431,79.589271,0.153431,41.763207
0.154222,325.478259,0.154222,263.899419,0.154222,190.266029,0.154222,173.104600,0.154222,122.336924,0.154222,79.768078,0.154222,41.917309
0.155012,326.778605,0.155012,264.591140,0.155012,191.523452,0.155012,174.309254,0.155012,122.680825,0.155012,79.933255,0.155012,42.067598
0.155802,327.949525,0.155802,265.157925,0.155802,192.747026,0.155802,175.504172,0.155802,123.008621,0.155802,80.085703,0.155802,42.214766
0.156592,328.749814,0.156592,265.623951,0.156592,193.935497,0.156592,176.671736,0.156592,123.324875,0.156592,80.228802,0.156592,42.359553
0.157382,329.386248,0.157382,266.105789,0.157382,195.098235,0.157382,177.801047,0.157382,123.635035,0.157382,80.367890,0.157382,42.502977
0.158173,330.065721,0.158173,266.641140,0.158173,196.244636,0.158173,178.872574,0.158173,123.944778,0.158173,80.508814,0.158173,42.647545
0.158963,330.789527,0.158963,267.240536,0.158963,197.382401,0.158963,179.864172,0.158963,124.259353,0.158963,80.657278,0.158963,42.796332
0.159753,331.559077,0.159753,267.982415,0.159753,198.559599,0.159753,180.760181,0.159753,124.583878,0.159753,80.818528,0.159753,42.951950
0.160543,332.441638,0.160543,268.820972,0.160543,199.776085,0.160543,181.545491,0.160543,124.921738,0.160543,80.997029,0.160543,43.115928
0.161333,333.007177,0.161333,269.706977,0.161333,200.969901,0.161333,182.197907,0.161333,125.274889,0.161333,81.195373,0.161333,43.289300
0.162124,333.393204,0.162124,270.606741,0.162124,202.131710,0.162124,182.701124,0.162124,125.643934,0.162124,81.414010,0.162124,43.472270
0.162914,333.899212,0.162914,271.525703,0.162914,203.279960,0.162914,183.052616,0.162914,126.029098,0.162914,81.650809,0.162914,43.664162
0.163704,334.196030,0.163704,272.469324,0.163704,204.433120,0.163704,183.250394,0.163704,126.429265,0.163704,81.901634,0.163704,43.863109
0.164494,334.332783,0.164494,273.447829,0.164494,205.573542,0.164494,183.306475,0.164494,126.843502,0.164494,82.163865,0.164494,44.066449
0.165285,334.545040,0.165285,274.463561,0.165285,206.717474,0.165285,183.244737,0.165285,127.270811,0.165285,82.435779,0.165285,44.270689
0.166075,334.669000,0.166075,275.504737,0.166075,207.827538,0.166075,183.100035,0.166075,127.710669,0.166075,82.714871,0.166075,44.470960
0.166865,334.720894,0.166865,276.603033,0.166865,208.928466,0.166865,182.899769,0.166865,128.163289,0.166865,82.997680,0.166865,44.661230
0.167655,334.819002,0.167655,277.790144,0.167655,210.073817,0.167655,182.665755,0.167655,128.629128,0.167655,83.284499,0.167655,44.835851
0.168445,334.927641,0.168445,279.022784,0.168445,211.251248,0.168445,182.426276,0.168445,129.108331,0.168445,83.577620,0.168445,44.989244
0.169236,334.981285,0.169236,280.186463,0.169236,212.353632,0.169236,182.213685,0.169236,129.601343,0.169236,83.879883,0.169236,45.115333
0.170026,334.976781,0.170026,281.205543,0.170026,213.300744,0.170026,182.052171,0.170026,130.109862,0.170026,84.194158,0.170026,45.207115
0.170816,335.025720,0.170816,282.057373,0.170816,214.043273,0.170816,181.967046,0.170816,130.636130,0.170816,84.524262,0.170816,45.259669
0.171606,335.088348,0.171606,282.719322,0.171606,214.531930,0.171606,181.982272,0.171606,131.181382,0.171606,84.871952,0.171606,45.271256
0.172396,335.090114,0.172396,283.230456,0.172396,214.766171,0.172396,182.116161,0.172396,131.746345,0.172396,85.235079,0.172396,45.243768
0.173187,335.306163,0.173187,283.726961,0.173187,214.801943,0.173187,182.373333,0.173187,132.329678,0.173187,85.607782,0.173187,45.180345
0.173977,335.764470,0.173977,284.243356,0.173977,214.629343,0.173977,182.745678,0.173977,132.928279,0.173977,85.984172,0.173977,45.084151
0.174767,336.059440,0.174767,284.712498,0.174767,214.309400,0.174767,183.210677,0.174767,133.537263,0.174767,86.359987,0.174767,44.959549
0.175557,336.389788,0.175557,285.109803,0.175557,213.824726,0.175557,183.747756,0.175557,134.149880,0.175557,86.731372,0.175557,44.813445
0.176347,336.894046,0.176347,285.465410,0.176347,213.190310,0.176347,184.339698,0.176347,134.758365,0.176347,87.093611,0.176347,44.656430
0.177138,337.260059,0.177138,285.745945,0.177138,212.494197,0.177138,184.970907,0.177138,135.355023,0.177138,87.444019,0.177138,44.501502
0.177928,337.708573,0.177928,286.020339,0.177928,211.824454,0.177928,185.638134,0.177928,135.933357,0.177928,87.780758,0.177928,44.362425
0.178718,338.453913,0.178718,286.370422,0.178718,211.209931,0.178718,186.336101,0.178718,136.488211,0.178718,88.103704,0.178718,44.253505
0.179508,339.161706,0.179508,286.777979,0.179508,210.774653,0.179508,187.045452,0.179508,137.015521,0.179508,88.413204,0.179508,44.189094
0.180298,339.679727,0.180298,287.228676,0.180298,210.550274,0.180298,187.741528,0.180298,137.513694,0.180298,88.711105,0.180298,44.181569
0.181089,340.378376,0.181089,287.766008,0.181089,210.523828,0.181089,188.407752,0.181089,137.982314,0.181089,88.997838,0.181089,44.239515
0.181879,340.955304,0.181879,288.341893,0.181879,210.667458,0.181879,189.028685,0.181879,138.420965,0.181879,89.271638,0.181879,44.366030
0.182669,341.252087,0.182669,288.952474,0.182669,210.921044,0.182669,189.603464,0.182669,138.829230,0.182669,89.528878,0.182669,44.559120
0.183459,341.730262,0.183459,289.639767,0.183459,211.310154,0.183459,190.140932,0.183459,139.206696,0.183459,89.767718,0.183459,44.813140
0.184249,342.575115,0.184249,290.372322,0.184249,211.833056,0.184249,190.656789,0.184249,139.553196,0.184249,89.988258,0.184249,45.119150
0.185040,343.544527,0.185040,291.092890,0.185040,212.417335,0.185040,191.160937,0.185040,139.870631,0.185040,90.191324,0.185040,45.465699
0.185830,344.392347,0.185830,291.779367,0.185830,213.028029,0.185830,191.669391,0.185830,140.163195,0.185830,90.377773,0.185830,45.837690
0.186620,345.221116,0.186620,292.495907,0.186620,213.702484,0.186620,192.200310,0.186620,140.437586,0.186620,90.549273,0.186620,46.218099
0.187410,346.133486,0.187410,293.221074,0.187410,214.402505,0.187410,192.761441,0.187410,140.702378,0.187410,90.708347,0.187410,46.591253
0.188200,347.011877,0.188200,293.959526,0.188200,215.108598,0.188200,193.357956,0.188200,140.967080,0.188200,90.858525,0.188200,46.943481
0.188991,347.738823,0.188991,294.715943,0.188991,215.804571,0.188991,194.002080,0.188991,141.240918,0.188991,91.003843,0.188991,47.262755
0.189781,348.481071,0.189781,295.537213,0.189781,216.543077,0.189781,194.692160,0.189781,141.532004,0.189781,91.147602,0.189781,47.539246
0.190571,349.216764,0.190571,296.421741,0.190571,217.304339,0.190571,195.412093,0.190571,141.846614,0.190571,91.292001,0.190571,47.765335
0.191361,349.924159,0.191361,297.367950,0.191361,218.118959,0.191361,196.155574,0.191361,142.189130,0.191361,91.437923,0.191361,47.936175
0.192152,350.633542,0.192152,298.359377,0.192152,218.992503,0.192152,196.914317,0.192152,142.561863,0.192152,91.585326,0.192152,48.050295
0.192942,350.949980,0.192942,299.362047,0.192942,219.872789,0.192942,197.675128,0.192942,142.965024,0.192942,91.733881,0.192942,48.108759
0.193732,351.116393,0.193732,300.351447,0.193732,220.799605,0.193732,198.436977,0.193732,143.396706,0.193732,91.883797,0.193732,48.115098
0.194522,351.391252,0.194522,301.335696,0.194522,221.766192,0.194522,199.194475,0.194522,143.852873,0.194522,92.035555,0.194522,48.076201
0.195312,351.608291,0.195312,302.250866,0.195312,222.673598,0.195312,199.932254,0.195312,144.327376,0.195312,92.189443,0.195312,48.001262
0.196103,351.862317,0.196103,303.093627,0.196103,223.525711,0.196103,200.640057,0.196103,144.813361,0.196103,92.345132,0.196103,47.900616
0.196893,352.113582,0.196893,303.876531,0.196893,224.320351,0.196893,201.308022,0.196893,145.305317,0.196893,92.501462,0.196893,47.784066
0.197683,352.198667,0.197683,304.594686,0.197683,225.031962,0.197683,201.940130,0.197683,145.799532,0.197683,92.655870,0.197683,47.660080
0.198473,352.195927,0.198473,305.243215,0.198473,225.635064,0.198473,202.541368,0.198473,146.292295,0.198473,92.804347,0.198473,47.535607
0.199263,352.143088,0.199263,305.856254,0.199263,226.229927,0.199263,203.130106,0.199263,146.780728,0.199263,92.945771,0.199263,47.416269
0.200054,352.267362,0.200054,306.448196,0.200054,226.846171,0.200054,203.712865,0.200054,147.263294,0.200054,93.082023,0.200054,47.307055
0.200844,352.497838,0.200844,307.033450,0.200844,227.513437,0.200844,204.292337,0.200844,147.736606,0.200844,93.214600,0.200844,47.212777
0.201634,352.615089,0.201634,307.536473,0.201634,228.222006,0.201634,204.860721,0.201634,148.196370,0.201634,93.343105,0.201634,47.138360
0.202424,352.866679,0.202424,307.964359,0.202424,228.962183,0.202424,205.421011,0.202424,148.640120,0.202424,93.468458,0.202424,47.087413
0.203214,353.123995,0.203214,308.296432,0.203214,229.706146,0.203214,205.971028,0.203214,149.065982,0.203214,93.591760,0.203214,47.061713
0.204005,353.206462,0.204005,308.479270,0.204005,230.465564,0.204005,206.505339,0.204005,149.473368,0.204005,93.712676,0.204005,47.060976
0.204795,353.421414,0.204795,308.537739,0.204795,231.264598,0.204795,207.026437,0.204795,149.862714,0.204795,93.827987,0.204795,47.083551
0.205585,353.618024,0.205585,308.515845,0.205585,232.040060,0.205585,207.525321,0.205585,150.235151,0.205585,93.935930,0.205585,47.126743
0.206375,353.668117,0.206375,308.463948,0.206375,232.757404,0.206375,207.990968,0.206375,150.591909,0.206375,94.036918,0.206375,47.186380
0.207165,353.888471,0.207165,308.381320,0.207165,233.484113,0.207165,208.423630,0.207165,150.933465,0.207165,94.132117,0.207165,47.256791
0.207956,354.180243,0.207956,308.267540,0.207956,234.208207,0.207956,208.822805,0.207956,151.259697,0.207956,94.221823,0.207956,47.331075
0.208746,354.373329,0.208746,308.145866,0.208746,234.864668,0.208746,209.189879,0.208746,151.571144,0.208746,94.306163,0.208746,47.402491
0.209536,354.772724,0.209536,308.015521,0.209536,235.487114,0.209536,209.532204,0.209536,151.869007,0.209536,94.386009,0.209536,47.465761
0.210326,355.263436,0.210326,307.899883,0.210326,236.024445,0.210326,209.852023,0.210326,152.155208,0.210326,94.463360,0.210326,47.517080
0.211116,355.789969,0.211116,307.860827,0.211116,236.474464,0.211116,210.160679,0.211116,152.432616,0.211116,94.540384,0.211116,47.553749
0.211907,356.296937,0.211907,307.905223,0.211907,236.865167,0.211907,210.483870,0.211907,152.705874,0.211907,94.618346,0.211907,47.574396
0.212697,356.935052,0.212697,308.076191,0.212697,237.284537,0.212697,210.854318,0.212697,152.980526,0.212697,94.697799,0.212697,47.578556
0.213487,357.817111,0.213487,308.403465,0.213487,237.735767,0.213487,211.291881,0.213487,153.260479,0.213487,94.778254,0.213487,47.566538
0.214277,359.056016,0.214277,308.827408,0.214277,238.222074,0.214277,211.802583,0.214277,153.547649,0.214277,94.858137,0.214277,47.539392
0.215067,360.598573,0.215067,309.345361,0.215067,238.750356,0.215067,212.384249,0.215067,153.842935,0.215067,94.936678,0.215067,47.498607
0.215858,362.335768,0.215858,309.972870,0.215858,239.328740,0.215858,213.029075,0.215858,154.146006,0.215858,95.014205,0.215858,47.446568
0.216648,364.158695,0.216648,310.627488,0.216648,239.889104,0.216648,213.714949,0.216648,154.455135,0.216648,95.091899,0.216648,47.386754
0.217438,365.964957,0.217438,311.267653,0.217438,240.433756,0.217438,214.417093,0.217438,154.767377,0.217438,95.171703,0.217438,47.323595
0.218228,367.929977,0.218228,311.923670,0.218228,241.015731,0.218228,215.115594,0.218228,155.078885,0.218228,95.256059,0.218228,47.261246
0.219019,369.973489,0.219019,312.578149,0.219019,241.600966,0.219019,215.777740,0.219019,155.384469,0.219019,95.347140,0.219019,47.203106
0.219809,372.015124,0.219809,313.207719,0.219809,242.207157,0.219809,216.384965,0.219809,155.678303,0.219809,95.446232,0.219809,47.152076
0.220599,373.921068,0.220599,313.823813,0.220599,242.831343,0.220599,216.931395,0.220599,155.954383,0.220599,95.554523,0.220599,47.110655
0.221389,375.399987,0.221389,314.347492,0.221389,243.460200,0.221389,217.414136,0.221389,156.207296,0.221389,95.673746,0.221389,47.080611
0.222179,376.416030,0.222179,314.759283,0.222179,244.098198,0.222179,217.839942,0.222179,156.433339,0.222179,95.805834,0.222179,47.062703
0.222970,377.237214,0.222970,315.135972,0.222970,244.792867,0.222970,218.226232,0.222970,156.630869,0.222970,95.951535,0.222970,47.056215
0.223760,377.906687,0.223760,315.456825,0.223760,245.501912,0.223760,218.582108,0.223760,156.800358,0.223760,96.110769,0.223760,47.059490
0.224550,378.209397,0.224550,315.700528,0.224550,246.205241,0.224550,218.914888,0.224550,156.944397,0.224550,96.283325,0.224550,47.071130
0.225340,378.598036,0.225340,315.931524,0.225340,246.975379,0.225340,219.237661,0.225340,157.067565,0.225340,96.466954,0.225340,47.089935
0.226130,379.121879,0.226130,316.163124,0.226130,247.815286,0.226130,219.552418,0.226130,157.175902,0.226130,96.657275,0.226130,47.115488
0.226921,379.329176,0.226921,316.349663,0.226921,248.646146,0.226921,219.850297,0.226921,157.276385,0.226921,96.848555,0.226921,47.148453
0.227711,379.373144,0.227711,316.516872,0.227711,249.429188,0.227711,220.135976,0.227711,157.376647,0.227711,97.035636,0.227711,47.190398
0.228501,379.569969,0.228501,316.771430,0.228501,250.204008,0.228501,220.423812,0.228501,157.484356,0.228501,97.213599,0.228501,47.243284
0.229291,379.815110,0.229291,317.140944,0.229291,251.010221,0.229291,220.718158,0.229291,157.606659,0.229291,97.376867,0.229291,47.308690
0.230081,380.098225,0.230081,317.591758,0.230081,251.782624,0.230081,221.014969,0.230081,157.749932,0.230081,97.519263,0.230081,47.387708
0.230872,380.388966,0.230872,318.168467,0.230872,252.465633,0.230872,221.316756,0.230872,157.919454,0.230872,97.637718,0.230872,47.481538
0.231662,380.781993,0.231662,318.876395,0.231662,253.061172,0.231662,221.628984,0.231662,158.118880,0.231662,97.732517,0.231662,47.590930
0.232452,381.059889,0.232452,319.644269,0.232452,253.529054,0.232452,221.953898,0.232452,158.350076,0.232452,97.805430,0.232452,47.716011
0.233242,381.356016,0.233242,320.488524,0.233242,253.927582,0.233242,222.303798,0.233242,158.612897,0.233242,97.858607,0.233242,47.857192
0.234032,382.063183,0.234032,321.423206,0.234032,254.296073,0.234032,222.681055,0.234032,158.905301,0.234032,97.895074,0.234032,48.014204
0.234823,382.923503,0.234823,322.462377,0.234823,254.617253,0.234823,223.073624,0.234823,159.223264,0.234823,97.918128,0.234823,48.184969
0.235613,383.748000,0.235613,323.504943,0.235613,254.924403,0.235613,223.469393,0.235613,159.561257,0.235613,97.931462,0.235613,48.365091
0.236403,384.574130,0.236403,324.500498,0.236403,255.224706,0.236403,223.860055,0.236403,159.912887,0.236403,97.938883,0.236403,48.548548
0.237193,385.126243,0.237193,325.398649,0.237193,255.473285,0.237193,224.229570,0.237193,160.272194,0.237193,97.943468,0.237193,48.729749
0.237983,385.408285,0.237983,326.173368,0.237983,255.654399,0.237983,224.574170,0.237983,160.635037,0.237983,97.947373,0.237983,48.904046
0.238774,385.946120,0.238774,326.885104,0.238774,255.840826,0.238774,224.903596,0.238774,160.999074,0.238774,97.951754,0.238774,49.067627
0.239564,386.600243,0.239564,327.594326,0.239564,256.051780,0.239564,225.221746,0.239564,161.362716,0.239564,97.956692,0.239564,49.217120
0.240354,386.935638,0.240354,328.250875,0.240354,256.248686,0.240354,225.526032,0.240354,161.724705,0.240354,97.962228,0.240354,49.350644
0.241144,387.189895,0.241144,328.804612,0.241144,256.475578,0.241144,225.822356,0.241144,162.084779,0.241144,97.968249,0.241144,49.467674
0.241934,387.627201,0.241934,329.278751,0.241934,256.774277,0.241934,226.115071,0.241934,162.442583,0.241934,97.974435,0.241934,49.568683
0.242725,388.005893,0.242725,329.594806,0.242725,257.100296,0.242725,226.397750,0.242725,162.797673,0.242725,97.980115,0.242725,49.654682
0.243515,388.233987,0.243515,329.706678,0.243515,257.426782,0.243515,226.667686,0.243515,163.150553,0.243515,97.984908,0.243515,49.727467
0.244305,388.371206,0.244305,329.636418,0.244305,257.825647,0.244305,226.934251,0.244305,163.502586,0.244305,97.988388,0.244305,49.789202
0.245095,388.509119,0.245095,329.459777,0.245095,258.316631,0.245095,227.199700,0.245095,163.855130,0.245095,97.990109,0.245095,49.841441
0.245886,388.576130,0.245886,329.259081,0.245886,258.822672,0.245886,227.459325,0.245886,164.208082,0.245886,97.989388,0.245886,49.884835
0.246676,388.666652,0.246676,329.028126,0.246676,259.359213,0.246676,227.719035,0.246676,164.560529,0.246676,97.985307,0.246676,49.919233
0.247466,388.777972,0.247466,328.761565,0.247466,259.932383,0.247466,227.982121,0.247466,164.910849,0.247466,97.976609,0.247466,49.943320
0.248256,388.848285,0.248256,328.490536,0.248256,260.462108,0.248256,228.242024,0.248256,165.257075,0.248256,97.961618,0.248256,49.955452
0.249046,388.876786,0.249046,328.167623,0.249046,260.963435,0.249046,228.501971,0.249046,165.597290,0.249046,97.938598,0.249046,49.953534
0.249837,388.926229,0.249837,327.818411,0.249837,261.441280,0.249837,228.766143,0.249837,165.930416,0.249837,97.905383,0.249837,49.934877
0.250627,388.985332,0.250627,327.560404,0.250627,261.808132,0.250627,229.027840,0.250627,166.256709,0.250627,97.859559,0.250627,49.896452
0.251417,389.061110,0.251417,327.419089,0.251417,262.074684,0.251417,229.290140,0.251417,166.577909,0.251417,97.798785,0.251417,49.835855
0.252207,389.293227,0.252207,327.331834,0.252207,262.316475,0.252207,229.568459,0.252207,166.896757,0.252207,97.721446,0.252207,49.751376
0.252997,389.635661,0.252997,327.292838,0.252997,262.509693,0.252997,229.866932,0.252997,167.215931,0.252997,97.625796,0.252997,49.641928
0.253788,389.779854,0.253788,327.301532,0.253788,262.640719,0.253788,230.193673,0.253788,167.537905,0.253788,97.510737,0.253788,49.507863
0.254578,389.872277,0.254578,327.345722,0.254578,262.711601,0.254578,230.569059,0.254578,167.865162,0.254578,97.376313,0.254578,49.351299
0.255368,390.221913,0.255368,327.428320,0.255368,262.715826,0.255368,231.009980,0.255368,168.198779,0.255368,97.223807,0.255368,49.176320
0.256158,390.592774,0.256158,327.525110,0.256158,262.699307,0.256158,231.521039,0.256158,168.538904,0.256158,97.056595,0.256158,48.988308
0.256948,390.875298,0.256948,327.618845,0.256948,262.683084,0.256948,232.093151,0.256948,168.884320,0.256948,96.881288,0.256948,48.794067
0.257739,391.146727,0.257739,327.710924,0.257739,262.673084,0.257739,232.712708,0.257739,169.232306,0.257739,96.708375,0.257739,48.602113
0.258529,391.408303,0.258529,327.799914,0.258529,262.674082,0.258529,233.353348,0.258529,169.578374,0.258529,96.551635,0.258529,48.422088
0.259319,391.571707,0.259319,327.888564,0.259319,262.689503,0.259319,233.975815,0.259319,169.916966,0.259319,96.426478,0.259319,48.262683
0.260109,391.881400,0.260109,327.987322,0.260109,262.742253,0.260109,234.553939,0.260109,170.242026,0.260109,96.348403,0.260109,48.131060
0.260899,392.168272,0.260899,328.097160,0.260899,262.861626,0.260899,235.051015,0.260899,170.547119,0.260899,96.330974,0.260899,48.032261
0.261690,392.349093,0.261690,328.209959,0.261690,263.076159,0.261690,235.441116,0.261690,170.826502,0.261690,96.385212,0.261690,47.969432
0.262480,392.615274,0.262480,328.323812,0.262480,263.377875,0.262480,235.712247,0.262480,171.076447,0.262480,96.517856,0.262480,47.943717
0.263270,392.813090,0.263270,328.439489,0.263270,263.697144,0.263270,235.865700,0.263270,171.295137,0.263270,96.730827,0.263270,47.954735
0.264060,392.927397,0.264060,328.542601,0.264060,263.987575,0.264060,235.912777,0.264060,171.482706,0.264060,97.021130,0.264060,48.001660
0.264850,393.054204,0.264850,328.644324,0.264850,264.281013,0.264850,235.873609,0.264850,171.641170,0.264850,97.380976,0.264850,48.082721
0.265641,393.282260,0.265641,328.781233,0.265641,264.669307,0.265641,235.769260,0.265641,171.774346,0.265641,97.799329,0.265641,48.194976
0.266431,393.598799,0.266431,328.921435,0.266431,265.149237,0.266431,235.626023,0.266431,171.887105,0.266431,98.262990,0.266431,48.333156
0.267221,393.689338,0.267221,329.031160,0.267221,265.718793,0.267221,235.462314,0.267221,171.984087,0.267221,98.760126,0.267221,48.489549
0.268011,393.937801,0.268011,329.154516,0.268011,266.379857,0.268011,235.284565,0.268011,172.068897,0.268011,99.279643,0.268011,48.654367
0.268801,394.420052,0.268801,329.318131,0.268801,267.083920,0.268801,235.106104,0.268801,172.144186,0.268801,99.810823,0.268801,48.818492
0.269592,394.740416,0.269592,329.477141,0.269592,267.755051,0.269592,234.942273,0.269592,172.211576,0.269592,100.341135,0.269592,48.974331
0.270382,395.100669,0.270382,329.658266,0.270382,268.373534,0.270382,234.807103,0.270382,172.271895,0.270382,100.856353,0.270382,49.115362
0.271172,395.553282,0.271172,329.912171,0.271172,268.925908,0.271172,234.715985,0.271172,172.325415,0.271172,101.341004,0.271172,49.236167
0.271962,395.876311,0.271962,330.195368,0.271962,269.398731,0.271962,234.691715,0.271962,172.372120,0.271962,101.780441,0.271962,49.332925
0.272753,395.916293,0.272753,330.522609,0.272753,269.818178,0.272753,234.753388,0.272753,172.411921,0.272753,102.163483,0.272753,49.403332
0.273543,395.727340,0.273543,330.929245,0.273543,270.217270,0.273543,234.907075,0.273543,172.444662,0.273543,102.483785,0.273543,49.446702
0.274333,395.457554,0.274333,331.349720,0.274333,270.530474,0.274333,235.144630,0.274333,172.470253,0.274333,102.740073,0.274333,49.463844
0.275123,394.930486,0.275123,331.788901,0.275123,270.768949,0.275123,235.456066,0.275123,172.489275,0.275123,102.935779,0.275123,49.457237
0.275913,394.302547,0.275913,332.257386,0.275913,270.976248,0.275913,235.818162,0.275913,172.503131,0.275913,103.078907,0.275913,49.430871
0.276704,393.859601,0.276704,332.684120,0.276704,271.131352,0.276704,236.205816,0.276704,172.514064,0.276704,103.180050,0.276704,49.388752
0.277494,393.674608,0.277494,333.064177,0.277494,271.262297,0.277494,236.602119,0.277494,172.525267,0.277494,103.251059,0.277494,49.334001
0.278284,393.357716,0.278284,333.459095,0.278284,271.378290,0.278284,237.004108,0.278284,172.540980,0.278284,103.304440,0.278284,49.269179
0.279074,392.907355,0.279074,333.899382,0.279074,271.520456,0.279074,237.411493,0.279074,172.566321,0.279074,103.352235,0.279074,49.196412
0.279864,392.626690,0.279864,334.352896,0.279864,271.660748,0.279864,237.809642,0.279864,172.606868,0.279864,103.405135,0.279864,49.117480
0.280655,392.550149,0.280655,334.814468,0.280655,271.789826,0.280655,238.194678,0.280655,172.668300,0.280655,103.471482,0.280655,49.033800
0.281445,392.514760,0.281445,335.369774,0.281445,271.997677,0.281445,238.571465,0.281445,172.755681,0.281445,103.556901,0.281445,48.946370
0.282235,392.537152,0.282235,336.025774,0.282235,272.280312,0.282235,238.937451,0.282235,172.872951,0.282235,103.664118,0.282235,48.855927
0.283025,392.700496,0.283025,336.716296,0.283025,272.598408,0.283025,239.278821,0.283025,173.022317,0.283025,103.793445,0.283025,48.763373
0.283815,393.381399,0.283815,337.475181,0.283815,273.003686,0.283815,239.585698,0.283815,173.203937,0.283815,103.942973,0.283815,48.670139
0.284606,394.422535,0.284606,338.264917,0.284606,273.475037,0.284606,239.854765,0.284606,173.415910,0.284606,104.109461,0.284606,48.577436
0.285396,395.425131,0.285396,339.041368,0.285396,273.931068,0.285396,240.084880,0.285396,173.654465,0.285396,104.289304,0.285396,48.486723
0.286186,396.618066,0.286186,339.769162,0.286186,274.379140,0.286186,240.282694,0.286186,173.914399,0.286186,104.478127,0.286186,48.399335
0.286976,397.689725,0.286976,340.452530,0.286976,274.809895,0.286976,240.456029,0.286976,174.189784,0.286976,104.670146,0.286976,48.316535
0.287766,398.361938,0.287766,341.056670,0.287766,275.168605,0.287766,240.607799,0.287766,174.474809,0.287766,104.859630,0.287766,48.237677
0.288557,399.014773,0.288557,341.648943,0.288557,275.501224,0.288557,240.744964,0.288557,174.764091,0.288557,105.040434,0.288557,48.160234
0.289347,399.861575,0.289347,342.245600,0.289347,275.841272,0.289347,240.871782,0.289347,175.052872,0.289347,105.205038,0.289347,48.081366
0.290137,400.478378,0.290137,342.765944,0.290137,276.132557,0.290137,240.989149,0.290137,175.336663,0.290137,105.344085,0.290137,47.998099
0.290927,400.740052,0.290927,343.216541,0.290927,276.388086,0.290927,241.098583,0.290927,175.611745,0.290927,105.447703,0.290927,47.907133
0.291717,401.180067,0.291717,343.690246,0.291717,276.699270,0.291717,241.205106,0.291717,175.874916,0.291717,105.508384,0.291717,47.805317
0.292508,401.802071,0.292508,344.160855,0.292508,277.089860,0.292508,241.308949,0.292508,176.123509,0.292508,105.518916,0.292508,47.690277
0.293298,402.117244,0.293298,344.544268,0.293298,277.485723,0.293298,241.406687,0.293298,176.355283,0.293298,105.472869,0.293298,47.561402
0.294088,402.100997,0.294088,344.828380,0.294088,277.902376,0.294088,241.497477,0.294088,176.569639,0.294088,105.368768,0.294088,47.419246
0.294878,401.790143,0.294878,345.053926,0.294878,278.396391,0.294878,241.582217,0.294878,176.767530,0.294878,105.210381,0.294878,47.265611
0.295668,401.391213,0.295668,345.210192,0.295668,278.926471,0.295668,241.659766,0.295668,176.951186,0.295668,105.006196,0.295668,47.103462
0.296459,401.098157,0.296459,345.322797,0.296459,279.434124,0.296459,241.730038,0.296459,177.123391,0.296459,104.768336,0.296459,46.937316
0.297249,400.624303,0.297249,345.411342,0.297249,279.953126,0.297249,241.800698,0.297249,177.287159,0.297249,104.508079,0.297249,46.772106
0.298039,400.350824,0.298039,345.474632,0.298039,280.431381,0.298039,241.879521,0.298039,177.445622,0.298039,104.236325,0.298039,46.613258
0.298829,400.157620,0.298829,345.531399,0.298829,280.866003,0.298829,241.984200,0.298829,177.602013,0.298829,103.964619,0.298829,46.466838
0.299619,399.611676,0.299619,345.608190,0.299619,281.327484,0.299619,242.132904,0.299619,177.759529,0.299619,103.705842,0.299619,46.339795
0.300410,398.962373,0.300410,345.681102,0.300410,281.824733,0.300410,242.342834,0.300410,177.921862,0.300410,103.470833,0.300410,46.239360
0.301200,398.629896,0.301200,345.740768,0.301200,282.317863,0.301200,242.624818,0.301200,178.092834,0.301200,103.267966,0.301200,46.171721
0.301990,398.348938,0.301990,345.788896,0.301990,282.831107,0.301990,242.993898,0.301990,178.275711,0.301990,103.103497,0.301990,46.142039
0.302780,398.205769,0.302780,345.822749,0.302780,283.325823,0.302780,243.452979,0.302780,178.472685,0.302780,102.981048,0.302780,46.154245
0.303571,398.279769,0.303571,345.845340,0.303571,283.756669,0.303571,243.993713,0.303571,178.684643,0.303571,102.901203,0.303571,46.210429
0.304361,398.649873,0.304361,345.861475,0.304361,284.170448,0.304361,244.609866,0.304361,178.911214,0.304361,102.861915,0.304361,46.310250
0.305151,399.084607,0.305151,345.874211,0.305151,284.534962,0.305151,245.285218,0.305151,179.151319,0.305151,102.859040,0.305151,46.450289
0.305941,399.284748,0.305941,345.882213,0.305941,284.805353,0.305941,246.008055,0.305941,179.403166,0.305941,102.887178,0.305941,46.624294
0.306731,399.310534,0.306731,345.885089,0.306731,285.038986,0.306731,246.766665,0.306731,179.665135,0.306731,102.939543,0.306731,46.824387
0.307522,399.596411,0.307522,345.883486,0.307522,285.326748,0.307522,247.561273,0.307522,179.935586,0.307522,103.009165,0.307522,47.042198
0.308312,400.047523,0.308312,345.877260,0.308312,285.698188,0.308312,248.377502,0.308312,180.211366,0.308312,103.090333,0.308312,47.268627
0.309102,400.314918,0.309102,345.868219,0.309102,286.086095,0.309102,249.189047,0.309102,180.487351,0.309102,103.179371,0.309102,47.493206
0.309892,400.472993,0.309892,345.857723,0.309892,286.469637,0.309892,249.972546,0.309892,180.756930,0.309892,103.274886,0.309892,47.706476
0.310682,400.815365,0.310682,345.850758,0.310682,286.878193,0.310682,250.699442,0.310682,181.013762,0.310682,103.377246,0.310682,47.900173
0.311473,401.341828,0.311473,345.869754,0.311473,287.240212,0.311473,251.336368,0.311473,181.251290,0.311473,103.487805,0.311473,48.067360
0.312263,401.714551,0.312263,345.954489,0.312263,287.501442,0.312263,251.856808,0.312263,181.463080,0.312263,103.607423,0.312263,48.202900
0.313053,402.227920,0.313053,346.139945,0.313053,287.699637,0.313053,252.244709,0.313053,181.644659,0.313053,103.736424,0.313053,48.304384
0.313843,402.899539,0.313843,346.406336,0.313843,287.783615,0.313843,252.493008,0.313843,181.793679,0.313843,103.873646,0.313843,48.372052
0.314633,403.637189,0.314633,346.736781,0.314633,287.687804,0.314633,252.608887,0.314633,181.909886,0.314633,104.016922,0.314633,48.408047
0.315424,404.666940,0.315424,347.179182,0.315424,287.450522,0.315424,252.602208,0.315424,181.995154,0.315424,104.162943,0.315424,48.415978
0.316214,405.778157,0.316214,347.681299,0.316214,287.192802,0.316214,252.491258,0.316214,182.053405,0.316214,104.309231,0.316214,48.399616
0.317004,406.898217,0.317004,348.192201,0.317004,286.958786,0.317004,252.298377,0.317004,182.090271,0.317004,104.454532,0.317004,48.363090
0.317794,407.986243,0.317794,348.698855,0.317794,286.721408,0.317794,252.049525,0.317794,182.112270,0.317794,104.598041,0.317794,48.310826
0.318584,408.720077,0.318584,349.109692,0.318584,286.535899,0.318584,251.774568,0.318584,182.126034,0.318584,104.739661,0.318584,48.247368
0.319375,408.944016,0.319375,349.401910,0.319375,286.408222,0.319375,251.496141,0.319375,182.138056,0.319375,104.879718,0.319375,48.175699
0.320165,409.030079,0.320165,349.652789,0.320165,286.248061,0.320165,251.223389,0.320165,182.154508,0.320165,105.019018,0.320165,48.097102
0.320955,409.578279,0.320955,349.999861,0.320955,286.006484,0.320955,250.964836,0.320955,182.181167,0.320955,105.158336,0.320955,48.011663
0.321745,410.671823,0.321745,350.469941,0.321745,285.728923,0.321745,250.743254,0.321745,182.223236,0.321745,105.298823,0.321745,47.919033
0.322535,411.900040,0.322535,350.987914,0.322535,285.513367,0.322535,250.591405,0.322535,182.284721,0.322535,105.440208,0.322535,47.817623
0.323326,412.852353,0.323326,351.554823,0.323326,285.406992,0.323326,250.532800,0.323326,182.368161,0.323326,105.581434,0.323326,47.705461
0.324116,413.680744,0.324116,352.178612,0.324116,285.385783,0.324116,250.582043,0.324116,182.474340,0.324116,105.720213,0.324116,47.580821
0.324906,414.094117,0.324906,352.790555,0.324906,285.482474,0.324906,250.744641,0.324906,182.602061,0.324906,105.853010,0.324906,47.443013
0.325696,414.345578,0.325696,353.405284,0.325696,285.756542,0.325696,251.017247,0.325696,182.748411,0.325696,105.978480,0.325696,47.292701
0.326486,414.732347,0.326486,354.114782,0.326486,286.195049,0.326486,251.382335,0.326486,182.909005,0.326486,106.096763,0.326486,47.132661
0.327277,415.005858,0.327277,354.919808,0.327277,286.683605,0.327277,251.809921,0.327277,183.077928,0.327277,106.208324,0.327277,46.967518
0.328067,415.146574,0.328067,355.803218,0.328067,287.192450,0.328067,252.271582,0.328067,183.248012,0.328067,106.312874,0.328067,46.803542
0.328857,415.373418,0.328857,356.720038,0.328857,287.717833,0.328857,252.747448,0.328857,183.412254,0.328857,106.409702,0.328857,46.647406
0.329647,415.554308,0.329647,357.527600,0.329647,288.181617,0.329647,253.208937,0.329647,183.564422,0.329647,106.497500,0.329647,46.505481
0.330438,415.635283,0.330438,358.183900,0.330438,288.588208,0.330438,253.641556,0.330438,183.699610,0.330438,106.573932,0.330438,46.383524
0.331228,415.930265,0.331228,358.719559,0.331228,288.964726,0.331228,254.035272,0.331228,183.814112,0.331228,106.635673,0.331228,46.286719
0.332018,416.235505,0.332018,359.135256,0.332018,289.270751,0.332018,254.383609,0.332018,183.906015,0.332018,106.681387,0.332018,46.217880
0.332808,416.304725,0.332808,359.456126,0.332808,289.487370,0.332808,254.685933,0.332808,183.975161,0.332808,106.711732,0.332808,46.177645
0.333598,416.509191,0.333598,359.750759,0.333598,289.693790,0.333598,254.954432,0.333598,184.023276,0.333598,106.728568,0.333598,46.164516
0.334389,416.976412,0.334389,360.048089,0.334389,289.911491,0.334389,255.202977,0.334389,184.053620,0.334389,106.734368,0.334389,46.174827
0.335179,417.261906,0.335179,360.284160,0.335179,290.075119,0.335179,255.435574,0.335179,184.070239,0.335179,106.731657,0.335179,46.204262
0.335969,417.345488,0.335969,360.485143,0.335969,290.213854,0.335969,255.656898,0.335969,184.077394,0.335969,106.722805,0.335969,46.248242
0.336759,417.778093,0.336759,360.738477,0.336759,290.366405,0.336759,255.882452,0.336759,184.078696,0.336759,106.710346,0.336759,46.301359
0.337549,418.420707,0.337549,361.029864,0.337549,290.512022,0.337549,256.113351,0.337549,184.076767,0.337549,106.696883,0.337549,46.357417
0.338340,418.910827,0.338340,361.283524,0.338340,290.651399,0.338340,256.346581,0.338340,184.073210,0.338340,106.684437,0.338340,46.411562
0.339130,419.468342,0.339130,361.517484,0.339130,290.813645,0.339130,256.589949,0.339130,184.068723,0.339130,106.674931,0.339130,46.460861
0.339920,420.161204,0.339920,361.754488,0.339920,291.016651,0.339920,256.843942,0.339920,184.063257,0.339920,106.669233,0.339920,46.503621
0.340710,420.581096,0.340710,361.953337,0.340710,291.226578,0.340710,257.102339,0.340710,184.056138,0.340710,106.667374,0.340710,46.539139
0.341500,420.991284,0.341500,362.162887,0.341500,291.423991,0.341500,257.366493,0.341500,184.046347,0.341500,106.669391,0.341500,46.567748
0.342291,421.411390,0.342291,362.340033,0.342291,291.583217,0.342291,257.633326,0.342291,184.032651,0.342291,106.675374,0.342291,46.590530
0.343081,421.495595,0.343081,362.401788,0.343081,291.677292,0.343081,257.895811,0.343081,184.013679,0.343081,106.685324,0.343081,46.609006
0.343871,421.488006,0.343871,362.337261,0.343871,291.739289,0.343871,258.159742,0.343871,183.988245,0.343871,106.699023,0.343871,46.624831
0.344661,421.285815,0.344661,362.150547,0.344661,291.809424,0.344661,258.430687,0.344661,183.955704,0.344661,106.716422,0.344661,46.639235
0.345451,421.125386,0.345451,361.925895,0.345451,291.874677,0.345451,258.700361,0.345451,183.916085,0.345451,106.737332,0.345451,46.652837
0.346242,421.112673,0.346242,361.698452,0.346242,291.931682,0.346242,258.965776,0.346242,183.870029,0.346242,106.761090,0.346242,46.665823
0.347032,421.008622,0.347032,361.402991,0.347032,291.983619,0.347032,259.238002,0.347032,183.818807,0.347032,106.786134,0.347032,46.677818
0.347822,420.734419,0.347822,361.049206,0.347822,292.033092,0.347822,259.524325,0.347822,183.764471,0.347822,106.809871,0.347822,46.687741
0.348612,420.703368,0.348612,360.733962,0.348612,292.077271,0.348612,259.822024,0.348612,183.709816,0.348612,106.828159,0.348612,46.693908
0.349402,420.658826,0.349402,360.457804,0.349402,292.120623,0.349402,260.132811,0.349402,183.658334,0.349402,106.835109,0.349402,46.694461
0.350193,420.411948,0.350193,360.136572,0.350193,292.189685,0.350193,260.448055,0.350193,183.614354,0.350193,106.822768,0.350193,46.687662
0.350983,420.194255,0.350983,359.783713,0.350983,292.283881,0.350983,260.744752,0.350983,183.582606,0.350983,106.781884,0.350983,46.671862
0.351773,420.193814,0.351773,359.428885,0.351773,292.394566,0.351773,260.998696,0.351773,183.567961,0.351773,106.702516,0.351773,46.645633
0.352563,420.402136,0.352563,359.056689,0.352563,292.547043,0.352563,261.200044,0.352563,183.575031,0.352563,106.574633,0.352563,46.607182
0.353353,420.654219,0.353353,358.750667,0.353353,292.763755,0.353353,261.340655,0.353353,183.607947,0.353353,106.389796,0.353353,46.554355
0.354144,420.937531,0.354144,358.548332,0.354144,293.024247,0.354144,261.419402,0.354144,183.669737,0.354144,106.143531,0.354144,46.485045
0.354934,421.537089,0.354934,358.390747,0.354934,293.402686,0.354934,261.445155,0.354934,183.761794,0.354934,105.837167,0.354934,46.397732
0.355724,422.554879,0.355724,358.249604,0.355724,293.897985,0.355724,261.430870,0.355724,183.883672,0.355724,105.475963,0.355724,46.292310
0.356514,423.518563,0.356514,358.143698,0.356514,294.422199,0.356514,261.388146,0.356514,184.033235,0.356514,105.069028,0.356514,46.170480
0.357305,424.605802,0.357305,358.026022,0.357305,294.982243,0.357305,261.324011,0.357305,184.207188,0.357305,104.628342,0.357305,46.035547
0.358095,425.609745,0.358095,357.868566,0.358095,295.557649,0.358095,261.245624,0.358095,184.401339,0.358095,104.167709,0.358095,45.892584
0.358885,426.323630,0.358885,357.720412,0.358885,296.048738,0.358885,261.160070,0.358885,184.611702,0.358885,103.702515,0.358885,45.748482
0.359675,426.848895,0.359675,357.577780,0.359675,296.455677,0.359675,261.073653,0.359675,184.835172,0.359675,103.250331,0.359675,45.611935
0.360465,427.593895,0.360465,357.406512,0.360465,296.871796,0.360465,260.994073,0.360465,185.070180,0.360465,102.828379,0.360465,45.492435
0.361256,428.533653,0.361256,357.236501,0.361256,297.319826,0.361256,260.938608,0.361256,185.316711,0.361256,102.453362,0.361256,45.399734
0.362046,429.467088,0.362046,357.126018,0.362046,297.734788,0.362046,260.931080,0.362046,185.575706,0.362046,102.140348,0.362046,45.343458
0.362836,430.193208,0.362836,357.080050,0.362836,298.140758,0.362836,260.997948,0.362836,185.848543,0.362836,101.902769,0.362836,45.331573
0.363626,430.926021,0.363626,357.084410,0.363626,298.557559,0.363626,261.159324,0.363626,186.136533,0.363626,101.748049,0.363626,45.368386
0.364416,431.303770,0.364416,357.172901,0.364416,298.910845,0.364416,261.424013,0.364416,186.440410,0.364416,101.677400,0.364416,45.454084
0.365207,431.178473,0.365207,357.382455,0.365207,299.203677,0.365207,261.793401,0.365207,186.760280,0.365207,101.688860,0.365207,45.587776
0.365997,430.538305,0.365997,357.766158,0.365997,299.478360,0.365997,262.255743,0.365997,187.095260,0.365997,101.780468,0.365997,45.768561
0.366787,429.643964,0.366787,358.278826,0.366787,299.724574,0.366787,262.799298,0.366787,187.442746,0.366787,101.946885,0.366787,45.994052
0.367577,428.818972,0.367577,358.849247,0.367577,299.964121,0.367577,263.397893,0.367577,187.798406,0.367577,102.177198,0.367577,46.257313
0.368367,427.844508,0.368367,359.471929,0.368367,300.225044,0.368367,264.028262,0.368367,188.156832,0.368367,102.454698,0.368367,46.547271
0.369158,426.964169,0.369158,360.043296,0.369158,300.485081,0.369158,264.653362,0.369158,188.510721,0.369158,102.759009,0.369158,46.849792
0.369948,426.274964,0.369948,360.532964,0.369948,300.746961,0.369948,265.245004,0.369948,188.851711,0.369948,103.072379,0.369948,47.152654
0.370738,425.426452,0.370738,360.974814,0.370738,301.010413,0.370738,265.782679,0.370738,189.170821,0.370738,103.379543,0.370738,47.446248
0.371528,424.749360,0.371528,361.328627,0.371528,301.232904,0.371528,266.244606,0.371528,189.460831,0.371528,103.666628,0.371528,47.722984
0.372318,424.546947,0.372318,361.613249,0.372318,301.380378,0.372318,266.611488,0.372318,189.716641,0.372318,103.920990,0.372318,47.976363
0.373109,424.452443,0.373109,361.927459,0.373109,301.485885,0.373109,266.878076,0.373109,189.935248,0.373109,104.132383,0.373109,48.201932
0.373899,424.157467,0.373899,362.354468,0.373899,301.591381,0.373899,267.042438,0.373899,190.115659,0.373899,104.293460,0.373899,48.396931
0.374689,423.989636,0.374689,362.882421,0.374689,301.680954,0.374689,267.089153,0.374689,190.258380,0.374689,104.400816,0.374689,48.560180
0.375479,423.859045,0.375479,363.509283,0.375479,301.716866,0.375479,267.010014,0.375479,190.365230,0.375479,104.455145,0.375479,48.691694
0.376269,424.116868,0.376269,364.233035,0.376269,301.702775,0.376269,266.811955,0.376269,190.439892,0.376269,104.460634,0.376269,48.793173
0.377060,424.979767,0.377060,365.031749,0.377060,301.645347,0.377060,266.510194,0.377060,190.488145,0.377060,104.423049,0.377060,48.867330
0.377850,426.152291,0.377850,365.840924,0.377850,301.561750,0.377850,266.130441,0.377850,190.516660,0.377850,104.349834,0.377850,48.917033
0.378640,427.392741,0.378640,366.659883,0.378640,301.439686,0.378640,265.696998,0.378640,190.532700,0.378640,104.250299,0.378640,48.944703
0.379430,428.581359,0.379430,367.523876,0.379430,301.275185,0.379430,265.230501,0.379430,190.543290,0.379430,104.134729,0.379430,48.953121
0.380220,429.598469,0.380220,368.370888,0.380220,301.138278,0.380220,264.760571,0.380220,190.554847,0.380220,104.014233,0.380220,48.945167
0.381011,430.577054,0.381011,369.139092,0.381011,301.042715,0.381011,264.304963,0.381011,190.572900,0.381011,103.900401,0.381011,48.923620
0.381801,431.628144,0.381801,369.787706,0.381801,300.966612,0.381801,263.873652,0.381801,190.601953,0.381801,103.804184,0.381801,48.891218
0.382591,432.258684,0.382591,370.203774,0.382591,300.957300,0.382591,263.485563,0.382591,190.645305,0.382591,103.733085,0.382591,48.849877
0.383381,432.604430,0.383381,370.355856,0.383381,300.998791,0.383381,263.157337,0.383381,190.705347,0.383381,103.690873,0.383381,48.800860
0.384172,432.817065,0.384172,370.336102,0.384172,301.048464,0.384172,262.903452,0.384172,190.783596,0.384172,103.678563,0.384172,48.744969
0.384962,432.823775,0.384962,370.154536,0.384962,301.100851,0.384962,262.726344,0.384962,190.880572,0.384962,103.694905,0.384962,48.682389
0.385752,432.810527,0.385752,369.845019,0.385752,301.164305,0.385752,262.616302,0.385752,190.996175,0.385752,103.737556,0.385752,48.613390
0.386542,432.797798,0.386542,369.402383,0.386542,301.283701,0.386542,262.557029,0.386542,191.129708,0.386542,103.802777,0.386542,48.538904
0.387332,432.561532,0.387332,368.904604,0.387332,301.471707,0.387332,262.533566,0.387332,191.279316,0.387332,103.884931,0.387332,48.460407
0.388123,432.462149,0.388123,368.430293,0.388123,301.644098,0.388123,262.535752,0.388123,191.441705,0.388123,103.977204,0.388123,48.379571
0.388913,432.402938,0.388913,367.998741,0.388913,301.782475,0.388913,262.561573,0.388913,191.612606,0.388913,104.073648,0.388913,48.296665
0.389703,432.158526,0.389703,367.550092,0.389703,301.949687,0.389703,262.617967,0.389703,191.786874,0.389703,104.169151,0.389703,48.210275
0.390493,431.950097,0.390493,367.055857,0.390493,302.122664,0.390493,262.718523,0.390493,191.959150,0.390493,104.260822,0.390493,48.118400
0.391283,431.859036,0.391283,366.585857,0.391283,302.295941,0.391283,262.879647,0.391283,192.124174,0.391283,104.348028,0.391283,48.019379
0.392074,431.632746,0.392074,366.137726,0.392074,302.516828,0.392074,263.116995,0.392074,192.277584,0.392074,104.431007,0.392074,47.911825
0.392864,431.435540,0.392864,365.805322,0.392864,302.779755,0.392864,263.438735,0.392864,192.415915,0.392864,104.510391,0.392864,47.794667
0.393654,431.356996,0.393654,365.724480,0.393654,303.049014,0.393654,263.838601,0.393654,192.536589,0.393654,104.586405,0.393654,47.667618
0.394444,431.225670,0.394444,365.919313,0.394444,303.385007,0.394444,264.317961,0.394444,192.638035,0.394444,104.658759,0.394444,47.531442
0.395234,431.076658,0.395234,366.298644,0.395234,303.769371,0.395234,264.869115,0.395234,192.720031,0.395234,104.727590,0.395234,47.387417
0.396025,431.019323,0.396025,366.753944,0.396025,304.169422,0.396025,265.473267,0.396025,192.783527,0.396025,104.793860,0.396025,47.237441
0.396815,430.978647,0.396815,367.250170,0.396815,304.578910,0.396815,266.119387,0.396815,192.830153,0.396815,104.858857,0.396815,47.084931
0.397605,430.941783,0.397605,367.668347,0.397605,304.896989,0.397605,266.781989,0.397605,192.861812,0.397605,104.924121,0.397605,46.934572
0.398395,430.939281,0.398395,368.007675,0.398395,305.108448,0.398395,267.445284,0.398395,192.880724,0.398395,104.991711,0.398395,46.790196
0.399185,430.947070,0.399185,368.348485,0.399185,305.299842,0.399185,268.105219,0.399185,192.889221,0.399185,105.063383,0.399185,46.654800
0.399976,430.870542,0.399976,368.780531,0.399976,305.583404,0.399976,268.754042,0.399976,192.889704,0.399976,105.139637,0.399976,46.531491
0.400766,430.716806,0.400766,369.282762,0.400766,305.979361,0.400766,269.383907,0.400766,192.884459,0.400766,105.219446,0.400766,46.422944
0.401556,430.595074,0.401556,369.773480,0.401556,306.404800,0.401556,269.986970,0.401556,192.875547,0.401556,105.301622,0.401556,46.331313
0.402346,430.573891,0.402346,370.222181,0.402346,306.804686,0.402346,270.542876,0.402346,192.864671,0.402346,105.385370,0.402346,46.258453
0.403136,430.713198,0.403136,370.638918,0.403136,307.199466,0.403136,271.029485,0.403136,192.853285,0.403136,105.470302,0.403136,46.206281
0.403927,430.897713,0.403927,370.931315,0.403927,307.533510,0.403927,271.420262,0.403927,192.842700,0.403927,105.556035,0.403927,46.176449
0.404717,431.206577,0.404717,371.090198,0.404717,307.782093,0.404717,271.700834,0.404717,192.834070,0.404717,105.642237,0.404717,46.169360
0.405507,431.896904,0.405507,371.157779,0.405507,307.951402,0.405507,271.871347,0.405507,192.828494,0.405507,105.728245,0.405507,46.184310
0.406297,432.553016,0.406297,371.167227,0.406297,308.048795,0.406297,271.946500,0.406297,192.827102,0.406297,105.813203,0.406297,46.219926
0.407087,433.321530,0.407087,371.137329,0.407087,308.090164,0.407087,271.950523,0.407087,192.831423,0.407087,105.895965,0.407087,46.273719
0.407878,434.213155,0.407878,371.072043,0.407878,308.096488,0.407878,271.906486,0.407878,192.843663,0.407878,105.976832,0.407878,46.342042
0.408668,434.806607,0.408668,370.999764,0.408668,308.079835,0.408668,271.836794,0.408668,192.866768,0.408668,106.057534,0.408668,46.420008
0.409458,435.257807,0.409458,370.915146,0.409458,308.047185,0.409458,271.758189,0.409458,192.904129,0.409458,106.140678,0.409458,46.501122
0.410248,436.059459,0.410248,370.802351,0.410248,308.010896,0.410248,271.680114,0.410248,192.959233,0.410248,106.229224,0.410248,46.577232
0.411039,437.027099,0.411039,370.689899,0.411039,307.974798,0.411039,271.606977,0.411039,193.034885,0.411039,106.327141,0.411039,46.639868
0.411829,438.035427,0.411829,370.613308,0.411829,307.941895,0.411829,271.540021,0.411829,193.132541,0.411829,106.438874,0.411829,46.680715
0.412619,438.959226,0.412619,370.578004,0.412619,307.918391,0.412619,271.480772,0.412619,193.251674,0.412619,106.569664,0.412619,46.691928
0.413409,439.617146,0.413409,370.568182,0.413409,307.910223,0.413409,271.431791,0.413409,193.389640,0.413409,106.724140,0.413409,46.665924
0.414199,439.782995,0.414199,370.589117,0.414199,307.917525,0.414199,271.394868,0.414199,193.542925,0.414199,106.908050,0.414199,46.596660
0.414990,439.792186,0.414990,370.714669,0.414990,307.940800,0.414990,271.369772,0.414990,193.708015,0.414990,107.126123,0.414990,46.480850
0.415780,439.541311,0.415780,371.019884,0.415780,307.985411,0.415780,271.354568,0.415780,193.881396,0.415780,107.380693,0.415780,46.317945
0.416570,438.855908,0.416570,371.477715,0.416570,308.058549,0.416570,271.345290,0.416570,194.059556,0.416570,107.670137,0.416570,46.110308
0.417360,438.131625,0.417360,371.999390,0.417360,308.152106,0.417360,271.338287,0.417360,194.238984,0.417360,107.988813,0.417360,45.863419
0.418150,437.188807,0.418150,372.594514,0.418150,308.261974,0.418150,271.330944,0.418150,194.416161,0.418150,108.327158,0.418150,45.586063
0.418941,436.297582,0.418941,373.251925,0.418941,308.383251,0.418941,271.322549,0.418941,194.585722,0.418941,108.672081,0.418941,45.289460
0.419731,435.728164,0.419731,373.869089,0.419731,308.489003,0.419731,271.313579,0.419731,194.742257,0.419731,109.005662,0.419731,44.987470
0.420521,435.304706,0.420521,374.432177,0.420521,308.596801,0.420521,271.304978,0.420521,194.882781,0.420521,109.308992,0.420521,44.694545
0.421311,434.828439,0.421311,374.981808,0.421311,308.778725,0.421311,271.297026,0.421311,195.006283,0.421311,109.563177,0.421311,44.423201
0.422101,434.322904,0.422101,375.492232,0.422101,309.032962,0.422101,271.289565,0.422101,195.112642,0.422101,109.753736,0.422101,44.182992
0.422892,434.054590,0.422892,375.958989,0.422892,309.349680,0.422892,271.282185,0.422892,195.201737,0.422892,109.872245,0.422892,43.980211
0.423682,433.775954,0.423682,376.374145,0.423682,309.753862,0.423682,271.274399,0.423682,195.273447,0.423682,109.914234,0.423682,43.817517
0.424472,433.739863,0.424472,376.670062,0.424472,310.201054,0.424472,271.265632,0.424472,195.327652,0.424472,109.878133,0.424472,43.694206
0.425262,433.871036,0.425262,376.858315,0.425262,310.694190,0.425262,271.255785,0.425262,195.364233,0.425262,109.767117,0.425262,43.606924
0.426052,434.373707,0.426052,377.018048,0.426052,311.293537,0.426052,271.245430,0.426052,195.383069,0.426052,109.590216,0.426052,43.549579
0.426843,434.825457,0.426843,377.141031,0.426843,311.963094,0.426843,271.234774,0.426843,195.384043,0.426843,109.360624,0.426843,43.515379
0.427633,434.963123,0.427633,377.224686,0.427633,312.661452,0.427633,271.223794,0.427633,195.367626,0.427633,109.093329,0.427633,43.498311
0.428423,435.012476,0.428423,377.332897,0.428423,313.347220,0.428423,271.212966,0.428423,195.336698,0.428423,108.802233,0.428423,43.493219
0.429213,435.361772,0.429213,377.484282,0.429213,314.082062,0.429213,271.204169,0.429213,195.296089,0.429213,108.499950,0.429213,43.496095
0.430003,435.701878,0.430003,377.666534,0.430003,314.872723,0.430003,271.202328,0.430003,195.252251,0.430003,108.196772,0.430003,43.503693
0.430794,435.868033,0.430794,377.828254,0.430794,315.689788,0.430794,271.216419,0.430794,195.211750,0.430794,107.903412,0.430794,43.513480
0.431584,436.218539,0.431584,378.011873,0.431584,316.503857,0.431584,271.260290,0.431584,195.180002,0.431584,107.631673,0.431584,43.523512
0.432374,436.678840,0.432374,378.176464,0.432374,317.271044,0.432374,271.350948,0.432374,195.160218,0.432374,107.392403,0.432374,43.532277
0.433164,436.901367,0.433164,378.275850,0.433164,317.854932,0.433164,271.505835,0.433164,195.154087,0.433164,107.192562,0.433164,43.539014
0.433954,436.872417,0.433954,378.306651,0.433954,318.218069,0.433954,271.737574,0.433954,195.163300,0.433954,107.035519,0.433954,43.543580
0.434745,436.779691,0.434745,378.263629,0.434745,318.374799,0.434745,272.049860,0.434745,195.189548,0.434745,106.920439,0.434745,43.546336
0.435535,436.677159,0.435535,378.163048,0.435535,318.332284,0.435535,272.435157,0.435535,195.234524,0.435535,106.843460,0.435535,43.548071
0.436325,436.397940,0.436325,378.005487,0.436325,318.141159,0.436325,272.884132,0.436325,195.299919,0.436325,106.797582,0.436325,43.549608
0.437115,436.015567,0.437115,377.803516,0.437115,317.914273,0.437115,273.377782,0.437115,195.387427,0.437115,106.774069,0.437115,43.551755
0.437906,435.882648,0.437906,377.628958,0.437906,317.720184,0.437906,273.884882,0.437906,195.497347,0.437906,106.764896,0.437906,43.554967
0.438696,435.868611,0.438696,377.486870,0.438696,317.531746,0.438696,274.388034,0.438696,195.627590,0.438696,106.763805,0.438696,43.559364
0.439486,435.590694,0.439486,377.327206,0.439486,317.298640,0.439486,274.881397,0.439486,195.773773,0.439486,106.766153,0.439486,43.564675
0.440276,435.346270,0.440276,377.173835,0.440276,317.061520,0.440276,275.344874,0.440276,195.929852,0.440276,106.769703,0.440276,43.570178
0.441066,435.331203,0.441066,377.053706,0.441066,316.853601,0.441066,275.762628,0.441066,196.088777,0.441066,106.773006,0.441066,43.575428
0.441857,435.061985,0.441857,376.902299,0.441857,316.614948,0.441857,276.133133,0.441857,196.243248,0.441857,106.775116,0.441857,43.580283
0.442647,434.716345,0.442647,376.749334,0.442647,316.387468,0.442647,276.445021,0.442647,196.386604,0.442647,106.776200,0.442647,43.585727
0.443437,434.612044,0.443437,376.685382,0.443437,316.268942,0.443437,276.676864,0.443437,196.513461,0.443437,106.776737,0.443437,43.593062
0.444227,434.531802,0.444227,376.756360,0.444227,316.294700,0.444227,276.821317,0.444227,196.620312,0.444227,106.777188,0.444227,43.603772
0.445017,434.851462,0.445017,377.001732,0.445017,316.498711,0.445017,276.881400,0.445017,196.705584,0.445017,106.777975,0.445017,43.619737
0.445808,435.321156,0.445808,377.399339,0.445808,316.876599,0.445808,276.866158,0.445808,196.769553,0.445808,106.779143,0.445808,43.643088
0.446598,435.701699,0.446598,377.873015,0.446598,317.382531,0.446598,276.792216,0.446598,196.813956,0.446598,106.780342,0.446598,43.676013
0.447388,436.408813,0.447388,378.445380,0.447388,318.037603,0.447388,276.677431,0.447388,196.841447,0.447388,106.780893,0.447388,43.720418
0.448178,437.238202,0.448178,379.066441,0.448178,318.771537,0.448178,276.538408,0.448178,196.855190,0.448178,106.780066,0.448178,43.777632
0.448968,438.065002,0.448968,379.671562,0.448968,319.496089,0.448968,276.384532,0.448968,196.858339,0.448968,106.778129,0.448968,43.847371
0.449759,439.042127,0.449759,380.286373,0.449759,320.219760,0.449759,276.218551,0.449759,196.853905,0.449759,106.775504,0.449759,43.927047
0.450549,439.869951,0.450549,380.851909,0.450549,320.871349,0.450549,276.049106,0.450549,196.844688,0.450549,106.772733,0.450549,44.011246
0.451339,440.341942,0.451339,381.339826,0.451339,321.469796,0.451339,275.889630,0.451339,196.833225,0.451339,106.770164,0.451339,44.092461
0.452129,440.917238,0.452129,381.815965,0.452129,322.034058,0.452129,275.742369,0.452129,196.821510,0.452129,106.768006,0.452129,44.164964
0.452919,441.675019,0.452919,382.301242,0.452919,322.550205,0.452919,275.614956,0.452919,196.810961,0.452919,106.766390,0.452919,44.225155
0.453710,442.142341,0.453710,382.720524,0.453710,322.907040,0.453710,275.526064,0.453710,196.802493,0.453710,106.765409,0.453710,44.270533
0.454500,442.269762,0.454500,383.066594,0.454500,323.073561,0.454500,275.485587,0.454500,196.796668,0.454500,106.765523,0.454500,44.298842
0.455290,442.626738,0.455290,383.429380,0.455290,323.120200,0.455290,275.496503,0.455290,196.793748,0.455290,106.766993,0.455290,44.308592
0.456080,443.178597,0.456080,383.850447,0.456080,323.092397,0.456080,275.554268,0.456080,196.793805,0.456080,106.769823,0.456080,44.298940
0.456870,443.578354,0.456870,384.319116,0.456870,323.024420,0.456870,275.647397,0.456870,196.796658,0.456870,106.773815,0.456870,44.269558
0.457661,444.135461,0.457661,384.829795,0.457661,322.886092,0.457661,275.770248,0.457661,196.801873,0.457661,106.778475,0.457661,44.220786
0.458451,445.007907,0.458451,385.402728,0.458451,322.680296,0.458451,275.918758,0.458451,196.808754,0.458451,106.783555,0.458451,44.154376
0.459241,445.713337,0.459241,385.962247,0.459241,322.475115,0.459241,276.077364,0.459241,196.816298,0.459241,106.789082,0.459241,44.072926
0.460031,446.177154,0.460031,386.529715,0.460031,322.294990,0.460031,276.238506,0.460031,196.823110,0.460031,106.795287,0.460031,43.979525
0.460821,446.750398,0.460821,387.134521,0.460821,322.127688,0.460821,276.403403,0.460821,196.827347,0.460821,106.802692,0.460821,43.877588
0.461612,447.239412,0.461612,387.705130,0.461612,321.987004,0.461612,276.573699,0.461612,196.826651,0.461612,106.812136,0.461612,43.769606
0.462402,447.729098,0.462402,388.235845,0.462402,321.853429,0.462402,276.755991,0.462402,196.818142,0.462402,106.824680,0.462402,43.655823
0.463192,448.347584,0.463192,388.649584,0.463192,321.713132,0.463192,276.960294,0.463192,196.798475,0.463192,106.841690,0.463192,43.533744
0.463982,448.648899,0.463982,388.855484,0.463982,321.646778,0.463982,277.191928,0.463982,196.763989,0.463982,106.864045,0.463982,43.398959
0.464773,448.676725,0.464773,388.850006,0.464773,321.675688,0.464773,277.454161,0.464773,196.711109,0.464773,106.892741,0.464773,43.246898
0.465563,448.689619,0.465563,388.706025,0.465563,321.809953,0.465563,277.759292,0.465563,196.637502,0.465563,106.929628,0.465563,43.074563
0.466353,448.540086,0.466353,388.444361,0.466353,322.058426,0.466353,278.107016,0.466353,196.542395,0.466353,106.976166,0.466353,42.881876
0.467143,448.481501,0.467143,388.172775,0.467143,322.331565,0.467143,278.483091,0.467143,196.426367,0.467143,107.033004,0.467143,42.671409
0.467933,448.494405,0.467933,387.907072,0.467933,322.610959,0.467933,278.883807,0.467933,196.291385,0.467933,107.100066,0.467933,42.448257
0.468724,448.233027,0.468724,387.627803,0.468724,322.938903,0.468724,279.312933,0.468724,196.140531,0.468724,107.176790,0.468724,42.220395
0.469514,447.995171,0.469514,387.315535,0.469514,323.284933,0.469514,279.761950,0.469514,195.978169,0.469514,107.261395,0.469514,41.999081
0.470304,447.929737,0.470304,387.001009,0.470304,323.631039,0.470304,280.214790,0.470304,195.809899,0.470304,107.350531,0.470304,41.798629
0.471094,447.722713,0.471094,386.624437,0.471094,324.042037,0.471094,280.652958,0.471094,195.642034,0.471094,107.439021,0.471094,41.632956
0.471884,447.482395,0.471884,386.231039,0.471884,324.497439,0.471884,281.044337,0.471884,195.481177,0.471884,107.521452,0.471884,41.514521
0.472675,447.348160,0.472675,385.936804,0.472675,324.894232,0.472675,281.354062,0.472675,195.333442,0.472675,107.591350,0.472675,41.455122
0.473465,447.172733,0.473465,385.762754,0.473465,325.216453,0.473465,281.561700,0.473465,195.203573,0.473465,107.642839,0.473465,41.464488
0.474255,447.017054,0.474255,385.694290,0.474255,325.474614,0.474255,281.660975,0.474255,195.094398,0.474255,107.673484,0.474255,41.547878
0.475045,446.987614,0.475045,385.713670,0.475045,325.650231,0.475045,281.656166,0.475045,195.006901,0.475045,107.684079,0.475045,41.706326
0.475835,447.013834,0.475835,385.830810,0.475835,325.795188,0.475835,281.559531,0.475835,194.940241,0.475835,107.678145,0.475835,41.936374
0.476626,447.058012,0.476626,386.038627,0.476626,325.945902,0.476626,281.391723,0.476626,194.892080,0.476626,107.660865,0.476626,42.230285
0.477416,447.094979,0.477416,386.266555,0.477416,326.102291,0.477416,281.178014,0.477416,194.859386,0.477416,107.637948,0.477416,42.575818
0.478206,447.132725,0.478206,386.497059,0.478206,326.266697,0.478206,280.941685,0.478206,194.838975,0.478206,107.614243,0.478206,42.958310
0.478996,447.153702,0.478996,386.742035,0.478996,326.411772,0.478996,280.699265,0.478996,194.827865,0.478996,107.593500,0.478996,43.361748
0.479786,447.166876,0.479786,386.961803,0.479786,326.532409,0.479786,280.464307,0.479786,194.823484,0.479786,107.578539,0.479786,43.769784
0.480577,447.158620,0.480577,387.118744,0.480577,326.622716,0.480577,280.247279,0.480577,194.823660,0.480577,107.571209,0.480577,44.168997
0.481367,447.133520,0.481367,387.273146,0.481367,326.739507,0.481367,280.044495,0.481367,194.826594,0.481367,107.573075,0.481367,44.548150
0.482157,447.142556,0.482157,387.477656,0.482157,326.902441,0.482157,279.859513,0.482157,194.830859,0.482157,107.585579,0.482157,44.895915
0.482947,447.192393,0.482947,387.692700,0.482947,327.048379,0.482947,279.710152,0.482947,194.835373,0.482947,107.609911,0.482947,45.200904
0.483737,447.290693,0.483737,387.924616,0.483737,327.105448,0.483737,279.606415,0.483737,194.839390,0.483737,107.646364,0.483737,45.457240
0.484528,447.619976,0.484528,388.246314,0.484528,327.078246,0.484528,279.549910,0.484528,194.842461,0.484528,107.694456,0.484528,45.663368
0.485318,447.882044,0.485318,388.634279,0.485318,326.986332,0.485318,279.538490,0.485318,194.844385,0.485318,107.753097,0.485318,45.818041
0.486108,448.098548,0.486108,389.087309,0.486108,326.812816,0.486108,279.567004,0.486108,194.845228,0.486108,107.820926,0.486108,45.920015
0.486898,448.745509,0.486898,389.637699,0.486898,326.511138,0.486898,279.626231,0.486898,194.845255,0.486898,107.896779,0.486898,45.968045
0.487688,449.705634,0.487688,390.261763,0.487688,326.121064,0.487688,279.702483,0.487688,194.844931,0.487688,107.978080,0.487688,45.962375
0.488479,450.507445,0.488479,390.867140,0.488479,325.753404,0.488479,279.782482,0.488479,194.844958,0.488479,108.060617,0.488479,45.907509
0.489269,451.220097,0.489269,391.462466,0.489269,325.421520,0.489269,279.861312,0.489269,194.846304,0.489269,108.140231,0.489269,45.811094
0.490059,452.130610,0.490059,392.051905,0.490059,325.094731,0.490059,279.935192,0.490059,194.850568,0.490059,108.214713,0.490059,45.683149
0.490849,452.903280,0.490849,392.595106,0.490849,324.759293,0.490849,280.000280,0.490849,194.859935,0.490849,108.284166,0.490849,45.535152
0.491640,453.805936,0.491640,393.123266,0.491640,324.375665,0.491640,280.056267,0.491640,194.876936,0.491640,108.350698,0.491640,45.378307
0.492430,454.487961,0.492430,393.570810,0.492430,323.998888,0.492430,280.107383,0.492430,194.904314,0.492430,108.418459,0.492430,45.222852
0.493220,454.671958,0.493220,393.899377,0.493220,323.741929,0.493220,280.161359,0.493220,194.944960,0.493220,108.493599,0.493220,45.076575
0.494010,454.781212,0.494010,394.171539,0.494010,323.625405,0.494010,280.229382,0.494010,195.001657,0.494010,108.583495,0.494010,44.944742
0.494800,454.987258,0.494800,394.477123,0.494800,323.629375,0.494800,280.322780,0.494800,195.076554,0.494800,108.695773,0.494800,44.831175
0.495591,455.251098,0.495591,394.821965,0.495591,323.747566,0.495591,280.448556,0.495591,195.170757,0.495591,108.836667,0.495591,44.738107
0.496381,455.426510,0.496381,395.118124,0.496381,323.946021,0.496381,280.607572,0.496381,195.284258,0.496381,109.010430,0.496381,44.665756
0.497171,455.525291,0.497171,395.347646,0.497171,324.245357,0.497171,280.798566,0.497171,195.415803,0.497171,109.218297,0.497171,44.612302
0.497961,455.611393,0.497961,395.571302,0.497961,324.645967,0.497961,281.022538,0.497961,195.562542,0.497961,109.458377,0.497961,44.574744
0.498751,455.650752,0.498751,395.786758,0.498751,325.079756,0.498751,281.270839,0.498751,195.719857,0.498751,109.725240,0.498751,44.549640
0.499542,455.680223,0.499542,395.985100,0.499542,325.503886,0.499542,281.542480,0.499542,195.881725,0.499542,110.010647,0.499542,44.533617
0.500332,455.693020,0.500332,396.181123,0.500332,325.971952,0.500332,281.842380,0.500332,196.041662,0.500332,110.304775,0.500332,44.523683
0.501122,455.704524,0.501122,396.362326,0.501122,326.447306,0.501122,282.161997,0.501122,196.194156,0.501122,110.594966,0.501122,44.517029
0.501912,455.728979,0.501912,396.517900,0.501912,326.858409,0.501912,282.480110,0.501912,196.335001,0.501912,110.865973,0.501912,44.511139
0.502702,455.720295,0.502702,396.665879,0.502702,327.234958,0.502702,282.769655,0.502702,196.461104,0.502702,111.104546,0.502702,44.503890
0.503493,455.660748,0.503493,396.795519,0.503493,327.613732,0.503493,282.999148,0.503493,196.570025,0.503493,111.300788,0.503493,44.493607
0.504283,455.395418,0.504283,396.914082,0.504283,328.007176,0.504283,283.151092,0.504283,196.660570,0.504283,111.448388,0.504283,44.478829
0.505073,454.882940,0.505073,397.048385,0.505073,328.397131,0.505073,283.222344,0.505073,196.732535,0.505073,111.545043,0.505073,44.457972
0.505863,454.526740,0.505863,397.162176,0.505863,328.679472,0.505863,283.221157,0.505863,196.786759,0.505863,111.591659,0.505863,44.429171
0.506653,454.483531,0.506653,397.240117,0.506653,328.841579,0.506653,283.156534,0.506653,196.824862,0.506653,111.592643,0.506653,44.390514
0.507444,454.416020,0.507444,397.329173,0.507444,328.975009,0.507444,283.033603,0.507444,196.849041,0.507444,111.556203,0.507444,44.340691
0.508234,453.991649,0.508234,397.457757,0.508234,329.145499,0.508234,282.858332,0.508234,196.861850,0.508234,111.493280,0.508234,44.279265
0.509024,453.334449,0.509024,397.611205,0.509024,329.344288,0.509024,282.646347,0.509024,196.865813,0.509024,111.413135,0.509024,44.206834
0.509814,452.797178,0.509814,397.757190,0.509814,329.544054,0.509814,282.420921,0.509814,196.863257,0.509814,111.323175,0.509814,44.125056
0.510604,452.215382,0.510604,397.900679,0.510604,329.788332,0.510604,282.200016,0.510604,196.856132,0.510604,111.229468,0.510604,44.034986
0.511395,451.342885,0.511395,398.075493,0.511395,330.082166,0.511395,281.992392,0.511395,196.845871,0.511395,111.137191,0.511395,43.937410
0.512185,450.610595,0.512185,398.239740,0.512185,330.366001,0.512185,281.801584,0.512185,196.833508,0.512185,111.051078,0.512185,43.832502
0.512975,450.007507,0.512975,398.423097,0.512975,330.614297,0.512975,281.628561,0.512975,196.819776,0.512975,110.974498,0.512975,43.719842
0.513765,449.252067,0.513765,398.624605,0.513765,330.858153,0.513765,281.481412,0.513765,196.805207,0.513765,110.910464,0.513765,43.598006
0.514555,448.725807,0.514555,398.761255,0.514555,331.032451,0.514555,281.376725,0.514555,196.790276,0.514555,110.860981,0.514555,43.465289
0.515346,448.738843,0.515346,398.814607,0.515346,331.141956,0.515346,281.323066,0.515346,196.775489,0.515346,110.826796,0.515346,43.320049
0.516136,448.953997,0.516136,398.810959,0.516136,331.219260,0.516136,281.318559,0.516136,196.761456,0.516136,110.806555,0.516136,43.161487
0.516926,449.245209,0.516926,398.769624,0.516926,331.263649,0.516926,281.356246,0.516926,196.749028,0.516926,110.797505,0.516926,42.990194
0.517716,449.862490,0.517716,398.675604,0.517716,331.284049,0.517716,281.429728,0.517716,196.739449,0.517716,110.795824,0.517716,42.809185
0.518507,450.818395,0.518507,398.541066,0.518507,331.289142,0.518507,281.522080,0.518507,196.734420,0.518507,110.795648,0.518507,42.622608
0.519297,451.505766,0.519297,398.428210,0.519297,331.281623,0.519297,281.612793,0.519297,196.736169,0.519297,110.789253,0.519297,42.436371
0.520087,451.982720,0.520087,398.344537,0.520087,331.260652,0.520087,281.693161,0.520087,196.747495,0.520087,110.767400,0.520087,42.259087
0.520877,452.520695,0.520877,398.226827,0.520877,331.222948,0.520877,281.767024,0.520877,196.771741,0.520877,110.719651,0.520877,42.101815
0.521667,453.134213,0.521667,398.109151,0.521667,331.179102,0.521667,281.846211,0.521667,196.812698,0.521667,110.634490,0.521667,41.974883
0.522458,453.448129,0.522458,398.042904,0.522458,331.153260,0.522458,281.948648,0.522458,196.874065,0.522458,110.500474,0.522458,41.886975
0.523248,453.549641,0.523248,398.019287,0.523248,331.148368,0.523248,282.095562,0.523248,196.959202,0.523248,110.307886,0.523248,41.845380
0.524038,453.925958,0.524038,398.031581,0.524038,331.168786,0.524038,282.304155,0.524038,197.070655,0.524038,110.049582,0.524038,41.856236
0.524828,454.565715,0.524828,398.077412,0.524828,331.238245,0.524828,282.583090,0.524828,197.209595,0.524828,109.720862,0.524828,41.925137
0.525618,455.086677,0.525618,398.162701,0.525618,331.382506,0.525618,282.927743,0.525618,197.375587,0.525618,109.320701,0.525618,42.055149
0.526409,455.610015,0.526409,398.322274,0.526409,331.612068,0.526409,283.332503,0.526409,197.566165,0.526409,108.853317,0.526409,42.245374
0.527199,456.320099,0.527199,398.541219,0.527199,331.893117,0.527199,283.787521,0.527199,197.776829,0.527199,108.327933,0.527199,42.490757
0.527989,456.830515,0.527989,398.782843,0.527989,332.159139,0.527989,284.271943,0.527989,198.001756,0.527989,107.758789,0.527989,42.782908
0.528779,457.388813,0.528779,399.067506,0.528779,332.416572,0.528779,284.773166,0.528779,198.234182,0.528779,107.163176,0.528779,43.110616
0.529569,457.895454,0.529569,399.394647,0.529569,332.666941,0.529569,285.279106,0.529569,198.467480,0.529569,106.557423,0.529569,43.460793
0.530360,458.207207,0.530360,399.703126,0.530360,332.903246,0.530360,285.775599,0.530360,198.695323,0.530360,105.957410,0.530360,43.818706
0.531150,458.654881,0.531150,399.990073,0.531150,333.159202,0.531150,286.257587,0.531150,198.911199,0.531150,105.379177,0.531150,44.171229
0.531940,459.338316,0.531940,400.272200,0.531940,333.437630,0.531940,286.707415,0.531940,199.108398,0.531940,104.838534,0.531940,44.506961
0.532730,459.780479,0.532730,400.504785,0.532730,333.707214,0.532730,287.099284,0.532730,199.280874,0.532730,104.349728,0.532730,44.815302
0.533520,460.035723,0.533520,400.712724,0.533520,333.931245,0.533520,287.419758,0.533520,199.423962,0.533520,103.927741,0.533520,45.086022
0.534311,460.397604,0.534311,400.942118,0.534311,334.118808,0.534311,287.664471,0.534311,199.534334,0.534311,103.584844,0.534311,45.312062
0.535101,460.625530,0.535101,401.149510,0.535101,334.254865,0.535101,287.816230,0.535101,199.610183,0.535101,103.328351,0.535101,45.489436
0.535891,460.715333,0.535891,401.305385,0.535891,334.341692,0.535891,287.867222,0.535891,199.651416,0.535891,103.160289,0.535891,45.616823
0.536681,460.733462,0.536681,401.478543,0.536681,334.402411,0.536681,287.823170,0.536681,199.659622,0.536681,103.077692,0.536681,45.695404
0.537471,460.692042,0.537471,401.688114,0.537471,334.458315,0.537471,287.703978,0.537471,199.638125,0.537471,103.072447,0.537471,45.728725
0.538262,460.705245,0.538262,401.885835,0.538262,334.527293,0.538262,287.536881,0.538262,199.591737,0.538262,103.132124,0.538262,45.722250
0.539052,460.727220,0.539052,402.067406,0.539052,334.620618,0.539052,287.342125,0.539052,199.526302,0.539052,103.242920,0.539052,45.681558
0.539842,460.748928,0.539842,402.267184,0.539842,334.730767,0.539842,287.138141,0.539842,199.448288,0.539842,103.392289,0.539842,45.610985
0.540632,460.770631,0.540632,402.462649,0.540632,334.831192,0.540632,286.940978,0.540632,199.364046,0.540632,103.570359,0.540632,45.514147
0.541422,460.761662,0.541422,402.646851,0.541422,334.916128,0.541422,286.759790,0.541422,199.279893,0.541422,103.770116,0.541422,45.394611
0.542213,460.738575,0.542213,402.874078,0.542213,334.999194,0.542213,286.595930,0.542213,199.201984,0.542213,103.987558,0.542213,45.255807
0.543003,460.739219,0.543003,403.128013,0.543003,335.085167,0.543003,286.450776,0.543003,199.135855,0.543003,104.220574,0.543003,45.101174
0.543793,460.744050,0.543793,403.349548,0.543793,335.175864,0.543793,286.325591,0.543793,199.086039,0.543793,104.469368,0.543793,44.933452
0.544583,460.873556,0.544583,403.550555,0.544583,335.264255,0.544583,286.216277,0.544583,199.055796,0.544583,104.735781,0.544583,44.755781
0.545374,461.060647,0.545374,403.726953,0.545374,335.332853,0.545374,286.122104,0.545374,199.046883,0.545374,105.020790,0.545374,44.572648
0.546164,461.169234,0.546164,403.834196,0.546164,335.371811,0.546164,286.043985,0.546164,199.059387,0.546164,105.323988,0.546164,44.389483
0.546954,461.366223,0.546954,403.899856,0.546954,335.390331,0.546954,285.979429,0.546954,199.091766,0.546954,105.645281,0.546954,44.210041
0.547744,461.899583,0.547744,403.972326,0.547744,335.400999,0.547744,285.923556,0.547744,199.141108,0.547744,105.983965,0.547744,44.037126
0.548534,462.319384,0.548534,404.025896,0.548534,335.411780,0.548534,285.871679,0.548534,199.203671,0.548534,106.336924,0.548534,43.872723
0.549325,462.478218,0.549325,404.065258,0.549325,335.421079,0.549325,285.820194,0.549325,199.275224,0.549325,106.698330,0.549325,43.717955
0.550115,462.781955,0.550115,404.147089,0.550115,335.428234,0.550115,285.765096,0.550115,199.351868,0.550115,107.062875,0.550115,43.572766
0.550905,463.332997,0.550905,404.266915,0.550905,335.429203,0.550905,285.703904,0.550905,199.430146,0.550905,107.423683,0.550905,43.436072
0.551695,463.694866,0.551695,404.361120,0.551695,335.417058,0.551695,285.636429,0.551695,199.507324,0.551695,107.772201,0.551695,43.304861
0.552485,463.961522,0.552485,404.440750,0.552485,335.388157,0.552485,285.563966,0.552485,199.581391,0.552485,108.097768,0.552485,43.174753
0.553276,464.525673,0.553276,404.536800,0.553276,335.349115,0.553276,285.491245,0.553276,199.650797,0.553276,108.386160,0.553276,43.041335
0.554066,465.082709,0.554066,404.627996,0.554066,335.321874,0.554066,285.431083,0.554066,199.714487,0.554066,108.621504,0.554066,42.901099
0.554856,465.538710,0.554856,404.687991,0.554856,335.351564,0.554856,285.403174,0.554856,199.771750,0.554856,108.790398,0.554856,42.752482
0.555646,466.175489,0.555646,404.681324,0.555646,335.457436,0.555646,285.418524,0.555646,199.822169,0.555646,108.883434,0.555646,42.595380
0.556436,466.754477,0.556436,404.619427,0.556436,335.616499,0.556436,285.481974,0.556436,199.865520,0.556436,108.896810,0.556436,42.431124
0.557227,467.214719,0.557227,404.509139,0.557227,335.801964,0.557227,285.599676,0.557227,199.901787,0.557227,108.831202,0.557227,42.261437
0.558017,467.838219,0.558017,404.341288,0.558017,336.022594,0.558017,285.770279,0.558017,199.931148,0.558017,108.692490,0.558017,42.088096
0.558807,468.396341,0.558807,404.177577,0.558807,336.245618,0.558807,285.978856,0.558807,199.953872,0.558807,108.491475,0.558807,41.913004
0.559597,468.725371,0.559597,404.054910,0.559597,336.469216,0.559597,286.211186,0.559597,199.970069,0.559597,108.241523,0.559597,41.736642
0.560387,469.334144,0.560387,403.910611,0.560387,336.754307,0.560387,286.463030,0.560387,199.979490,0.560387,107.957596,0.560387,41.557696
0.561178,470.255242,0.561178,403.726842,0.561178,337.107696,0.561178,286.727958,0.561178,199.981389,0.561178,107.653618,0.561178,41.374089
0.561968,470.884851,0.561968,403.574824,0.561968,337.452192,0.561968,286.992982,0.561968,199.974412,0.561968,107.342348,0.561968,41.183586
0.562758,471.237193,0.562758,403.451856,0.562758,337.766447,0.562758,287.251270,0.562758,199.956572,0.562758,107.034071,0.562758,40.982592
0.563548,471.757970,0.563548,403.299650,0.563548,338.125628,0.563548,287.503304,0.563548,199.925319,0.563548,106.735880,0.563548,40.766775
0.564338,472.286053,0.564338,403.143306,0.564338,338.516002,0.564338,287.741620,0.564338,199.877681,0.564338,106.452816,0.564338,40.532357
0.565129,472.449182,0.565129,403.072581,0.565129,338.921116,0.565129,287.951011,0.565129,199.810748,0.565129,106.187957,0.565129,40.275036
0.565919,472.521320,0.565919,403.145438,0.565919,339.324532,0.565919,288.126767,0.565919,199.722404,0.565919,105.941977,0.565919,39.992380
0.566709,472.216470,0.566709,403.387068,0.566709,339.746917,0.566709,288.273115,0.566709,199.611835,0.566709,105.714111,0.566709,39.684058
0.567499,471.902009,0.567499,403.761496,0.567499,340.146852,0.567499,288.398053,0.567499,199.480105,0.567499,105.504687,0.567499,39.352562
0.568289,471.389855,0.568289,404.299983,0.568289,340.548945,0.568289,288.511484,0.568289,199.330297,0.568289,105.316612,0.568289,39.003392
0.569080,470.470331,0.569080,404.972524,0.569080,340.971723,0.569080,288.622518,0.569080,199.167315,0.569080,105.152566,0.569080,38.645191
0.569870,469.309321,0.569870,405.652731,0.569870,341.360023,0.569870,288.735067,0.569870,198.997875,0.569870,105.014290,0.569870,38.289846
0.570660,468.072783,0.570660,406.303390,0.570660,341.723930,0.570660,288.852364,0.570660,198.829924,0.570660,104.901712,0.570660,37.952231
0.571450,466.887537,0.571450,406.915768,0.571450,342.079896,0.571450,288.968708,0.571450,198.671508,0.571450,104.814992,0.571450,37.649590
0.572241,466.223483,0.572241,407.388853,0.572241,342.384377,0.572241,289.072006,0.572241,198.529335,0.572241,104.755007,0.572241,37.396871
0.573031,466.018453,0.573031,407.723785,0.573031,342.632766,0.573031,289.157969,0.573031,198.408286,0.573031,104.723635,0.573031,37.205673
0.573821,465.616081,0.573821,408.016006,0.573821,342.909763,0.573821,289.227830,0.573821,198.311543,0.573821,104.724430,0.573821,37.084117
0.574611,465.017764,0.574611,408.264892,0.574611,343.196998,0.574611,289.275428,0.574611,198.240922,0.574611,104.762796,0.574611,37.036761
0.575401,464.774991,0.575401,408.374049,0.575401,343.379256,0.575401,289.293583,0.575401,198.196895,0.575401,104.844669,0.575401,37.064456
0.576192,464.755932,0.576192,408.335775,0.576192,343.385482,0.576192,289.278003,0.576192,198.178938,0.576192,104.975006,0.576192,37.164012
0.576982,465.047411,0.576982,408.144046,0.576982,343.199311,0.576982,289.227872,0.576982,198.185457,0.576982,105.154983,0.576982,37.329481
0.577772,465.409635,0.577772,407.883265,0.577772,342.905082,0.577772,289.151924,0.577772,198.213973,0.577772,105.381019,0.577772,37.553224
0.578562,465.975044,0.578562,407.602386,0.578562,342.589680,0.578562,289.058524,0.578562,198.261369,0.578562,105.644637,0.578562,37.824070
0.579352,466.876150,0.579352,407.259487,0.579352,342.251370,0.579352,288.948333,0.579352,198.323849,0.579352,105.934081,0.579352,38.127231
0.580143,467.830194,0.580143,406.905740,0.580143,341.935045,0.580143,288.824908,0.580143,198.397233,0.580143,106.236765,0.580143,38.445843
0.580933,468.619895,0.580933,406.582685,0.580933,341.657240,0.580933,288.692845,0.580933,198.477225,0.580933,106.538603,0.580933,38.762530
0.581723,469.607260,0.581723,406.251327,0.581723,341.378520,0.581723,288.562649,0.581723,198.559982,0.581723,106.826357,0.581723,39.060633
0.582513,470.602971,0.582513,405.958067,0.582513,341.107637,0.582513,288.453261,0.582513,198.642012,0.582513,107.087117,0.582513,39.326622
0.583303,471.226638,0.583303,405.747339,0.583303,340.895279,0.583303,288.384048,0.583303,198.720324,0.583303,107.309775,0.583303,39.552543
0.584094,471.768838,0.584094,405.566223,0.584094,340.726755,0.584094,288.366780,0.584094,198.792774,0.584094,107.485416,0.584094,39.736589
0.584884,472.060974,0.584884,405.447705,0.584884,340.609950,0.584884,288.407666,0.584884,198.858086,0.584884,107.609574,0.584884,39.876955
0.585674,472.233367,0.585674,405.508861,0.585674,340.630627,0.585674,288.510856,0.585674,198.915545,0.585674,107.681749,0.585674,39.971839
0.586464,472.423608,0.586464,405.777687,0.586464,340.790161,0.586464,288.674022,0.586464,198.964696,0.586464,107.704436,0.586464,40.019439
0.587254,472.557507,0.587254,406.176899,0.587254,341.012770,0.587254,288.886559,0.587254,199.005124,0.587254,107.682501,0.587254,40.017956
0.588045,472.597662,0.588045,406.590008,0.588045,341.203006,0.588045,289.127228,0.588045,199.036516,0.588045,107.622213,0.588045,39.967995
0.588835,472.628873,0.588835,406.965367,0.588835,341.343944,0.588835,289.387695,0.588835,199.058679,0.588835,107.531560,0.588835,39.873876
0.589625,472.662311,0.589625,407.350679,0.589625,341.492097,0.589625,289.672322,0.589625,199.071424,0.589625,107.420293,0.589625,39.746007
0.590415,472.669882,0.590415,407.748788,0.590415,341.699324,0.590415,289.976649,0.590415,199.074614,0.590415,107.299032,0.590415,39.600623
0.591205,472.664729,0.591205,408.162554,0.591205,341.937303,0.591205,290.281823,0.591205,199.068292,0.591205,107.178029,0.591205,39.456167
0.591996,472.626892,0.591996,408.622595,0.591996,342.196775,0.591996,290.574402,0.591996,199.052768,0.591996,107.066245,0.591996,39.330004
0.592786,472.545533,0.592786,409.135544,0.592786,342.508846,0.592786,290.842697,0.592786,199.028516,0.592786,106.971264,0.592786,39.237185
0.593576,472.490230,0.593576,409.615504,0.593576,342.867767,0.593576,291.073993,0.593576,198.996097,0.593576,106.899432,0.593576,39.189136
0.594366,472.487223,0.594366,410.062161,0.594366,343.234501,0.594366,291.255071,0.594366,198.956030,0.594366,106.855994,0.594366,39.193226
0.595156,472.516262,0.595156,410.484299,0.595156,343.587745,0.595156,291.373236,0.595156,198.908778,0.595156,106.844747,0.595156,39.254465
0.595947,472.543349,0.595947,410.822419,0.595947,343.880031,0.595947,291.420919,0.595947,198.854713,0.595947,106.867992,0.595947,39.375247
0.596737,472.567519,0.596737,411.050794,0.596737,344.109645,0.596737,291.393856,0.596737,198.794380,0.596737,106.926172,0.596737,39.556129
0.597527,472.625347,0.597527,411.239298,0.597527,344.310368,0.597527,291.301907,0.597527,198.728782,0.597527,107.017735,0.597527,39.796938
0.598317,472.711525,0.598317,411.398406,0.598317,344.509298,0.598317,291.169349,0.598317,198.659456,0.598317,107.138962,0.598317,40.097454
0.599108,472.802193,0.599108,411.531640,0.599108,344.704117,0.599108,291.019500,0.599108,198.588306,0.599108,107.284144,0.599108,40.451401
0.599898,472.893552,0.599898,411.672977,0.599898,344.906168,0.599898,290.868496,0.599898,198.517358,0.599898,107.446306,0.599898,40.846207
0.600688,472.971288,0.600688,411.792379,0.600688,345.087488,0.600688,290.722987,0.600688,198.448199,0.600688,107.618530,0.600688,41.266949
0.601478,473.020007,0.601478,411.886490,0.601478,345.211612,0.601478,290.579339,0.601478,198.381884,0.601478,107.793945,0.601478,41.698565
0.602268,473.062495,0.602268,411.984409,0.602268,345.309067,0.602268,290.431912,0.602268,198.319103,0.602268,107.965044,0.602268,42.126661
0.603059,473.101127,0.603059,412.108848,0.603059,345.436250,0.603059,290.280304,0.603059,198.260205,0.603059,108.123397,0.603059,42.536906
0.603849,473.147487,0.603849,412.278261,0.603849,345.589900,0.603849,290.125812,0.603849,198.205453,0.603849,108.262240,0.603849,42.916499
0.604639,473.187873,0.604639,412.458264,0.604639,345.729496,0.604639,289.974812,0.604639,198.155212,0.604639,108.376980,0.604639,43.253476
0.605429,473.336308,0.605429,412.621600,0.605429,345.846131,0.605429,289.837374,0.605429,198.109995,0.605429,108.464208,0.605429,43.538309
0.606219,473.642103,0.606219,412.775071,0.606219,345.948491,0.606219,289.727652,0.606219,198.070351,0.606219,108.521806,0.606219,43.764901
0.607010,473.801141,0.607010,412.888531,0.607010,346.039130,0.607010,289.655391,0.607010,198.036706,0.607010,108.549453,0.607010,43.930860
0.607800,474.072432,0.607800,412.993264,0.607800,346.128273,0.607800,289.621427,0.607800,198.009185,0.607800,108.548329,0.607800,44.037752
0.608590,474.678514,0.608590,413.124437,0.608590,346.229004,0.608590,289.619091,0.608590,197.987516,0.608590,108.521416,0.608590,44.090291
0.609380,475.146490,0.609380,413.226856,0.609380,346.313480,0.609380,289.634280,0.609380,197.971092,0.609380,108.473396,0.609380,44.096366
0.610170,475.558118,0.610170,413.312682,0.610170,346.374585,0.610170,289.652423,0.610170,197.958993,0.610170,108.409607,0.610170,44.065512
0.610961,476.157848,0.610961,413.401201,0.610961,346.430786,0.610961,289.666270,0.610961,197.949967,0.610961,108.335548,0.610961,44.007699
0.611751,476.751658,0.611751,413.487135,0.611751,346.486355,0.611751,289.672791,0.611751,197.942562,0.611751,108.256046,0.611751,43.932833
0.612541,477.306646,0.612541,413.601827,0.612541,346.545395,0.612541,289.671695,0.612541,197.935241,0.612541,108.174817,0.612541,43.849914
0.613331,478.020178,0.613331,413.747841,0.613331,346.610806,0.613331,289.666874,0.613331,197.926437,0.613331,108.093170,0.613331,43.766356
0.614121,478.434047,0.614121,413.873451,0.614121,346.664638,0.614121,289.664273,0.614121,197.914609,0.614121,108.010641,0.614121,43.687282
0.614912,478.468834,0.614912,413.970840,0.614912,346.691954,0.614912,289.669586,0.614912,197.898305,0.614912,107.924947,0.614912,43.615469
0.615702,478.620176,0.615702,414.095273,0.615702,346.746282,0.615702,289.685908,0.615702,197.876230,0.615702,107.832429,0.615702,43.551057
0.616492,478.889697,0.616492,414.284021,0.616492,346.852560,0.616492,289.715422,0.616492,197.847102,0.616492,107.728938,0.616492,43.491902
0.617282,479.145409,0.617282,414.497495,0.617282,346.976998,0.617282,289.759087,0.617282,197.809573,0.617282,107.611011,0.617282,43.434360
0.618072,479.245270,0.618072,414.723611,0.618072,347.107909,0.618072,289.817474,0.618072,197.762522,0.618072,107.476175,0.618072,43.374035
0.618863,479.339704,0.618863,415.032443,0.618863,347.297374,0.618863,289.890752,0.618863,197.705206,0.618863,107.323756,0.618863,43.306570
0.619653,479.464682,0.619653,415.436670,0.619653,347.558420,0.619653,289.976341,0.619653,197.637165,0.619653,107.153866,0.619653,43.227913
0.620443,479.555463,0.620443,415.860348,0.620443,347.872011,0.620443,290.069068,0.620443,197.558413,0.620443,106.967522,0.620443,43.135352
0.621233,479.699433,0.621233,416.295950,0.621233,348.239024,0.621233,290.161798,0.621233,197.469560,0.621233,106.767527,0.621233,43.028481
0.622023,479.896146,0.622023,416.741605,0.622023,348.626349,0.622023,290.250091,0.622023,197.371714,0.622023,106.557552,0.622023,42.908192
0.622814,480.050112,0.622814,417.133668,0.622814,348.978502,0.622814,290.333966,0.622814,197.265836,0.622814,106.339170,0.622814,42.774273
0.623604,480.159064,0.623604,417.479409,0.623604,349.299424,0.623604,290.416059,0.623604,197.152652,0.623604,106.113432,0.623604,42.625548
0.624394,480.232936,0.624394,417.782025,0.624394,349.619038,0.624394,290.500005,0.624394,197.032726,0.624394,105.882024,0.624394,42.460011
0.625184,480.288301,0.625184,418.020855,0.625184,349.920085,0.625184,290.589317,0.625184,196.906578,0.625184,105.647389,0.625184,42.275739
0.625975,480.328118,0.625975,418.225135,0.625975,350.196777,0.625975,290.688373,0.625975,196.774535,0.625975,105.410661,0.625975,42.069804
0.626765,480.411947,0.626765,418.394566,0.626765,350.464773,0.626765,290.801684,0.626765,196.636771,0.626765,105.171543,0.626765,41.839308
0.627555,480.453199,0.627555,418.488830,0.627555,350.688230,0.627555,290.933462,0.627555,196.493536,0.627555,104.930207,0.627555,41.582889
0.628345,480.475948,0.628345,418.533345,0.628345,350.865229,0.628345,291.084745,0.628345,196.345549,0.628345,104.688280,0.628345,41.301495
0.629135,480.636683,0.629135,418.546461,0.629135,351.062183,0.629135,291.251448,0.629135,196.193737,0.629135,104.446832,0.629135,40.998043
0.629926,480.803912,0.629926,418.544371,0.629926,351.249609,0.629926,291.421011,0.629926,196.039508,0.629926,104.207623,0.629926,40.677856
0.630716,480.857610,0.630716,418.539986,0.630716,351.390223,0.630716,291.584314,0.630716,195.884880,0.630716,103.974225,0.630716,40.349106
0.631506,480.885041,0.631506,418.537578,0.631506,351.544300,0.631506,291.739669,0.631506,195.732780,0.631506,103.753107,0.631506,40.022520
0.632296,480.954664,0.632296,418.532980,0.632296,351.776372,0.632296,291.889207,0.632296,195.586406,0.632296,103.551959,0.632296,39.708340
0.633086,481.007447,0.633086,418.525832,0.633086,352.051931,0.633086,292.035423,0.633086,195.449424,0.633086,103.379936,0.633086,39.416645
0.633877,481.056049,0.633877,418.514932,0.633877,352.321219,0.633877,292.180703,0.633877,195.325645,0.633877,103.247901,0.633877,39.157535
0.634667,481.220324,0.634667,418.482994,0.634667,352.560943,0.634667,292.325863,0.634667,195.218004,0.634667,103.167470,0.634667,38.940584
0.635457,481.446297,0.635457,418.426047,0.635457,352.771866,0.635457,292.473728,0.635457,195.127948,0.635457,103.149322,0.635457,38.772366
0.636247,481.650839,0.636247,418.345104,0.636247,352.941296,0.636247,292.627988,0.636247,195.055267,0.636247,103.199709,0.636247,38.656553
0.637037,482.078512,0.637037,418.230596,0.637037,353.080316,0.637037,292.792827,0.637037,194.998616,0.637037,103.319892,0.637037,38.594912
0.637828,482.530279,0.637828,418.114739,0.637828,353.171932,0.637828,292.972609,0.637828,194.956012,0.637828,103.506044,0.637828,38.587076
0.638618,482.809014,0.638618,418.026508,0.638618,353.219711,0.638618,293.170402,0.638618,194.925130,0.638618,103.749754,0.638618,38.629793
0.639408,483.271563,0.639408,417.913877,0.639408,353.250548,0.639408,293.384910,0.639408,194.903411,0.639408,104.039973,0.639408,38.716704
0.640198,483.913840,0.640198,417.774431,0.640198,353.283194,0.640198,293.609680,0.640198,194.888789,0.640198,104.364704,0.640198,38.839549
0.640988,484.285343,0.640988,417.666944,0.640988,353.327389,0.640988,293.832201,0.640988,194.879698,0.640988,104.709358,0.640988,38.990095
0.641779,484.615194,0.641779,417.569971,0.641779,353.403551,0.641779,294.046879,0.641779,194.874747,0.641779,105.059471,0.641779,39.161257
0.642569,485.221778,0.642569,417.433543,0.642569,353.518288,0.642569,294.254470,0.642569,194.872758,0.642569,105.400688,0.642569,39.347295
0.643359,485.747446,0.643359,417.307190,0.643359,353.628066,0.643359,294.445708,0.643359,194.872767,0.643359,105.717739,0.643359,39.543759
0.644149,485.951824,0.644149,417.229852,0.644149,353.686256,0.644149,294.611890,0.644149,194.874051,0.644149,105.994280,0.644149,39.746950
0.644939,486.168936,0.644939,417.179031,0.644939,353.722263,0.644939,294.755400,0.644939,194.876039,0.644939,106.216218,0.644939,39.954793
0.645730,486.655153,0.645730,417.156271,0.645730,353.741231,0.645730,294.880349,0.645730,194.878317,0.645730,106.373630,0.645730,40.165693
0.646520,487.044144,0.646520,417.207067,0.646520,353.709565,0.646520,294.984620,0.646520,194.880602,0.646520,106.461913,0.646520,40.378077
0.647310,487.245693,0.647310,417.387903,0.647310,353.587881,0.647310,295.064371,0.647310,194.882727,0.647310,106.481996,0.647310,40.589694
0.648100,487.443462,0.648100,417.719052,0.648100,353.376482,0.648100,295.120103,0.648100,194.884612,0.648100,106.440020,0.648100,40.798309
0.648890,487.541031,0.648890,418.134980,0.648890,353.134171,0.648890,295.155444,0.648890,194.886242,0.648890,106.346239,0.648890,41.001715
0.649681,487.627345,0.649681,418.599353,0.649681,352.886715,0.649681,295.174316,0.649681,194.887652,0.649681,106.212555,0.649681,41.196597
0.650471,487.701099,0.650471,419.101109,0.650471,352.600285,0.650471,295.179786,0.650471,194.888904,0.650471,106.050330,0.650471,41.378312
0.651261,487.744750,0.651261,419.532642,0.651261,352.338964,0.651261,295.175459,0.651261,194.890061,0.651261,105.869519,0.651261,41.542135
0.652051,487.754370,0.652051,419.873085,0.652051,352.126203,0.652051,295.164598,0.652051,194.891194,0.652051,105.678275,0.652051,41.683004
0.652841,487.791101,0.652841,420.204504,0.652841,351.893703,0.652841,295.150158,0.652841,194.892274,0.652841,105.484213,0.652841,41.795494
0.653632,487.890070,0.653632,420.514379,0.653632,351.664556,0.653632,295.135342,0.653632,194.893181,0.653632,105.293508,0.653632,41.873212
0.654422,487.955638,0.654422,420.768654,0.654422,351.492480,0.654422,295.124112,0.654422,194.893906,0.654422,105.109203,0.654422,41.909193
0.655212,487.983429,0.655212,421.029425,0.655212,351.335240,0.655212,295.118762,0.655212,194.894538,0.655212,104.932552,0.655212,41.896053
0.656002,488.166388,0.656002,421.291126,0.656002,351.168579,0.656002,295.119955,0.656002,194.895075,0.656002,104.764019,0.656002,41.826593
0.656793,488.324783,0.656793,421.446912,0.656793,351.057887,0.656793,295.128526,0.656793,194.895401,0.656793,104.604432,0.656793,41.695846
0.657583,488.372140,0.657583,421.463183,0.657583,351.050641,0.657583,295.147594,0.657583,194.895503,0.657583,104.453255,0.657583,41.504039
0.658373,488.474503,0.658373,421.352463,0.658373,351.180966,0.658373,295.181097,0.658373,194.895379,0.658373,104.308908,0.658373,41.256398
0.659163,488.654647,0.659163,421.203320,0.659163,351.408266,0.659163,295.231192,0.659163,194.895042,0.659163,104.169820,0.659163,40.959356
0.659953,488.772136,0.659953,421.059252,0.659953,351.650508,0.659953,295.295810,0.659953,194.894513,0.659953,104.035565,0.659953,40.619346
0.660744,488.871847,0.660744,420.886706,0.660744,351.925917,0.660744,295.370239,0.660744,194.893650,0.660744,103.905491,0.660744,40.244705
0.661534,488.975130,0.661534,420.704512,0.661534,352.222557,0.661534,295.449710,0.661534,194.892142,0.661534,103.777713,0.661534,39.849007
0.662324,489.032983,0.662324,420.555202,0.662324,352.473690,0.662324,295.530704,0.662324,194.889513,0.662324,103.650320,0.662324,39.448477
0.663114,489.141249,0.663114,420.387490,0.663114,352.714006,0.663114,295.610332,0.663114,194.885134,0.663114,103.521034,0.663114,39.059500
0.663904,489.306972,0.663904,420.191632,0.663904,352.977437,0.663904,295.684517,0.663904,194.878234,0.663904,103.385741,0.663904,38.695417
0.664695,489.410090,0.664695,420.026640,0.664695,353.228753,0.664695,295.743716,0.664695,194.867897,0.664695,103.238523,0.664695,38.366347
0.665485,489.474909,0.665485,419.904282,0.665485,353.484672,0.665485,295.778097,0.665485,194.853223,0.665485,103.072498,0.665485,38.080324
0.666275,489.561216,0.666275,419.819487,0.666275,353.766541,0.666275,295.778354,0.666275,194.833456,0.666275,102.880500,0.666275,37.844001
0.667065,489.633452,0.667065,419.801768,0.667065,354.029483,0.667065,295.730874,0.667065,194.808081,0.667065,102.656855,0.667065,37.661265
0.667855,489.649823,0.667855,419.869256,0.667855,354.244306,0.667855,295.622637,0.667855,194.777007,0.667855,102.399060,0.667855,37.533199
0.668646,489.671618,0.668646,420.091996,0.668646,354.479074,0.668646,295.447135,0.668646,194.740340,0.668646,102.107706,0.668646,37.457919
0.669436,489.668290,0.669436,420.454203,0.669436,354.761516,0.669436,295.207846,0.669436,194.698465,0.669436,101.785826,0.669436,37.431022
0.670226,489.677125,0.670226,420.837375,0.670226,355.069582,0.670226,294.920191,0.670226,194.652024,0.670226,101.437809,0.670226,37.446330
0.671016,489.680095,0.671016,421.214115,0.671016,355.415085,0.671016,294.598693,0.671016,194.601977,0.671016,101.072107,0.671016,37.495785
0.671806,489.640266,0.671806,421.625951,0.671806,355.814023,0.671806,294.254179,0.671806,194.549797,0.671806,100.701546,0.671806,37.569786
0.672597,489.567984,0.672597,422.015647,0.672597,356.185341,0.672597,293.906509,0.672597,194.497404,0.672597,100.342823,0.672597,37.658356
0.673387,489.536002,0.673387,422.348573,0.673387,356.493557,0.673387,293.581833,0.673387,194.446559,0.673387,100.015045,0.673387,37.753917
0.674177,489.543553,0.674177,422.685214,0.674177,356.803351,0.674177,293.298219,0.674177,194.398718,0.674177,99.737551,0.674177,37.851286
0.674967,489.560165,0.674967,423.014446,0.674967,357.141809,0.674967,293.082525,0.674967,194.355126,0.674967,99.525469,0.674967,37.947482
0.675757,489.600532,0.675757,423.230401,0.675757,357.470450,0.675757,292.961950,0.675757,194.317001,0.675757,99.388387,0.675757,38.041198
0.676548,489.707695,0.676548,423.292834,0.676548,357.761278,0.676548,292.949192,0.676548,194.285395,0.676548,99.330189,0.676548,38.132004
0.677338,489.830301,0.677338,423.238842,0.677338,358.010663,0.677338,293.042723,0.677338,194.261199,0.677338,99.349925,0.677338,38.219461
0.678128,489.893234,0.678128,423.118692,0.678128,358.199293,0.678128,293.226950,0.678128,194.244840,0.678128,99.440974,0.678128,38.302467
0.678918,489.921522,0.678918,422.960942,0.678918,358.346722,0.678918,293.479257,0.678918,194.235621,0.678918,99.591314,0.678918,38.379252
0.679708,489.945423,0.679708,422.797716,0.679708,358.465391,0.679708,293.768905,0.679708,194.231572,0.679708,99.787591,0.679708,38.449351
0.680499,489.957044,0.680499,422.676784,0.680499,358.545695,0.680499,294.068919,0.680499,194.230067,0.680499,100.017207,0.680499,38.513704
0.681289,489.981459,0.681289,422.593242,0.681289,358.610230,0.681289,294.364336,0.681289,194.228618,0.681289,100.267892,0.681289,38.574254
0.682079,490.072360,0.682079,422.457165,0.682079,358.717303,0.682079,294.653803,0.682079,194.224654,0.682079,100.527392,0.682079,38.633478
0.682869,490.235774,0.682869,422.274009,0.682869,358.864952,0.682869,294.933320,0.682869,194.215581,0.682869,100.784287,0.682869,38.693872
0.683660,490.373504,0.683660,422.113308,0.683660,359.030358,0.683660,295.189605,0.683660,194.198814,0.683660,101.025866,0.683660,38.757337
0.684450,490.444769,0.684450,421.959959,0.684450,359.212539,0.684450,295.415809,0.684450,194.171763,0.684450,101.238885,0.684450,38.825045
0.685240,490.527747,0.685240,421.812096,0.685240,359.401242,0.685240,295.611574,0.685240,194.132043,0.685240,101.412602,0.685240,38.897670
0.686030,490.588826,0.686030,421.714958,0.686030,359.580668,0.686030,295.778903,0.686030,194.077917,0.686030,101.539346,0.686030,38.976244
0.686820,490.588200,0.686820,421.734226,0.686820,359.766610,0.686820,295.929700,0.686820,194.008442,0.686820,101.615143,0.686820,39.061865
0.687611,490.581101,0.687611,421.869851,0.687611,359.981819,0.687611,296.078397,0.687611,193.923475,0.687611,101.640318,0.687611,39.155463
0.688401,490.533470,0.688401,422.055213,0.688401,360.209866,0.688401,296.233098,0.688401,193.823825,0.688401,101.619762,0.688401,39.257115
0.689191,490.423650,0.689191,422.249395,0.689191,360.460267,0.689191,296.397336,0.689191,193.711090,0.689191,101.562785,0.689191,39.366442
0.689981,490.248878,0.689981,422.498158,0.689981,360.753491,0.689981,296.570527,0.689981,193.588016,0.689981,101.481969,0.689981,39.481802
0.690771,490.065199,0.690771,422.774470,0.690771,361.042734,0.690771,296.750593,0.690771,193.458717,0.690771,101.389918,0.690771,39.599483
0.691562,490.004036,0.691562,423.023452,0.691562,361.289415,0.691562,296.932282,0.691562,193.328778,0.691562,101.297827,0.691562,39.713569
0.692352,489.997955,0.692352,423.258783,0.692352,361.522332,0.692352,297.110660,0.692352,193.204818,0.692352,101.215044,0.692352,39.818131
0.693142,489.991068,0.693142,423.473914,0.693142,361.736398,0.693142,297.279717,0.693142,193.094420,0.693142,101.149435,0.693142,39.907315
0.693932,489.947850,0.693932,423.671169,0.693932,361.931121,0.693932,297.431836,0.693932,193.005208,0.693932,101.107449,0.693932,39.975129
0.694722,489.857242,0.694722,423.886193,0.694722,362.146575,0.694722,297.566492,0.694722,192.944028,0.694722,101.094933,0.694722,40.015992
0.695513,489.733645,0.695513,424.072222,0.695513,362.334776,0.695513,297.684325,0.695513,192.915955,0.695513,101.119701,0.695513,40.025161
0.696303,489.703570,0.696303,424.195971,0.696303,362.419650,0.696303,297.786413,0.696303,192.923881,0.696303,101.190811,0.696303,39.999079
0.697093,489.769971,0.697093,424.322873,0.697093,362.384852,0.697093,297.879532,0.697093,192.968653,0.697093,101.316901,0.697093,39.935868
0.697883,489.670229,0.697883,424.537546,0.697883,362.202327,0.697883,297.971348,0.697883,193.049437,0.697883,101.501531,0.697883,39.835707
0.698673,489.286000,0.698673,424.861770,0.698673,361.866196,0.698673,298.064837,0.698673,193.163894,0.698673,101.742832,0.698673,39.701387
0.699464,488.945248,0.699464,425.218976,0.699464,361.463613,0.699464,298.156023,0.699464,193.308067,0.699464,102.037478,0.699464,39.538281
0.700254,488.669376,0.700254,425.559182,0.700254,360.995796,0.700254,298.245296,0.700254,193.475817,0.700254,102.378735,0.700254,39.354072
0.701044,488.179232,0.701044,425.918394,0.701044,360.450657,0.701044,298.332831,0.701044,193.658936,0.701044,102.756453,0.701044,39.158789
0.701834,487.871703,0.701834,426.268224,0.701834,359.909135,0.701834,298.418652,0.701834,193.848564,0.701834,103.157699,0.701834,38.963094
0.702624,487.646721,0.702624,426.640496,0.702624,359.358103,0.702624,298.504487,0.702624,194.036295,0.702624,103.567887,0.702624,38.777005
0.703415,487.308984,0.703415,427.047103,0.703415,358.785952,0.703415,298.589933,0.703415,194.215098,0.703415,103.972889,0.703415,38.609398
0.704205,487.115013,0.704205,427.415144,0.704205,358.279134,0.704205,298.667146,0.704205,194.379520,0.704205,104.357730,0.704205,38.468457
0.704995,487.007582,0.704995,427.724152,0.704995,357.849930,0.704995,298.723154,0.704995,194.525727,0.704995,104.708706,0.704995,38.359678
0.705785,486.970322,0.705785,427.967199,0.705785,357.513611,0.705785,298.742343,0.705785,194.651370,0.705785,105.014466,0.705785,38.286095
0.706575,487.128837,0.706575,428.119193,0.706575,357.372827,0.706575,298.710109,0.706575,194.755381,0.706575,105.268234,0.706575,38.248823
0.707366,487.592260,0.707366,428.200294,0.707366,357.465035,0.707366,298.621605,0.707366,194.837826,0.707366,105.468695,0.707366,38.247625
0.708156,488.155535,0.708156,428.250989,0.708156,357.727730,0.708156,298.485767,0.708156,194.899920,0.708156,105.619973,0.708156,38.281013
0.708946,488.609168,0.708946,428.276895,0.708946,358.037239,0.708946,298.322224,0.708946,194.943819,0.708946,105.730785,0.708946,38.346866
0.709736,488.970576,0.709736,428.283389,0.709736,358.335005,0.709736,298.144111,0.709736,194.972380,0.709736,105.808246,0.709736,38.442782
0.710527,489.263540,0.710527,428.281361,0.710527,358.649445,0.710527,297.951964,0.710527,194.988878,0.710527,105.855456,0.710527,38.565859
0.711317,489.773813,0.711317,428.275440,0.711317,359.077742,0.711317,297.740524,0.711317,194.996379,0.711317,105.872111,0.711317,38.713078
0.712107,490.644296,0.712107,428.270140,0.712107,359.637259,0.712107,297.509503,0.712107,194.997408,0.712107,105.854560,0.712107,38.880707
0.712897,491.633651,0.712897,428.264702,0.712897,360.236397,0.712897,297.265850,0.712897,194.993883,0.712897,105.795652,0.712897,39.064782
0.713687,492.500606,0.713687,428.262769,0.713687,360.867881,0.713687,297.014765,0.713687,194.987137,0.713687,105.685364,0.713687,39.261084
0.714478,493.537422,0.714478,428.265720,0.714478,361.524514,0.714478,296.766367,0.714478,194.978205,0.714478,105.512106,0.714478,39.464659
0.715268,494.441853,0.715268,428.271721,0.715268,362.119898,0.715268,296.535514,0.715268,194.967910,0.715268,105.264573,0.715268,39.669878
0.716058,495.354728,0.716058,428.273753,0.716058,362.655079,0.716058,296.335587,0.716058,194.957119,0.716058,104.933727,0.716058,39.870262
0.716848,496.088961,0.716848,428.254854,0.716848,363.076669,0.716848,296.175500,0.716848,194.946700,0.716848,104.515949,0.716848,40.059076
0.717638,496.380988,0.717638,428.194741,0.717638,363.310567,0.717638,296.059323,0.717638,194.937283,0.717638,104.015652,0.717638,40.232441
0.718429,496.556440,0.718429,428.070854,0.718429,363.326794,0.718429,295.987254,0.718429,194.929235,0.718429,103.441533,0.718429,40.389552
0.719219,496.676216,0.719219,427.865050,0.719219,363.184682,0.719219,295.953514,0.719219,194.922711,0.719219,102.802674,0.719219,40.531988
0.720009,496.704262,0.720009,427.617976,0.720009,363.008866,0.720009,295.946928,0.720009,194.917736,0.720009,102.108155,0.720009,40.662575
0.720799,496.701738,0.720799,427.327126,0.720799,362.841094,0.720799,295.955409,0.720799,194.914201,0.720799,101.367610,0.720799,40.785165
0.721589,496.717407,0.721589,427.001929,0.721589,362.660022,0.721589,295.968397,0.721589,194.911906,0.721589,100.594775,0.721589,40.903507
0.722380,496.750997,0.722380,426.736849,0.722380,362.501153,0.722380,295.976823,0.722380,194.910606,0.722380,99.809274,0.722380,41.020324
0.723170,496.774382,0.723170,426.544908,0.723170,362.379280,0.723170,295.980000,0.723170,194.910016,0.723170,99.032511,0.723170,41.136431
0.723960,496.784906,0.723960,426.345626,0.723960,362.244092,0.723960,295.982769,0.723960,194.909844,0.723960,98.285224,0.723960,41.252754
0.724750,496.784607,0.724750,426.093218,0.724750,362.022688,0.724750,295.995389,0.724750,194.909807,0.724750,97.587979,0.724750,41.370313
0.725540,496.781401,0.725540,425.841867,0.725540,361.741831,0.725540,296.036773,0.725540,194.909637,0.725540,96.958217,0.725540,41.488958
0.726331,496.771481,0.726331,425.655770,0.726331,361.432166,0.726331,296.128553,0.726331,194.909076,0.726331,96.408233,0.726331,41.607170
0.727121,496.921765,0.727121,425.518590,0.727121,361.041897,0.727121,296.283819,0.727121,194.907892,0.727121,95.948183,0.727121,41.722822
0.727911,497.072099,0.727911,425.442947,0.727911,360.615240,0.727911,296.507031,0.727911,194.905929,0.727911,95.584570,0.727911,41.834498
0.728701,497.097729,0.728701,425.447660,0.728701,360.125850,0.728701,296.798439,0.728701,194.903198,0.728701,95.318564,0.728701,41.940766
0.729491,497.242874,0.729491,425.531327,0.729491,359.479860,0.729491,297.161533,0.729491,194.899963,0.729491,95.146165,0.729491,42.040072
0.730282,497.486156,0.730282,425.673325,0.730282,358.690666,0.730282,297.585722,0.730282,194.896552,0.730282,95.058397,0.730282,42.131918
0.731072,497.662236,0.731072,425.803657,0.731072,357.865890,0.731072,298.048502,0.731072,194.893421,0.731072,95.043466,0.731072,42.216127
0.731862,497.881900,0.731862,425.916595,0.731862,357.032439,0.731862,298.535862,0.731862,194.891230,0.731862,95.088667,0.731862,42.291619
0.732652,498.124638,0.732652,426.004503,0.732652,356.256502,0.732652,299.022933,0.732652,194.890976,0.732652,95.183335,0.732652,42.354860
0.733442,498.290271,0.733442,426.075929,0.733442,355.547392,0.733442,299.478059,0.733442,194.894006,0.733442,95.320457,0.733442,42.401687
0.734233,498.398299,0.734233,426.147197,0.734233,354.856897,0.734233,299.883698,0.734233,194.902031,0.734233,95.496733,0.734233,42.427737
0.735023,498.599911,0.735023,426.218682,0.735023,354.213755,0.735023,300.221136,0.735023,194.917035,0.735023,95.712754,0.735023,42.427884
0.735813,498.761486,0.735813,426.285601,0.735813,353.731030,0.735813,300.466411,0.735813,194.940977,0.735813,95.970835,0.735813,42.397173
0.736603,498.860552,0.736603,426.372220,0.736603,353.442689,0.736603,300.609566,0.736603,194.975355,0.736603,96.272534,0.736603,42.332508
0.737394,499.065895,0.737394,426.514008,0.737394,353.272784,0.737394,300.654103,0.737394,195.020940,0.737394,96.616722,0.737394,42.233143
0.738184,499.309123,0.738184,426.686973,0.738184,353.210181,0.738184,300.607264,0.738184,195.077785,0.738184,97.001817,0.738184,42.099983
0.738974,499.420464,0.738974,426.829315,0.738974,353.230423,0.738974,300.484618,0.738974,195.145130,0.738974,97.426053,0.738974,41.934942
0.739764,499.508759,0.739764,426.973142,0.739764,353.340608,0.739764,300.302507,0.739764,195.221696,0.739764,97.886649,0.739764,41.739879
0.740554,499.756787,0.740554,427.140142,0.740554,353.515468,0.740554,300.074779,0.740554,195.305573,0.740554,98.379488,0.740554,41.516154
0.741345,500.096309,0.741345,427.287408,0.741345,353.682517,0.741345,299.819744,0.741345,195.393759,0.741345,98.896775,0.741345,41.266260
0.742135,500.382955,0.742135,427.432660,0.742135,353.854287,0.742135,299.543970,0.742135,195.482215,0.742135,99.426849,0.742135,40.994656
0.742925,500.677032,0.742925,427.595924,0.742925,354.049019,0.742925,299.252771,0.742925,195.566416,0.742925,99.956263,0.742925,40.706238
0.743715,500.963513,0.743715,427.763827,0.743715,354.226131,0.743715,298.955456,0.743715,195.641563,0.743715,100.469962,0.743715,40.407392
0.744505,501.223135,0.744505,427.919588,0.744505,354.389190,0.744505,298.660980,0.744505,195.702559,0.744505,100.951448,0.744505,40.104952
0.745296,501.497918,0.745296,428.072013,0.745296,354.549292,0.745296,298.377252,0.745296,195.744078,0.745296,101.382346,0.745296,39.804583
0.746086,501.712121,0.746086,428.184925,0.746086,354.648682,0.746086,298.110327,0.746086,195.761405,0.746086,101.747419,0.746086,39.510794
0.746876,501.858137,0.746876,428.242190,0.746876,354.681818,0.746876,297.857501,0.746876,195.751176,0.746876,102.036920,0.746876,39.225956
0.747666,502.039768,0.747666,428.276906,0.747666,354.686904,0.747666,297.607337,0.747666,195.711888,0.747666,102.245375,0.747666,38.951016
0.748456,502.267438,0.748456,428.299159,0.748456,354.674155,0.748456,297.358753,0.748456,195.644066,0.748456,102.371815,0.748456,38.686620
0.749247,502.364348,0.749247,428.309388,0.749247,354.656578,0.749247,297.111070,0.749247,195.550238,0.749247,102.420078,0.749247,38.432895
0.750037,502.451710,0.750037,428.315698,0.750037,354.646004,0.750037,296.854945,0.750037,195.434795,0.750037,102.399201,0.750037,38.189522
0.750827,502.687247,0.750827,428.314088,0.750827,354.636284,0.750827,296.585165,0.750827,195.303700,0.750827,102.321997,0.750827,37.956168
0.751617,502.817077,0.751617,428.305852,0.751617,354.629680,0.751617,296.307978,0.751617,195.164090,0.751617,102.202578,0.751617,37.732469
0.752407,502.736831,0.752407,428.298269,0.752407,354.628359,0.752407,296.030839,0.752407,195.023170,0.752407,102.054787,0.752407,37.517585
0.753198,502.826183,0.753198,428.291157,0.753198,354.636152,0.753198,295.748517,0.753198,194.888213,0.753198,101.890698,0.753198,37.311510
0.753988,503.139397,0.753988,428.276823,0.753988,354.652727,0.753988,295.461121,0.753988,194.766033,0.753988,101.720241,0.753988,37.115947
0.754778,503.314366,0.754778,428.263046,0.754778,354.675436,0.754778,295.181764,0.754778,194.662665,0.754778,101.552016,0.754778,36.934634
0.755568,503.501149,0.755568,428.255774,0.755568,354.700917,0.755568,294.926304,0.755568,194.583244,0.755568,101.392299,0.755568,36.771237
0.756358,503.778812,0.756358,428.263078,0.756358,354.729428,0.756358,294.718291,0.756358,194.531643,0.756358,101.245951,0.756358,36.629583
0.757149,503.939430,0.757149,428.291315,0.757149,354.764159,0.757149,294.571671,0.757149,194.509569,0.757149,101.117382,0.757149,36.513226
0.757939,503.869924,0.757939,428.348267,0.757939,354.810067,0.757939,294.491440,0.757939,194.516630,0.757939,101.010614,0.757939,36.425706
0.758729,503.711627,0.758729,428.440051,0.758729,354.857039,0.758729,294.482595,0.758729,194.551323,0.758729,100.928266,0.758729,36.368788
0.759519,503.669484,0.759519,428.563607,0.759519,354.898416,0.759519,294.550075,0.759519,194.611059,0.759519,100.871003,0.759519,36.342278
0.760309,503.620776,0.760309,428.703539,0.760309,354.946874,0.760309,294.683926,0.760309,194.691564,0.760309,100.836856,0.760309,36.344385
0.761100,503.346381,0.761100,428.862495,0.761100,355.018721,0.761100,294.875840,0.761100,194.786632,0.761100,100.821737,0.761100,36.371684
0.761890,503.095279,0.761890,429.022337,0.761890,355.089933,0.761890,295.103343,0.761890,194.888614,0.761890,100.820065,0.761890,36.419693
0.762680,503.055942,0.762680,429.163969,0.762680,355.142716,0.762680,295.343696,0.762680,194.989702,0.762680,100.824955,0.762680,36.484257
0.763470,502.952878,0.763470,429.323358,0.763470,355.215919,0.763470,295.587825,0.763470,195.082828,0.763470,100.828464,0.763470,36.561537
0.764261,502.694581,0.764261,429.506547,0.764261,355.323173,0.764261,295.827999,0.764261,195.163508,0.764261,100.821542,0.764261,36.647991
0.765051,502.501896,0.765051,429.664516,0.765051,355.422622,0.765051,296.052280,0.765051,195.230123,0.765051,100.793696,0.765051,36.741370
0.765841,502.426426,0.765841,429.800080,0.765841,355.513353,0.765841,296.254532,0.765841,195.282202,0.765841,100.733242,0.765841,36.840059
0.766631,502.212800,0.766631,429.943890,0.766631,355.625208,0.766631,296.433631,0.766631,195.319276,0.766631,100.627824,0.766631,36.942513
0.767421,501.965546,0.767421,430.090343,0.767421,355.787581,0.767421,296.575131,0.767421,195.340876,0.767421,100.466161,0.767421,37.046574
0.768212,501.918239,0.768212,430.224701,0.768212,355.996897,0.768212,296.662517,0.768212,195.346532,0.768212,100.240762,0.768212,37.150944
0.769002,502.146070,0.769002,430.359736,0.769002,356.287302,0.769002,296.692125,0.769002,195.335778,0.769002,99.949176,0.769002,37.255125
0.769792,502.458089,0.769792,430.499133,0.769792,356.685078,0.769792,296.669299,0.769792,195.308145,0.769792,99.594488,0.769792,37.358263
0.770582,502.772449,0.770582,430.631591,0.770582,357.151702,0.770582,296.603553,0.770582,195.263166,0.770582,99.185197,0.770582,37.458607
0.771372,503.092092,0.771372,430.747791,0.771372,357.684628,0.771372,296.509684,0.771372,195.200376,0.771372,98.732338,0.771372,37.554030
0.772163,503.404374,0.772163,430.837544,0.772163,358.209720,0.772163,296.403039,0.772163,195.119307,0.772163,98.246900,0.772163,37.642135
0.772953,503.684358,0.772953,430.907725,0.772953,358.694753,0.772953,296.294850,0.772953,195.021386,0.772953,97.737975,0.772953,37.720028
0.773743,504.044770,0.773743,430.986303,0.773743,359.148807,0.773743,296.192037,0.773743,194.911007,0.773743,97.214781,0.773743,37.784448
0.774533,504.432062,0.774533,431.061783,0.774533,359.556889,0.774533,296.098938,0.774533,194.794325,0.774533,96.684495,0.774533,37.832974
0.775323,504.612969,0.775323,431.123304,0.775323,359.870462,0.775323,296.024893,0.775323,194.677997,0.775323,96.151724,0.775323,37.864536
0.776114,504.631829,0.776114,431.201351,0.776114,360.103421,0.776114,295.975989,0.776114,194.568068,0.776114,95.619844,0.776114,37.879174
0.776904,504.674689,0.776904,431.360530,0.776904,360.341965,0.776904,295.954268,0.776904,194.469350,0.776904,95.094419,0.776904,37.877669
0.777694,504.738892,0.777694,431.608677,0.777694,360.637093,0.777694,295.959555,0.777694,194.384857,0.777694,94.582895,0.777694,37.861449
0.778484,504.807946,0.778484,431.892791,0.778484,360.943138,0.778484,295.989237,0.778484,194.315842,0.778484,94.095088,0.778484,37.832596
0.779274,504.738814,0.779274,432.230014,0.779274,361.226301,0.779274,296.043614,0.779274,194.262103,0.779274,93.641141,0.779274,37.793972
0.780065,504.495737,0.780065,432.640089,0.780065,361.492495,0.780065,296.118498,0.780065,194.222084,0.780065,93.231738,0.780065,37.749327
0.780855,504.378652,0.780855,433.064904,0.780855,361.716763,0.780855,296.204168,0.780855,194.193149,0.780855,92.877520,0.780855,37.701431
0.781645,504.295000,0.781645,433.504121,0.781645,361.918466,0.781645,296.294696,0.781645,194.172068,0.781645,92.590103,0.781645,37.651991
0.782435,504.166524,0.782435,433.964625,0.782435,362.133485,0.782435,296.386922,0.782435,194.155383,0.782435,92.384413,0.782435,37.601388
0.783225,504.115517,0.783225,434.378283,0.783225,362.331964,0.783225,296.476345,0.783225,194.139719,0.783225,92.276710,0.783225,37.548423
0.784016,504.069260,0.784016,434.735048,0.784016,362.573564,0.784016,296.561449,0.784016,194.121964,0.784016,92.281543,0.784016,37.491642
0.784806,504.027988,0.784806,435.096079,0.784806,362.889196,0.784806,296.639530,0.784806,194.099417,0.784806,92.406070,0.784806,37.429787
0.785596,503.966218,0.785596,435.459655,0.785596,363.207161,0.785596,296.699064,0.785596,194.069969,0.785596,92.644847,0.785596,37.362287
0.786386,503.923568,0.786386,435.729754,0.786386,363.410283,0.786386,296.723477,0.786386,194.032209,0.786386,92.985112,0.786386,37.289048
0.787176,503.863494,0.787176,435.903242,0.787176,363.477516,0.787176,296.703187,0.787176,193.985341,0.787176,93.414105,0.787176,37.209477
0.787967,503.782450,0.787967,435.996595,0.787967,363.442728,0.787967,296.641492,0.787967,193.929037,0.787967,93.919067,0.787967,37.122013
0.788757,503.749209,0.788757,436.035329,0.788757,363.329341,0.788757,296.542626,0.788757,193.863407,0.788757,94.487241,0.788757,37.025315
0.789547,503.742664,0.789547,435.986632,0.789547,363.129435,0.789547,296.403962,0.789547,193.788900,0.789547,95.105871,0.789547,36.918994
0.790337,503.650039,0.790337,435.789545,0.790337,362.795046,0.790337,296.222588,0.790337,193.706415,0.790337,95.762205,0.790337,36.802852
0.791128,503.508531,0.791128,435.468594,0.791128,362.369064,0.791128,296.008060,0.791128,193.617423,0.791128,96.443488,0.791128,36.677777
0.791918,503.433464,0.791918,435.109185,0.791918,361.979851,0.791918,295.775262,0.791918,193.524046,0.791918,97.136972,0.791918,36.547020
0.792708,503.409749,0.792708,434.741730,0.792708,361.656979,0.792708,295.532218,0.792708,193.428888,0.792708,97.829907,0.792708,36.415920
0.793498,503.395970,0.793498,434.394731,0.793498,361.373091,0.793498,295.284241,0.793498,193.334350,0.793498,98.502385,0.793498,36.288780
0.794288,503.374705,0.794288,434.119139,0.794288,361.133942,0.794288,295.034652,0.794288,193.242492,0.794288,99.133208,0.794288,36.168732
0.795079,503.276534,0.795079,433.878228,0.795079,360.880626,0.795079,294.788629,0.795079,193.155257,0.795079,99.707210,0.795079,36.058117
0.795869,503.154250,0.795869,433.647603,0.795869,360.585210,0.795869,294.562819,0.795869,193.074664,0.795869,100.218348,0.795869,35.958777
0.796659,503.021385,0.796659,433.473366,0.796659,360.318216,0.796659,294.387811,0.796659,193.002709,0.796659,100.663430,0.796659,35.871667
0.797449,502.990839,0.797449,433.392445,0.797449,360.155662,0.797449,294.296164,0.797449,192.941382,0.797449,101.039268,0.797449,35.797168
0.798239,503.220439,0.798239,433.407769,0.798239,360.136920,0.798239,294.305812,0.798239,192.892715,0.798239,101.342674,0.798239,35.735333
0.799030,503.597457,0.799030,433.499450,0.799030,360.243943,0.799030,294.421188,0.799030,192.858331,0.799030,101.570462,0.799030,35.686043
0.799820,503.916531,0.799820,433.668602,0.799820,360.455774,0.799820,294.633109,0.799820,192.838282,0.799820,101.719448,0.799820,35.648444
0.800610,504.512069,0.800610,433.931181,0.800610,360.760646,0.800610,294.917894,0.800610,192.830841,0.800610,101.786450,0.800610,35.621220
0.801400,505.229780,0.801400,434.230726,0.801400,361.092266,0.801400,295.237279,0.801400,192.832514,0.801400,101.768286,0.801400,35.602819
0.802190,505.725543,0.802190,434.506587,0.802190,361.410156,0.802190,295.560982,0.802190,192.838485,0.802190,101.661776,0.802190,35.591689
0.802981,506.348468,0.802981,434.790655,0.802981,361.729245,0.802981,295.872745,0.802981,192.844381,0.802981,101.473541,0.802981,35.586204
0.803771,507.085410,0.803771,435.078670,0.803771,362.018035,0.803771,296.163980,0.803771,192.846783,0.803771,101.217946,0.803771,35.584913
0.804561,507.437160,0.804561,435.305155,0.804561,362.269028,0.804561,296.431456,0.804561,192.843058,0.804561,100.909477,0.804561,35.586604
0.805351,507.573240,0.805351,435.498868,0.805351,362.544086,0.805351,296.685606,0.805351,192.831106,0.805351,100.561048,0.805351,35.590096
0.806141,508.055171,0.806141,435.703872,0.806141,362.876982,0.806141,296.942004,0.806141,192.809090,0.806141,100.185644,0.806141,35.594700
0.806932,508.781447,0.806932,435.920211,0.806932,363.206712,0.806932,297.202035,0.806932,192.775597,0.806932,99.793981,0.806932,35.600267
0.807722,509.159697,0.807722,436.079392,0.807722,363.424636,0.807722,297.461094,0.807722,192.729957,0.807722,99.393641,0.807722,35.607064
0.808512,509.237440,0.808512,436.177608,0.808512,363.489375,0.808512,297.727746,0.808512,192.672342,0.808512,98.990319,0.808512,35.615792
0.809302,509.305839,0.809302,436.242228,0.809302,363.413994,0.809302,298.009808,0.809302,192.603679,0.809302,98.587980,0.809302,35.627316
0.810092,509.436684,0.810092,436.271096,0.810092,363.251580,0.810092,298.308308,0.810092,192.525349,0.810092,98.189331,0.810092,35.642603
0.810883,509.313041,0.810883,436.272663,0.810883,363.013664,0.810883,298.623840,0.810883,192.439014,0.810883,97.797714,0.810883,35.662665
0.811673,509.092084,0.811673,436.247603,0.811673,362.726684,0.811673,298.950412,0.811673,192.346606,0.811673,97.418391,0.811673,35.688382
0.812463,509.014222,0.812463,436.210619,0.812463,362.440383,0.812463,299.272198,0.812463,192.250060,0.812463,97.056962,0.812463,35.719417
0.813253,508.846210,0.813253,436.197510,0.813253,362.156462,0.813253,299.578248,0.813253,192.151560,0.813253,96.719828,0.813253,35.754277
0.814043,508.577328,0.814043,436.200672,0.814043,361.884692,0.814043,299.863526,0.814043,192.053289,0.814043,96.416504,0.814043,35.790563
0.814834,508.503424,0.814834,436.210958,0.814834,361.668387,0.814834,300.121714,0.814834,191.957035,0.814834,96.159072,0.814834,35.825301
0.815624,508.448429,0.815624,436.241913,0.815624,361.488310,0.815624,300.349956,0.815624,191.863643,0.815624,95.959643,0.815624,35.855853
0.816414,508.254798,0.816414,436.294096,0.816414,361.294286,0.816414,300.543464,0.816414,191.773069,0.816414,95.828872,0.816414,35.880169
0.817204,508.098013,0.817204,436.328780,0.817204,361.123725,0.817204,300.684667,0.817204,191.684559,0.817204,95.772217,0.817204,35.897045
0.817995,508.034591,0.817995,436.333354,0.817995,361.000724,0.817995,300.745235,0.817995,191.596925,0.817995,95.787485,0.817995,35.905998
0.818785,507.951210,0.818785,436.308222,0.818785,360.853730,0.818785,300.709219,0.818785,191.508999,0.818785,95.872199,0.818785,35.907176
0.819575,507.858399,0.819575,436.222229,0.819575,360.593716,0.819575,300.573372,0.819575,191.420063,0.819575,96.023881,0.819575,35.901089
0.820365,507.700641,0.820365,436.098898,0.820365,360.229823,0.820365,300.344754,0.820365,191.330043,0.820365,96.240057,0.820365,35.888658
0.821155,507.576572,0.821155,435.955413,0.821155,359.795857,0.821155,300.038668,0.821155,191.239634,0.821155,96.518253,0.821155,35.871287
0.821946,507.497978,0.821946,435.741579,0.821946,359.255547,0.821946,299.665121,0.821946,191.150443,0.821946,96.853578,0.821946,35.850177
0.822736,507.406983,0.822736,435.481227,0.822736,358.656956,0.822736,299.241764,0.822736,191.064846,0.822736,97.234861,0.822736,35.826460
0.823526,507.322616,0.823526,435.229825,0.823526,358.097831,0.823526,298.795981,0.823526,190.986077,0.823526,97.644530,0.823526,35.801327
0.824316,507.211017,0.824316,434.957976,0.824316,357.585143,0.824316,298.362328,0.824316,190.918077,0.824316,98.063310,0.824316,35.775676
0.825106,507.048946,0.825106,434.711270,0.825106,357.157490,0.825106,297.975478,0.825106,190.865007,0.825106,98.475907,0.825106,35.750407
0.825897,507.009281,0.825897,434.518482,0.825897,356.854296,0.825897,297.660209,0.825897,190.830985,0.825897,98.871100,0.825897,35.725990
0.826687,506.812661,0.826687,434.377552,0.826687,356.683820,0.826687,297.428715,0.826687,190.819508,0.826687,99.241357,0.826687,35.702660
0.827477,506.502475,0.827477,434.291448,0.827477,356.670317,0.827477,297.288498,0.827477,190.833253,0.827477,99.582488,0.827477,35.680669
0.828267,506.346940,0.828267,434.300131,0.828267,356.826833,0.828267,297.246193,0.828267,190.873736,0.828267,99.894781,0.828267,35.660183
0.829057,506.063208,0.829057,434.440043,0.829057,357.180284,0.829057,297.294603,0.829057,190.941133,0.829057,100.181309,0.829057,35.641277
0.829848,505.440542,0.829848,434.680951,0.829848,357.688938,0.829848,297.415403,0.829848,191.034037,0.829848,100.447809,0.829848,35.624117
0.830638,504.965634,0.830638,434.919853,0.830638,358.229406,0.830638,297.591117,0.830638,191.149403,0.830638,100.701607,0.830638,35.609072
0.831428,504.818461,0.831428,435.123409,0.831428,358.798596,0.831428,297.811282,0.831428,191.283083,0.831428,100.948734,0.831428,35.596405
0.832218,504.688474,0.832218,435.345953,0.832218,359.409646,0.832218,298.074465,0.832218,191.430543,0.832218,101.192034,0.832218,35.586042
0.833008,504.205204,0.833008,435.646458,0.833008,360.101312,0.833008,298.372448,0.833008,191.586296,0.833008,101.430763,0.833008,35.577706
0.833799,503.561202,0.833799,435.986250,0.833799,360.870657,0.833799,298.684140,0.833799,191.743914,0.833799,101.660285,0.833799,35.571026
0.834589,503.117485,0.834589,436.302797,0.834589,361.661988,0.834589,298.987080,0.834589,191.896387,0.834589,101.872387,0.834589,35.565633
0.835379,502.545559,0.835379,436.611746,0.835379,362.483653,0.835379,299.263057,0.835379,192.036554,0.835379,102.055279,0.835379,35.561226
0.836169,501.991256,0.836169,436.869766,0.836169,363.237975,0.836169,299.494889,0.836169,192.157824,0.836169,102.195216,0.836169,35.557631
0.836959,501.657533,0.836959,437.057177,0.836959,363.848996,0.836959,299.672297,0.836959,192.254837,0.836959,102.278346,0.836959,35.554851
0.837750,501.441789,0.837750,437.171213,0.837750,364.281185,0.837750,299.793373,0.837750,192.324037,0.837750,102.295555,0.837750,35.553103
0.838540,501.431593,0.838540,437.211604,0.838540,364.465653,0.838540,299.860881,0.838540,192.363776,0.838540,102.242800,0.838540,35.552847
0.839330,501.558648,0.839330,437.203849,0.839330,364.397538,0.839330,299.883098,0.839330,192.374274,0.839330,102.121103,0.839330,35.554836
0.840120,502.105356,0.840120,437.145078,0.840120,364.148136,0.840120,299.873758,0.840120,192.357540,0.840120,101.936860,0.840120,35.560117
0.840910,502.695848,0.840910,437.059085,0.840910,363.837115,0.840910,299.848063,0.840910,192.316963,0.840910,101.701385,0.840910,35.569963
0.841701,502.998894,0.841701,436.977215,0.841701,363.556065,0.841701,299.818626,0.841701,192.257018,0.841701,101.428055,0.841701,35.585812
0.842491,503.342135,0.842491,436.876598,0.842491,363.300872,0.842491,299.793895,0.842491,192.183065,0.842491,101.128964,0.842491,35.609163
0.843281,503.950297,0.843281,436.757738,0.843281,363.062459,0.843281,299.778401,0.843281,192.101072,0.843281,100.816301,0.843281,35.641743
0.844071,504.368922,0.844071,436.674458,0.844071,362.869079,0.844071,299.773463,0.844071,192.016880,0.844071,100.499634,0.844071,35.684868
0.844862,504.559765,0.844862,436.615789,0.844862,362.682516,0.844862,299.778411,0.844862,191.935795,0.844862,100.186895,0.844862,35.739724
0.845652,505.046815,0.845652,436.565736,0.845652,362.464398,0.845652,299.790010,0.845652,191.862653,0.845652,99.883921,0.845652,35.807388
0.846442,505.768948,0.846442,436.506324,0.846442,362.240829,0.846442,299.802501,0.846442,191.801893,0.846442,99.595027,0.846442,35.888496
0.847232,506.265779,0.847232,436.473528,0.847232,362.050856,0.847232,299.809451,0.847232,191.757533,0.847232,99.322470,0.847232,35.983288
0.848022,506.654535,0.848022,436.489117,0.848022,361.872451,0.848022,299.806740,0.848022,191.732629,0.848022,99.067578,0.848022,36.091372
0.848813,507.243412,0.848813,436.540329,0.848813,361.704668,0.848813,299.793160,0.848813,191.729007,0.848813,98.831401,0.848813,36.212952
0.849603,507.675282,0.849603,436.606930,0.849603,361.591858,0.849603,299.767599,0.849603,191.747182,0.849603,98.614638,0.849603,36.348615
0.850393,508.103995,0.850393,436.730282,0.850393,361.515403,0.850393,299.729162,0.850393,191.786425,0.850393,98.414557,0.850393,36.498375
0.851183,508.797215,0.851183,436.932901,0.851183,361.469706,0.851183,299.678218,0.851183,191.844701,0.851183,98.226518,0.851183,36.660842
0.851973,509.485165,0.851973,437.175591,0.851973,361.442915,0.851973,299.616330,0.851973,191.918564,0.851973,98.045365,0.851973,36.832771
0.852764,510.080525,0.852764,437.436093,0.852764,361.405477,0.852764,299.546808,0.852764,192.003299,0.852764,97.866917,0.852764,37.009141
0.853554,510.887489,0.853554,437.704073,0.853554,361.337454,0.853554,299.474361,0.853554,192.093648,0.853554,97.689530,0.853554,37.184035
0.854344,511.519650,0.854344,437.955966,0.854344,361.253025,0.854344,299.404394,0.854344,192.184274,0.854344,97.514977,0.854344,37.350705
0.855134,511.819642,0.855134,438.178789,0.855134,361.157173,0.855134,299.341677,0.855134,192.270098,0.855134,97.349572,0.855134,37.501665
0.855924,512.310789,0.855924,438.422661,0.855924,361.043418,0.855924,299.290756,0.855924,192.346561,0.855924,97.204403,0.855924,37.629325
0.856715,513.070073,0.856715,438.724086,0.856715,360.922788,0.856715,299.253879,0.856715,192.409943,0.856715,97.089789,0.856715,37.728132
0.857505,513.658256,0.857505,439.022392,0.857505,360.850678,0.857505,299.234573,0.857505,192.457387,0.857505,97.013755,0.857505,37.794966
0.858295,514.052305,0.858295,439.338598,0.858295,360.847010,0.858295,299.238221,0.858295,192.486759,0.858295,96.981910,0.858295,37.828802
0.859085,514.318748,0.859085,439.691421,0.859085,360.911064,0.859085,299.266744,0.859085,192.496593,0.859085,96.996400,0.859085,37.830042
0.859875,514.306641,0.859875,440.006709,0.859875,361.026709,0.859875,299.320946,0.859875,192.486516,0.859875,97.055568,0.859875,37.800148
0.860666,514.063263,0.860666,440.260190,0.860666,361.197376,0.860666,299.400798,0.860666,192.457262,0.860666,97.154340,0.860666,37.741547
0.861456,513.420701,0.861456,440.492051,0.861456,361.417033,0.861456,299.504161,0.861456,192.410584,0.861456,97.285167,0.861456,37.658191
0.862246,512.850831,0.862246,440.687688,0.862246,361.631696,0.862246,299.624456,0.862246,192.349205,0.862246,97.439278,0.862246,37.555509
0.863036,512.529858,0.863036,440.871151,0.863036,361.822099,0.863036,299.757136,0.863036,192.276779,0.863036,97.609190,0.863036,37.438566
0.863826,512.079176,0.863826,441.097670,0.863826,362.054904,0.863826,299.899448,0.863826,192.197751,0.863826,97.788663,0.863826,37.311824
0.864617,511.417976,0.864617,441.373801,0.864617,362.339449,0.864617,300.047516,0.864617,192.117192,0.864617,97.971839,0.864617,37.179916
0.865407,510.935164,0.865407,441.663589,0.865407,362.637159,0.865407,300.194468,0.865407,192.040215,0.865407,98.152494,0.865407,37.047834
0.866197,510.409801,0.866197,441.953532,0.866197,362.914999,0.866197,300.334799,0.866197,191.970999,0.866197,98.326332,0.866197,36.920182
0.866987,509.794411,0.866987,442.210761,0.866987,363.159964,0.866987,300.465758,0.866987,191.912337,0.866987,98.491877,0.866987,36.800731
0.867777,509.471765,0.867777,442.382101,0.867777,363.348045,0.867777,300.587662,0.867777,191.865457,0.867777,98.650647,0.867777,36.692564
0.868568,509.418423,0.868568,442.469062,0.868568,363.490988,0.868568,300.698844,0.868568,191.830216,0.868568,98.806158,0.868568,36.597849
0.869358,509.464446,0.869358,442.495977,0.869358,363.661587,0.869358,300.801545,0.869358,191.805710,0.869358,98.962692,0.869358,36.517379
0.870148,509.601737,0.870148,442.489917,0.870148,363.845633,0.870148,300.898234,0.870148,191.790675,0.870148,99.124531,0.870148,36.450656
0.870938,509.763758,0.870938,442.451766,0.870938,364.003764,0.870938,300.990784,0.870938,191.783670,0.870938,99.294319,0.870938,36.396206
0.871729,510.176705,0.871729,442.380234,0.871729,364.139093,0.871729,301.080188,0.871729,191.783196,0.871729,99.471789,0.871729,36.352367
0.872519,510.945697,0.872519,442.277174,0.872519,364.241816,0.872519,301.169247,0.872519,191.787741,0.872519,99.654716,0.872519,36.317167
0.873309,511.484361,0.873309,442.171904,0.873309,364.326397,0.873309,301.262020,0.873309,191.795864,0.873309,99.837692,0.873309,36.288652
0.874099,511.736241,0.874099,442.084215,0.874099,364.443358,0.874099,301.361391,0.874099,191.806241,0.874099,100.010762,0.874099,36.265318
0.874889,512.298459,0.874889,441.984528,0.874889,364.603807,0.874889,301.465590,0.874889,191.817703,0.874889,100.159452,0.874889,36.246361
0.875680,513.081092,0.875680,441.888642,0.875680,364.764735,0.875680,301.568661,0.875680,191.829371,0.875680,100.267417,0.875680,36.230861
0.876470,513.656815,0.876470,441.789765,0.876470,364.879489,0.876470,301.664808,0.876470,191.840629,0.876470,100.319787,0.876470,36.217763
0.877260,514.274380,0.877260,441.675322,0.877260,364.947903,0.877260,301.749661,0.877260,191.851107,0.877260,100.306636,0.877260,36.206067
0.878050,514.644929,0.878050,441.559648,0.878050,364.961808,0.878050,301.818445,0.878050,191.860546,0.878050,100.223517,0.878050,36.194964
0.878840,514.471046,0.878840,441.436492,0.878840,364.879677,0.878840,301.871012,0.878840,191.868854,0.878840,100.070061,0.878840,36.183762
0.879631,513.862994,0.879631,441.288062,0.879631,364.699206,0.879631,301.909140,0.879631,191.875945,0.879631,99.850506,0.879631,36.172004
0.880421,513.154368,0.880421,441.141208,0.880421,364.434235,0.880421,301.935756,0.880421,191.881627,0.880421,99.575009,0.880421,36.159645
0.881211,512.526551,0.881211,440.982372,0.881211,364.103501,0.881211,301.953453,0.881211,191.885466,0.881211,99.258596,0.881211,36.147177
0.882001,511.810800,0.882001,440.825984,0.882001,363.785767,0.882001,301.964546,0.882001,191.886599,0.882001,98.917224,0.882001,36.135758
0.882791,511.422432,0.882791,440.711863,0.882791,363.547049,0.882791,301.970531,0.882791,191.883627,0.882791,98.567461,0.882791,36.127348
0.883582,511.414120,0.883582,440.649994,0.883582,363.418345,0.883582,301.972168,0.883582,191.874710,0.883582,98.223295,0.883582,36.124818
0.884372,511.491856,0.884372,440.588900,0.884372,363.347717,0.884372,301.969264,0.884372,191.857575,0.884372,97.895281,0.884372,36.132039
0.885162,511.095685,0.885162,440.454055,0.885162,363.250909,0.885162,301.959413,0.885162,191.829644,0.885162,97.591490,0.885162,36.153953
0.885952,510.338365,0.885952,440.242560,0.885952,363.128740,0.885952,301.938194,0.885952,191.788202,0.885952,97.321399,0.885952,36.196393
0.886742,509.847163,0.886742,440.017722,0.886742,363.011386,0.886742,301.900238,0.886742,191.730743,0.886742,97.097916,0.886742,36.265577
0.887533,509.651402,0.887533,439.847376,0.887533,362.906241,0.887533,301.839728,0.887533,191.655267,0.887533,96.934382,0.887533,36.366890
0.888323,509.412598,0.888323,439.722175,0.888323,362.801363,0.888323,301.750799,0.888323,191.560542,0.888323,96.837873,0.888323,36.503406
0.889113,509.420508,0.889113,439.684370,0.889113,362.726073,0.889113,301.628242,0.889113,191.446416,0.889113,96.809626,0.889113,36.675551
0.889903,509.878839,0.889903,439.800214,0.889903,362.730422,0.889903,301.469434,0.889903,191.314148,0.889903,96.850568,0.889903,36.881311
0.890693,510.659377,0.890693,440.037934,0.890693,362.773392,0.890693,301.276584,0.890693,191.166519,0.890693,96.961629,0.890693,37.116755
0.891484,511.317247,0.891484,440.283075,0.891484,362.813997,0.891484,301.054646,0.891484,191.007694,0.891484,97.139963,0.891484,37.377174
0.892274,511.930595,0.892274,440.488593,0.892274,362.835216,0.892274,300.813213,0.892274,190.842823,0.892274,97.376215,0.892274,37.657087
0.893064,512.675639,0.893064,440.655772,0.893064,362.837306,0.893064,300.566434,0.893064,190.677608,0.893064,97.655977,0.893064,37.950474
0.893854,513.213021,0.893854,440.793043,0.893854,362.826995,0.893854,300.326293,0.893854,190.517936,0.893854,97.963114,0.893854,38.249546
0.894644,513.883361,0.894644,440.950808,0.894644,362.807133,0.894644,300.101852,0.894644,190.369249,0.894644,98.280293,0.894644,38.545136
0.895435,514.828940,0.895435,441.150412,0.895435,362.775154,0.895435,299.900171,0.895435,190.236405,0.895435,98.589708,0.895435,38.827005
0.896225,515.505121,0.896225,441.356649,0.896225,362.730810,0.896225,299.728552,0.896225,190.123610,0.896225,98.873492,0.896225,39.084250
0.897015,515.762276,0.897015,441.491798,0.897015,362.689175,0.897015,299.590149,0.897015,190.034817,0.897015,99.114067,0.897015,39.305633
0.897805,516.013797,0.897805,441.567364,0.897805,362.666063,0.897805,299.480747,0.897805,189.973119,0.897805,99.296701,0.897805,39.481590
0.898596,516.581183,0.898596,441.628489,0.898596,362.665821,0.898596,299.395496,0.898596,189.940673,0.898596,99.410494,0.898596,39.605317
0.899386,517.225724,0.899386,441.645419,0.899386,362.686293,0.899386,299.336904,0.899386,189.938826,0.899386,99.449884,0.899386,39.673486
0.900176,517.609274,0.900176,441.564208,0.900176,362.727370,0.900176,299.314745,0.900176,189.968038,0.900176,99.414942,0.900176,39.686317
0.900966,518.068061,0.900966,441.349890,0.900966,362.784062,0.900966,299.325159,0.900966,190.027659,0.900966,99.311161,0.900966,39.647570
0.901756,518.691270,0.901756,441.057891,0.901756,362.843942,0.901756,299.356785,0.901756,190.115818,0.901756,99.149081,0.901756,39.564304
0.902547,519.219934,0.902547,440.771243,0.902547,362.896809,0.902547,299.400219,0.902547,190.229269,0.902547,98.941864,0.902547,39.446048
0.903337,519.750266,0.903337,440.491459,0.903337,362.953144,0.903337,299.449606,0.903337,190.363429,0.903337,98.703464,0.903337,39.303257
0.904127,520.420841,0.904127,440.200682,0.904127,363.011987,0.904127,299.502851,0.904127,190.513273,0.904127,98.446864,0.904127,39.145635
0.904917,520.816112,0.904917,439.922974,0.904917,363.063291,0.904917,299.560994,0.904917,190.673529,0.904917,98.183175,0.904917,38.981088
0.905707,521.204688,0.905707,439.608207,0.905707,363.116855,0.905707,299.627783,0.905707,190.839213,0.905707,97.921067,0.905707,38.815335
0.906498,521.808435,0.906498,439.261175,0.906498,363.196063,0.906498,299.706924,0.906498,191.005857,0.906498,97.668918,0.906498,38.652781
0.907288,522.274715,0.907288,438.936166,0.907288,363.304580,0.907288,299.799652,0.907288,191.169713,0.907288,97.431946,0.907288,38.496217
0.908078,522.668082,0.908078,438.672051,0.908078,363.479448,0.908078,299.904578,0.908078,191.327844,0.908078,97.212902,0.908078,38.347444
0.908868,522.877796,0.908868,438.487455,0.908868,363.741373,0.908868,300.018799,0.908868,191.477965,0.908868,97.012161,0.908868,38.207686
0.909658,522.898547,0.909658,438.393981,0.909658,364.011707,0.909658,300.139069,0.909658,191.618629,0.909658,96.828648,0.909658,38.077764
0.910449,522.699024,0.910449,438.412519,0.910449,364.261988,0.910449,300.266340,0.910449,191.749621,0.910449,96.661299,0.910449,37.957929
0.911239,522.110106,0.911239,438.554866,0.911239,364.553134,0.911239,300.404436,0.911239,191.871709,0.911239,96.508316,0.911239,37.847072
0.912029,521.553762,0.912029,438.779859,0.912029,364.852929,0.912029,300.551583,0.912029,191.986125,0.912029,96.368723,0.912029,37.742539
0.912819,521.340999,0.912819,439.060953,0.912819,365.137764,0.912819,300.705761,0.912819,192.094252,0.912819,96.243760,0.912819,37.640997
0.913609,521.172361,0.913609,439.378384,0.913609,365.440142,0.913609,300.868129,0.913609,192.197036,0.913609,96.135039,0.913609,37.537678
0.914400,520.688352,0.914400,439.731023,0.914400,365.789835,0.914400,301.039116,0.914400,192.294718,0.914400,96.043935,0.914400,37.426270
0.915190,520.119595,0.915190,440.048527,0.915190,366.135005,0.915190,301.208351,0.915190,192.386746,0.915190,95.972637,0.915190,37.300213
0.915980,519.572101,0.915980,440.300178,0.915980,366.437720,0.915980,301.359740,0.915980,192.471831,0.915980,95.924697,0.915980,37.153368
0.916770,518.963111,0.916770,440.486513,0.916770,366.694210,0.916770,301.483438,0.916770,192.548345,0.916770,95.905174,0.916770,36.980423
0.917560,518.485500,0.917560,440.601588,0.917560,366.848944,0.917560,301.571812,0.917560,192.614698,0.917560,95.919351,0.917560,36.777470
0.918351,518.367550,0.918351,440.662208,0.918351,366.831761,0.918351,301.621010,0.918351,192.669839,0.918351,95.970919,0.918351,36.543056
0.919141,518.608953,0.919141,440.688522,0.919141,366.604911,0.919141,301.632518,0.919141,192.713437,0.919141,96.060752,0.919141,36.278602
0.919931,519.076479,0.919931,440.698083,0.919931,366.184069,0.919931,301.610599,0.919931,192.745786,0.919931,96.186373,0.919931,35.987760
0.920721,519.480769,0.920721,440.699569,0.920721,365.625400,0.920721,301.561797,0.920721,192.767676,0.920721,96.341351,0.920721,35.676322
0.921511,520.037115,0.921511,440.696829,0.921511,364.983481,0.921511,301.492627,0.921511,192.780325,0.921511,96.516536,0.921511,35.351368
0.922302,520.636514,0.922302,440.693815,0.922302,364.358637,0.922302,301.409984,0.922302,192.785416,0.922302,96.701420,0.922302,35.020388
0.923092,520.959616,0.923092,440.692259,0.923092,363.807599,0.923092,301.320248,0.923092,192.785315,0.923092,96.887826,0.923092,34.690420
0.923882,521.353407,0.923882,440.692725,0.923882,363.288385,0.923882,301.227423,0.923882,192.783107,0.923882,97.069363,0.923882,34.370332
0.924672,521.883997,0.924672,440.695279,0.924672,362.791065,0.924672,301.135064,0.924672,192.782584,0.924672,97.240277,0.924672,34.071376
0.925463,522.225918,0.925463,440.699143,0.925463,362.398024,0.925463,301.052832,0.925463,192.788141,0.925463,97.395747,0.925463,33.806948
0.926253,522.306543,0.926253,440.700755,0.926253,362.090957,0.926253,300.981326,0.926253,192.804361,0.926253,97.530924,0.926253,33.589832
0.927043,522.534581,0.927043,440.697672,0.927043,361.782207,0.927043,300.913472,0.927043,192.835807,0.927043,97.640639,0.927043,33.429308
0.927833,522.762017,0.927833,440.695360,0.927833,361.483737,0.927833,300.842742,0.927833,192.886630,0.927833,97.720582,0.927833,33.329846
0.928623,522.855470,0.928623,440.714033,0.928623,361.310546,0.928623,300.763540,0.928623,192.960120,0.928623,97.767942,0.928623,33.290355
0.929414,522.663179,0.929414,440.787915,0.929414,361.371186,0.929414,300.671989,0.929414,193.058025,0.929414,97.782240,0.929414,33.308466
0.930204,522.000296,0.930204,440.947869,0.930204,361.714329,0.930204,300.566014,0.930204,193.180156,0.930204,97.765148,0.930204,33.381813
0.930994,521.269120,0.930994,441.179316,0.930994,362.290434,0.930994,300.445607,0.930994,193.324211,0.930994,97.720198,0.930994,33.508031
0.931784,520.597911,0.931784,441.441648,0.931784,363.023950,0.931784,300.313555,0.931784,193.485777,0.931784,97.652299,0.931784,33.684756
0.932574,519.662379,0.932574,441.716398,0.932574,363.878034,0.932574,300.170874,0.932574,193.658948,0.932574,97.567320,0.932574,33.905741
0.933365,518.763564,0.933365,441.987368,0.933365,364.726246,0.933365,300.017330,0.933365,193.837786,0.933365,97.471774,0.933365,34.160225
0.934155,518.066070,0.934155,442.234085,0.934155,365.511673,0.934155,299.852957,0.934155,194.016787,0.934155,97.371991,0.934155,34.433750
0.934945,517.233273,0.934945,442.474017,0.934945,366.275973,0.934945,299.681767,0.934945,194.191312,0.934945,97.272943,0.934945,34.708956
0.935735,516.589657,0.935735,442.705014,0.935735,366.967905,0.935735,299.515120,0.935735,194.357835,0.935735,97.177113,0.935735,34.968794
0.936525,516.285468,0.936525,442.906181,0.936525,367.532237,0.936525,299.371275,0.936525,194.514288,0.936525,97.084330,0.936525,35.198061
0.937316,515.847103,0.937316,443.125084,0.937316,368.008442,0.937316,299.261276,0.937316,194.659832,0.937316,96.992085,0.937316,35.384027
0.938106,515.154208,0.938106,443.339370,0.938106,368.380598,0.938106,299.197186,0.938106,194.794526,0.938106,96.896586,0.938106,35.516962
0.938896,514.774898,0.938896,443.481088,0.938896,368.598394,0.938896,299.198372,0.938896,194.919412,0.938896,96.793866,0.938896,35.590324
0.939686,514.703663,0.939686,443.547881,0.939686,368.627164,0.939686,299.279252,0.939686,195.036129,0.939686,96.680763,0.939686,35.600787
0.940476,515.047926,0.940476,443.571312,0.940476,368.464892,0.940476,299.442426,0.940476,195.146288,0.940476,96.554888,0.940476,35.548300
0.941267,515.847725,0.941267,443.569350,0.941267,368.155667,0.941267,299.679410,0.941267,195.251009,0.941267,96.415571,0.941267,35.436073
0.942057,516.545122,0.942057,443.557222,0.942057,367.793996,0.942057,299.970164,0.942057,195.350875,0.942057,96.263723,0.942057,35.270746
0.942847,517.184595,0.942847,443.547593,0.942847,367.403752,0.942847,300.299655,0.942847,195.445704,0.942847,96.102026,0.942847,35.062497
0.943637,518.060442,0.943637,443.545841,0.943637,366.968368,0.943637,300.653515,0.943637,195.534206,0.943637,95.934299,0.943637,34.824566
0.944427,518.789452,0.944427,443.547401,0.944427,366.520103,0.944427,301.010178,0.944427,195.613872,0.944427,95.764385,0.944427,34.571508
0.945218,519.662576,0.945218,443.548209,0.945218,366.013460,0.945218,301.354246,0.945218,195.681462,0.945218,95.596907,0.945218,34.316086
0.946008,520.727091,0.946008,443.546487,0.946008,365.476748,0.946008,301.674851,0.946008,195.733031,0.946008,95.436715,0.946008,34.069035
0.946798,521.472886,0.946798,443.542489,0.946798,364.996855,0.946798,301.951285,0.946798,195.764149,0.946798,95.289909,0.946798,33.839056
0.947588,522.038209,0.947588,443.539975,0.947588,364.588006,0.947588,302.166826,0.947588,195.770469,0.947588,95.163141,0.947588,33.633605
0.948378,522.682820,0.948378,443.539453,0.948378,364.239739,0.948378,302.299683,0.948378,195.748368,0.948378,95.063399,0.948378,33.458554
0.949169,522.999222,0.949169,443.540665,0.949169,364.015857,0.949169,302.325985,0.949169,195.695813,0.949169,94.996364,0.949169,33.317860
0.949959,523.060567,0.949959,443.542908,0.949959,363.988925,0.949959,302.233992,0.949959,195.612742,0.949959,94.964670,0.949959,33.213146
0.950749,523.054526,0.950749,443.544315,0.950749,364.169636,0.950749,302.026527,0.950749,195.501158,0.950749,94.967309,0.950749,33.144176
0.951539,523.054238,0.951539,443.544805,0.951539,364.499868,0.951539,301.719598,0.951539,195.364965,0.951539,95.000789,0.951539,33.109242
0.952330,523.080892,0.952330,443.544633,0.952330,364.837561,0.952330,301.341914,0.952330,195.209868,0.952330,95.059637,0.952330,33.106248
0.953120,523.078979,0.953120,443.544158,0.953120,365.136950,0.953120,300.909375,0.953120,195.042788,0.953120,95.137764,0.953120,33.132814
0.953910,523.013225,0.953910,443.544287,0.953910,365.426164,0.953910,300.427035,0.953910,194.871086,0.953910,95.229491,0.953910,33.186326
0.954700,522.889622,0.954700,443.545693,0.954700,365.664784,0.954700,299.914299,0.954700,194.701444,0.954700,95.329341,0.954700,33.264629
0.955490,522.885781,0.955490,443.548753,0.955490,365.860447,0.955490,299.391095,0.955490,194.539384,0.955490,95.432662,0.955490,33.365444
0.956281,522.818287,0.956281,443.552730,0.956281,366.074470,0.956281,298.880607,0.956281,194.388535,0.956281,95.537014,0.956281,33.485331
0.957071,522.759302,0.957071,443.556007,0.957071,366.330651,0.957071,298.419728,0.957071,194.249935,0.957071,95.641744,0.957071,33.619667
0.957861,522.707209,0.957861,443.558115,0.957861,366.581927,0.957861,298.051059,0.957861,194.122919,0.957861,95.746621,0.957861,33.765007
0.958651,522.651094,0.958651,443.559008,0.958651,366.820105,0.958651,297.802665,0.958651,194.006712,0.958651,95.851194,0.958651,33.918891
0.959441,522.631271,0.959441,443.558616,0.959441,366.991743,0.959441,297.694997,0.959441,193.900536,0.959441,95.954913,0.959441,34.079094
0.960232,522.646760,0.960232,443.556799,0.960232,367.082684,0.960232,297.736729,0.960232,193.803615,0.960232,96.057098,0.960232,34.244055
0.961022,522.833059,0.961022,443.552152,0.961022,367.111243,0.961022,297.922055,0.961022,193.715174,0.961022,96.157910,0.961022,34.412870
0.961812,523.209692,0.961812,443.544528,0.961812,367.093363,0.961812,298.230477,0.961812,193.634438,0.961812,96.257876,0.961812,34.585221
0.962602,523.557802,0.962602,443.535279,0.962602,367.055509,0.962602,298.628007,0.962602,193.560632,0.962602,96.357274,0.962602,34.760858
0.963392,523.698364,0.963392,443.529283,0.963392,367.028995,0.963392,299.083639,0.963392,193.492983,0.963392,96.455624,0.963392,34.939590
0.964183,524.075051,0.964183,443.529142,0.964183,367.019755,0.964183,299.580206,0.964183,193.429695,0.964183,96.551228,0.964183,35.121126
0.964973,524.560263,0.964973,443.538330,0.964973,367.024697,0.964973,300.098585,0.964973,193.366459,0.964973,96.640048,0.964973,35.303785
0.965763,524.830644,0.965763,443.562079,0.965763,367.039846,0.965763,300.614714,0.965763,193.297315,0.965763,96.714838,0.965763,35.484213
0.966553,525.182381,0.966553,443.603788,0.966553,367.057398,0.966553,301.114736,0.966553,193.217139,0.966553,96.764203,0.966553,35.657607
0.967343,525.811953,0.967343,443.649333,0.967343,367.073944,0.967343,301.583076,0.967343,193.122819,0.967343,96.774071,0.967343,35.820964
0.968134,526.266401,0.968134,443.660016,0.968134,367.073426,0.968134,301.994234,0.968134,193.011991,0.968134,96.731235,0.968134,35.973047
0.968924,526.230803,0.968924,443.590511,0.968924,367.038973,0.968924,302.336613,0.968924,192.882287,0.968924,96.626900,0.968924,36.113265
0.969714,525.930636,0.969714,443.446436,0.969714,366.961014,0.969714,302.610763,0.969714,192.731343,0.969714,96.457613,0.969714,36.241077
0.970504,525.699918,0.970504,443.267030,0.970504,366.849453,0.970504,302.821789,0.970504,192.557045,0.970504,96.225676,0.970504,36.356555
0.971294,525.449770,0.971294,443.077217,0.971294,366.714808,0.971294,302.982828,0.971294,192.358265,0.971294,95.938946,0.971294,36.460023
0.972085,525.036535,0.972085,442.894268,0.972085,366.537518,0.972085,303.108290,0.972085,192.135729,0.972085,95.610645,0.972085,36.552071
0.972875,524.628648,0.972875,442.729907,0.972875,366.331214,0.972875,303.209770,0.972875,191.892537,0.972875,95.256817,0.972875,36.633567
0.973665,524.354282,0.973665,442.584729,0.973665,366.137747,0.973665,303.295537,0.973665,191.633637,0.973665,94.893195,0.973665,36.705129
0.974455,524.029984,0.974455,442.456808,0.974455,365.961172,0.974455,303.374397,0.974455,191.364951,0.974455,94.536612,0.974455,36.767794
0.975245,523.640320,0.975245,442.344228,0.975245,365.815587,0.975245,303.451328,0.975245,191.092875,0.975245,94.207720,0.975245,36.822425
0.976036,523.497949,0.976036,442.243045,0.976036,365.710348,0.976036,303.522948,0.976036,190.824111,0.976036,93.927931,0.976036,36.868937
0.976826,523.384389,0.976826,442.133583,0.976826,365.616733,0.976826,303.586602,0.976826,190.564736,0.976826,93.714567,0.976826,36.907510
0.977616,523.025665,0.977616,441.997866,0.977616,365.503947,0.977616,303.643701,0.977616,190.319576,0.977616,93.579049,0.977616,36.938219
0.978406,522.694904,0.978406,441.859499,0.978406,365.388839,0.978406,303.687458,0.978406,190.091700,0.978406,93.525344,0.978406,36.960828
0.979197,522.547153,0.979197,441.833186,0.979197,365.319347,0.979197,303.708919,0.979197,189.882517,0.979197,93.550997,0.979197,36.974839
0.979987,522.194911,0.979987,441.979875,0.979987,365.301484,0.979987,303.705217,0.979987,189.691990,0.979987,93.652531,0.979987,36.979581
0.980777,521.611991,0.980777,442.313925,0.980777,365.319753,0.980777,303.677551,0.980777,189.519099,0.980777,93.826474,0.980777,36.974530
0.981567,521.218919,0.981567,442.793073,0.981567,365.370352,0.981567,303.628711,0.981567,189.362597,0.981567,94.069353,0.981567,36.959634
0.982357,520.894146,0.982357,443.385321,0.982357,365.449254,0.982357,303.560611,0.982357,189.221230,0.982357,94.374186,0.982357,36.934519
0.983148,520.426661,0.983148,444.056134,0.983148,365.534329,0.983148,303.475197,0.983148,189.093175,0.983148,94.726504,0.983148,36.898146
0.983938,520.170110,0.983938,444.689066,0.983938,365.595045,0.983938,303.381267,0.983938,188.976170,0.983938,95.106853,0.983938,36.849159
0.984728,519.867008,0.984728,445.266046,0.984728,365.641160,0.984728,303.281457,0.984728,188.867978,0.984728,95.492002,0.984728,36.785852
0.985518,519.259814,0.985518,445.812898,0.985518,365.697786,0.985518,303.175001,0.985518,188.766492,0.985518,95.856474,0.985518,36.706865
0.986308,518.689184,0.986308,446.330673,0.986308,365.766587,0.986308,303.065411,0.986308,188.669584,0.986308,96.177917,0.986308,36.611763
0.987099,518.260394,0.987099,446.811190,0.987099,365.853418,0.987099,302.947164,0.987099,188.575209,0.987099,96.437673,0.987099,36.501541
0.987889,517.793292,0.987889,447.232733,0.987889,365.946588,0.987889,302.808233,0.987889,188.481901,0.987889,96.622566,0.987889,36.379221
0.988679,517.480964,0.988679,447.501724,0.988679,366.013597,0.988679,302.643727,0.988679,188.389031,0.988679,96.727009,0.988679,36.249540
0.989469,517.511365,0.989469,447.561344,0.989469,365.971406,0.989469,302.447847,0.989469,188.296136,0.989469,96.746927,0.989469,36.115682
0.990259,517.664104,0.990259,447.450870,0.990259,365.837158,0.990259,302.221974,0.990259,188.202910,0.990259,96.678246,0.990259,35.979146
0.991050,517.787092,0.991050,447.287258,0.991050,365.704771,0.991050,301.978243,0.991050,188.109398,0.991050,96.517855,0.991050,35.840563
0.991840,517.756836,0.991840,447.071853,0.991840,365.588513,0.991840,301.720334,0.991840,188.016113,0.991840,96.268725,0.991840,35.699709
0.992630,517.834111,0.992630,446.794138,0.992630,365.432988,0.992630,301.438336,0.992630,187.923869,0.992630,95.941261,0.992630,35.555448
0.993420,518.166041,0.993420,446.420155,0.993420,365.180555,0.993420,301.124236,0.993420,187.833904,0.993420,95.552958,0.993420,35.406754
0.994210,518.592754,0.994210,446.003373,0.994210,364.848440,0.994210,300.783644,0.994210,187.748082,0.994210,95.125995,0.994210,35.253666
0.995001,518.744396,0.995001,445.561981,0.995001,364.493867,0.995001,300.431537,0.995001,187.669033,0.995001,94.686366,0.995001,35.097715
0.995791,518.910004,0.995791,445.027067,0.995791,364.087640,0.995791,300.079662,0.995791,187.599619,0.995791,94.259894,0.995791,34.941267
0.996581,519.329702,0.996581,444.420448,0.996581,363.673415,0.996581,299.737829,0.996581,187.543040,0.996581,93.869615,0.996581,34.787963
0.997371,519.621560,0.997371,443.868609,0.997371,363.325413,0.997371,299.424013,0.997371,187.502923,0.997371,93.532781,0.997371,34.643126
0.998161,519.758088,0.998161,443.416919,0.998161,363.045550,0.998161,299.150560,0.998161,187.483182,0.998161,93.259553,0.998161,34.513148
0.998952,520.126968,0.998952,443.083521,0.998952,362.835964,0.998952,298.937183,0.998952,187.487591,0.998952,93.052764,0.998952,34.402412
0.999742,520.454013,0.999742,442.973437,0.999742,362.790992,0.999742,298.790937,0.999742,187.519206,0.999742,92.911754,0.999742,34.313037
1.000532,520.873065,1.000532,443.106259,1.000532,362.984629,1.000532,298.718879,1.000532,187.579819,1.000532,92.835863,1.000532,34.244673
1.001322,521.291633,1.001322,443.394534,1.001322,363.386337,1.001322,298.728072,1.001322,187.669597,1.001322,92.824436,1.001322,34.194763
1.002112,521.556662,1.002112,443.744287,1.002112,363.888948,1.002112,298.822325,1.002112,187.786915,1.002112,92.876818,1.002112,34.160206
1.002903,522.042208,1.002903,444.155407,1.002903,364.435911,1.002903,298.989277,1.002903,187.928225,1.002903,92.992339,1.002903,34.137827
1.003693,522.646846,1.003693,444.587682,1.003693,364.949643,1.003693,299.205327,1.003693,188.088528,1.003693,93.162677,1.003693,34.125367
1.004483,522.955884,1.004483,445.016587,1.004483,365.335146,1.004483,299.459770,1.004483,188.261611,1.004483,93.377409,1.004483,34.122412
1.005273,522.941137,1.005273,445.417609,1.005273,365.601250,1.005273,299.743284,1.005273,188.441800,1.005273,93.628447,1.005273,34.129853
1.006063,523.042670,1.006063,445.831443,1.006063,365.868024,1.006063,300.047499,1.006063,188.623388,1.006063,93.909042,1.006063,34.149718
1.006854,523.554022,1.006854,446.264377,1.006854,366.211227,1.006854,300.371570,1.006854,188.799521,1.006854,94.206829,1.006854,34.184830
1.007644,524.141128,1.007644,446.709507,1.007644,366.608557,1.007644,300.705233,1.007644,188.961880,1.007644,94.503796,1.007644,34.238633
1.008434,524.423509,1.008434,447.132678,1.008434,366.981019,1.008434,301.039461,1.008434,189.102141,1.008434,94.779790,1.008434,34.314942
1.009224,524.708197,1.009224,447.506980,1.009224,367.344016,1.009224,301.370663,1.009224,189.213765,1.009224,95.017307,1.009224,34.417012
1.010015,524.998349,1.010015,447.741210,1.010015,367.717381,1.010015,301.705584,1.010015,189.292310,1.010015,95.204775,1.010015,34.547217
1.010805,525.123428,1.010805,447.794496,1.010805,368.070709,1.010805,302.050552,1.010805,189.335297,1.010805,95.336482,1.010805,34.706756
1.011595,525.293337,1.011595,447.703004,1.011595,368.472911,1.011595,302.412466,1.011595,189.342297,1.011595,95.411451,1.011595,34.894521
1.012385,525.504333,1.012385,447.542043,1.012385,368.918733,1.012385,302.789545,1.012385,189.315006,1.012385,95.432197,1.012385,35.106830
1.013175,525.620644,1.013175,447.358241,1.013175,369.330888,1.013175,303.175402,1.013175,189.257174,1.013175,95.406464,1.013175,35.337171
1.013966,525.792806,1.013966,447.156257,1.013966,369.714294,1.013966,303.571545,1.013966,189.174142,1.013966,95.345607,1.013966,35.576252
1.014756,525.938083,1.014756,446.952278,1.014756,370.051099,1.014756,303.969340,1.014756,189.071464,1.014756,95.261735,1.014756,35.814549
1.015546,525.935268,1.015546,446.781559,1.015546,370.311617,1.015546,304.350750,1.015546,188.953914,1.015546,95.166013,1.015546,36.044004
1.016336,526.041065,1.016336,446.610989,1.016336,370.551721,1.016336,304.705959,1.016336,188.825078,1.016336,95.068208,1.016336,36.257455
1.017126,526.292080,1.017126,446.425829,1.017126,370.744218,1.017126,305.021601,1.017126,188.687417,1.017126,94.975961,1.017126,36.449310
1.017917,526.359899,1.017917,446.271592,1.017917,370.786646,1.017917,305.289959,1.017917,188.542374,1.017917,94.894793,1.017917,36.615274
1.018707,526.382724,1.018707,446.124837,1.018707,370.653358,1.018707,305.515565,1.018707,188.390699,1.018707,94.828535,1.018707,36.751705
1.019497,526.309923,1.019497,445.940157,1.019497,370.350606,1.019497,305.706896,1.019497,188.233227,1.019497,94.778667,1.019497,36.856590
1.020287,526.166678,1.020287,445.767883,1.020287,369.930069,1.020287,305.860911,1.020287,188.071362,1.020287,94.744174,1.020287,36.929989
1.021077,526.220917,1.021077,445.617761,1.021077,369.374790,1.021077,305.976183,1.021077,187.906311,1.021077,94.722457,1.021077,36.974042
1.021868,526.075742,1.021868,445.419242,1.021868,368.667825,1.021868,306.061206,1.021868,187.738908,1.021868,94.709779,1.021868,36.992072
1.022658,525.670017,1.022658,445.152974,1.022658,367.784893,1.022658,306.128052,1.022658,187.570206,1.022658,94.701537,1.022658,36.987317
1.023448,525.415517,1.023448,444.865618,1.023448,366.772407,1.023448,306.188785,1.023448,187.401923,1.023448,94.692493,1.023448,36.962437
1.024238,525.290217,1.024238,444.563755,1.024238,365.706376,1.024238,306.254085,1.024238,187.236089,1.024238,94.676408,1.024238,36.919659
1.025028,525.149918,1.025028,444.211769,1.025028,364.625359,1.025028,306.327464,1.025028,187.075008,1.025028,94.646224,1.025028,36.861291
1.025819,525.062109,1.025819,443.838359,1.025819,363.612773,1.025819,306.405564,1.025819,186.921426,1.025819,94.594159,1.025819,36.790158
1.026609,524.979165,1.026609,443.481284,1.026609,362.673100,1.026609,306.485296,1.026609,186.778948,1.026609,94.510600,1.026609,36.709269
1.027399,524.735840,1.027399,443.115037,1.027399,361.863610,1.027399,306.557668,1.027399,186.651849,1.027399,94.384015,1.027399,36.620983
1.028189,524.516537,1.028189,442.816566,1.028189,361.241587,1.028189,306.602574,1.028189,186.544935,1.028189,94.203860,1.028189,36.527352
1.028979,524.406332,1.028979,442.662168,1.028979,360.907457,1.028979,306.599906,1.028979,186.462130,1.028979,93.963632,1.028979,36.430380
1.029770,524.549835,1.029770,442.657621,1.029770,360.882487,1.029770,306.537084,1.029770,186.405928,1.029770,93.661918,1.029770,36.331923
1.030560,524.765109,1.030560,442.768368,1.030560,361.104106,1.030560,306.407905,1.030560,186.377440,1.030560,93.303178,1.030560,36.232911
1.031350,524.862329,1.031350,442.936113,1.031350,361.489693,1.031350,306.214398,1.031350,186.376319,1.031350,92.896393,1.031350,36.133606
1.032140,525.078842,1.032140,443.183954,1.032140,362.060139,1.032140,305.964416,1.032140,186.400740,1.032140,92.453907,1.032140,36.034089
1.032930,525.608179,1.032930,443.500414,1.032930,362.788942,1.032930,305.672454,1.032930,186.447541,1.032930,91.993215,1.032930,35.934933
1.033721,525.988115,1.033721,443.788833,1.033721,363.581400,1.033721,305.360126,1.033721,186.512949,1.033721,91.536500,1.033721,35.837151
1.034511,526.083081,1.034511,444.040324,1.034511,364.407240,1.034511,305.039060,1.034511,186.593967,1.034511,91.109695,1.034511,35.741970
1.035301,526.390833,1.035301,444.341575,1.035301,365.321345,1.035301,304.708053,1.035301,186.689232,1.035301,90.735909,1.035301,35.651336
1.036091,526.812821,1.036091,444.694735,1.036091,366.279090,1.036091,304.372745,1.036091,186.798970,1.036091,90.432176,1.036091,35.568182
1.036882,527.013034,1.036882,445.061664,1.036882,367.202553,1.036882,304.043261,1.036882,186.925115,1.036882,90.204578,1.036882,35.496292
1.037672,527.290557,1.037672,445.423879,1.037672,368.052913,1.037672,303.729508,1.037672,187.070823,1.037672,90.046225,1.037672,35.440106
1.038462,527.685334,1.038462,445.715413,1.038462,368.729736,1.038462,303.437742,1.038462,187.239192,1.038462,89.950229,1.038462,35.404211
1.039252,527.937446,1.039252,445.900580,1.039252,369.179430,1.039252,303.172738,1.039252,187.432307,1.039252,89.909704,1.039252,35.392778
1.040042,527.850380,1.040042,445.961114,1.040042,369.443586,1.040042,302.929497,1.040042,187.650861,1.040042,89.917765,1.040042,35.408353
1.040833,527.441540,1.040833,445.926681,1.040833,369.540543,1.040833,302.702651,1.040833,187.893755,1.040833,89.967530,1.040833,35.451877
1.041623,527.007033,1.041623,445.840584,1.041623,369.441310,1.041623,302.493025,1.041623,188.157774,1.041623,90.052117,1.041623,35.523142
1.042413,526.450195,1.042413,445.702556,1.042413,369.179795,1.042413,302.303723,1.042413,188.437988,1.042413,90.164646,1.042413,35.621021
1.043203,525.743494,1.043203,445.506472,1.043203,368.777332,1.043203,302.132544,1.043203,188.727458,1.043203,90.298239,1.043203,35.743547
1.043993,525.132740,1.043993,445.310360,1.043993,368.325862,1.043993,301.975300,1.043993,189.017193,1.043993,90.446020,1.043993,35.887011
1.044784,524.805098,1.044784,445.156276,1.044784,367.882193,1.044784,301.826368,1.044784,189.297131,1.044784,90.601113,1.044784,36.045277
1.045574,524.276899,1.045574,445.004939,1.045574,367.463317,1.045574,301.677755,1.045574,189.557921,1.045574,90.751677,1.045574,36.209534
1.046364,523.501199,1.046364,444.831759,1.046364,367.067491,1.046364,301.529693,1.046364,189.792171,1.046364,90.884858,1.046364,36.370877
1.047154,522.966803,1.047154,444.646851,1.047154,366.723745,1.047154,301.390252,1.047154,189.994397,1.047154,90.997314,1.047154,36.520357
1.047944,522.579915,1.047944,444.429003,1.047944,366.399037,1.047944,301.265944,1.047944,190.160919,1.047944,91.090870,1.047944,36.649391
1.048735,521.931759,1.048735,444.151282,1.048735,366.057895,1.048735,301.163563,1.048735,190.290276,1.048735,91.167355,1.048735,36.750241
1.049525,521.292144,1.049525,443.889118,1.049525,365.766605,1.049525,301.097021,1.049525,190.383032,1.049525,91.228598,1.049525,36.816912
1.050315,520.986899,1.050315,443.777290,1.050315,365.626704,1.050315,301.086848,1.050315,190.439750,1.050315,91.276431,1.050315,36.845563
1.051105,521.033433,1.051105,443.875256,1.051105,365.674358,1.051105,301.144447,1.051105,190.460995,1.051105,91.312685,1.051105,36.834917
1.051895,521.341344,1.051895,444.140796,1.051895,365.874723,1.051895,301.267037,1.051895,190.447330,1.051895,91.339197,1.051895,36.786174
1.052686,521.684758,1.052686,444.469258,1.052686,366.162634,1.052686,301.444033,1.052686,190.399322,1.052686,91.357801,1.052686,36.703221
1.053476,522.262357,1.053476,444.823858,1.053476,366.561819,1.053476,301.671278,1.053476,190.317534,1.053476,91.370335,1.053476,36.592148
1.054266,522.980155,1.054266,445.188427,1.054266,367.021213,1.054266,301.933963,1.054266,190.202862,1.054266,91.378639,1.054266,36.460485
1.055056,523.608014,1.055056,445.528167,1.055056,367.471247,1.055056,302.215667,1.055056,190.058424,1.055056,91.384552,1.055056,36.315992
1.055846,524.315093,1.055846,445.802914,1.055846,367.919968,1.055846,302.495113,1.055846,189.889023,1.055846,91.389918,1.055846,36.164466
1.056637,525.012043,1.056637,446.010894,1.056637,368.344290,1.056637,302.753570,1.056637,189.699741,1.056637,91.404493,1.056637,36.009447
1.057427,525.378459,1.057427,446.175364,1.057427,368.712057,1.057427,302.976961,1.057427,189.495581,1.057427,91.431973,1.057427,35.852325
1.058217,525.479291,1.058217,446.331215,1.058217,369.075972,1.058217,303.161984,1.058217,189.281668,1.058217,91.474485,1.058217,35.692948
1.059007,525.893395,1.059007,446.536190,1.059007,369.491618,1.059007,303.316006,1.059007,189.062577,1.059007,91.534160,1.059007,35.529597
1.059797,526.501383,1.059797,446.767426,1.059797,369.910532,1.059797,303.437464,1.059797,188.842795,1.059797,91.613128,1.059797,35.360394
1.060588,526.829827,1.060588,446.946168,1.060588,370.186606,1.060588,303.520377,1.060588,188.626840,1.060588,91.713522,1.060588,35.184135
1.061378,527.079715,1.061378,447.071218,1.061378,370.270810,1.061378,303.565229,1.061378,188.418806,1.061378,91.837476,1.061378,35.001266
1.062168,527.562645,1.062168,447.143362,1.062168,370.159467,1.062168,303.573532,1.062168,188.222095,1.062168,91.987125,1.062168,34.812782
1.062958,527.956802,1.062958,447.168668,1.062958,369.939395,1.062958,303.547664,1.062958,188.039463,1.062958,92.164606,1.062958,34.620650
1.063749,528.168222,1.063749,447.165079,1.063749,369.652124,1.063749,303.492209,1.063749,187.873330,1.063749,92.372059,1.063749,34.427924
1.064539,528.443174,1.064539,447.153143,1.064539,369.244994,1.064539,303.415436,1.064539,187.725753,1.064539,92.611625,1.064539,34.238997
1.065329,528.711988,1.065329,447.142239,1.065329,368.756569,1.065329,303.324933,1.065329,187.597949,1.065329,92.885444,1.065329,34.058532
1.066119,528.990348,1.066119,447.134429,1.066119,368.292351,1.066119,303.229028,1.066119,187.490845,1.066119,93.195661,1.066119,33.890837
1.066909,529.389828,1.066909,447.128695,1.066909,367.858720,1.066909,303.133927,1.066909,187.405382,1.066909,93.533908,1.066909,33.740515
1.067700,529.746208,1.067700,447.124458,1.067700,367.546956,1.067700,303.047522,1.067700,187.342503,1.067700,93.884337,1.067700,33.612241
1.068490,529.910957,1.068490,447.121595,1.068490,367.383481,1.068490,302.973936,1.068490,187.302921,1.068490,94.235117,1.068490,33.509395
1.069280,530.100789,1.069280,447.121675,1.069280,367.334189,1.069280,302.915432,1.069280,187.286986,1.069280,94.575050,1.069280,33.433586
1.070070,530.262950,1.070070,447.125209,1.070070,367.370700,1.070070,302.872360,1.070070,187.294316,1.070070,94.892942,1.070070,33.384576
1.070860,530.324378,1.070860,447.131623,1.070860,367.487912,1.070860,302.844802,1.070860,187.323703,1.070860,95.177599,1.070860,33.361169
1.071651,530.384151,1.071651,447.139944,1.071651,367.708388,1.071651,302.830230,1.071651,187.372937,1.071651,95.417828,1.071651,33.360625
1.072441,530.341207,1.072441,447.145829,1.072441,368.088327,1.072441,302.825042,1.072441,187.438862,1.072441,95.602439,1.072441,33.379407
1.073231,530.202157,1.073231,447.148460,1.073231,368.588297,1.073231,302.825693,1.073231,187.517702,1.073231,95.720256,1.073231,33.413880
1.074021,530.189047,1.074021,447.148294,1.074021,369.105119,1.074021,302.829197,1.074021,187.605314,1.074021,95.767133,1.074021,33.460519
1.074811,530.232892,1.074811,447.145800,1.074811,369.633196,1.074811,302.833714,1.074811,187.697598,1.074811,95.746232,1.074811,33.516221
1.075602,530.239480,1.075602,447.140519,1.075602,370.170148,1.075602,302.838201,1.075602,187.790502,1.075602,95.662848,1.075602,33.578051
1.076392,530.217459,1.076392,447.130282,1.076392,370.639594,1.076392,302.842100,1.076392,187.879997,1.076392,95.520511,1.076392,33.642294
1.077182,530.245202,1.077182,447.115364,1.077182,371.046813,1.077182,302.844512,1.077182,187.961842,1.077182,95.321158,1.077182,33.704279
1.077972,530.289066,1.077972,447.092838,1.077972,371.447188,1.077972,302.845206,1.077972,188.031466,1.077972,95.064899,1.077972,33.759925
1.078762,530.301690,1.078762,447.085256,1.078762,371.831800,1.078762,302.844105,1.078762,188.084333,1.078762,94.751788,1.078762,33.805848
1.079553,530.253385,1.079553,447.132008,1.079553,372.173980,1.079553,302.841507,1.079553,188.116675,1.079553,94.382990,1.079553,33.839310
1.080343,530.131513,1.080343,447.247798,1.080343,372.475639,1.080343,302.837836,1.080343,188.126172,1.080343,93.962649,1.080343,33.859015
1.081133,529.981921,1.081133,447.415580,1.081133,372.718359,1.081133,302.833707,1.081133,188.112416,1.081133,93.494339,1.081133,33.864959
1.081923,529.902479,1.081923,447.617354,1.081923,372.938274,1.081923,302.829682,1.081923,188.077019,1.081923,92.983405,1.081923,33.858221
1.082713,529.730850,1.082713,447.870359,1.082713,373.174901,1.082713,302.826680,1.082713,188.023604,1.082713,92.437635,1.082713,33.840908
1.083504,529.519788,1.083504,448.134526,1.083504,373.402601,1.083504,302.826352,1.083504,187.957107,1.083504,91.868545,1.083504,33.816489
1.084294,529.497770,1.084294,448.365553,1.084294,373.590510,1.084294,302.829641,1.084294,187.881956,1.084294,91.288953,1.084294,33.787715
1.085084,529.492933,1.085084,448.607876,1.085084,373.769876,1.085084,302.836609,1.085084,187.801586,1.085084,90.714560,1.085084,33.756502
1.085874,529.248269,1.085874,448.902011,1.085874,374.004832,1.085874,302.846196,1.085874,187.718249,1.085874,90.163006,1.085874,33.724328
1.086664,529.007454,1.086664,449.203117,1.086664,374.267816,1.086664,302.855746,1.086664,187.633684,1.086664,89.654406,1.086664,33.692545
1.087455,528.938904,1.087455,449.478273,1.087455,374.517070,1.087455,302.860315,1.087455,187.548905,1.087455,89.209055,1.087455,33.662100
1.088245,528.780186,1.088245,449.794205,1.088245,374.786378,1.088245,302.853117,1.088245,187.464389,1.088245,88.842893,1.088245,33.633601
1.089035,528.565539,1.089035,450.136720,1.089035,375.032539,1.089035,302.824939,1.089035,187.380511,1.089035,88.564172,1.089035,33.608044
1.089825,528.476707,1.089825,450.435552,1.089825,375.148812,1.089825,302.764636,1.089825,187.297633,1.089825,88.372250,1.089825,33.586938
1.090616,528.389330,1.090616,450.677061,1.090616,375.100302,1.090616,302.661674,1.090616,187.215701,1.090616,88.265912,1.090616,33.571554
1.091406,528.246379,1.091406,450.826521,1.091406,374.930629,1.091406,302.513712,1.091406,187.134374,1.091406,88.243951,1.091406,33.563023
1.092196,528.207447,1.092196,450.858801,1.092196,374.653554,1.092196,302.323480,1.092196,187.053308,1.092196,88.305157,1.092196,33.562312
1.092986,528.238143,1.092986,450.792826,1.092986,374.250667,1.092986,302.102561,1.092986,186.972362,1.092986,88.448322,1.092986,33.570220
1.093776,528.277747,1.093776,450.704660,1.093776,373.776638,1.093776,301.865985,1.093776,186.891333,1.093776,88.672242,1.093776,33.587157
1.094567,528.355707,1.094567,450.652952,1.094567,373.331452,1.094567,301.621865,1.094567,186.810151,1.094567,88.973471,1.094567,33.613108
1.095357,528.375901,1.095357,450.645084,1.095357,372.915684,1.095357,301.369231,1.095357,186.729044,1.095357,89.340618,1.095357,33.647204
1.096147,528.353852,1.096147,450.654588,1.096147,372.501087,1.096147,301.107963,1.096147,186.648871,1.096147,89.753531,1.096147,33.688358
1.096937,528.438391,1.096937,450.665971,1.096937,372.086965,1.096937,300.846817,1.096937,186.571354,1.096937,90.191093,1.096937,33.736922
1.097727,528.424164,1.097727,450.676616,1.097727,371.651389,1.097727,300.602019,1.097727,186.499254,1.097727,90.631976,1.097727,33.794935
1.098518,528.250001,1.098518,450.689810,1.098518,371.240401,1.098518,300.390554,1.098518,186.436529,1.098518,91.058020,1.098518,33.866070
1.099308,528.186038,1.099308,450.708306,1.099308,370.941357,1.099308,300.234198,1.099308,186.387324,1.099308,91.455045,1.099308,33.954705
1.100098,528.187678,1.100098,450.737817,1.100098,370.759281,1.100098,300.151837,1.100098,186.355031,1.100098,91.814192,1.100098,34.065025
1.100888,528.243492,1.100888,450.786451,1.100888,370.624185,1.100888,300.150057,1.100888,186.342023,1.100888,92.132029,1.100888,34.199783
1.101678,528.511943,1.101678,450.855999,1.101678,370.479033,1.101678,300.228545,1.101678,186.349298,1.101678,92.410674,1.101678,34.359408
1.102469,528.800636,1.102469,450.928660,1.102469,370.353586,1.102469,300.383764,1.102469,186.376384,1.102469,92.657094,1.102469,34.541995
1.103259,529.059602,1.103259,450.997857,1.103259,370.281200,1.103259,300.609578,1.103259,186.421325,1.103259,92.879767,1.103259,34.744098
1.104049,529.595639,1.104049,451.073651,1.104049,370.239923,1.104049,300.891312,1.104049,186.481003,1.104049,93.086763,1.104049,34.962096
1.104839,530.105591,1.104839,451.147264,1.104839,370.217824,1.104839,301.203062,1.104839,186.551113,1.104839,93.283580,1.104839,35.191847
1.105629,530.307031,1.105629,451.212367,1.105629,370.188722,1.105629,301.526441,1.105629,186.626915,1.105629,93.474027,1.105629,35.429492
1.106420,530.564912,1.106420,451.291676,1.106420,370.120577,1.106420,301.854705,1.106420,186.704869,1.106420,93.660326,1.106420,35.671080
1.107210,531.165636,1.107210,451.391255,1.107210,370.009616,1.107210,302.186819,1.107210,186.782626,1.107210,93.843041,1.107210,35.912990
1.108000,531.714982,1.108000,451.501978,1.108000,369.887138,1.108000,302.518640,1.108000,186.858575,1.108000,94.022208,1.108000,36.151475
1.108790,532.193266,1.108790,451.612625,1.108790,369.784411,1.108790,302.837899,1.108790,186.931369,1.108790,94.196617,1.108790,36.382703
1.109580,532.723415,1.109580,451.716794,1.109580,369.710031,1.109580,303.127134,1.109580,186.999803,1.109580,94.365318,1.109580,36.605277
1.110371,532.941198,1.110371,451.793207,1.110371,369.657818,1.110371,303.379269,1.110371,187.062639,1.110371,94.528322,1.110371,36.819267
1.111161,533.068478,1.111161,451.858959,1.111161,369.603582,1.111161,303.594545,1.111161,187.119564,1.111161,94.685526,1.111161,37.025683
1.111951,533.258917,1.111951,451.930387,1.111951,369.543561,1.111951,303.771242,1.111951,187.171146,1.111951,94.837292,1.111951,37.225885
1.112741,533.335852,1.112741,451.962448,1.112741,369.494857,1.112741,303.906533,1.112741,187.218759,1.112741,94.985232,1.112741,37.422127
1.113531,533.338927,1.113531,451.951377,1.113531,369.479468,1.113531,304.008782,1.113531,187.264292,1.113531,95.131312,1.113531,37.616797
1.114322,533.191547,1.114322,451.930500,1.114322,369.486562,1.114322,304.088647,1.114322,187.309362,1.114322,95.276875,NaN,NaN
1.115112,532.947386,1.115112,451.912805,1.115112,369.496453,1.115112,304.162803,1.115112,187.354733,NaN,NaN,NaN,NaN
