series,x,y
Series_1,-9.843487,-1.160521
Series_1,-9.824321,-1.135621
Series_1,-9.805154,-0.971273
Series_1,-9.785988,-0.876491
Series_1,-9.766822,-0.823804
Series_1,-9.747656,-0.604721
Series_1,-9.728489,-0.385311
Series_1,-9.709323,-0.409426
Series_1,-9.690157,-0.349251
Series_1,-9.670991,0.009071
Series_1,-9.651824,0.132773
Series_1,-9.632658,0.286508
Series_1,-9.613492,0.505094
Series_1,-9.594326,0.576780
Series_1,-9.575159,0.634098
Series_1,-9.555993,1.637101
Series_1,-9.536827,2.272763
Series_1,-9.517661,2.140615
Series_1,-9.498494,2.145687
Series_1,-9.479328,2.567371
Series_1,-9.460162,3.106024
Series_1,-9.440996,3.180064
Series_1,-9.421829,3.034230
Series_1,-9.402663,2.869237
Series_1,-9.383497,2.975961
Series_1,-9.364331,2.168321
Series_1,-9.345164,0.857073
Series_1,-9.325998,0.972777
Series_1,-9.306832,0.816736
Series_1,-9.287666,-1.009731
Series_1,-9.268499,-1.457814
Series_1,-9.249333,-1.456632
Series_1,-9.230167,-1.886934
Series_1,-9.211001,-2.740864
Series_1,-9.191834,-3.217641
Series_1,-9.172668,-2.935240
Series_1,-9.153502,-3.340410
Series_1,-9.134336,-3.517023
Series_1,-9.115170,-3.516791
Series_1,-9.096003,-3.364471
Series_1,-9.076837,-3.098917
Series_1,-9.057671,-3.140750
Series_1,-9.038505,-3.160033
Series_1,-9.019338,-3.196153
Series_1,-9.000172,-3.522868
Series_1,-8.981006,-3.489757
Series_1,-8.961840,-3.286549
Series_1,-8.942673,-3.612427
Series_1,-8.923507,-3.864768
Series_1,-8.904341,-3.801454
Series_1,-8.885175,-3.658231
Series_1,-8.866008,-3.059983
Series_1,-8.846842,-3.017212
Series_1,-8.827676,-2.883599
Series_1,-8.808510,-0.001472
Series_1,-8.789343,-2.502983
Series_1,-8.770177,-2.343311
Series_1,-8.751011,-1.946499
Series_1,-8.731845,-1.873713
Series_1,-8.712678,-1.842995
Series_1,-8.693512,-1.926849
Series_1,-8.674346,-2.239347
Series_1,-8.655180,-2.371623
Series_1,-8.636013,-2.276251
Series_1,-8.616847,-2.685607
Series_1,-8.597681,-3.128691
Series_1,-8.578515,-3.053289
Series_1,-8.559348,-3.330088
Series_1,-8.540182,-3.789674
Series_1,-8.521016,-3.850884
Series_1,-8.501850,-3.818140
Series_1,-8.482683,-3.695947
Series_1,-8.463517,-3.737221
Series_1,-8.444351,-3.556842
Series_1,-8.425185,-3.048401
Series_1,-8.406018,-2.761618
Series_1,-8.386852,-2.765291
Series_1,-8.367686,-2.554005
Series_1,-8.348520,-2.087292
Series_1,-8.329353,-1.783301
Series_1,-8.310187,-1.824282
Series_1,-8.291021,-1.253494
Series_1,-8.271855,-0.913622
Series_1,-8.252688,-0.686484
Series_1,-8.233522,-0.233334
Series_1,-8.214356,0.211864
Series_1,-8.195190,0.615981
Series_1,-8.176023,1.007926
Series_1,-8.156857,1.360452
Series_1,-8.137691,1.665829
Series_1,-8.118525,1.801718
Series_1,-8.099358,1.989424
Series_1,-8.080192,2.124512
Series_1,-8.061026,2.031976
Series_1,-8.041860,2.113059
Series_1,-8.022693,2.449530
Series_1,-8.003527,2.558757
Series_1,-7.984361,2.688216
Series_1,-7.965195,2.821786
Series_1,-7.946028,2.931263
Series_1,-7.926862,2.943428
Series_1,-7.907696,3.005631
Series_1,-7.888530,2.973492
Series_1,-7.869363,3.083080
Series_1,-7.850197,3.000547
Series_1,-7.831031,2.823851
Series_1,-7.811865,2.799816
Series_1,-7.792698,2.836742
Series_1,-7.773532,2.803058
Series_1,-7.754366,2.589186
Series_1,-7.735200,2.243497
Series_1,-7.716033,2.105653
Series_1,-7.696867,1.544571
Series_1,-7.677701,1.416365
Series_1,-7.658535,1.485879
Series_1,-7.639368,0.999522
Series_1,-7.620202,0.510076
Series_1,-7.601036,0.171138
Series_1,-7.581870,-0.419660
Series_1,-7.562703,-0.784045
Series_1,-7.543537,-0.889549
Series_1,-7.524371,-0.649851
Series_1,-7.505205,-0.865743
Series_1,-7.486038,-1.268137
Series_1,-7.466872,-1.577869
Series_1,-7.447706,-1.714792
Series_1,-7.428540,-1.888986
Series_1,-7.409373,-1.950618
Series_1,-7.390207,-1.919605
Series_1,-7.371041,-1.777752
Series_1,-7.351875,-1.484453
Series_1,-7.332709,-1.397902
Series_1,-7.313542,-1.156484
Series_1,-7.294376,-1.043179
Series_1,-7.275210,-1.003184
Series_1,-7.256044,-0.960828
Series_1,-7.236877,-0.808178
Series_1,-7.217711,-0.508984
Series_1,-7.198545,-0.353157
Series_1,-7.179379,0.030438
Series_1,-7.160212,0.597486
Series_1,-7.141046,0.811325
Series_1,-7.121880,0.962927
Series_1,-7.102714,1.622189
Series_1,-7.083547,1.922834
Series_1,-7.064381,1.741035
Series_1,-7.045215,2.331650
Series_1,-7.026049,2.481271
Series_1,-7.006882,2.499476
Series_1,-6.987716,2.473626
Series_1,-6.968550,2.353539
Series_1,-6.949384,2.022937
Series_1,-6.930217,2.056397
Series_1,-6.911051,1.870687
Series_1,-6.891885,1.355637
Series_1,-6.872719,0.825897
Series_1,-6.853552,0.383091
Series_1,-6.834386,-0.133735
Series_1,-6.815220,-0.407667
Series_1,-6.796054,-0.406780
Series_1,-6.776887,-0.523742
Series_1,-6.757721,-0.589474
Series_1,-6.738555,-0.625262
Series_1,-6.719389,0.042195
Series_1,-6.700222,0.834047
Series_1,-6.681056,1.098566
Series_1,-6.661890,0.670158
Series_1,-6.642724,1.434334
Series_1,-6.623557,2.521447
Series_1,-6.604391,3.042081
Series_1,-6.585225,3.311785
Series_1,-6.566059,4.244463
Series_1,-6.546892,4.508905
Series_1,-6.527726,4.374791
Series_1,-6.508560,3.876231
Series_1,-6.489394,3.309161
Series_1,-6.470227,2.609658
Series_1,-6.451061,1.658201
Series_1,-6.431895,0.642443
Series_1,-6.412729,1.552674
Series_1,-6.393562,1.521384
Series_1,-6.374396,-0.351444
Series_1,-6.355230,-1.429280
Series_1,-6.336064,-1.839327
Series_1,-6.316897,-2.040078
Series_1,-6.297731,-2.690157
Series_1,-6.278565,-2.587694
Series_1,-6.259399,-2.669290
Series_1,-6.240232,-3.085624
Series_1,-6.221066,-3.582018
Series_1,-6.201900,-3.844125
Series_1,-6.182734,-3.901165
Series_1,-6.163567,-3.680392
Series_1,-6.144401,-3.908362
Series_1,-6.125235,-3.886243
Series_1,-6.106069,-3.290944
Series_1,-6.086902,-3.037112
Series_1,-6.067736,-2.919104
Series_1,-6.048570,-2.301706
Series_1,-6.029404,-1.476444
Series_1,-6.010237,-1.174910
Series_1,-5.991071,-0.864909
Series_1,-5.971905,-0.384277
Series_1,-5.952739,0.009686
Series_1,-5.933572,0.269805
Series_1,-5.914406,0.931009
Series_1,-5.895240,1.213635
Series_1,-5.876074,1.277698
Series_1,-5.856907,1.487762
Series_1,-5.837741,2.023861
Series_1,-5.818575,2.230930
Series_1,-5.799409,2.320639
Series_1,-5.780242,2.437568
Series_1,-5.761076,2.572744
Series_1,-5.741910,2.485814
Series_1,-5.722744,2.365787
Series_1,-5.703577,1.994870
Series_1,-5.684411,2.077562
Series_1,-5.665245,1.941995
Series_1,-5.646079,1.906041
Series_1,-5.626913,1.902679
Series_1,-5.607746,1.929165
Series_1,-5.588580,2.004699
Series_1,-5.569414,2.298678
Series_1,-5.550248,2.288165
Series_1,-5.531081,2.391379
Series_1,-5.511915,2.503521
Series_1,-5.492749,2.560649
Series_1,-5.473583,2.602801
Series_1,-5.454416,2.670828
Series_1,-5.435250,2.849577
Series_1,-5.416084,2.923888
Series_1,-5.396918,3.023631
Series_1,-5.377751,3.176856
Series_1,-5.358585,3.320136
Series_1,-5.339419,3.434493
Series_1,-5.320253,3.698259
Series_1,-5.301086,3.880238
Series_1,-5.281920,3.787832
Series_1,-5.262754,3.811529
Series_1,-5.243588,3.864056
Series_1,-5.224421,3.863540
Series_1,-5.205255,3.857333
Series_1,-5.186089,3.747381
Series_1,-5.166923,3.665719
Series_1,-5.147756,3.637397
Series_1,-5.128590,3.671100
Series_1,-5.109424,3.767810
Series_1,-5.090258,3.860554
Series_1,-5.071091,4.030276
Series_1,-5.051925,4.227844
Series_1,-5.032759,4.439218
Series_1,-5.013593,4.665911
Series_1,-4.994426,5.118599
Series_1,-4.975260,5.231227
Series_1,-4.956094,5.289551
Series_1,-4.936928,5.338856
Series_1,-4.917761,5.368235
Series_1,-4.898595,5.382615
Series_1,-4.879429,5.331675
Series_1,-4.860263,5.180379
Series_1,-4.841096,4.639176
Series_1,-4.821930,4.385133
Series_1,-4.802764,4.156855
Series_1,-4.783598,3.857223
Series_1,-4.764431,3.640319
Series_1,-4.745265,3.302791
Series_1,-4.726099,3.063719
Series_1,-4.706933,2.996190
Series_1,-4.687766,3.049368
Series_1,-4.668600,2.964468
Series_1,-4.649434,2.745913
Series_1,-4.630268,2.711702
Series_1,-4.611101,2.618026
Series_1,-4.591935,2.473343
Series_1,-4.572769,2.101799
Series_1,-4.553603,1.930742
Series_1,-4.534436,1.704566
Series_1,-4.515270,1.564277
Series_1,-4.496104,1.460628
Series_1,-4.476938,1.295944
Series_1,-4.457771,1.256642
Series_1,-4.438605,1.193337
Series_1,-4.419439,1.190227
Series_1,-4.400273,1.382055
Series_1,-4.381106,2.834397
Series_1,-4.361940,2.374642
Series_1,-4.342774,2.657999
Series_1,-4.323608,3.246099
Series_1,-4.304441,3.964901
Series_1,-4.285275,4.059065
Series_1,-4.266109,3.940912
Series_1,-4.246943,3.938904
Series_1,-4.227776,3.725805
Series_1,-4.208610,2.874082
Series_1,-4.189444,1.913119
Series_1,-4.170278,1.958784
Series_1,-4.151111,1.564339
Series_1,-4.131945,0.420929
Series_1,-4.112779,-0.309912
Series_1,-4.093613,-0.436809
Series_1,-4.074446,-0.978899
Series_1,-4.055280,-1.243267
Series_1,-4.036114,-1.503326
Series_1,-4.016948,-1.651109
Series_1,-3.997781,-1.923835
Series_1,-3.978615,-2.020868
Series_1,-3.959449,-1.956480
Series_1,-3.940283,-1.694559
Series_1,-3.921117,-1.482335
Series_1,-3.901950,-1.439400
Series_1,-3.882784,-1.131647
Series_1,-3.863618,-1.112398
Series_1,-3.844452,-1.062863
Series_1,-3.825285,-1.047484
Series_1,-3.806119,-0.995543
Series_1,-3.786953,-0.921105
Series_1,-3.767787,-0.813838
Series_1,-3.748620,-0.771676
Series_1,-3.729454,-0.785784
Series_1,-3.710288,-1.331221
Series_1,-3.691122,-1.508912
Series_1,-3.671955,-1.406839
Series_1,-3.652789,-1.624178
Series_1,-3.633623,-1.388930
Series_1,-3.614457,-0.999941
Series_1,-3.595290,-0.767900
Series_1,-3.576124,-0.712649
Series_1,-3.556958,-0.664923
Series_1,-3.537792,-0.448887
Series_1,-3.518625,-0.263201
Series_1,-3.499459,-0.252894
Series_1,-3.480293,-0.253067
Series_1,-3.461127,-0.307402
Series_1,-3.441960,-0.320527
Series_1,-3.422794,-0.268180
Series_1,-3.403628,-0.314722
Series_1,-3.384462,-0.310339
Series_1,-3.365295,-0.331046
Series_1,-3.346129,-0.348676
Series_1,-3.326963,-0.430041
Series_1,-3.307797,-0.530303
Series_1,-3.288630,-0.732327
Series_1,-3.269464,-1.444383
Series_1,-3.250298,-2.448791
Series_1,-3.231132,-2.024936
Series_1,-3.211965,-3.068681
Series_1,-3.192799,-4.527860
Series_1,-3.173633,-4.697413
Series_1,-3.154467,-5.472638
Series_1,-3.135300,-6.611530
Series_1,-3.116134,-6.869512
Series_1,-3.096968,-6.902037
Series_1,-3.077802,-6.805958
Series_1,-3.058635,-6.547642
Series_1,-3.039469,-6.861617
Series_1,-3.020303,-6.555276
Series_1,-3.001137,-6.635059
Series_1,-2.981970,-4.986473
Series_1,-2.962804,-5.089056
Series_1,-2.943638,-4.154851
Series_1,-2.924472,-2.955505
Series_1,-2.905305,-3.266883
Series_1,-2.886139,-2.789556
Series_1,-2.866973,-1.485609
Series_1,-2.847807,-1.217026
Series_1,-2.828640,-0.490932
Series_1,-2.809474,-0.124478
Series_1,-2.790308,0.110958
Series_1,-2.771142,0.075530
Series_1,-2.751975,0.376171
Series_1,-2.732809,0.663563
Series_1,-2.713643,0.707363
Series_1,-2.694477,0.749682
Series_1,-2.675310,0.906700
Series_1,-2.656144,1.007693
Series_1,-2.636978,0.837953
Series_1,-2.617812,0.541803
Series_1,-2.598645,-0.096689
Series_1,-2.579479,-0.316714
Series_1,-2.560313,-0.715335
Series_1,-2.541147,-0.969180
Series_1,-2.521980,-0.969433
Series_1,-2.502814,-0.930144
Series_1,-2.483648,-0.818495
Series_1,-2.464482,-0.557217
Series_1,-2.445315,-0.593195
Series_1,-2.426149,-0.391620
Series_1,-2.406983,-0.224105
Series_1,-2.387817,-0.196802
Series_1,-2.368650,-0.151321
Series_1,-2.349484,-0.144965
Series_1,-2.330318,-0.193911
Series_1,-2.311152,-0.190377
Series_1,-2.291985,-0.245082
Series_1,-2.272819,-0.275675
Series_1,-2.253653,-0.319338
Series_1,-2.234487,-0.305148
Series_1,-2.215320,-0.281413
Series_1,-2.196154,-0.030174
Series_1,-2.176988,-0.071015
Series_1,-2.157822,0.266578
Series_1,-2.138656,0.309932
Series_1,-2.119489,0.268905
Series_1,-2.100323,0.286742
Series_1,-2.081157,0.757420
Series_1,-2.061991,0.939991
Series_1,-2.042824,0.968222
Series_1,-2.023658,0.993371
Series_1,-2.004492,1.384959
Series_1,-1.985326,1.313869
Series_1,-1.966159,1.174663
Series_1,-1.946993,0.723291
Series_1,-1.927827,0.545298
Series_1,-1.908661,0.026079
Series_1,-1.889494,-0.462187
Series_1,-1.870328,-0.586722
Series_1,-1.851162,-0.597443
Series_1,-1.831996,-0.790347
Series_1,-1.812829,-1.968848
Series_1,-1.793663,-2.584455
Series_1,-1.774497,-2.694412
Series_1,-1.755331,-2.943538
Series_1,-1.736164,-3.332353
Series_1,-1.716998,-3.331984
Series_1,-1.697832,-3.291095
Series_1,-1.678666,-3.165671
Series_1,-1.659499,-3.171783
Series_1,-1.640333,-3.225071
Series_1,-1.621167,-3.411548
Series_1,-1.602001,-3.440008
Series_1,-1.582834,-3.339915
Series_1,-1.563668,-3.455257
Series_1,-1.544502,-3.709923
Series_1,-1.525336,-3.805113
Series_1,-1.506169,-3.819475
Series_1,-1.487003,-3.976225
Series_1,-1.467837,-4.193978
Series_1,-1.448671,-4.231317
Series_1,-1.429504,-3.922421
Series_1,-1.410338,-3.041575
Series_1,-1.391172,-2.868799
Series_1,-1.372006,-2.231203
Series_1,-1.352839,-1.832153
Series_1,-1.333673,-1.366225
Series_1,-1.314507,-1.238158
Series_1,-1.295341,-0.156500
Series_1,-1.276174,0.994635
Series_1,-1.257008,0.242549
Series_1,-1.237842,0.699777
Series_1,-1.218676,1.378630
Series_1,-1.199509,1.900349
Series_1,-1.180343,1.833431
Series_1,-1.161177,1.145383
Series_1,-1.142011,0.350271
Series_1,-1.122844,-0.094671
Series_1,-1.103678,-1.148659
Series_1,-1.084512,-1.903505
Series_1,-1.065346,-2.206064
Series_1,-1.046179,-3.054703
Series_1,-1.027013,-3.784343
Series_1,-1.007847,-4.550433
Series_1,-0.988681,-3.887475
Series_1,-0.969514,-4.367316
Series_1,-0.950348,-5.558832
Series_1,-0.931182,-5.935445
Series_1,-0.912016,-5.859416
Series_1,-0.892849,-5.565990
Series_1,-0.873683,-5.082563
Series_1,-0.854517,-5.066945
Series_1,-0.835351,-4.285605
Series_1,-0.816184,-3.055877
Series_1,-0.797018,-2.245992
Series_1,-0.777852,-1.053092
Series_1,-0.758686,-0.610981
Series_1,-0.739519,-0.443788
Series_1,-0.720353,-0.707843
Series_1,-0.701187,0.135798
Series_1,-0.682021,1.334367
Series_1,-0.662854,2.188342
Series_1,-0.643688,2.741131
Series_1,-0.624522,3.679527
Series_1,-0.605356,4.891438
Series_1,-0.586189,5.726978
Series_1,-0.567023,6.601987
Series_1,-0.547857,6.891668
Series_1,-0.528691,6.888284
Series_1,-0.509524,6.781568
Series_1,-0.490358,6.672547
Series_1,-0.471192,6.669906
Series_1,-0.452026,6.737783
Series_1,-0.432860,6.022546
Series_1,-0.413693,4.338990
Series_1,-0.394527,4.357190
Series_1,-0.375361,3.238726
Series_1,-0.356195,0.656061
Series_1,-0.337028,0.732936
Series_1,-0.317862,-0.328178
Series_1,-0.298696,-1.530804
Series_1,-0.279530,-2.439624
Series_1,-0.260363,-2.857259
Series_1,-0.241197,-2.968848
Series_1,-0.222031,-2.907143
Series_1,-0.202865,-2.972102
Series_1,-0.183698,-2.743923
Series_1,-0.164532,-1.965006
Series_1,-0.145366,-1.629861
Series_1,-0.126200,-1.544334
Series_1,-0.107033,-1.340815
Series_1,-0.087867,-0.718075
Series_1,-0.068701,1.033082
Series_1,-0.049535,1.843014
Series_1,-0.030368,2.160827
Series_1,-0.011202,2.512219
Series_1,0.007964,2.257907
Series_1,0.027130,2.259461
Series_1,0.046297,2.218415
Series_1,0.065463,2.263272
Series_1,0.084629,2.053015
Series_1,0.103795,1.767506
Series_1,0.122962,1.671788
Series_1,0.142128,1.881259
Series_1,0.161294,1.540487
Series_1,0.180460,1.235814
Series_1,0.199627,0.973134
Series_1,0.218793,0.864773
Series_1,0.237959,0.725636
Series_1,0.257125,0.700009
Series_1,0.276292,0.789530
Series_1,0.295458,1.352629
Series_1,0.314624,1.359842
Series_1,0.333790,1.621561
Series_1,0.352957,2.499287
Series_1,0.372123,2.895861
Series_1,0.391289,2.686776
Series_1,0.410455,2.581401
Series_1,0.429622,3.152027
Series_1,0.448788,3.369214
Series_1,0.467954,3.443105
Series_1,0.487120,3.340795
Series_1,0.506287,2.579749
Series_1,0.525453,1.872987
Series_1,0.544619,1.207495
Series_1,0.563785,-0.337536
Series_1,0.582952,-1.023560
Series_1,0.602118,-2.787910
Series_1,0.621284,-4.325302
Series_1,0.640450,-4.665181
Series_1,0.659617,-4.260870
Series_1,0.678783,-4.679615
Series_1,0.697949,-5.517839
Series_1,0.717115,-6.700891
Series_1,0.736282,-6.407240
Series_1,0.755448,-8.018122
Series_1,0.774614,-8.997151
Series_1,0.793780,-8.457227
Series_1,0.812947,-9.943130
Series_1,0.832113,-11.213458
Series_1,0.851279,-11.847757
Series_1,0.870445,-12.806272
Series_1,0.889612,-14.007660
Series_1,0.908778,-14.372500
Series_1,0.927944,-13.920804
Series_1,0.947110,-14.866281
Series_1,0.966277,-15.720403
Series_1,0.985443,-16.355053
Series_1,1.004609,-15.986074
Series_1,1.023775,-16.866624
Series_1,1.042942,-17.419906
Series_1,1.062108,-17.657477
Series_1,1.081274,-17.993809
Series_1,1.100440,-18.120487
Series_1,1.119607,-18.149408
Series_1,1.138773,-17.966346
Series_1,1.157939,-17.891524
Series_1,1.177105,-17.843711
Series_1,1.196272,-17.879045
Series_1,1.215438,-18.233770
Series_1,1.234604,-18.641532
Series_1,1.253770,-18.301994
Series_1,1.272936,-18.779502
Series_1,1.292103,-19.772502
Series_1,1.311269,-20.256356
Series_1,1.330435,-19.990900
Series_1,1.349601,-21.759479
Series_1,1.368768,-22.528605
Series_1,1.387934,-23.086376
Series_1,1.407100,-24.550788
Series_1,1.426266,-25.989827
Series_1,1.445433,-25.374831
Series_1,1.464599,-26.558495
Series_1,1.483765,-28.452218
Series_1,1.502931,-29.097296
Series_1,1.522098,-29.119330
Series_1,1.541264,-30.525685
Series_1,1.560430,-31.836958
Series_1,1.579596,-32.269457
Series_1,1.598763,-32.046620
Series_1,1.617929,-33.390873
Series_1,1.637095,-34.152230
Series_1,1.656261,-34.434512
Series_1,1.675428,-35.582682
Series_1,1.694594,-35.936472
Series_1,1.713760,-35.974662
Series_1,1.732926,-35.619936
Series_1,1.752093,-35.009525
Series_1,1.771259,-35.029889
Series_1,1.790425,-34.692845
Series_1,1.809591,-34.009227
Series_1,1.828758,-33.745861
Series_1,1.847924,-33.692792
Series_1,1.867090,-33.717423
Series_1,1.886256,-34.045289
Series_1,1.905423,-34.299958
Series_1,1.924589,-34.145864
Series_1,1.943755,-35.231348
Series_1,1.962921,-35.994852
Series_1,1.982088,-36.258407
Series_1,2.001254,-37.450825
Series_1,2.020420,-38.076009
Series_1,2.039586,-37.704165
Series_1,2.058753,-39.398232
Series_1,2.077919,-41.284494
Series_1,2.097085,-40.829399
Series_1,2.116251,-41.547791
Series_1,2.135418,-41.358790
Series_1,2.154584,-44.266233
Series_1,2.173750,-45.006121
Series_1,2.192916,-44.921758
Series_1,2.212083,-47.549549
Series_1,2.231249,-48.661029
Series_1,2.250415,-48.885118
Series_1,2.269581,-51.508350
Series_1,2.288748,-51.855122
Series_1,2.307914,-52.273684
Series_1,2.327080,-52.880550
Series_1,2.346246,-53.339986
Series_1,2.365413,-53.289794
Series_1,2.384579,-53.379768
Series_1,2.403745,-53.089337
Series_1,2.422911,-52.965493
Series_1,2.442078,-53.073285
Series_1,2.461244,-52.898474
Series_1,2.480410,-52.253741
Series_1,2.499576,-52.150563
Series_1,2.518743,-51.637359
Series_1,2.537909,-51.293479
Series_1,2.557075,-51.196480
Series_1,2.576241,-51.241284
Series_1,2.595408,-51.288853
Series_1,2.614574,-51.346622
Series_1,2.633740,-51.345693
Series_1,2.652906,-51.287306
Series_1,2.672073,-51.652666
Series_1,2.691239,-51.770763
Series_1,2.710405,-51.717992
Series_1,2.729571,-51.722498
Series_1,2.748738,-51.673086
Series_1,2.767904,-51.486845
Series_1,2.787070,-51.336541
Series_1,2.806236,-50.977893
Series_1,2.825403,-51.101178
Series_1,2.844569,-50.975488
Series_1,2.863735,-50.634323
Series_1,2.882901,-50.537629
Series_1,2.902068,-50.528351
Series_1,2.921234,-50.674281
Series_1,2.940400,-51.029274
Series_1,2.959566,-51.180794
Series_1,2.978733,-51.069585
Series_1,2.997899,-51.543237
Series_1,3.017065,-52.138883
Series_1,3.036231,-52.803437
Series_1,3.055397,-53.032685
Series_1,3.074564,-53.297757
Series_1,3.093730,-53.757053
Series_1,3.112896,-54.278147
Series_1,3.132062,-54.611308
Series_1,3.151229,-54.695738
Series_1,3.170395,-54.568627
Series_1,3.189561,-54.303452
Series_1,3.208727,-54.186788
Series_1,3.227894,-54.291725
Series_1,3.247060,-54.202674
Series_1,3.266226,-53.864668
Series_1,3.285392,-53.222012
Series_1,3.304559,-53.164860
Series_1,3.323725,-52.452923
Series_1,3.342891,-51.660174
Series_1,3.362057,-51.402728
Series_1,3.381224,-50.402107
Series_1,3.400390,-50.078854
Series_1,3.419556,-49.817754
Series_1,3.438722,-48.939517
Series_1,3.457889,-47.898244
Series_1,3.477055,-47.548876
Series_1,3.496221,-47.737305
Series_1,3.515387,-47.372145
Series_1,3.534554,-46.094027
Series_1,3.553720,-45.776686
Series_1,3.572886,-45.576478
Series_1,3.592052,-44.697581
Series_1,3.611219,-44.113329
Series_1,3.630385,-44.294778
Series_1,3.649551,-43.743912
Series_1,3.668717,-43.352328
Series_1,3.687884,-43.401084
Series_1,3.707050,-43.742513
Series_1,3.726216,-44.963792
Series_1,3.745382,-45.649819
Series_1,3.764549,-44.748360
Series_1,3.783715,-46.088859
Series_1,3.802881,-47.374499
Series_1,3.822047,-47.729888
Series_1,3.841214,-47.598550
Series_1,3.860380,-48.183249
Series_1,3.879546,-48.947522
Series_1,3.898712,-48.412152
Series_1,3.917879,-47.503615
Series_1,3.937045,-45.674147
Series_1,3.956211,-46.697237
Series_1,3.975377,-45.127185
Series_1,3.994544,-43.020031
Series_1,4.013710,-43.283210
Series_1,4.032876,-43.262285
Series_1,4.052042,-42.259946
Series_1,4.071209,-42.034183
Series_1,4.090375,-42.004805
Series_1,4.109541,-42.208406
Series_1,4.128707,-45.265119
Series_1,4.147874,-46.437210
Series_1,4.167040,-46.296016
Series_1,4.186206,-48.399444
Series_1,4.205372,-49.218047
Series_1,4.224539,-49.895859
Series_1,4.243705,-51.755117
Series_1,4.262871,-53.127537
Series_1,4.282037,-53.184869
Series_1,4.301204,-53.026440
Series_1,4.320370,-52.756198
Series_1,4.339536,-52.711390
Series_1,4.358702,-52.737363
Series_1,4.377869,-53.283267
Series_1,4.397035,-53.754656
Series_1,4.416201,-54.496324
Series_1,4.435367,-54.211901
Series_1,4.454534,-55.568505
Series_1,4.473700,-56.409422
Series_1,4.492866,-56.103044
Series_1,4.512032,-56.546723
Series_1,4.531199,-57.026275
Series_1,4.550365,-57.373915
Series_1,4.569531,-56.789478
Series_1,4.588697,-54.595702
Series_1,4.607864,-53.697960
Series_1,4.627030,-53.607877
Series_1,4.646196,-51.342086
Series_1,4.665362,-49.013083
Series_1,4.684529,-50.845646
Series_1,4.703695,-49.326674
Series_1,4.722861,-46.514368
Series_1,4.742027,-44.120011
Series_1,4.761193,-43.291199
Series_1,4.780360,-40.729379
Series_1,4.799526,-38.955952
Series_1,4.818692,-38.472666
Series_1,4.837858,-37.924239
Series_1,4.857025,-36.929408
Series_1,4.876191,-36.400248
Series_1,4.895357,-34.872183
Series_1,4.914523,-33.874576
Series_1,4.933690,-33.849882
Series_1,4.952856,-33.890718
Series_1,4.972022,-34.161680
Series_1,4.991188,-34.945587
Series_1,5.010355,-35.385579
Series_1,5.029521,-34.994205
Series_1,5.048687,-36.854110
Series_1,5.067853,-38.066960
Series_1,5.087020,-37.222348
Series_1,5.106186,-38.587439
Series_1,5.125352,-40.053275
Series_1,5.144518,-40.661477
Series_1,5.163685,-42.027056
Series_1,5.182851,-42.651915
Series_1,5.202017,-42.623225
Series_1,5.221183,-42.841056
Series_1,5.240350,-43.105856
Series_1,5.259516,-44.338385
Series_1,5.278682,-44.195257
Series_1,5.297848,-44.475562
Series_1,5.317015,-45.110977
Series_1,5.336181,-45.065043
Series_1,5.355347,-45.102305
Series_1,5.374513,-45.300413
Series_1,5.393680,-45.274416
Series_1,5.412846,-45.278693
Series_1,5.432012,-45.214165
Series_1,5.451178,-44.251904
Series_1,5.470345,-44.266418
Series_1,5.489511,-44.520474
Series_1,5.508677,-43.436676
Series_1,5.527843,-42.662987
Series_1,5.547010,-43.198370
Series_1,5.566176,-42.492419
Series_1,5.585342,-41.780956
Series_1,5.604508,-41.469372
Series_1,5.623675,-41.439308
Series_1,5.642841,-41.068395
Series_1,5.662007,-41.043688
Series_1,5.681173,-41.089051
Series_1,5.700340,-41.022100
Series_1,5.719506,-40.761464
Series_1,5.738672,-40.753760
Series_1,5.757838,-40.218641
Series_1,5.777005,-39.109831
Series_1,5.796171,-38.479522
Series_1,5.815337,-39.067361
Series_1,5.834503,-37.811339
Series_1,5.853670,-35.360734
Series_1,5.872836,-34.995230
Series_1,5.892002,-34.844248
Series_1,5.911168,-32.743765
Series_1,5.930335,-31.553639
Series_1,5.949501,-31.216053
Series_1,5.968667,-29.640069
Series_1,5.987833,-28.368707
Series_1,6.007000,-28.013560
Series_1,6.026166,-27.068701
Series_1,6.045332,-26.399619
Series_1,6.064498,-26.558028
Series_1,6.083665,-26.778881
Series_1,6.102831,-26.109729
Series_1,6.121997,-25.877229
Series_1,6.141163,-25.769995
Series_1,6.160330,-25.683806
Series_1,6.179496,-25.501200
Series_1,6.198662,-25.382521
Series_1,6.217828,-25.609220
Series_1,6.236995,-26.467002
Series_1,6.256161,-27.710342
Series_1,6.275327,-29.225039
Series_1,6.294493,-30.253853
Series_1,6.313660,-30.547073
Series_1,6.332826,-30.481232
Series_1,6.351992,-30.105712
Series_1,6.371158,-31.451260
Series_1,6.390325,-33.034646
Series_1,6.409491,-32.674049
Series_1,6.428657,-33.084628
Series_1,6.447823,-32.963340
Series_1,6.466990,-32.952475
Series_1,6.486156,-32.988888
Series_1,6.505322,-32.802944
Series_1,6.524488,-32.709529
Series_1,6.543654,-32.693006
Series_1,6.562821,-32.103008
Series_1,6.581987,-31.925674
Series_1,6.601153,-31.990119
Series_1,6.620319,-31.716004
Series_1,6.639486,-31.111971
Series_1,6.658652,-30.911019
Series_1,6.677818,-30.981640
Series_1,6.696984,-30.461284
Series_1,6.716151,-29.899815
Series_1,6.735317,-30.018264
Series_1,6.754483,-29.550513
Series_1,6.773649,-29.446935
Series_1,6.792816,-29.461515
Series_1,6.811982,-29.591043
Series_1,6.831148,-29.925977
Series_1,6.850314,-30.106216
Series_1,6.869481,-29.966874
Series_1,6.888647,-30.388020
Series_1,6.907813,-31.086764
Series_1,6.926979,-30.751207
Series_1,6.946146,-31.252328
Series_1,6.965312,-32.598502
Series_1,6.984478,-32.990705
Series_1,7.003644,-32.722082
Series_1,7.022811,-33.455604
Series_1,7.041977,-34.677733
Series_1,7.061143,-34.972084
Series_1,7.080309,-35.718692
Series_1,7.099476,-36.138465
Series_1,7.118642,-36.289367
Series_1,7.137808,-36.072410
Series_1,7.156974,-35.655250
Series_1,7.176141,-34.901535
Series_1,7.195307,-34.881838
Series_1,7.214473,-32.545185
Series_1,7.233639,-30.651757
Series_1,7.252806,-30.062221
Series_1,7.271972,-30.880998
Series_1,7.291138,-28.488606
Series_1,7.310304,-26.530168
Series_1,7.329471,-26.404210
Series_1,7.348637,-25.025761
Series_1,7.367803,-22.498404
Series_1,7.386969,-20.362827
Series_1,7.406136,-19.844035
Series_1,7.425302,-18.360375
Series_1,7.444468,-18.216109
Series_1,7.463634,-18.267059
Series_1,7.482801,-18.061743
Series_1,7.501967,-18.100175
Series_1,7.521133,-17.719777
Series_1,7.540299,-18.044524
Series_1,7.559466,-18.414012
Series_1,7.578632,-18.908633
Series_1,7.597798,-19.205713
Series_1,7.616964,-19.690560
Series_1,7.636131,-20.115082
Series_1,7.655297,-20.520871
Series_1,7.674463,-21.181180
Series_1,7.693629,-21.746914
Series_1,7.712796,-21.873084
Series_1,7.731962,-22.595411
Series_1,7.751128,-23.307530
Series_1,7.770294,-23.540945
Series_1,7.789461,-23.032606
Series_1,7.808627,-23.797342
Series_1,7.827793,-24.815841
Series_1,7.846959,-25.305780
Series_1,7.866126,-24.853954
Series_1,7.885292,-25.445007
Series_1,7.904458,-25.797782
Series_1,7.923624,-25.796679
Series_1,7.942791,-25.594641
Series_1,7.961957,-25.345243
Series_1,7.981123,-25.186625
Series_1,8.000289,-24.995443
Series_1,8.019456,-24.903578
Series_1,8.038622,-24.943979
Series_1,8.057788,-24.940284
Series_1,8.076954,-25.036384
Series_1,8.096121,-25.398152
Series_1,8.115287,-25.493767
Series_1,8.134453,-25.509310
Series_1,8.153619,-26.007493
Series_1,8.172786,-26.242820
Series_1,8.191952,-26.659014
Series_1,8.211118,-27.144166
Series_1,8.230284,-27.327661
Series_1,8.249450,-27.590402
Series_1,8.268617,-27.569585
Series_1,8.287783,-27.859164
Series_1,8.306949,-27.953939
Series_1,8.326115,-27.894014
Series_1,8.345282,-25.698109
Series_1,8.364448,-24.724140
Series_1,8.383614,-25.398514
Series_1,8.402780,-24.871817
Series_1,8.421947,-23.556511
Series_1,8.441113,-21.490036
Series_1,8.460279,-21.550797
Series_1,8.479445,-19.510759
Series_1,8.498612,-17.665684
Series_1,8.517778,-17.914289
Series_1,8.536944,-15.682291
Series_1,8.556110,-15.210468
Series_1,8.575277,-15.165341
Series_1,8.594443,-15.114222
Series_1,8.613609,-14.955634
Series_1,8.632775,-14.982718
Series_1,8.651942,-14.903288
Series_1,8.671108,-14.991809
Series_1,8.690274,-15.646338
Series_1,8.709440,-16.230343
Series_1,8.728607,-16.807894
Series_1,8.747773,-17.867606
Series_1,8.766939,-18.175576
Series_1,8.786105,-18.599855
Series_1,8.805272,-19.817840
Series_1,8.824438,-20.540589
Series_1,8.843604,-20.345687
Series_1,8.862770,-20.609693
Series_1,8.881937,-20.267351
Series_1,8.901103,-20.328218
Series_1,8.920269,-20.684982
Series_1,8.939435,-20.163793
Series_1,8.958602,-18.929432
Series_1,8.977768,-18.785582
Series_1,8.996934,-18.210828
Series_1,9.016100,-17.371477
Series_1,9.035267,-17.222989
Series_1,9.054433,-17.449090
Series_1,9.073599,-17.857656
Series_1,9.092765,-18.405495
Series_1,9.111932,-18.980486
Series_1,9.131098,-19.760888
Series_1,9.150264,-20.041933
Series_1,9.169430,-19.604127
Series_1,9.188597,-20.024765
Series_1,9.207763,-21.063971
Series_1,9.226929,-21.557176
Series_1,9.246095,-21.644915
Series_1,9.265262,-22.014597
Series_1,9.284428,-22.319574
Series_1,9.303594,-22.601829
Series_1,9.322760,-22.810139
Series_1,9.341927,-22.724364
Series_1,9.361093,-22.595842
Series_1,9.380259,-21.521188
Series_1,9.399425,-20.518306
Series_1,9.418592,-20.424747
Series_1,9.437758,-20.682716
Series_1,9.456924,-20.108757
Series_1,9.476090,-19.297031
Series_1,9.495257,-18.683878
Series_1,9.514423,-18.658129
Series_1,9.533589,-18.753021
Series_1,9.552755,-18.761812
Series_1,9.571922,-18.821756
Series_1,9.591088,-19.102623
Series_1,9.610254,-19.268129
Series_1,9.629420,-19.335981
Series_1,9.648587,-19.232723
Series_1,9.667753,-18.219288
Series_1,9.686919,-18.086421
Series_1,9.706085,-18.635609
Series_1,9.725252,-17.369840
Series_1,9.744418,-16.754522
Series_1,9.763584,-15.874097
Series_1,9.782750,-16.177094
Series_1,9.801917,-14.979041
Series_1,9.821083,-13.728439
Series_1,9.840249,-12.505647
Series_1,9.859415,-11.826769
Series_1,9.878582,-10.302913
Series_1,9.897748,-10.448117
Series_1,9.916914,-8.912957
Series_1,9.936080,-7.645947
Series_1,9.955246,-7.552620
Series_1,9.974413,-7.453271
Series_1,9.993579,-6.888817
Series_1,10.012745,-6.685179
Series_1,10.031911,-6.726315
Series_1,10.051078,-6.766127
Series_1,10.070244,-7.241251
Series_1,10.089410,-8.352151
Series_1,10.108576,-8.284979
Series_1,10.127743,-8.791695
Series_1,10.146909,-10.968847
Series_1,10.166075,-8.918635
Series_1,10.185241,-13.973640
Series_1,10.204408,-16.370594
Series_1,10.223574,-15.598546
Series_1,10.242740,-17.038424
Series_1,10.261906,-17.787747
Series_1,10.281073,-17.894250
Series_1,10.300239,-17.790933
Series_1,10.319405,-17.801107
Series_1,10.338571,-17.149681
Series_1,10.357738,-15.592091
Series_1,10.376904,-16.365827
Series_1,10.396070,-14.207722
Series_1,10.415236,-12.758928
Series_1,10.434403,-12.665541
Series_1,10.453569,-10.733020
Series_1,10.472735,-10.481389
Series_1,10.491901,-10.442222
Series_1,10.511068,-10.408510
Series_1,10.530234,-10.467498
Series_1,10.549400,-10.754254
Series_1,10.568566,-10.489690
Series_1,10.587733,-10.893422
Series_1,10.606899,-12.430074
Series_1,10.626065,-12.221040
Series_1,10.645231,-12.605023
Series_1,10.664398,-14.244644
Series_1,10.683564,-14.567144
Series_1,10.702730,-14.544064
Series_1,10.721896,-14.705087
Series_1,10.741063,-14.689669
Series_1,10.760229,-14.669330
Series_1,10.779395,-14.494430
Series_1,10.798561,-13.105200
Series_1,10.817728,-13.359046
Series_1,10.836894,-13.488351
Series_1,10.856060,-12.741301
Series_1,10.875226,-12.682319
Series_1,10.894393,-12.678249
Series_1,10.913559,-12.895392
Series_1,10.932725,-13.713209
Series_1,10.951891,-14.036902
Series_1,10.971058,-14.005308
Series_1,10.990224,-14.644522
Series_1,11.009390,-14.902688
Series_1,11.028556,-15.130899
Series_1,11.047723,-15.421023
Series_1,11.066889,-15.751424
Series_1,11.086055,-15.791893
Series_1,11.105221,-15.415057
Series_1,11.124388,-14.679174
Series_1,11.143554,-14.555137
Series_1,11.162720,-14.968713
Series_1,11.181886,-13.962714
Series_1,11.201053,-13.302572
Series_1,11.220219,-13.108580
Series_1,11.239385,-12.591853
Series_1,11.258551,-11.605258
Series_1,11.277718,-11.105949
Series_1,11.296884,-10.971214
Series_1,11.316050,-10.193167
Series_1,11.335216,-8.608406
Series_1,11.354383,-8.988374
Series_1,11.373549,-6.905874
Series_1,11.392715,-5.708796
Series_1,11.411881,-5.501811
Series_1,11.431048,-5.183819
Series_1,11.450214,-3.457102
Series_1,11.469380,-2.299378
Series_1,11.488546,-3.367227
Series_1,11.507713,-2.814183
Series_1,11.526879,-2.425197
Series_1,11.546045,-2.493118
Series_1,11.565211,-2.780542
Series_1,11.584378,-4.068768
Series_1,11.603544,-4.416638
Series_1,11.622710,-5.116672
Series_1,11.641876,-5.668802
Series_1,11.661043,-5.918018
Series_1,11.680209,-5.809770
Series_1,11.699375,-5.438002
Series_1,11.718541,-4.582212
Series_1,11.737707,-4.371797
Series_1,11.756874,-4.966186
Series_1,11.776040,-4.204386
Series_1,11.795206,-3.096378
Series_1,11.814372,-2.763553
Series_1,11.833539,-2.776372
Series_1,11.852705,-2.063775
Series_1,11.871871,-1.906771
Series_1,11.891037,-2.023951
Series_1,11.910204,-2.292392
Series_1,11.929370,-2.350079
Series_1,11.948536,-2.531222
Series_1,11.967702,-2.653656
Series_1,11.986869,-2.581099
Series_1,12.006035,-2.698768
Series_1,12.025201,-2.687272
Series_1,12.044367,-2.099951
Series_1,12.063534,-1.347585
Series_1,12.082700,-1.543615
Series_1,12.101866,-0.722977
Series_1,12.121032,1.111159
Series_1,12.140199,1.198256
Series_1,12.159365,2.002289
Series_1,12.178531,2.963926
Series_1,12.197697,3.475617
Series_1,12.216864,4.056490
Series_1,12.236030,4.586915
Series_1,12.255196,4.505184
Series_1,12.274362,4.634815
Series_1,12.293529,4.635486
Series_1,12.312695,4.279344
Series_1,12.331861,3.329206
Series_1,12.351027,3.409032
Series_1,12.370194,2.622993
Series_1,12.389360,0.339384
Series_1,12.408526,0.176474
Series_1,12.427692,-1.446490
Series_1,12.446859,-2.561816
Series_1,12.466025,-2.514778
Series_1,12.485191,-3.359101
Series_1,12.504357,-4.793284
Series_1,12.523524,-4.822370
Series_1,12.542690,-4.874980
Series_1,12.561856,-4.240623
Series_1,12.581022,-3.889304
Series_1,12.600189,-3.627120
Series_1,12.619355,-3.894922
Series_1,12.638521,-3.780503
Series_1,12.657687,-3.121236
Series_1,12.676854,-3.031795
Series_1,12.696020,-3.025687
Series_1,12.715186,-3.027879
Series_1,12.734352,-3.008151
Series_1,12.753519,-2.862047
Series_1,12.772685,-2.585077
Series_1,12.791851,-2.562175
Series_1,12.811017,-2.582006
Series_1,12.830184,-2.184402
Series_1,12.849350,-1.923756
Series_1,12.868516,-1.960185
Series_1,12.887682,-1.842822
Series_1,12.906849,-1.525420
Series_1,12.926015,-1.186075
Series_1,12.945181,-0.896222
Series_1,12.964347,-0.611382
Series_1,12.983514,-0.233806
Series_1,13.002680,0.114433
Series_1,13.021846,0.665547
Series_1,13.041012,0.888425
Series_1,13.060179,0.990282
Series_1,13.079345,1.300937
Series_1,13.098511,1.754344
Series_1,13.117677,1.884376
Series_1,13.136844,1.725407
Series_1,13.156010,1.913972
Series_1,13.175176,2.280460
Series_1,13.194342,3.294581
Series_1,13.213509,3.015123
Series_1,13.232675,4.283088
Series_1,13.251841,5.181279
Series_1,13.271007,4.870613
Series_1,13.290174,6.116644
Series_1,13.309340,7.358749
Series_1,13.328506,7.629801
Series_1,13.347672,8.188694
Series_1,13.366839,9.059267
Series_1,13.386005,9.894383
Series_1,13.405171,9.466492
Series_1,13.424337,9.766797
Series_1,13.443503,11.014070
Series_1,13.462670,11.317381
Series_1,13.481836,11.028100
Series_1,13.501002,10.254237
Series_1,13.520168,9.903994
Series_1,13.539335,9.995856
Series_1,13.558501,8.931240
Series_1,13.577667,7.684568
Series_1,13.596833,6.938192
Series_1,13.616000,6.004711
Series_1,13.635166,5.757749
Series_1,13.654332,4.918515
Series_1,13.673498,5.422876
Series_1,13.692665,4.194122
Series_1,13.711831,2.836001
Series_1,13.730997,3.108973
Series_1,13.750163,2.486538
Series_1,13.769330,1.200701
Series_1,13.788496,0.975372
Series_1,13.807662,0.430682
Series_1,13.826828,-0.483191
Series_1,13.845995,-0.871257
Series_1,13.865161,-0.988115
Series_1,13.884327,-1.713596
Series_1,13.903493,-2.244256
Series_1,13.922660,-2.310734
Series_1,13.941826,-2.236980
Series_1,13.960992,-2.201954
Series_1,13.980158,-2.264008
Series_1,13.999325,-2.325251
Series_1,14.018491,-2.054404
Series_1,14.037657,-1.572681
Series_1,14.056823,-1.637830
Series_1,14.075990,-1.337977
Series_1,14.095156,-0.509092
Series_1,14.114322,0.672581
Series_1,14.133488,0.903914
Series_1,14.152655,2.256491
Series_1,14.171821,2.719495
Series_1,14.190987,2.864603
Series_1,14.210153,3.599370
Series_1,14.229320,4.800206
Series_1,14.248486,5.317054
Series_1,14.267652,5.382708
Series_1,14.286818,6.542651
Series_1,14.305985,7.026443
Series_1,14.325151,6.828645
Series_1,14.344317,6.974512
Series_1,14.363483,7.451267
Series_1,14.382650,7.772993
Series_1,14.401816,7.998820
Series_1,14.420982,8.289503
Series_1,14.440148,8.320947
Series_1,14.459315,8.709681
Series_1,14.478481,9.497354
Series_1,14.497647,10.063283
Series_1,14.516813,10.117804
Series_1,14.535980,10.943894
Series_1,14.555146,11.433915
Series_1,14.574312,11.625739
Series_1,14.593478,11.330790
Series_1,14.612645,11.268053
Series_1,14.631811,10.711104
Series_1,14.650977,10.754088
Series_1,14.670143,10.365565
Series_1,14.689310,9.039024
Series_1,14.708476,7.016908
Series_1,14.727642,8.183946
Series_1,14.746808,6.200484
Series_1,14.765975,4.809477
Series_1,14.785141,4.297246
Series_1,14.804307,2.974359
Series_1,14.823473,3.064527
Series_1,14.842640,3.029614
Series_1,14.861806,2.681339
Series_1,14.880972,4.466104
Series_1,14.900138,6.927918
Series_1,14.919305,6.843247
Series_1,14.938471,7.677959
Series_1,14.957637,10.005128
Series_1,14.976803,10.049558
Series_1,14.995970,12.160747
Series_1,15.015136,13.647349
Series_1,15.034302,14.227276
Series_1,15.053468,14.131355
Series_1,15.072635,13.743076
Series_1,15.091801,13.557848
Series_1,15.110967,13.451394
Series_1,15.130133,13.417136
Series_1,15.149299,13.684853
Series_1,15.168466,14.019027
Series_1,15.187632,13.603464
Series_1,15.206798,14.031092
Series_1,15.225964,13.867454
Series_1,15.245131,13.804084
Series_1,15.264297,13.280275
Series_1,15.283463,12.315071
Series_1,15.302629,11.909545
Series_1,15.321796,12.252372
Series_1,15.340962,10.635235
Series_1,15.360128,9.254492
Series_1,15.379294,9.826653
Series_1,15.398461,8.924193
Series_1,15.417627,7.626213
Series_1,15.436793,7.560090
Series_1,15.455959,7.422022
Series_1,15.475126,7.450934
Series_1,15.494292,10.758931
Series_1,15.513458,13.048680
Series_1,15.532624,15.476607
Series_1,15.551791,19.199239
Series_1,15.570957,17.634394
Series_1,15.590123,17.950224
Series_1,15.609289,23.293449
Series_1,15.628456,26.702723
Series_1,15.647622,24.924190
Series_1,15.666788,26.885895
Series_1,15.685954,26.353206
Series_1,15.705121,26.351537
Series_1,15.724287,26.707731
Series_1,15.743453,25.506243
Series_1,15.762619,24.820254
Series_1,15.781786,25.096644
Series_1,15.800952,24.912932
Series_1,15.820118,24.888843
Series_1,15.839284,24.917101
Series_1,15.858451,24.928575
Series_1,15.877617,24.110001
Series_1,15.896783,24.006810
Series_1,15.915949,23.359178
Series_1,15.935116,22.102360
Series_1,15.954282,22.005939
Series_1,15.973448,22.651235
Series_1,15.992614,22.000406
Series_1,16.011781,21.056003
Series_1,16.030947,20.782624
Series_1,16.050113,20.979852
Series_1,16.069279,21.279637
Series_1,16.088446,21.345699
Series_1,16.107612,21.343280
Series_1,16.126778,20.810422
Series_1,16.145944,19.208905
Series_1,16.165111,18.367266
Series_1,16.184277,18.256298
Series_1,16.203443,17.361280
Series_1,16.222609,16.244974
Series_1,16.241776,16.491148
Series_1,16.260942,16.630917
Series_1,16.280108,14.262996
Series_1,16.299274,13.369906
Series_1,16.318441,13.754234
Series_1,16.337607,13.859305
Series_1,16.356773,14.193204
Series_1,16.375939,13.894293
Series_1,16.395106,15.202231
Series_1,16.414272,16.948242
Series_1,16.433438,16.399936
Series_1,16.452604,17.054270
Series_1,16.471771,19.414412
Series_1,16.490937,20.532558
Series_1,16.510103,19.836974
Series_1,16.529269,21.425233
Series_1,16.548436,23.709688
Series_1,16.567602,23.432008
Series_1,16.586768,23.691516
Series_1,16.605934,22.880254
Series_1,16.625101,21.622977
Series_1,16.644267,21.230352
Series_1,16.663433,18.757852
Series_1,16.682599,16.351693
Series_1,16.701766,17.912243
Series_1,16.720932,16.079266
Series_1,16.740098,10.781130
Series_1,16.759264,10.405948
Series_1,16.778431,10.647377
Series_1,16.797597,6.057833
Series_1,16.816763,4.473390
Series_1,16.835929,4.599613
Series_1,16.855096,4.969671
Series_1,16.874262,4.874231
Series_1,16.893428,4.207039
Series_1,16.912594,5.155541
Series_1,16.931760,7.238832
Series_1,16.950927,9.221343
Series_1,16.970093,8.501735
Series_1,16.989259,10.159088
Series_1,17.008425,12.466537
Series_1,17.027592,13.195504
Series_1,17.046758,14.802090
Series_1,17.065924,16.776287
Series_1,17.085090,17.292046
Series_1,17.104257,17.197493
Series_1,17.123423,18.412979
Series_1,17.142589,19.252072
Series_1,17.161755,18.994326
Series_1,17.180922,19.240361
Series_1,17.200088,20.691184
Series_1,17.219254,21.813532
Series_1,17.238420,21.711609
Series_1,17.257587,22.006797
Series_1,17.276753,23.922024
Series_1,17.295919,25.062992
Series_1,17.315085,25.907802
Series_1,17.334252,26.356441
Series_1,17.353418,26.537707
Series_1,17.372584,27.270436
Series_1,17.391750,28.108427
Series_1,17.410917,28.216155
Series_1,17.430083,28.120809
Series_1,17.449249,28.133986
Series_1,17.468415,27.681162
Series_1,17.487582,27.427000
Series_1,17.506748,28.110940
Series_1,17.525914,27.014490
Series_1,17.545080,25.797821
Series_1,17.564247,25.924794
Series_1,17.583413,25.577836
Series_1,17.602579,24.781159
Series_1,17.621745,24.284965
Series_1,17.640912,23.750305
Series_1,17.660078,23.766519
Series_1,17.679244,23.269003
Series_1,17.698410,23.276066
Series_1,17.717577,23.249210
Series_1,17.736743,23.081393
Series_1,17.755909,23.086910
Series_1,17.775075,23.125568
Series_1,17.794242,22.604954
Series_1,17.813408,22.303703
Series_1,17.832574,22.219916
Series_1,17.851740,21.555030
Series_1,17.870907,20.771283
Series_1,17.890073,20.994506
Series_1,17.909239,20.373744
Series_1,17.928405,19.504123
Series_1,17.947572,19.394126
Series_1,17.966738,19.503685
Series_1,17.985904,19.394199
Series_1,18.005070,19.198793
Series_1,18.024237,19.364987
Series_1,18.043403,19.780826
Series_1,18.062569,20.632389
Series_1,18.081735,20.511378
Series_1,18.100902,20.760493
Series_1,18.120068,21.694911
Series_1,18.139234,22.295139
Series_1,18.158400,22.218684
Series_1,18.177567,23.113984
Series_1,18.196733,23.426874
Series_1,18.215899,23.427394
Series_1,18.235065,23.403279
Series_1,18.254232,23.400312
Series_1,18.273398,23.223145
Series_1,18.292564,23.455922
Series_1,18.311730,23.235943
Series_1,18.330897,22.783620
Series_1,18.350063,22.408460
Series_1,18.369229,22.634694
Series_1,18.388395,22.529093
Series_1,18.407562,22.418735
Series_1,18.426728,22.539250
Series_1,18.445894,23.241219
Series_1,18.465060,23.706576
Series_1,18.484227,23.655287
Series_1,18.503393,24.475853
Series_1,18.522559,24.930128
Series_1,18.541725,24.929333
Series_1,18.560892,25.050668
Series_1,18.580058,25.725355
Series_1,18.599224,26.098869
Series_1,18.618390,26.099274
Series_1,18.637556,26.328355
Series_1,18.656723,26.554204
Series_1,18.675889,26.546504
Series_1,18.695055,26.523744
Series_1,18.714221,26.636035
Series_1,18.733388,26.839894
Series_1,18.752554,27.103539
Series_1,18.771720,27.674606
Series_1,18.790886,27.899438
Series_1,18.810053,27.574297
Series_1,18.829219,27.920125
Series_1,18.848385,28.645913
Series_1,18.867551,29.137060
Series_1,18.886718,28.861646
Series_1,18.905884,29.215048
Series_1,18.925050,29.421599
Series_1,18.944216,29.509441
Series_1,18.963383,29.362366
Series_1,18.982549,28.930642
Series_1,19.001715,28.656317
Series_1,19.020881,28.335017
Series_1,19.040048,27.918894
Series_1,19.059214,27.860381
Series_1,19.078380,27.929170
Series_1,19.097546,27.831226
Series_1,19.116713,27.526471
Series_1,19.135879,27.392066
Series_1,19.155045,27.506169
Series_1,19.174211,27.553941
Series_1,19.193378,27.719281
Series_1,19.212544,28.034765
Series_1,19.231710,28.316357
Series_1,19.250876,28.883355
Series_1,19.270043,29.125656
Series_1,19.289209,29.187117
Series_1,19.308375,29.623874
Series_1,19.327541,29.726235
Series_1,19.346708,29.853288
Series_1,19.365874,29.690952
Series_1,19.385040,28.810294
Series_1,19.404206,28.893373
Series_1,19.423373,28.405939
Series_1,19.442539,27.844984
Series_1,19.461705,27.565485
Series_1,19.480871,26.927932
Series_1,19.500038,26.919236
Series_1,19.519204,26.704878
Series_1,19.538370,26.408260
Series_1,19.557536,26.903983
Series_1,19.576703,28.832326
Series_1,19.595869,29.522808
Series_1,19.615035,28.844909
Series_1,19.634201,31.682885
Series_1,19.653368,32.710127
Series_1,19.672534,32.395871
Series_1,19.691700,33.326263
Series_1,19.710866,34.407899
Series_1,19.730033,35.958486
Series_1,19.749199,35.083191
Series_1,19.768365,35.931742
Series_1,19.787531,37.483292
Series_1,19.806698,37.652460
Series_1,19.825864,37.292914
Series_1,19.845030,36.733102
Series_1,19.864196,37.011342
Series_1,19.883363,36.345594
Series_1,19.902529,35.340192
Series_1,19.921695,35.426343
Series_1,19.940861,35.499456
Series_1,19.960028,35.250728
Series_1,19.979194,34.456824
Series_1,19.998360,34.136639
Series_1,20.017526,34.366014
Series_1,20.036693,34.098804
Series_1,20.055859,34.282970
Series_1,20.075025,34.503410
Series_1,20.094191,35.015995
Series_1,20.113358,36.175158
Series_1,20.132524,36.502372
Series_1,20.151690,37.948841
Series_1,20.170856,38.924128
Series_1,20.190023,38.449249
Series_1,20.209189,38.751049
Series_1,20.228355,40.298655
Series_1,20.247521,41.410530
Series_1,20.266688,41.153826
Series_1,20.285854,41.577152
Series_1,20.305020,43.384205
Series_1,20.324186,43.798135
Series_1,20.343353,43.755026
Series_1,20.362519,43.491741
Series_1,20.381685,43.408510
Series_1,20.400851,43.203565
Series_1,20.420017,42.458108
Series_1,20.439184,41.590870
Series_1,20.458350,41.592642
Series_1,20.477516,41.636123
Series_1,20.496682,40.079938
Series_1,20.515849,38.905470
Series_1,20.535015,39.444302
Series_1,20.554181,38.449886
Series_1,20.573347,36.937653
Series_1,20.592514,36.425448
Series_1,20.611680,36.342645
Series_1,20.630846,35.430154
Series_1,20.650012,34.960774
Series_1,20.669179,34.591932
Series_1,20.688345,33.664062
Series_1,20.707511,33.594258
Series_1,20.726677,33.446479
Series_1,20.745844,33.656917
Series_1,20.765010,34.272294
Series_1,20.784176,34.686424
Series_1,20.803342,34.690031
Series_1,20.822509,35.198570
Series_1,20.841675,36.024994
Series_1,20.860841,35.830467
Series_1,20.880007,35.958487
Series_1,20.899174,36.707491
Series_1,20.918340,36.890703
Series_1,20.937506,36.736358
Series_1,20.956672,36.606013
Series_1,20.975839,36.752703
Series_1,20.995005,36.463312
Series_1,21.014171,37.154322
Series_1,21.033337,37.866143
Series_1,21.052504,37.887731
Series_1,21.071670,38.234863
Series_1,21.090836,39.048871
Series_1,21.110002,39.686196
Series_1,21.129169,39.164750
Series_1,21.148335,39.583604
Series_1,21.167501,40.552701
Series_1,21.186667,41.159840
Series_1,21.205834,41.688588
Series_1,21.225000,42.143104
Series_1,21.244166,42.256973
Series_1,21.263332,42.243943
Series_1,21.282499,42.284640
Series_1,21.301665,41.910810
Series_1,21.320831,41.989873
Series_1,21.339997,40.944018
Series_1,21.359164,39.609052
Series_1,21.378330,39.681831
Series_1,21.397496,39.634929
Series_1,21.416662,39.176459
Series_1,21.435829,37.463845
Series_1,21.454995,37.261785
Series_1,21.474161,37.230499
Series_1,21.493327,35.972626
Series_1,21.512494,35.448320
Series_1,21.531660,35.775758
Series_1,21.550826,35.792672
Series_1,21.569992,36.040423
Series_1,21.589159,36.024481
Series_1,21.608325,35.186332
Series_1,21.627491,34.389205
Series_1,21.646657,34.997928
Series_1,21.665824,35.214587
Series_1,21.684990,33.192986
Series_1,21.704156,31.851677
Series_1,21.723322,32.215411
Series_1,21.742489,31.628178
Series_1,21.761655,28.769902
Series_1,21.780821,27.697018
Series_1,21.799987,27.825264
Series_1,21.819154,26.819486
Series_1,21.838320,26.411209
Series_1,21.857486,27.421536
Series_1,21.876652,28.665805
Series_1,21.895819,28.881623
Series_1,21.914985,28.361186
Series_1,21.934151,28.725598
Series_1,21.953317,30.721715
Series_1,21.972484,33.174231
Series_1,21.991650,31.854567
Series_1,22.010816,33.772959
Series_1,22.029982,36.337238
Series_1,22.049149,36.883953
Series_1,22.068315,38.370879
Series_1,22.087481,40.424078
Series_1,22.106647,41.369556
Series_1,22.125813,42.475460
Series_1,22.144980,43.000902
Series_1,22.164146,43.620452
Series_1,22.183312,43.254928
Series_1,22.202478,43.737673
Series_1,22.221645,44.601308
Series_1,22.240811,44.939571
Series_1,22.259977,44.314460
Series_1,22.279143,44.813615
Series_1,22.298310,44.812932
Series_1,22.317476,44.811864
Series_1,22.336642,44.810177
Series_1,22.355808,44.805076
Series_1,22.374975,45.469551
Series_1,22.394141,45.469811
Series_1,22.413307,45.470130
Series_1,22.432473,45.470813
Series_1,22.451640,45.444992
Series_1,22.470806,45.444586
Series_1,22.489972,45.443565
Series_1,22.509138,45.443055
Series_1,22.528305,45.443587
Series_1,22.547471,45.443777
Series_1,22.566637,39.285017
Series_1,22.585803,39.321950
Series_1,22.604970,37.393411
Series_1,22.624136,37.366350
Series_1,22.643302,36.191507
Series_1,22.662468,34.626567
Series_1,22.681635,33.335787
Series_1,22.700801,33.927928
Series_1,22.719967,32.796990
Series_1,22.739133,31.754145
Series_1,22.758300,31.703006
Series_1,22.777466,31.856848
Series_1,22.796632,31.864797
Series_1,22.815798,33.474717
Series_1,22.834965,34.794030
Series_1,22.854131,34.222926
Series_1,22.873297,35.821803
Series_1,22.892463,37.975286
Series_1,22.911630,37.157613
Series_1,22.930796,39.174137
Series_1,22.949962,39.725119
Series_1,22.969128,39.393394
Series_1,22.988295,38.418351
Series_1,23.007461,37.809012
Series_1,23.026627,37.791225
Series_1,23.045793,37.909512
Series_1,23.064960,37.665054
Series_1,23.084126,35.289193
Series_1,23.103292,35.049658
Series_1,23.122458,34.245513
Series_1,23.141625,30.962834
Series_1,23.160791,29.619683
Series_1,23.179957,29.817489
Series_1,23.199123,27.666915
Series_1,23.218290,26.176811
Series_1,23.237456,25.708123
Series_1,23.256622,25.567507
Series_1,23.275788,25.909188
Series_1,23.294955,25.706254
Series_1,23.314121,25.248518
Series_1,23.333287,27.155170
Series_1,23.352453,29.695414
Series_1,23.371620,28.498068
Series_1,23.390786,30.028829
Series_1,23.409952,32.576702
Series_1,23.429118,33.842807
Series_1,23.448285,33.298432
Series_1,23.467451,35.977381
Series_1,23.486617,37.230116
Series_1,23.505783,37.582612
Series_1,23.524950,39.810162
Series_1,23.544116,41.259254
Series_1,23.563282,41.111889
Series_1,23.582448,41.404788
Series_1,23.601615,42.773447
Series_1,23.620781,43.205240
Series_1,23.639947,43.446384
Series_1,23.659113,43.981531
Series_1,23.678280,44.942830
Series_1,23.697446,44.229454
Series_1,23.716612,44.809592
Series_2,-9.843487,3.872386
Series_2,-9.824321,3.937065
Series_2,-9.805154,3.982483
Series_2,-9.785988,3.995777
Series_2,-9.766822,3.862419
Series_2,-9.747656,3.409773
Series_2,-9.728489,3.078898
Series_2,-9.709323,2.704149
Series_2,-9.690157,2.426997
Series_2,-9.670991,2.120215
Series_2,-9.651824,1.918670
Series_2,-9.632658,1.907792
Series_2,-9.613492,1.994473
Series_2,-9.594326,2.327946
Series_2,-9.575159,2.361621
Series_2,-9.555993,-0.812576
Series_2,-9.536827,0.133896
Series_2,-9.517661,-0.350767
Series_2,-9.498494,-0.506624
Series_2,-9.479328,-0.969100
Series_2,-9.460162,-1.005462
Series_2,-9.440996,-1.046662
Series_2,-9.421829,-1.277416
Series_2,-9.402663,-1.874778
Series_2,-9.383497,-2.167450
Series_2,-9.364331,-2.349274
Series_2,-9.345164,-2.742583
Series_2,-9.325998,-2.843937
Series_2,-9.306832,-2.931458
Series_2,-9.287666,-3.257751
Series_2,-9.268499,1.535219
Series_2,-9.249333,1.425838
Series_2,-9.230167,1.450587
Series_2,-9.211001,0.999342
Series_2,-9.191834,0.507836
Series_2,-9.172668,0.636203
Series_2,-9.153502,0.741308
Series_2,-9.134336,1.555666
Series_2,-9.115170,1.660230
Series_2,-9.096003,2.154002
Series_2,-9.076837,2.311872
Series_2,-9.057671,2.523123
Series_2,-9.038505,2.621226
Series_2,-9.019338,2.612088
Series_2,-9.000172,2.598976
Series_2,-8.981006,2.552869
Series_2,-8.961840,2.457524
Series_2,-8.942673,2.184693
Series_2,-8.923507,2.015013
Series_2,-8.904341,1.893357
Series_2,-8.885175,1.774410
Series_2,-8.866008,1.627720
Series_2,-8.846842,1.490632
Series_2,-8.827676,1.229739
Series_2,-8.808510,0.998213
Series_2,-8.789343,0.755592
Series_2,-8.770177,0.615259
Series_2,-8.751011,0.277426
Series_2,-8.731845,0.167793
Series_2,-8.712678,-0.073117
Series_2,-8.693512,-0.222029
Series_2,-8.674346,-0.404993
Series_2,-8.655180,-0.409833
Series_2,-8.636013,-0.320954
Series_2,-8.616847,0.112946
Series_2,-8.597681,0.517001
Series_2,-8.578515,0.766760
Series_2,-8.559348,1.361340
Series_2,-8.540182,1.460803
Series_2,-8.521016,1.446458
Series_2,-8.501850,1.430050
Series_2,-8.482683,1.288283
Series_2,-8.463517,1.135704
Series_2,-8.444351,0.883799
Series_2,-8.425185,0.584788
Series_2,-8.406018,0.361872
Series_2,-8.386852,0.367154
Series_2,-8.367686,0.433488
Series_2,-8.348520,0.562475
Series_2,-8.329353,0.770459
Series_2,-8.310187,0.795065
Series_2,-8.291021,0.978063
Series_2,-8.271855,1.226110
Series_2,-8.252688,1.558949
Series_2,-8.233522,-1.823301
Series_2,-8.214356,-1.653365
Series_2,-8.195190,-1.605533
Series_2,-8.176023,-1.353296
Series_2,-8.156857,-1.060047
Series_2,-8.137691,-0.798140
Series_2,-8.118525,-0.620345
Series_2,-8.099358,-0.330537
Series_2,-8.080192,-0.005616
Series_2,-8.061026,0.202710
Series_2,-8.041860,0.360035
Series_2,-8.022693,0.396083
Series_2,-8.003527,0.404675
Series_2,-7.984361,0.230914
Series_2,-7.965195,0.062096
Series_2,-7.946028,-0.192222
Series_2,-7.926862,-0.309281
Series_2,-7.907696,-0.495132
Series_2,-7.888530,-0.524264
Series_2,-7.869363,-0.534439
Series_2,-7.850197,-0.485869
Series_2,-7.831031,-0.369594
Series_2,-7.811865,-0.293234
Series_2,-7.792698,-0.258943
Series_2,-7.773532,-0.215541
Series_2,-7.754366,-0.190154
Series_2,-7.735200,-0.117309
Series_2,-7.716033,-0.075131
Series_2,-7.696867,-0.063751
Series_2,-7.677701,-0.105298
Series_2,-7.658535,-0.331082
Series_2,-7.639368,-0.652731
Series_2,-7.620202,2.253200
Series_2,-7.601036,1.937859
Series_2,-7.581870,1.320547
Series_2,-7.562703,1.098519
Series_2,-7.543537,0.990508
Series_2,-7.524371,1.018979
Series_2,-7.505205,1.045293
Series_2,-7.486038,1.101491
Series_2,-7.466872,1.230037
Series_2,-7.447706,1.403836
Series_2,-7.428540,1.529372
Series_2,-7.409373,1.672357
Series_2,-7.390207,1.785784
Series_2,-7.371041,1.994115
Series_2,-7.351875,2.177535
Series_2,-7.332709,2.476124
Series_2,-7.313542,2.747032
Series_2,-7.294376,2.886315
Series_2,-7.275210,2.961440
Series_2,-7.256044,3.050959
Series_2,-7.236877,3.029897
Series_2,-7.217711,3.005939
Series_2,-7.198545,2.967061
Series_2,-7.179379,2.898350
Series_2,-7.160212,2.862513
Series_2,-7.141046,2.855561
Series_2,-7.121880,2.897638
Series_2,-7.102714,3.173771
Series_2,-7.083547,0.448769
Series_2,-7.064381,3.376582
Series_2,-7.045215,0.804495
Series_2,-7.026049,0.673067
Series_2,-7.006882,0.580994
Series_2,-6.987716,0.314511
Series_2,-6.968550,0.064367
Series_2,-6.949384,-0.295746
Series_2,-6.930217,-0.567414
Series_2,-6.911051,-1.133123
Series_2,-6.891885,-1.811605
Series_2,-6.872719,-2.483965
Series_2,-6.853552,-2.911788
Series_2,-6.834386,-3.056493
Series_2,-6.815220,-3.103163
Series_2,-6.796054,-3.096593
Series_2,-6.776887,-3.120232
Series_2,-6.757721,-3.137212
Series_2,-6.738555,-3.078604
Series_2,-6.719389,-2.886473
Series_2,-6.700222,-2.631366
Series_2,-6.681056,-2.373373
Series_2,-6.661890,-2.468654
Series_2,-6.642724,-2.656269
Series_2,-6.623557,-2.747309
Series_2,-6.604391,-3.167964
Series_2,-6.585225,-3.632430
Series_2,-6.566059,-4.178830
Series_2,-6.546892,-4.453529
Series_2,-6.527726,-4.616745
Series_2,-6.508560,-4.758593
Series_2,-6.489394,-4.923130
Series_2,-6.470227,-4.617926
Series_2,-6.451061,-3.926754
Series_2,-6.431895,-3.670717
Series_2,-6.412729,-3.488600
Series_2,-6.393562,-3.335242
Series_2,-6.374396,-3.513006
Series_2,-6.355230,-3.639722
Series_2,-6.336064,1.698601
Series_2,-6.316897,1.553738
Series_2,-6.297731,1.324581
Series_2,-6.278565,1.597262
Series_2,-6.259399,2.742323
Series_2,-6.240232,2.763505
Series_2,-6.221066,3.161331
Series_2,-6.201900,2.990407
Series_2,-6.182734,2.464359
Series_2,-6.163567,2.292662
Series_2,-6.144401,1.976316
Series_2,-6.125235,1.704202
Series_2,-6.106069,1.542882
Series_2,-6.086902,1.511855
Series_2,-6.067736,1.055678
Series_2,-6.048570,0.974738
Series_2,-6.029404,0.445590
Series_2,-6.010237,0.428996
Series_2,-5.991071,-2.691321
Series_2,-5.971905,-2.367175
Series_2,-5.952739,-2.312716
Series_2,-5.933572,-2.297712
Series_2,-5.914406,-2.173807
Series_2,-5.895240,-2.131436
Series_2,-5.876074,-2.165147
Series_2,-5.856907,-2.180226
Series_2,-5.837741,-2.247346
Series_2,-5.818575,-2.311726
Series_2,-5.799409,-2.420769
Series_2,-5.780242,-2.573329
Series_2,-5.761076,-2.823644
Series_2,-5.741910,-2.992120
Series_2,-5.722744,-3.231451
Series_2,-5.703577,-3.347219
Series_2,-5.684411,-3.419395
Series_2,-5.665245,-3.453451
Series_2,-5.646079,-3.348113
Series_2,-5.626913,-3.238371
Series_2,-5.607746,-2.966845
Series_2,-5.588580,-2.714783
Series_2,-5.569414,-2.304737
Series_2,-5.550248,-2.073706
Series_2,-5.531081,-1.654427
Series_2,-5.511915,-1.352314
Series_2,-5.492749,-0.914239
Series_2,-5.473583,-0.604018
Series_2,-5.454416,-0.192082
Series_2,-5.435250,0.029290
Series_2,-5.416084,0.421957
Series_2,-5.396918,0.614458
Series_2,-5.377751,0.673752
Series_2,-5.358585,0.582877
Series_2,-5.339419,0.286802
Series_2,-5.320253,0.066251
Series_2,-5.301086,-0.178301
Series_2,-5.281920,-0.353002
Series_2,-5.262754,-0.853196
Series_2,-5.243588,-0.988556
Series_2,-5.224421,-1.107242
Series_2,-5.205255,-1.162006
Series_2,-5.186089,-1.239753
Series_2,-5.166923,-1.267946
Series_2,-5.147756,-1.251699
Series_2,-5.128590,-0.318623
Series_2,-5.109424,0.380789
Series_2,-5.090258,0.658043
Series_2,-5.071091,1.313642
Series_2,-5.051925,1.520258
Series_2,-5.032759,2.099119
Series_2,-5.013593,2.425694
Series_2,-4.994426,3.023018
Series_2,-4.975260,3.424376
Series_2,-4.956094,3.488817
Series_2,-4.936928,3.515014
Series_2,-4.917761,3.545787
Series_2,-4.898595,3.589391
Series_2,-4.879429,3.569423
Series_2,-4.860263,3.163809
Series_2,-4.841096,2.831570
Series_2,-4.821930,2.767385
Series_2,-4.802764,2.648287
Series_2,-4.783598,2.461889
Series_2,-4.764431,2.140997
Series_2,-4.745265,1.978591
Series_2,-4.726099,1.764133
Series_2,-4.706933,1.729978
Series_2,-4.687766,1.725540
Series_2,-4.668600,1.670932
Series_2,-4.649434,1.587684
Series_2,-4.630268,1.496437
Series_2,-4.611101,1.394749
Series_2,-4.591935,1.342078
Series_2,-4.572769,1.163822
Series_2,-4.553603,2.749010
Series_2,-4.534436,2.593374
Series_2,-4.515270,2.599918
Series_2,-4.496104,2.730268
Series_2,-4.476938,2.926464
Series_2,-4.457771,2.866260
Series_2,-4.438605,3.433364
Series_2,-4.419439,3.379488
Series_2,-4.400273,4.422874
Series_2,-4.381106,4.364843
Series_2,-4.361940,5.018338
Series_2,-4.342774,5.482108
Series_2,-4.323608,5.768698
Series_2,-4.304441,5.797218
Series_2,-4.285275,5.797218
Series_2,-4.266109,5.773211
Series_2,-4.246943,5.797218
Series_2,-4.227776,0.228314
Series_2,-4.208610,4.904001
Series_2,-4.189444,4.395383
Series_2,-4.170278,4.083301
Series_2,-4.151111,-0.854075
Series_2,-4.131945,3.375711
Series_2,-4.112779,2.861259
Series_2,-4.093613,2.675439
Series_2,-4.074446,2.776659
Series_2,-4.055280,3.064839
Series_2,-4.036114,3.288573
Series_2,-4.016948,3.694227
Series_2,-3.997781,4.734398
Series_2,-3.978615,5.232251
Series_2,-3.959449,5.441952
Series_2,-3.940283,5.187057
Series_2,-3.921117,4.447447
Series_2,-3.901950,4.102953
Series_2,-3.882784,3.844831
Series_2,-3.863618,3.413561
Series_2,-3.844452,2.879611
Series_2,-3.825285,2.023059
Series_2,-3.806119,-3.644697
Series_2,-3.786953,-3.833592
Series_2,-3.767787,-4.207037
Series_2,-3.748620,-4.574872
Series_2,-3.729454,-5.477770
Series_2,-3.710288,-6.192476
Series_2,-3.691122,-6.196841
Series_2,-3.671955,-5.984892
Series_2,-3.652789,-5.697969
Series_2,-3.633623,-5.581158
Series_2,-3.614457,-4.912408
Series_2,-3.595290,1.213382
Series_2,-3.576124,1.230577
Series_2,-3.556958,-4.377779
Series_2,-3.537792,-3.739838
Series_2,-3.518625,-3.297381
Series_2,-3.499459,-3.125693
Series_2,-3.480293,-3.800063
Series_2,-3.461127,-4.731402
Series_2,-3.441960,-5.018837
Series_2,-3.422794,-5.357563
Series_2,-3.403628,-5.387331
Series_2,-3.384462,-5.374942
Series_2,-3.365295,-5.351428
Series_2,-3.346129,-5.424794
Series_2,-3.326963,-5.422355
Series_2,-3.307797,1.098516
Series_2,-3.288630,1.133785
Series_2,-3.269464,1.169152
Series_2,-3.250298,1.214482
Series_2,-3.231132,1.379260
Series_2,-3.211965,1.454658
Series_2,-3.192799,1.904487
Series_2,-3.173633,2.054929
Series_2,-3.154467,2.171180
Series_2,-3.135300,2.326076
Series_2,-3.116134,2.469719
Series_2,-3.096968,2.601391
Series_2,-3.077802,2.726530
Series_2,-3.058635,2.803263
Series_2,-3.039469,2.841307
Series_2,-3.020303,2.833054
Series_2,-3.001137,2.756620
Series_2,-2.981970,2.688035
Series_2,-2.962804,2.644595
Series_2,-2.943638,2.862069
Series_2,-2.924472,3.279299
Series_2,-2.905305,3.568484
Series_2,-2.886139,4.492841
Series_2,-2.866973,5.002747
Series_2,-2.847807,6.238374
Series_2,-2.828640,6.953594
Series_2,-2.809474,8.126505
Series_2,-2.790308,8.567698
Series_2,-2.771142,9.143873
Series_2,-2.751975,9.411784
Series_2,-2.732809,9.877653
Series_2,-2.713643,9.823269
Series_2,-2.694477,9.163712
Series_2,-2.675310,8.261701
Series_2,-2.656144,7.301580
Series_2,-2.636978,6.472639
Series_2,-2.617812,6.072671
Series_2,-2.598645,5.832940
Series_2,-2.579479,5.371007
Series_2,-2.560313,4.957462
Series_2,-2.541147,3.216966
Series_2,-2.521980,-3.869637
Series_2,-2.502814,-4.739206
Series_2,-2.483648,-5.314503
Series_2,-2.464482,-5.901724
Series_2,-2.445315,-6.201830
Series_2,-2.426149,-6.372320
Series_2,-2.406983,-6.585979
Series_2,-2.387817,-6.656326
Series_2,-2.368650,-6.636811
Series_2,-2.349484,-5.573509
Series_2,-2.330318,-5.209018
Series_2,-2.311152,-4.233556
Series_2,-2.291985,1.444159
Series_2,-2.272819,-2.225093
Series_2,-2.253653,2.232142
Series_2,-2.234487,2.794770
Series_2,-2.215320,3.321391
Series_2,-2.196154,4.193528
Series_2,-2.176988,4.810274
Series_2,-2.157822,5.820141
Series_2,-2.138656,6.197807
Series_2,-2.119489,6.397073
Series_2,-2.100323,6.827699
Series_2,-2.081157,7.465887
Series_2,-2.061991,7.743542
Series_2,-2.042824,7.831140
Series_2,-2.023658,7.028044
Series_2,-2.004492,6.601536
Series_2,-1.985326,6.291270
Series_2,-1.966159,6.061951
Series_2,-1.946993,5.711442
Series_2,-1.927827,-2.829730
Series_2,-1.908661,-3.260041
Series_2,-1.889494,-3.634351
Series_2,-1.870328,-3.772129
Series_2,-1.851162,-3.838972
Series_2,-1.831996,-3.773946
Series_2,-1.812829,-4.154283
Series_2,-1.793663,0.375162
Series_2,-1.774497,0.396993
Series_2,-1.755331,0.602154
Series_2,-1.736164,0.995692
Series_2,-1.716998,1.280995
Series_2,-1.697832,2.223655
Series_2,-1.678666,2.637518
Series_2,-1.659499,2.601577
Series_2,-1.640333,2.392764
Series_2,-1.621167,2.149546
Series_2,-1.602001,2.107881
Series_2,-1.582834,2.031904
Series_2,-1.563668,1.763655
Series_2,-1.544502,1.223889
Series_2,-1.525336,0.844959
Series_2,-1.506169,0.475286
Series_2,-1.487003,0.455938
Series_2,-1.467837,0.567769
Series_2,-1.448671,0.806974
Series_2,-1.429504,1.182342
Series_2,-1.410338,1.177139
Series_2,-1.391172,1.355139
Series_2,-1.372006,1.685406
Series_2,-1.352839,1.975489
Series_2,-1.333673,-4.781855
Series_2,-1.314507,2.459074
Series_2,-1.295341,-3.500845
Series_2,-1.276174,-1.687898
Series_2,-1.257008,2.566330
Series_2,-1.237842,2.631450
Series_2,-1.218676,2.749197
Series_2,-1.199509,0.436848
Series_2,-1.180343,2.749010
Series_2,-1.161177,-1.395429
Series_2,-1.142011,-2.758213
Series_2,-1.122844,-3.569268
Series_2,-1.103678,2.393314
Series_2,-1.084512,1.135253
Series_2,-1.065346,0.955947
Series_2,-1.046179,1.918601
Series_2,-1.027013,0.414220
Series_2,-1.007847,0.679794
Series_2,-0.988681,0.860085
Series_2,-0.969514,1.296719
Series_2,-0.950348,1.534944
Series_2,-0.931182,1.971499
Series_2,-0.912016,2.702905
Series_2,-0.892849,3.034057
Series_2,-0.873683,3.155548
Series_2,-0.854517,3.300483
Series_2,-0.835351,3.317946
Series_2,-0.816184,3.459834
Series_2,-0.797018,3.510238
Series_2,-0.777852,4.174215
Series_2,-0.758686,4.562994
Series_2,-0.739519,4.812787
Series_2,-0.720353,5.014613
Series_2,-0.701187,5.645984
Series_2,-0.682021,6.334112
Series_2,-0.662854,6.794450
Series_2,-0.643688,7.031014
Series_2,-0.624522,7.506912
Series_2,-0.605356,2.152824
Series_2,-0.586189,8.351421
Series_2,-0.567023,4.096304
Series_2,-0.547857,4.322643
Series_2,-0.528691,3.832661
Series_2,-0.509524,3.140047
Series_2,-0.490358,3.770045
Series_2,-0.471192,3.126974
Series_2,-0.452026,3.181727
Series_2,-0.432860,1.468660
Series_2,-0.413693,6.958360
Series_2,-0.394527,0.498929
Series_2,-0.375361,1.301324
Series_2,-0.356195,5.725464
Series_2,-0.337028,-4.180028
Series_2,-0.317862,1.175149
Series_2,-0.298696,2.665366
Series_2,-0.279530,1.622451
Series_2,-0.260363,0.616693
Series_2,-0.241197,0.862317
Series_2,-0.222031,0.805127
Series_2,-0.202865,0.883619
Series_2,-0.183698,1.040394
Series_2,-0.164532,1.604237
Series_2,-0.145366,1.810655
Series_2,-0.126200,1.898911
Series_2,-0.107033,2.127215
Series_2,-0.087867,3.137901
Series_2,-0.068701,1.762826
Series_2,-0.049535,1.942132
Series_2,-0.030368,2.121438
Series_2,-0.011202,2.300744
Series_2,0.007964,4.336668
Series_2,0.027130,3.692089
Series_2,0.046297,3.830520
Series_2,0.065463,3.870376
Series_2,0.084629,3.965998
Series_2,0.103795,3.999846
Series_2,0.122962,4.049797
Series_2,0.142128,4.071888
Series_2,0.161294,4.106209
Series_2,0.180460,4.150009
Series_2,0.199627,4.181017
Series_2,0.218793,4.108675
Series_2,0.237959,3.936496
Series_2,0.257125,3.852999
Series_2,0.276292,3.675648
Series_2,0.295458,3.385786
Series_2,0.314624,3.172784
Series_2,0.333790,0.374980
Series_2,0.352957,0.465795
Series_2,0.372123,0.443841
Series_2,0.391289,0.298059
Series_2,0.410455,0.097158
Series_2,0.429622,-0.205412
Series_2,0.448788,-0.550039
Series_2,0.467954,-0.826101
Series_2,0.487120,-2.414234
Series_2,0.506287,-3.301039
Series_2,0.525453,-3.639315
Series_2,0.544619,-3.945534
Series_2,0.563785,-4.482707
Series_2,0.582952,-4.720593
Series_2,0.602118,-5.654230
Series_2,0.621284,-1.348378
Series_2,0.640450,-1.641637
Series_2,0.659617,-6.257704
Series_2,0.678783,-6.784233
Series_2,0.697949,-2.314749
Series_2,0.717115,-2.397826
Series_2,0.736282,-2.280972
Series_2,0.755448,-1.830190
Series_2,0.774614,-1.651828
Series_2,0.793780,-1.284246
Series_2,0.812947,-1.147519
Series_2,0.832113,-0.828678
Series_2,0.851279,-0.688010
Series_2,0.870445,-0.659981
Series_2,0.889612,-0.642764
Series_2,0.908778,-0.633981
Series_2,0.927944,-0.642676
Series_2,0.947110,-0.674534
Series_2,0.966277,-0.670318
Series_2,0.985443,-0.746867
Series_2,1.004609,-0.773781
Series_2,1.023775,-0.770222
Series_2,1.042942,-0.816616
Series_2,1.062108,-0.906498
Series_2,1.081274,-1.104905
Series_2,1.100440,-1.520662
Series_2,1.119607,-1.775005
Series_2,1.138773,-2.057437
Series_2,1.157939,-2.165398
Series_2,1.177105,-2.496792
Series_2,1.196272,-2.749648
Series_2,1.215438,-3.157325
Series_2,1.234604,-3.506274
Series_2,1.253770,-3.941065
Series_2,1.272936,-4.200258
Series_2,1.292103,-4.545877
Series_2,1.311269,-4.727004
Series_2,1.330435,-4.903625
Series_2,1.349601,-5.029662
Series_2,1.368768,-5.195082
Series_2,1.387934,-5.321960
Series_2,1.407100,-5.610994
Series_2,1.426266,-6.033790
Series_2,1.445433,-6.537197
Series_2,1.464599,-6.902401
Series_2,1.483765,-7.346612
Series_2,1.502931,-7.650731
Series_2,1.522098,-8.248643
Series_2,1.541264,-8.583144
Series_2,1.560430,-9.070911
Series_2,1.579596,-9.461484
Series_2,1.598763,-9.976168
Series_2,1.617929,-10.118133
Series_2,1.637095,-10.567152
Series_2,1.656261,-10.555700
Series_2,1.675428,-10.442543
Series_2,1.694594,-10.392987
Series_2,1.713760,-10.539444
Series_2,1.732926,-10.859575
Series_2,1.752093,-11.234524
Series_2,1.771259,-11.384490
Series_2,1.790425,-11.774768
Series_2,1.809591,-12.037921
Series_2,1.828758,-12.673280
Series_2,1.847924,-13.011395
Series_2,1.867090,-13.524924
Series_2,1.886256,-14.024361
Series_2,1.905423,-14.596607
Series_2,1.924589,-14.823937
Series_2,1.943755,-15.053121
Series_2,1.962921,-15.121880
Series_2,1.982088,-15.031867
Series_2,2.001254,-15.005852
Series_2,2.020420,-14.638215
Series_2,2.039586,-14.368884
Series_2,2.058753,-13.851074
Series_2,2.077919,-13.550783
Series_2,2.097085,-13.316915
Series_2,2.116251,-13.155436
Series_2,2.135418,-12.835215
Series_2,2.154584,-12.555151
Series_2,2.173750,-12.183193
Series_2,2.192916,-11.963839
Series_2,2.212083,-11.799952
Series_2,2.231249,-11.793132
Series_2,2.250415,-11.922482
Series_2,2.269581,-12.165063
Series_2,2.288748,-12.525674
Series_2,2.307914,-12.775788
Series_2,2.327080,-13.091103
Series_2,2.346246,-13.249349
Series_2,2.365413,-13.366435
Series_2,2.384579,-13.514281
Series_2,2.403745,-13.672327
Series_2,2.422911,-13.687366
Series_2,2.442078,-13.749279
Series_2,2.461244,-13.617969
Series_2,2.480410,-13.201000
Series_2,2.499576,-13.017791
Series_2,2.518743,-12.377091
Series_2,2.537909,-12.172871
Series_2,2.557075,-11.799243
Series_2,2.576241,-11.532481
Series_2,2.595408,-11.123018
Series_2,2.614574,-10.808313
Series_2,2.633740,-10.532088
Series_2,2.652906,-10.412831
Series_2,2.672073,-10.310901
Series_2,2.691239,-10.380101
Series_2,2.710405,-10.555889
Series_2,2.729571,-11.512333
Series_2,2.748738,-12.550519
Series_2,2.767904,-13.292068
Series_2,2.787070,-14.340581
Series_2,2.806236,-14.867454
Series_2,2.825403,-15.774597
Series_2,2.844569,-16.573613
Series_2,2.863735,-17.821408
Series_2,2.882901,-18.697718
Series_2,2.902068,-19.642297
Series_2,2.921234,-20.172542
Series_2,2.940400,-20.450429
Series_2,2.959566,-20.643872
Series_2,2.978733,-20.413644
Series_2,2.997899,-20.108242
Series_2,3.017065,-19.655484
Series_2,3.036231,-19.279246
Series_2,3.055397,-18.756281
Series_2,3.074564,-18.291425
Series_2,3.093730,-17.813079
Series_2,3.112896,-17.425876
Series_2,3.132062,-16.870643
Series_2,3.151229,-16.572339
Series_2,3.170395,-16.395833
Series_2,3.189561,-16.308154
Series_2,3.208727,-16.208820
Series_2,3.227894,-16.237132
Series_2,3.247060,-16.418698
Series_2,3.266226,-16.694253
Series_2,3.285392,-17.044845
Series_2,3.304559,-17.306269
Series_2,3.323725,-17.842007
Series_2,3.342891,-18.244919
Series_2,3.362057,-18.733866
Series_2,3.381224,-19.072899
Series_2,3.400390,-19.498568
Series_2,3.419556,-19.694037
Series_2,3.438722,-20.031595
Series_2,3.457889,-20.260998
Series_2,3.477055,-20.536536
Series_2,3.496221,-20.693131
Series_2,3.515387,-21.114773
Series_2,3.534554,-21.276353
Series_2,3.553720,-21.521710
Series_2,3.572886,-21.672995
Series_2,3.592052,-21.941123
Series_2,3.611219,-22.095108
Series_2,3.630385,-22.319642
Series_2,3.649551,-22.481648
Series_2,3.668717,-22.652530
Series_2,3.687884,-22.671858
Series_2,3.707050,-22.675691
Series_2,3.726216,-22.601549
Series_2,3.745382,-22.450673
Series_2,3.764549,-22.368145
Series_2,3.783715,-22.118295
Series_2,3.802881,-21.946704
Series_2,3.822047,-21.655749
Series_2,3.841214,-21.547227
Series_2,3.860380,-21.189306
Series_2,3.879546,-20.925360
Series_2,3.898712,-20.557872
Series_2,3.917879,-20.389075
Series_2,3.937045,-20.171507
Series_2,3.956211,-20.136634
Series_2,3.975377,-20.270583
Series_2,3.994544,-20.433320
Series_2,4.013710,-20.625262
Series_2,4.032876,-20.783713
Series_2,4.052042,-21.165042
Series_2,4.071209,-21.442301
Series_2,4.090375,-21.621827
Series_2,4.109541,-21.730317
Series_2,4.128707,-21.864186
Series_2,4.147874,-21.879545
Series_2,4.167040,-21.801095
Series_2,4.186206,-21.814140
Series_2,4.205372,-22.534275
Series_2,4.224539,-22.980851
Series_2,4.243705,-23.903587
Series_2,4.262871,-24.704632
Series_2,4.282037,-25.301036
Series_2,4.301204,-25.823680
Series_2,4.320370,-26.940893
Series_2,4.339536,-27.759100
Series_2,4.358702,-28.854549
Series_2,4.377869,-29.559442
Series_2,4.397035,-30.514563
Series_2,4.416201,-30.823567
Series_2,4.435367,-30.643351
Series_2,4.454534,-30.664415
Series_2,4.473700,-30.307088
Series_2,4.492866,-30.015765
Series_2,4.512032,-29.142192
Series_2,4.531199,-28.652419
Series_2,4.550365,-28.126258
Series_2,4.569531,-27.773498
Series_2,4.588697,-26.793855
Series_2,4.607864,-26.602102
Series_2,4.627030,-26.720568
Series_2,4.646196,-26.822434
Series_2,4.665362,-27.024991
Series_2,4.684529,-27.214490
Series_2,4.703695,-27.899138
Series_2,4.722861,-28.194169
Series_2,4.742027,-28.896854
Series_2,4.761193,-29.414487
Series_2,4.780360,-30.236944
Series_2,4.799526,-30.611614
Series_2,4.818692,-30.871660
Series_2,4.837858,-31.040330
Series_2,4.857025,-31.356557
Series_2,4.876191,-31.415230
Series_2,4.895357,-31.370580
Series_2,4.914523,-31.346804
Series_2,4.933690,-31.001629
Series_2,4.952856,-30.779445
Series_2,4.972022,-30.309573
Series_2,4.991188,-30.021092
Series_2,5.010355,-29.597258
Series_2,5.029521,-29.277842
Series_2,5.048687,-28.727648
Series_2,5.067853,-28.294863
Series_2,5.087020,-27.579066
Series_2,5.106186,-27.103680
Series_2,5.125352,-26.169736
Series_2,5.144518,-25.528020
Series_2,5.163685,-24.648479
Series_2,5.182851,-24.266735
Series_2,5.202017,-23.997392
Series_2,5.221183,-23.637428
Series_2,5.240350,-23.263345
Series_2,5.259516,-23.180967
Series_2,5.278682,-22.641822
Series_2,5.297848,-22.677907
Series_2,5.317015,-22.806248
Series_2,5.336181,-22.960396
Series_2,5.355347,-23.156832
Series_2,5.374513,-23.267307
Series_2,5.393680,-23.435839
Series_2,5.412846,-23.534647
Series_2,5.432012,-23.979771
Series_2,5.451178,-24.347569
Series_2,5.470345,-24.802823
Series_2,5.489511,-25.161056
Series_2,5.508677,-25.895203
Series_2,5.527843,-26.255967
Series_2,5.547010,-26.593975
Series_2,5.566176,-26.856265
Series_2,5.585342,-27.168461
Series_2,5.604508,-27.377482
Series_2,5.623675,-27.152319
Series_2,5.642841,-26.698722
Series_2,5.662007,-26.240574
Series_2,5.681173,-25.882245
Series_2,5.700340,-25.232278
Series_2,5.719506,-24.527028
Series_2,5.738672,-23.769767
Series_2,5.757838,-23.517044
Series_2,5.777005,-22.545050
Series_2,5.796171,-22.345792
Series_2,5.815337,-22.323853
Series_2,5.834503,-22.357808
Series_2,5.853670,-22.729659
Series_2,5.872836,-23.036205
Series_2,5.892002,-23.413081
Series_2,5.911168,-23.716767
Series_2,5.930335,-24.031094
Series_2,5.949501,-24.185032
Series_2,5.968667,-24.811447
Series_2,5.987833,-25.163361
Series_2,6.007000,-25.431196
Series_2,6.026166,-29.955476
Series_2,6.045332,-29.395414
Series_2,6.064498,-29.540015
Series_2,6.083665,-29.629232
Series_2,6.102831,-29.686000
Series_2,6.121997,-30.021551
Series_2,6.141163,-30.077888
Series_2,6.160330,-30.001502
Series_2,6.179496,-29.907864
Series_2,6.198662,-29.410553
Series_2,6.217828,-29.361821
Series_2,6.236995,-23.714032
Series_2,6.256161,-23.029312
Series_2,6.275327,-22.560956
Series_2,6.294493,-22.396689
Series_2,6.313660,-22.258057
Series_2,6.332826,-22.253447
Series_2,6.351992,-22.107656
Series_2,6.371158,-21.709753
Series_2,6.390325,-20.615387
Series_2,6.409491,-20.070618
Series_2,6.428657,-19.212146
Series_2,6.447823,-19.048490
Series_2,6.466990,-19.000197
Series_2,6.486156,-19.300448
Series_2,6.505322,-20.010626
Series_2,6.524488,-20.265987
Series_2,6.543654,-21.364534
Series_2,6.562821,-21.684738
Series_2,6.581987,-22.326426
Series_2,6.601153,-22.706515
Series_2,6.620319,-23.303621
Series_2,6.639486,-23.475053
Series_2,6.658652,-23.587534
Series_2,6.677818,-23.371983
Series_2,6.696984,-22.861023
Series_2,6.716151,-22.299300
Series_2,6.735317,-21.624354
Series_2,6.754483,-21.113239
Series_2,6.773649,-20.358553
Series_2,6.792816,-19.813729
Series_2,6.811982,-19.261755
Series_2,6.831148,-19.002236
Series_2,6.850314,-18.657646
Series_2,6.869481,-18.508269
Series_2,6.888647,-18.088050
Series_2,6.907813,-17.983442
Series_2,6.926979,-17.974527
Series_2,6.946146,-18.037354
Series_2,6.965312,-18.089007
Series_2,6.984478,-18.114498
Series_2,7.003644,-18.084263
Series_2,7.022811,-17.971039
Series_2,7.041977,-17.807658
Series_2,7.061143,-17.712315
Series_2,7.080309,-17.689653
Series_2,7.099476,-17.705362
Series_2,7.118642,-17.770506
Series_2,7.137808,-17.945935
Series_2,7.156974,-18.198479
Series_2,7.176141,-18.514151
Series_2,7.195307,-19.084628
Series_2,7.214473,-19.503239
Series_2,7.233639,-19.945494
Series_2,7.252806,-20.204099
Series_2,7.271972,-20.633817
Series_2,7.291138,-19.941981
Series_2,7.310304,-19.756940
Series_2,7.329471,-19.584515
Series_2,7.348637,-18.985017
Series_2,7.367803,-28.415474
Series_2,7.386969,-24.236590
Series_2,7.406136,-23.795604
Series_2,7.425302,-23.671629
Series_2,7.444468,-23.564171
Series_2,7.463634,-22.971500
Series_2,7.482801,-22.555175
Series_2,7.501967,-22.505172
Series_2,7.521133,-22.297527
Series_2,7.540299,-22.309931
Series_2,7.559466,-22.378640
Series_2,7.578632,-22.264311
Series_2,7.597798,-21.473785
Series_2,7.616964,-21.326721
Series_2,7.636131,-17.443739
Series_2,7.655297,-17.396024
Series_2,7.674463,-17.369310
Series_2,7.693629,-17.013441
Series_2,7.712796,-16.969128
Series_2,7.731962,-17.161642
Series_2,7.751128,-17.283975
Series_2,7.770294,-17.430631
Series_2,7.789461,-17.538201
Series_2,7.808627,-17.962175
Series_2,7.827793,-18.488712
Series_2,7.846959,-19.050381
Series_2,7.866126,-19.296447
Series_2,7.885292,-20.117156
Series_2,7.904458,-20.450018
Series_2,7.923624,-21.213040
Series_2,7.942791,-21.527843
Series_2,7.961957,-22.145108
Series_2,7.981123,-22.275754
Series_2,8.000289,-22.383953
Series_2,8.019456,-22.259955
Series_2,8.038622,-22.229032
Series_2,8.057788,-22.010777
Series_2,8.076954,-21.603272
Series_2,8.096121,-21.186910
Series_2,8.115287,-20.798438
Series_2,8.134453,-20.453770
Series_2,8.153619,-20.020095
Series_2,8.172786,-19.635220
Series_2,8.191952,-19.154329
Series_2,8.211118,-19.111543
Series_2,8.230284,-18.927656
Series_2,8.249450,-18.788679
Series_2,8.268617,-18.680974
Series_2,8.287783,-18.558848
Series_2,8.306949,-18.532435
Series_2,8.326115,-18.493709
Series_2,8.345282,-17.578301
Series_2,8.364448,-17.070261
Series_2,8.383614,-16.477740
Series_2,8.402780,-15.909802
Series_2,8.421947,-14.671063
Series_2,8.441113,-14.436944
Series_2,8.460279,-14.260449
Series_2,8.479445,-14.094373
Series_2,8.498612,-13.924705
Series_2,8.517778,-13.795941
Series_2,8.536944,-13.613812
Series_2,8.556110,-13.629805
Series_2,8.575277,-13.714818
Series_2,8.594443,-13.747337
Series_2,8.613609,-13.762861
Series_2,8.632775,-13.774524
Series_2,8.651942,-13.777301
Series_2,8.671108,-13.727650
Series_2,8.690274,-13.678458
Series_2,8.709440,-13.777409
Series_2,8.728607,-13.902108
Series_2,8.747773,-14.111506
Series_2,8.766939,-14.406894
Series_2,8.786105,-14.591048
Series_2,8.805272,-14.859363
Series_2,8.824438,-15.264812
Series_2,8.843604,-15.670549
Series_2,8.862770,-15.757557
Series_2,8.881937,-16.043300
Series_2,8.901103,-16.187958
Series_2,8.920269,-16.432223
Series_2,8.939435,-15.716232
Series_2,8.958602,-15.782681
Series_2,8.977768,-15.809193
Series_2,8.996934,-16.622762
Series_2,9.016100,-19.396538
Series_2,9.035267,-19.016919
Series_2,9.054433,-19.417013
Series_2,9.073599,-19.907916
Series_2,9.092765,-20.386597
Series_2,9.111932,-16.954585
Series_2,9.131098,-17.535397
Series_2,9.150264,-17.805191
Series_2,9.169430,-21.699551
Series_2,9.188597,-22.415504
Series_2,9.207763,-18.447592
Series_2,9.226929,-19.104353
Series_2,9.246095,-24.385882
Series_2,9.265262,-25.431385
Series_2,9.284428,-26.400496
Series_2,9.303594,-27.555835
Series_2,9.322760,-27.880209
Series_2,9.341927,-27.963671
Series_2,9.361093,-27.950717
Series_2,9.380259,-27.893034
Series_2,9.399425,-27.857180
Series_2,9.418592,-27.804620
Series_2,9.437758,-27.514255
Series_2,9.456924,-26.218314
Series_2,9.476090,-25.718180
Series_2,9.495257,-16.607737
Series_2,9.514423,-16.423286
Series_2,9.533589,-16.032303
Series_2,9.552755,-15.554822
Series_2,9.571922,-15.135874
Series_2,9.591088,-14.831603
Series_2,9.610254,-14.302611
Series_2,9.629420,-14.161973
Series_2,9.648587,-14.138431
Series_2,9.667753,-14.176481
Series_2,9.686919,-14.293163
Series_2,9.706085,-14.461236
Series_2,9.725252,-14.117143
Series_2,9.744418,-19.109216
Series_2,9.763584,-18.986548
Series_2,9.782750,-12.281362
Series_2,9.801917,-10.424700
Series_2,9.821083,-18.655841
Series_2,9.840249,-16.795378
Series_2,9.859415,-16.445186
Series_2,9.878582,-16.202318
Series_2,9.897748,-16.256891
Series_2,9.916914,-16.536623
Series_2,9.936080,-16.643292
Series_2,9.955246,-16.763660
Series_2,9.974413,-16.530465
Series_2,9.993579,-15.688780
Series_2,10.012745,-15.586397
Series_2,10.031911,-15.199036
Series_2,10.051078,-14.953256
Series_2,10.070244,-14.857440
Series_2,10.089410,-14.561114
Series_2,10.108576,-14.089271
Series_2,10.127743,-14.617781
Series_2,10.146909,-6.801367
Series_2,10.166075,-18.023700
Series_2,10.185241,-11.589081
Series_2,10.204408,-8.435299
Series_2,10.223574,-12.921914
Series_2,10.242740,-11.849908
Series_2,10.261906,-13.687931
Series_2,10.281073,-13.802766
Series_2,10.300239,-13.875156
Series_2,10.319405,-13.793897
Series_2,10.338571,-13.868120
Series_2,10.357738,-13.766855
Series_2,10.376904,-12.330747
Series_2,10.396070,-17.971332
Series_2,10.415236,-17.149483
Series_2,10.434403,-12.826488
Series_2,10.453569,-8.547288
Series_2,10.472735,-13.510631
Series_2,10.491901,-13.819701
Series_2,10.511068,-13.799543
Series_2,10.530234,-13.736801
Series_2,10.549400,-13.786247
Series_2,10.568566,-13.787761
Series_2,10.587733,-14.046533
Series_2,10.606899,-10.224645
Series_2,10.626065,-14.643702
Series_2,10.645231,-14.901349
Series_2,10.664398,-11.543711
Series_2,10.683564,-12.151705
Series_2,10.702730,-12.257508
Series_2,10.721896,-12.188228
Series_2,10.741063,-12.117946
Series_2,10.760229,-12.034997
Series_2,10.779395,-11.343725
Series_2,10.798561,-15.723185
Series_2,10.817728,-11.359259
Series_2,10.836894,-11.338724
Series_2,10.856060,-15.016173
Series_2,10.875226,-14.733355
Series_2,10.894393,-14.901785
Series_2,10.913559,-15.783810
Series_2,10.932725,-16.330919
Series_2,10.951891,-16.314773
Series_2,10.971058,-16.376203
Series_2,10.990224,-16.453769
Series_2,11.009390,-16.536077
Series_2,11.028556,-16.638977
Series_2,11.047723,-16.686729
Series_2,11.066889,-16.770180
Series_2,11.086055,-14.750223
Series_2,11.105221,-13.703577
Series_2,11.124388,-16.695310
Series_2,11.143554,-16.688014
Series_2,11.162720,-12.220119
Series_2,11.181886,-16.550406
Series_2,11.201053,-16.083691
Series_2,11.220219,-15.248638
Series_2,11.239385,-16.066470
Series_2,11.258551,-14.981279
Series_2,11.277718,-14.784231
Series_2,11.296884,-14.878171
Series_2,11.316050,-15.037442
Series_2,11.335216,-15.663634
Series_2,11.354383,-16.125212
Series_2,11.373549,-16.780111
Series_2,11.392715,-17.307455
Series_2,11.411881,-17.946220
Series_2,11.431048,-18.338316
Series_2,11.450214,-18.745637
Series_2,11.469380,-18.860951
Series_2,11.488546,-18.845329
Series_2,11.507713,-18.770630
Series_2,11.526879,-18.561587
Series_2,11.546045,-18.339104
Series_2,11.565211,-17.875833
Series_2,11.584378,-17.504888
Series_2,11.603544,-17.181931
Series_2,11.622710,-17.309282
Series_2,11.641876,-17.681181
Series_2,11.661043,-17.948824
Series_2,11.680209,-18.304487
Series_2,11.699375,-18.695302
Series_2,11.718541,-19.429606
Series_2,11.737707,-19.904211
Series_2,11.756874,-20.630892
Series_2,11.776040,-21.100532
Series_2,11.795206,-21.976515
Series_2,11.814372,-22.467302
Series_2,11.833539,-22.889314
Series_2,11.852705,-22.941490
Series_2,11.871871,-22.969707
Series_2,11.891037,-22.801429
Series_2,11.910204,-22.163999
Series_2,11.929370,-21.622081
Series_2,11.948536,-20.405573
Series_2,11.967702,-19.790544
Series_2,11.986869,-19.201001
Series_2,12.006035,-18.830838
Series_2,12.025201,-18.400641
Series_2,12.044367,-17.995445
Series_2,12.063534,-17.022586
Series_2,12.082700,-16.549560
Series_2,12.101866,-16.005971
Series_2,12.121032,-15.581311
Series_2,12.140199,-15.071221
Series_2,12.159365,-14.680182
Series_2,12.178531,-14.065208
Series_2,12.197697,-13.709113
Series_2,12.216864,-13.273041
Series_2,12.236030,-12.953428
Series_2,12.255196,-12.674035
Series_2,12.274362,-12.476670
Series_2,12.293529,-12.169642
Series_2,12.312695,-11.891212
Series_2,12.331861,-11.470455
Series_2,12.351027,-11.168988
Series_2,12.370194,-10.674121
Series_2,12.389360,-10.267995
Series_2,12.408526,-9.598582
Series_2,12.427692,-9.248007
Series_2,12.446859,-8.798327
Series_2,12.466025,-8.510782
Series_2,12.485191,-8.254721
Series_2,12.504357,-8.040487
Series_2,12.523524,-7.771453
Series_2,12.542690,-7.644228
Series_2,12.561856,-7.510438
Series_2,12.581022,-7.148364
Series_2,12.600189,-6.753391
Series_2,12.619355,-6.755361
Series_2,12.638521,-7.255137
Series_2,12.657687,-7.408599
Series_2,12.676854,-7.942213
Series_2,12.696020,-8.402640
Series_2,12.715186,-9.003721
Series_2,12.734352,-9.320628
Series_2,12.753519,-9.758946
Series_2,12.772685,-10.021263
Series_2,12.791851,-10.363258
Series_2,12.811017,-10.444987
Series_2,12.830184,-10.624309
Series_2,12.849350,-10.677984
Series_2,12.868516,-10.863012
Series_2,12.887682,-10.982643
Series_2,12.906849,-11.233405
Series_2,12.926015,-11.432825
Series_2,12.945181,-11.808410
Series_2,12.964347,-12.517561
Series_2,12.983514,-13.833935
Series_2,13.002680,-14.454099
Series_2,13.021846,-15.799091
Series_2,13.041012,-16.634087
Series_2,13.060179,-17.446116
Series_2,13.079345,-17.783581
Series_2,13.098511,-18.603319
Series_2,13.117677,-18.918392
Series_2,13.136844,-19.188480
Series_2,13.156010,-18.795475
Series_2,13.175176,-18.139582
Series_2,13.194342,-17.526423
Series_2,13.213509,-16.129304
Series_2,13.232675,-15.695155
Series_2,13.251841,-14.265282
Series_2,13.271007,-13.556349
Series_2,13.290174,-12.373687
Series_2,13.309340,-11.542021
Series_2,13.328506,-11.096978
Series_2,13.347672,-10.811348
Series_2,13.366839,-10.497618
Series_2,13.386005,-10.280980
Series_2,13.405171,-10.020247
Series_2,13.424337,-9.833825
Series_2,13.443503,-9.743790
Series_2,13.462670,-9.757717
Series_2,13.481836,-9.758006
Series_2,13.501002,-9.705410
Series_2,13.520168,-9.565857
Series_2,13.539335,-9.470648
Series_2,13.558501,-9.280346
Series_2,13.577667,-9.132900
Series_2,13.596833,-8.898757
Series_2,13.616000,-8.797698
Series_2,13.635166,-8.633158
Series_2,13.654332,-8.552684
Series_2,13.673498,-8.422478
Series_2,13.692665,-8.253050
Series_2,13.711831,-7.969307
Series_2,13.730997,-7.779796
Series_2,13.750163,-7.457545
Series_2,13.769330,-7.210842
Series_2,13.788496,-6.958565
Series_2,13.807662,-6.720951
Series_2,13.826828,-6.484257
Series_2,13.845995,-6.449890
Series_2,13.865161,-6.482518
Series_2,13.884327,-6.725790
Series_2,13.903493,-7.106707
Series_2,13.922660,-7.276118
Series_2,13.941826,-7.587768
Series_2,13.960992,-7.897015
Series_2,13.980158,-8.373946
Series_2,13.999325,-8.690014
Series_2,14.018491,-9.217519
Series_2,14.037657,-9.536387
Series_2,14.056823,-9.770481
Series_2,14.075990,-9.727089
Series_2,14.095156,-9.541120
Series_2,14.114322,-9.250980
Series_2,14.133488,-8.676649
Series_2,14.152655,-8.213752
Series_2,14.171821,-7.700730
Series_2,14.190987,-7.412087
Series_2,14.210153,-7.054735
Series_2,14.229320,-6.516393
Series_2,14.248486,-6.520462
Series_2,14.267652,-6.646769
Series_2,14.286818,-6.975102
Series_2,14.305985,-7.304588
Series_2,14.325151,-7.822932
Series_2,14.344317,-8.129702
Series_2,14.363483,-8.727113
Series_2,14.382650,-9.170382
Series_2,14.401816,-9.682258
Series_2,14.420982,-10.058444
Series_2,14.440148,-10.525476
Series_2,14.459315,-10.812152
Series_2,14.478481,-11.021155
Series_2,14.497647,-11.058497
Series_2,14.516813,-11.021121
Series_2,14.535980,-10.966295
Series_2,14.555146,-10.853468
Series_2,14.574312,-10.726980
Series_2,14.593478,-10.572202
Series_2,14.612645,-10.469760
Series_2,14.631811,-10.225862
Series_2,14.650977,-10.033987
Series_2,14.670143,-9.810403
Series_2,14.689310,-9.641819
Series_2,14.708476,-9.433480
Series_2,14.727642,-9.269952
Series_2,14.746808,-9.056441
Series_2,14.765975,-8.916294
Series_2,14.785141,-8.681160
Series_2,14.804307,-8.495596
Series_2,14.823473,-8.138639
Series_2,14.842640,-7.887235
Series_2,14.861806,-7.569570
Series_2,14.880972,-7.298759
Series_2,14.900138,-6.898078
Series_2,14.919305,-6.637197
Series_2,14.938471,-6.397205
Series_2,14.957637,-6.262068
Series_2,14.976803,-5.866547
Series_2,14.995970,-5.669296
Series_2,15.015136,-5.451055
Series_2,15.034302,-5.465709
Series_2,15.053468,-5.645390
Series_2,15.072635,-5.827158
Series_2,15.091801,-6.022616
Series_2,15.110967,-6.109326
Series_2,15.130133,-6.183188
Series_2,15.149299,-6.266069
Series_2,15.168466,-6.345956
Series_2,15.187632,-6.381835
Series_2,15.206798,-6.942341
Series_2,15.225964,-7.414437
Series_2,15.245131,-8.097180
Series_2,15.264297,-8.369051
Series_2,15.283463,-9.274674
Series_2,15.302629,-9.621044
Series_2,15.321796,-9.965381
Series_2,15.340962,-10.424565
Series_2,15.360128,-11.039357
Series_2,15.379294,-11.556543
Series_2,15.398461,-12.054444
Series_2,15.417627,-12.241446
Series_2,15.436793,-12.236678
Series_2,15.455959,-12.158104
Series_2,15.475126,-11.973114
Series_2,15.494292,-11.871867
Series_2,15.513458,-11.755479
Series_2,15.532624,-11.741186
Series_2,15.551791,-11.737959
Series_2,15.570957,-11.657811
Series_2,15.590123,-11.033103
Series_2,15.609289,-10.881078
Series_2,15.628456,-10.247361
Series_2,15.647622,-9.776200
Series_2,15.666788,-8.941606
Series_2,15.685954,-8.361874
Series_2,15.705121,-7.416979
Series_2,15.724287,-7.099457
Series_2,15.743453,-6.642726
Series_2,15.762619,-6.180046
Series_2,15.781786,-5.390769
Series_2,15.800952,-4.776093
Series_2,15.820118,-4.138151
Series_2,15.839284,-4.056130
Series_2,15.858451,-4.335126
Series_2,15.877617,-4.694548
Series_2,15.896783,-5.260323
Series_2,15.915949,-5.464616
Series_2,15.935116,-6.066714
Series_2,15.954282,-6.492586
Series_2,15.973448,-6.827067
Series_2,15.992614,-6.939358
Series_2,16.011781,-7.467965
Series_2,16.030947,-8.071470
Series_2,16.050113,-8.210800
Series_2,16.069279,-8.027083
Series_2,16.088446,-7.827484
Series_2,16.107612,-7.470517
Series_2,16.126778,-6.798274
Series_2,16.145944,-6.351988
Series_2,16.165111,-5.415703
Series_2,16.184277,-5.074833
Series_2,16.203443,-4.699198
Series_2,16.222609,-4.200196
Series_2,16.241776,-3.688463
Series_2,16.260942,-3.241419
Series_2,16.280108,-2.260230
Series_2,16.299274,-2.300658
Series_2,16.318441,-1.713767
Series_2,16.337607,-1.562879
Series_2,16.356773,-1.516434
Series_2,16.375939,-1.605091
Series_2,16.395106,-1.817657
Series_2,16.414272,-1.964943
Series_2,16.433438,-2.177805
Series_2,16.452604,-2.429354
Series_2,16.471771,-2.932633
Series_2,16.490937,-3.106939
Series_2,16.510103,-3.462531
Series_2,16.529269,-3.728611
Series_2,16.548436,-4.099366
Series_2,16.567602,-4.276134
Series_2,16.586768,-4.662290
Series_2,16.605934,-4.743326
Series_2,16.625101,-4.868174
Series_2,16.644267,-4.831978
Series_2,16.663433,-4.583669
Series_2,16.682599,-4.503524
Series_2,16.701766,-4.350007
Series_2,16.720932,-4.188101
Series_2,16.740098,-4.068562
Series_2,16.759264,-4.067200
Series_2,16.778431,-4.188957
Series_2,16.797597,-4.475429
Series_2,16.816763,-4.766822
Series_2,16.835929,-4.970450
Series_2,16.855096,-5.149258
Series_2,16.874262,-5.281866
Series_2,16.893428,-5.454572
Series_2,16.912594,-5.584221
Series_2,16.931760,-5.712127
Series_2,16.950927,-5.834382
Series_2,16.970093,-5.912306
Series_2,16.989259,-6.037942
Series_2,17.008425,-6.167035
Series_2,17.027592,-6.258088
Series_2,17.046758,-6.382701
Series_2,17.065924,-6.501274
Series_2,17.085090,-6.734782
Series_2,17.104257,-6.988819
Series_2,17.123423,-7.325084
Series_2,17.142589,-7.580328
Series_2,17.161755,-7.840860
Series_2,17.180922,-8.130290
Series_2,17.200088,-8.341020
Series_2,17.219254,-8.516558
Series_2,17.238420,-8.690250
Series_2,17.257587,-8.880447
Series_2,17.276753,-9.015925
Series_2,17.295919,-8.951484
Series_2,17.315085,-8.541251
Series_2,17.334252,-8.319501
Series_2,17.353418,-7.754543
Series_2,17.372584,-7.422373
Series_2,17.391750,-7.010966
Series_2,17.410917,-6.771075
Series_2,17.430083,-6.370465
Series_2,17.449249,-6.164048
Series_2,17.468415,-5.777188
Series_2,17.487582,-5.541596
Series_2,17.506748,-5.287038
Series_2,17.525914,-5.081601
Series_2,17.545080,-4.829565
Series_2,17.564247,-4.674107
Series_2,17.583413,-4.542497
Series_2,17.602579,-4.484453
Series_2,17.621745,-4.473644
Series_2,17.640912,-4.480628
Series_2,17.660078,-4.597626
Series_2,17.679244,-4.706413
Series_2,17.698410,-4.898451
Series_2,17.717577,-5.089978
Series_2,17.736743,-5.425116
Series_2,17.755909,-5.646630
Series_2,17.775075,-5.921934
Series_2,17.794242,-6.176673
Series_2,17.813408,-6.595065
Series_2,17.832574,-6.810905
Series_2,17.851740,-7.146649
Series_2,17.870907,-7.374160
Series_2,17.890073,-7.618212
Series_2,17.909239,-7.681346
Series_2,17.928405,-7.658275
Series_2,17.947572,-7.623155
Series_2,17.966738,-7.467962
Series_2,17.985904,-7.410191
Series_2,18.005070,-7.267210
Series_2,18.024237,-7.213304
Series_2,18.043403,-7.214435
Series_2,18.062569,-7.241706
Series_2,18.081735,-7.283839
Series_2,18.100902,-7.279351
Series_2,18.120068,-7.243862
Series_2,18.139234,-7.163717
Series_2,18.158400,-6.996639
Series_2,18.177567,-6.873638
Series_2,18.196733,-6.623915
Series_2,18.215899,-6.530701
Series_2,18.235065,-5.911189
Series_2,18.254232,-5.605550
Series_2,18.273398,-5.233781
Series_2,18.292564,-4.997935
Series_2,18.311730,-4.535143
Series_2,18.330897,-4.248962
Series_2,18.350063,-3.871732
Series_2,18.369229,-3.597378
Series_2,18.388395,-3.318669
Series_2,18.407562,-3.294732
Series_2,18.426728,-3.536962
Series_2,18.445894,-3.884092
Series_2,18.465060,-4.438175
Series_2,18.484227,-4.717483
Series_2,18.503393,-5.471200
Series_2,18.522559,-5.835616
Series_2,18.541725,-6.262520
Series_2,18.560892,-6.677254
Series_2,18.580058,-7.033932
Series_2,18.599224,-7.318219
Series_2,18.618390,-7.728703
Series_2,18.637556,-8.020291
Series_2,18.656723,-8.585728
Series_2,18.675889,-8.899145
Series_2,18.695055,-9.346588
Series_2,18.714221,-9.507321
Series_2,18.733388,-9.540459
Series_2,18.752554,-9.542461
Series_2,18.771720,-9.524050
Series_2,18.790886,-9.461203
Series_2,18.810053,-9.403140
Series_2,18.829219,-9.326160
Series_2,18.848385,-9.017345
Series_2,18.867551,-8.802250
Series_2,18.886718,-8.472601
Series_2,18.905884,-8.187669
Series_2,18.925050,-7.662732
Series_2,18.944216,-7.429059
Series_2,18.963383,-6.997646
Series_2,18.982549,-6.908930
Series_2,19.001715,-6.551683
Series_2,19.020881,-6.605340
Series_2,19.040048,-6.685654
Series_2,19.059214,-6.805110
Series_2,19.078380,-6.912681
Series_2,19.097546,-7.050579
Series_2,19.116713,-7.376148
Series_2,19.135879,-7.359121
Series_2,19.155045,-7.316248
Series_2,19.174211,-7.184198
Series_2,19.193378,-6.808662
Series_2,19.212544,-6.454737
Series_2,19.231710,-5.760379
Series_2,19.250876,-5.258847
Series_2,19.270043,-4.501424
Series_2,19.289209,-3.998974
Series_2,19.308375,-3.422125
Series_2,19.327541,-3.155137
Series_2,19.346708,-2.832570
Series_2,19.365874,-2.533575
Series_2,19.385040,-1.846294
Series_2,19.404206,-1.719683
Series_2,19.423373,-1.384299
Series_2,19.442539,-1.197647
Series_2,19.461705,-1.224973
Series_2,19.480871,-1.218634
Series_2,19.500038,-1.130496
Series_2,19.519204,-1.109919
Series_2,19.538370,-1.058224
Series_2,19.557536,-0.989342
Series_2,19.576703,-0.874732
Series_2,19.595869,-0.855144
Series_2,19.615035,-1.241712
Series_2,19.634201,-1.427641
Series_2,19.653368,-1.623982
Series_2,19.672534,-2.009949
Series_2,19.691700,-2.360144
Series_2,19.710866,-2.565204
Series_2,19.730033,-2.998622
Series_2,19.749199,-3.233391
Series_2,19.768365,-3.597333
Series_2,19.787531,-3.810074
Series_2,19.806698,-3.762649
Series_2,19.825864,-3.728566
Series_2,19.845030,-3.528808
Series_2,19.864196,-3.448249
Series_2,19.883363,-3.356777
Series_2,19.902529,-3.281912
Series_2,19.921695,-3.221380
Series_2,19.940861,-3.271647
Series_2,19.960028,-3.293205
Series_2,19.979194,-3.303913
Series_2,19.998360,-3.198342
Series_2,20.017526,-3.031270
Series_2,20.036693,-2.773960
Series_2,20.055859,-2.592045
Series_2,20.075025,-2.163844
Series_2,20.094191,-2.005329
Series_2,20.113358,-1.476641
Series_2,20.132524,-0.925498
Series_2,20.151690,-0.266126
Series_2,20.170856,0.136455
Series_2,20.190023,0.608213
Series_2,20.209189,0.897609
Series_2,20.228355,1.735135
Series_2,20.247521,2.100865
Series_2,20.266688,2.631522
Series_2,20.285854,3.076221
Series_2,20.305020,4.310419
Series_2,20.324186,4.502799
Series_2,20.343353,5.007366
Series_2,20.362519,5.227615
Series_2,20.381685,5.462946
Series_2,20.400851,5.372825
Series_2,20.420017,5.017353
Series_2,20.439184,4.779201
Series_2,20.458350,4.264663
Series_2,20.477516,3.920897
Series_2,20.496682,3.049163
Series_2,20.515849,2.540239
Series_2,20.535015,1.922518
Series_2,20.554181,1.511845
Series_2,20.573347,0.774435
Series_2,20.592514,0.096810
Series_2,20.611680,-0.968428
Series_2,20.630846,-2.013885
Series_2,20.650012,-3.370508
Series_2,20.669179,-4.282869
Series_2,20.688345,-5.381922
Series_2,20.707511,-5.953977
Series_2,20.726677,-6.868202
Series_2,20.745844,-7.397039
Series_2,20.765010,-8.438348
Series_2,20.784176,-9.037875
Series_2,20.803342,-8.941908
Series_2,20.822509,-8.941464
Series_2,20.841675,-8.292238
Series_2,20.860841,-7.963178
Series_2,20.880007,-7.403215
Series_2,20.899174,-6.988497
Series_2,20.918340,-6.200228
Series_2,20.937506,-5.638808
Series_2,20.956672,-4.396189
Series_2,20.975839,-3.853196
Series_2,20.995005,-3.043410
Series_2,21.014171,-1.768800
Series_2,21.033337,-0.470478
Series_2,21.052504,0.265972
Series_2,21.071670,0.940239
Series_2,21.090836,1.316199
Series_2,21.110002,1.721333
Series_2,21.129169,2.109291
Series_2,21.148335,2.885148
Series_2,21.167501,3.128060
Series_2,21.186667,3.843394
Series_2,21.205834,3.873683
Series_2,21.225000,3.872232
Series_2,21.244166,3.893104
Series_2,21.263332,3.912896
Series_2,21.282499,4.000007
Series_2,21.301665,4.102661
Series_2,21.320831,4.119801
Series_2,21.339997,3.340654
Series_2,21.359164,3.066030
Series_2,21.378330,2.310227
Series_2,21.397496,1.858019
Series_2,21.416662,0.849511
Series_2,21.435829,0.231806
Series_2,21.454995,-0.545759
Series_2,21.474161,-1.142011
Series_2,21.493327,-3.051524
Series_2,21.512494,-3.335429
Series_2,21.531660,-4.191067
Series_2,21.550826,-4.670249
Series_2,21.569992,-4.672327
Series_2,21.589159,-4.569046
Series_2,21.608325,-4.259815
Series_2,21.627491,-4.089307
Series_2,21.646657,-3.903707
Series_2,21.665824,-3.745537
Series_2,21.684990,-3.478181
Series_2,21.704156,-3.181948
Series_2,21.723322,-2.802311
Series_2,21.742489,-2.433307
Series_2,21.761655,-2.038343
Series_2,21.780821,-1.716956
Series_2,21.799987,-0.915303
Series_2,21.819154,-0.600517
Series_2,21.838320,-0.188830
Series_2,21.857486,0.121541
Series_2,21.876652,0.423967
Series_2,21.895819,0.600234
Series_2,21.914985,0.870913
Series_2,21.934151,0.887681
Series_2,21.953317,0.919109
Series_2,21.972484,0.931833
Series_2,21.991650,0.965382
Series_2,22.010816,1.081915
Series_2,22.029982,1.314644
Series_2,22.049149,1.385457
Series_2,22.068315,1.693883
Series_2,22.087481,1.887181
Series_2,22.106647,2.217811
Series_2,22.125813,2.502613
Series_2,22.144980,2.950658
Series_2,22.164146,3.185805
Series_2,22.183312,3.395010
Series_2,22.202478,3.546457
Series_2,22.221645,3.907820
Series_2,22.240811,3.935181
Series_2,22.259977,3.949773
Series_2,22.279143,3.928080
Series_2,22.298310,3.809073
Series_2,22.317476,3.641718
Series_2,22.336642,2.873470
Series_2,22.355808,2.241853
Series_2,22.374975,0.118524
Series_2,22.394141,-0.893913
Series_2,22.413307,-2.186226
Series_2,22.432473,-2.566836
Series_2,22.451640,-4.100366
Series_2,22.470806,-4.735471
Series_2,22.489972,-6.008495
Series_2,22.509138,-6.888619
Series_2,22.528305,-7.775093
Series_2,22.547471,-8.209725
Series_2,22.566637,-9.522619
Series_2,22.585803,-10.053343
Series_2,22.604970,-9.958071
Series_2,22.624136,-9.866730
Series_2,22.643302,-9.677514
Series_2,22.662468,-9.499427
Series_2,22.681635,-9.221141
Series_2,22.700801,-9.004780
Series_2,22.719967,-8.611172
Series_2,22.739133,-8.405658
Series_2,22.758300,-8.069618
Series_2,22.777466,-7.754077
Series_2,22.796632,-7.293758
Series_2,22.815798,-7.189368
Series_2,22.834965,-6.766292
Series_2,22.854131,-6.631864
Series_2,22.873297,-6.505049
Series_2,22.892463,-6.508205
Series_2,22.911630,-6.594996
Series_2,22.930796,-6.810265
Series_2,22.949962,-7.312815
Series_2,22.969128,-7.668690
Series_2,22.988295,-8.203031
Series_2,23.007461,-8.357903
Series_2,23.026627,-8.480441
Series_2,23.045793,-8.612860
Series_2,23.064960,-8.786519
Series_2,23.084126,-8.762674
Series_2,23.103292,-8.954082
Series_2,23.122458,-8.574307
Series_2,23.141625,-7.737387
Series_2,23.160791,-7.431772
Series_2,23.179957,-6.926133
Series_2,23.199123,-6.493746
Series_2,23.218290,-6.033934
Series_2,23.237456,-5.588931
Series_2,23.256622,-4.921097
Series_2,23.275788,-4.566965
Series_2,23.294955,-4.011775
Series_2,23.314121,-3.980985
Series_2,23.333287,-3.980110
Series_2,23.352453,-3.980614
Series_2,23.371620,-3.992542
Series_2,23.390786,-4.054137
Series_2,23.409952,-4.205107
Series_2,23.429118,-4.302795
Series_2,23.448285,-4.445681
Series_2,23.467451,-4.374139
Series_2,23.486617,-3.770303
Series_2,23.505783,-3.469570
Series_2,23.524950,-3.092171
Series_2,23.544116,-2.715531
Series_2,23.563282,-1.913092
Series_2,23.582448,-1.595611
Series_2,23.601615,-0.684603
Series_2,23.620781,-0.500990
Series_2,23.639947,0.115333
Series_2,23.659113,0.854172
Series_2,23.678280,1.145293
Series_2,23.697446,1.205150
Series_2,23.716612,1.213045
Series_2,23.735778,1.194000
Series_2,23.754945,0.949466
Series_2,23.774111,0.902763
Series_2,23.793277,0.327301
Series_2,23.812443,0.106518
Series_2,23.831609,-0.253835
Series_2,23.850776,-0.598096
Series_2,23.869942,-1.125356
Series_2,23.889108,-1.424773
Series_2,23.908274,-1.914400
Series_2,23.927441,-2.271442
Series_2,23.946607,-2.855258
Series_2,23.965773,-3.041719
Series_2,23.984939,-3.323144
Series_2,24.004106,-3.547023
Series_2,24.023272,-3.787152
Series_2,24.042438,-3.845786
Series_2,24.061604,-3.775396
Series_2,24.080771,-3.636446
Series_2,24.099937,-3.142066
Series_2,24.119103,-2.791777
Series_2,24.138269,-2.345069
Series_2,24.157436,-2.158189
Series_2,24.176602,-1.892665
Series_2,24.195768,-1.715174
Series_2,24.214934,-1.331966
Series_2,24.234101,-0.974701
Series_2,24.253267,-0.703063
Series_2,24.272433,-0.404582
Series_2,24.291599,0.029334
Series_2,24.310766,0.356942
