series,x,y
Series_1,-0.093113,0.984755
Series_1,-0.092323,0.981550
Series_1,-0.091532,0.923777
Series_1,-0.090742,0.866994
Series_1,-0.089952,0.821836
Series_1,-0.089162,0.843382
Series_1,-0.088372,0.945886
Series_1,-0.087581,1.057745
Series_1,-0.086791,1.116997
Series_1,-0.086001,1.015630
Series_1,-0.085211,0.781413
Series_1,-0.084421,0.747299
Series_1,-0.083630,0.747707
Series_1,-0.082840,0.450046
Series_1,-0.082050,-0.236189
Series_1,-0.081260,-0.828761
Series_1,-0.080469,-1.013344
Series_1,-0.079679,-1.018975
Series_1,-0.078889,-0.965652
Series_1,-0.078099,-0.860208
Series_1,-0.077309,-0.687114
Series_1,-0.076518,-0.535354
Series_1,-0.075728,-0.503007
Series_1,-0.074938,-0.411828
Series_1,-0.074148,-0.285517
Series_1,-0.073358,-0.240669
Series_1,-0.072567,-0.261700
Series_1,-0.071777,-0.294164
Series_1,-0.070987,-0.302282
Series_1,-0.070197,-0.296802
Series_1,-0.069407,-0.266570
Series_1,-0.068616,-0.175085
Series_1,-0.067826,-0.072207
Series_1,-0.067036,0.082446
Series_1,-0.066246,0.395980
Series_1,-0.065456,0.545071
Series_1,-0.064665,0.582182
Series_1,-0.063875,0.592391
Series_1,-0.063085,0.617806
Series_1,-0.062295,0.613063
Series_1,-0.061505,0.582139
Series_1,-0.060714,0.523628
Series_1,-0.059924,0.688753
Series_1,-0.059134,1.096688
Series_1,-0.058344,1.338073
Series_1,-0.057554,1.367996
Series_1,-0.056763,1.347413
Series_1,-0.055973,1.323384
Series_1,-0.055183,1.308109
Series_1,-0.054393,1.305250
Series_1,-0.053603,1.340497
Series_1,-0.052812,1.386241
Series_1,-0.052022,1.420170
Series_1,-0.051232,1.445031
Series_1,-0.050442,1.478616
Series_1,-0.049651,1.516951
Series_1,-0.048861,1.554803
Series_1,-0.048071,1.584523
Series_1,-0.047281,1.610313
Series_1,-0.046491,1.633196
Series_1,-0.045700,1.645833
Series_1,-0.044910,1.671230
Series_1,-0.044120,1.719091
Series_1,-0.043330,1.870904
Series_1,-0.042540,2.176455
Series_1,-0.041749,2.369324
Series_1,-0.040959,2.353968
Series_1,-0.040169,2.357390
Series_1,-0.039379,2.390977
Series_1,-0.038589,2.413501
Series_1,-0.037798,2.213960
Series_1,-0.037008,1.797581
Series_1,-0.036218,1.330150
Series_1,-0.035428,0.852096
Series_1,-0.034638,0.472768
Series_1,-0.033847,0.301735
Series_1,-0.033057,0.016145
Series_1,-0.032267,-0.274569
Series_1,-0.031477,-0.460752
Series_1,-0.030687,-0.520216
Series_1,-0.029896,-0.514752
Series_1,-0.029106,-0.486663
Series_1,-0.028316,-0.455420
Series_1,-0.027526,-0.374034
Series_1,-0.026736,-0.111334
Series_1,-0.025945,0.018174
Series_1,-0.025155,0.073146
Series_1,-0.024365,0.163885
Series_1,-0.023575,0.224050
Series_1,-0.022784,0.229826
Series_1,-0.021994,0.243796
Series_1,-0.021204,0.255721
Series_1,-0.020414,0.291133
Series_1,-0.019624,0.471152
Series_1,-0.018833,0.714031
Series_1,-0.018043,0.753789
Series_1,-0.017253,0.766129
Series_1,-0.016463,1.035064
Series_1,-0.015673,1.737698
Series_1,-0.014882,2.494303
Series_1,-0.014092,3.268247
Series_1,-0.013302,4.023117
Series_1,-0.012512,4.722722
Series_1,-0.011722,5.331092
Series_1,-0.010931,5.812475
Series_1,-0.010141,6.131341
Series_1,-0.009351,6.252379
Series_1,-0.008561,6.140499
Series_1,-0.007771,5.760830
Series_1,-0.006980,5.078720
Series_1,-0.006190,4.059738
Series_1,-0.005400,2.669674
Series_1,-0.004610,0.874537
Series_1,-0.003820,-1.156964
Series_1,-0.003029,-3.255896
Series_1,-0.002239,-5.253106
Series_1,-0.001449,-6.979217
Series_1,-0.000659,-8.439303
Series_1,0.000131,-9.750476
Series_1,0.000922,-10.946771
Series_1,0.001712,-12.233418
Series_1,0.002502,-13.731319
Series_1,0.003292,-15.311412
Series_1,0.004083,-16.917293
Series_1,0.004873,-18.590848
Series_1,0.005663,-20.374492
Series_1,0.006453,-22.364406
Series_1,0.007243,-24.438701
Series_1,0.008034,-26.548016
Series_1,0.008824,-28.642762
Series_1,0.009614,-30.558945
Series_1,0.010404,-32.038595
Series_1,0.011194,-32.946459
Series_1,0.011985,-33.078291
Series_1,0.012775,-32.525931
Series_1,0.013565,-31.372780
Series_1,0.014355,-29.649332
Series_1,0.015145,-27.184751
Series_1,0.015936,-23.890093
Series_1,0.016726,-19.834428
Series_1,0.017516,-15.266616
Series_1,0.018306,-10.730461
Series_1,0.019096,-6.769537
Series_1,0.019887,-3.333113
Series_1,0.020677,-0.370233
Series_1,0.021467,2.292654
Series_1,0.022257,4.746628
Series_1,0.023047,7.082989
Series_1,0.023838,9.393259
Series_1,0.024628,11.841393
Series_1,0.025418,14.543363
Series_1,0.026208,17.550705
Series_1,0.026998,20.853882
Series_1,0.027789,24.297565
Series_1,0.028579,27.833885
Series_1,0.029369,31.271528
Series_1,0.030159,34.603989
Series_1,0.030950,37.931106
Series_1,0.031740,41.229255
Series_1,0.032530,44.523940
Series_1,0.033320,47.860268
Series_1,0.034110,51.287730
Series_1,0.034901,54.812084
Series_1,0.035691,58.233679
Series_1,0.036481,61.531423
Series_1,0.037271,64.707817
Series_1,0.038061,67.774273
Series_1,0.038852,70.885418
Series_1,0.039642,73.967230
Series_1,0.040432,76.877869
Series_1,0.041222,79.661421
Series_1,0.042012,82.404691
Series_1,0.042803,85.132569
Series_1,0.043593,87.888936
Series_1,0.044383,90.704610
Series_1,0.045173,93.606673
Series_1,0.045963,96.612662
Series_1,0.046754,99.541645
Series_1,0.047544,102.294269
Series_1,0.048334,104.845273
Series_1,0.049124,107.317407
Series_1,0.049914,109.793689
Series_1,0.050705,112.095325
Series_1,0.051495,114.299862
Series_1,0.052285,116.516420
Series_1,0.053075,118.722325
Series_1,0.053865,120.929051
Series_1,0.054656,123.206422
Series_1,0.055446,125.457209
Series_1,0.056236,127.664267
Series_1,0.057026,130.032988
Series_1,0.057817,132.558879
Series_1,0.058607,135.161092
Series_1,0.059397,137.814049
Series_1,0.060187,140.423628
Series_1,0.060977,142.791724
Series_1,0.061768,144.977582
Series_1,0.062558,147.114998
Series_1,0.063348,149.084201
Series_1,0.064138,150.952849
Series_1,0.064928,152.937504
Series_1,0.065719,155.009865
Series_1,0.066509,156.978257
Series_1,0.067299,158.872119
Series_1,0.068089,160.926971
Series_1,0.068879,163.117291
Series_1,0.069670,165.363158
Series_1,0.070460,167.797366
Series_1,0.071250,170.312214
Series_1,0.072040,172.781206
Series_1,0.072830,175.160987
Series_1,0.073621,177.446303
Series_1,0.074411,179.622121
Series_1,0.075201,181.783484
Series_1,0.075991,183.996351
Series_1,0.076781,186.075752
Series_1,0.077572,188.002766
Series_1,0.078362,190.009422
Series_1,0.079152,192.058525
Series_1,0.079942,194.016214
Series_1,0.080732,196.012351
Series_1,0.081523,198.091931
Series_1,0.082313,200.102894
Series_1,0.083103,202.032415
Series_1,0.083893,204.010004
Series_1,0.084684,205.819181
Series_1,0.085474,207.516453
Series_1,0.086264,209.256879
Series_1,0.087054,210.856725
Series_1,0.087844,212.276642
Series_1,0.088635,213.688690
Series_1,0.089425,215.029219
Series_1,0.090215,216.176407
Series_1,0.091005,217.216353
Series_1,0.091795,218.463730
Series_1,0.092586,219.926952
Series_1,0.093376,221.550457
Series_1,0.094166,223.278835
Series_1,0.094956,225.014927
Series_1,0.095746,226.687318
Series_1,0.096537,228.411261
Series_1,0.097327,230.098545
Series_1,0.098117,231.590955
Series_1,0.098907,233.055288
Series_1,0.099697,234.550453
Series_1,0.100488,235.897476
Series_1,0.101278,237.250716
Series_1,0.102068,238.642367
Series_1,0.102858,239.782553
Series_1,0.103648,240.666440
Series_1,0.104439,241.642943
Series_1,0.105229,242.813183
Series_1,0.106019,244.278427
Series_1,0.106809,245.747873
Series_1,0.107599,247.269686
Series_1,0.108390,248.758652
Series_1,0.109180,249.955521
Series_1,0.109970,250.950663
Series_1,0.110760,251.834591
Series_1,0.111551,252.768228
Series_1,0.112341,253.912639
Series_1,0.113131,255.201176
Series_1,0.113921,256.529979
Series_1,0.114711,257.795332
Series_1,0.115502,258.797424
Series_1,0.116292,259.720456
Series_1,0.117082,260.748773
Series_1,0.117872,261.974174
Series_1,0.118662,263.273646
Series_1,0.119453,264.524318
Series_1,0.120243,265.896060
Series_1,0.121033,267.401493
Series_1,0.121823,268.843545
Series_1,0.122613,270.306421
Series_1,0.123404,271.810525
Series_1,0.124194,273.376399
Series_1,0.124984,274.984616
Series_1,0.125774,276.831538
Series_1,0.126564,278.809368
Series_1,0.127355,280.596248
Series_1,0.128145,282.190300
Series_1,0.128935,283.439785
Series_1,0.129725,284.552743
Series_1,0.130515,285.737346
Series_1,0.131306,287.032463
Series_1,0.132096,288.307583
Series_1,0.132886,289.432323
Series_1,0.133676,290.689467
Series_1,0.134466,292.107629
Series_1,0.135257,293.651484
Series_1,0.136047,295.407416
Series_1,0.136837,297.180728
Series_1,0.137627,298.776854
Series_1,0.138418,300.354094
Series_1,0.139208,301.863869
Series_1,0.139998,303.257723
Series_1,0.140788,304.730402
Series_1,0.141578,306.150510
Series_1,0.142369,307.386776
Series_1,0.143159,308.409935
Series_1,0.143949,309.401244
Series_1,0.144739,310.542085
Series_1,0.145529,311.677194
Series_1,0.146320,312.721404
Series_1,0.147110,313.856749
Series_1,0.147900,315.265389
Series_1,0.148690,316.709768
Series_1,0.149480,318.193530
Series_1,0.150271,319.616845
Series_1,0.151061,320.873071
Series_1,0.151851,322.053782
Series_1,0.152641,323.180098
Series_1,0.153431,324.304168
Series_1,0.154222,325.478259
Series_1,0.155012,326.778605
Series_1,0.155802,327.949525
Series_1,0.156592,328.749814
Series_1,0.157382,329.386248
Series_1,0.158173,330.065721
Series_1,0.158963,330.789527
Series_1,0.159753,331.559077
Series_1,0.160543,332.441638
Series_1,0.161333,333.007177
Series_1,0.162124,333.393204
Series_1,0.162914,333.899212
Series_1,0.163704,334.196030
Series_1,0.164494,334.332783
Series_1,0.165285,334.545040
Series_1,0.166075,334.669000
Series_1,0.166865,334.720894
Series_1,0.167655,334.819002
Series_1,0.168445,334.927641
Series_1,0.169236,334.981285
Series_1,0.170026,334.976781
Series_1,0.170816,335.025720
Series_1,0.171606,335.088348
Series_1,0.172396,335.090114
Series_1,0.173187,335.306163
Series_1,0.173977,335.764470
Series_1,0.174767,336.059440
Series_1,0.175557,336.389788
Series_1,0.176347,336.894046
Series_1,0.177138,337.260059
Series_1,0.177928,337.708573
Series_1,0.178718,338.453913
Series_1,0.179508,339.161706
Series_1,0.180298,339.679727
Series_1,0.181089,340.378376
Series_1,0.181879,340.955304
Series_1,0.182669,341.252087
Series_1,0.183459,341.730262
Series_1,0.184249,342.575115
Series_1,0.185040,343.544527
Series_1,0.185830,344.392347
Series_1,0.186620,345.221116
Series_1,0.187410,346.133486
Series_1,0.188200,347.011877
Series_1,0.188991,347.738823
Series_1,0.189781,348.481071
Series_1,0.190571,349.216764
Series_1,0.191361,349.924159
Series_1,0.192152,350.633542
Series_1,0.192942,350.949980
Series_1,0.193732,351.116393
Series_1,0.194522,351.391252
Series_1,0.195312,351.608291
Series_1,0.196103,351.862317
Series_1,0.196893,352.113582
Series_1,0.197683,352.198667
Series_1,0.198473,352.195927
Series_1,0.199263,352.143088
Series_1,0.200054,352.267362
Series_1,0.200844,352.497838
Series_1,0.201634,352.615089
Series_1,0.202424,352.866679
Series_1,0.203214,353.123995
Series_1,0.204005,353.206462
Series_1,0.204795,353.421414
Series_1,0.205585,353.618024
Series_1,0.206375,353.668117
Series_1,0.207165,353.888471
Series_1,0.207956,354.180243
Series_1,0.208746,354.373329
Series_1,0.209536,354.772724
Series_1,0.210326,355.263436
Series_1,0.211116,355.789969
Series_1,0.211907,356.296937
Series_1,0.212697,356.935052
Series_1,0.213487,357.817111
Series_1,0.214277,359.056016
Series_1,0.215067,360.598573
Series_1,0.215858,362.335768
Series_1,0.216648,364.158695
Series_1,0.217438,365.964957
Series_1,0.218228,367.929977
Series_1,0.219019,369.973489
Series_1,0.219809,372.015124
Series_1,0.220599,373.921068
Series_1,0.221389,375.399987
Series_1,0.222179,376.416030
Series_1,0.222970,377.237214
Series_1,0.223760,377.906687
Series_1,0.224550,378.209397
Series_1,0.225340,378.598036
Series_1,0.226130,379.121879
Series_1,0.226921,379.329176
Series_1,0.227711,379.373144
Series_1,0.228501,379.569969
Series_1,0.229291,379.815110
Series_1,0.230081,380.098225
Series_1,0.230872,380.388966
Series_1,0.231662,380.781993
Series_1,0.232452,381.059889
Series_1,0.233242,381.356016
Series_1,0.234032,382.063183
Series_1,0.234823,382.923503
Series_1,0.235613,383.748000
Series_1,0.236403,384.574130
Series_1,0.237193,385.126243
Series_1,0.237983,385.408285
Series_1,0.238774,385.946120
Series_1,0.239564,386.600243
Series_1,0.240354,386.935638
Series_1,0.241144,387.189895
Series_1,0.241934,387.627201
Series_1,0.242725,388.005893
Series_1,0.243515,388.233987
Series_1,0.244305,388.371206
Series_1,0.245095,388.509119
Series_1,0.245886,388.576130
Series_1,0.246676,388.666652
Series_1,0.247466,388.777972
Series_1,0.248256,388.848285
Series_1,0.249046,388.876786
Series_1,0.249837,388.926229
Series_1,0.250627,388.985332
Series_1,0.251417,389.061110
Series_1,0.252207,389.293227
Series_1,0.252997,389.635661
Series_1,0.253788,389.779854
Series_1,0.254578,389.872277
Series_1,0.255368,390.221913
Series_1,0.256158,390.592774
Series_1,0.256948,390.875298
Series_1,0.257739,391.146727
Series_1,0.258529,391.408303
Series_1,0.259319,391.571707
Series_1,0.260109,391.881400
Series_1,0.260899,392.168272
Series_1,0.261690,392.349093
Series_1,0.262480,392.615274
Series_1,0.263270,392.813090
Series_1,0.264060,392.927397
Series_1,0.264850,393.054204
Series_1,0.265641,393.282260
Series_1,0.266431,393.598799
Series_1,0.267221,393.689338
Series_1,0.268011,393.937801
Series_1,0.268801,394.420052
Series_1,0.269592,394.740416
Series_1,0.270382,395.100669
Series_1,0.271172,395.553282
Series_1,0.271962,395.876311
Series_1,0.272753,395.916293
Series_1,0.273543,395.727340
Series_1,0.274333,395.457554
Series_1,0.275123,394.930486
Series_1,0.275913,394.302547
Series_1,0.276704,393.859601
Series_1,0.277494,393.674608
Series_1,0.278284,393.357716
Series_1,0.279074,392.907355
Series_1,0.279864,392.626690
Series_1,0.280655,392.550149
Series_1,0.281445,392.514760
Series_1,0.282235,392.537152
Series_1,0.283025,392.700496
Series_1,0.283815,393.381399
Series_1,0.284606,394.422535
Series_1,0.285396,395.425131
Series_1,0.286186,396.618066
Series_1,0.286976,397.689725
Series_1,0.287766,398.361938
Series_1,0.288557,399.014773
Series_1,0.289347,399.861575
Series_1,0.290137,400.478378
Series_1,0.290927,400.740052
Series_1,0.291717,401.180067
Series_1,0.292508,401.802071
Series_1,0.293298,402.117244
Series_1,0.294088,402.100997
Series_1,0.294878,401.790143
Series_1,0.295668,401.391213
Series_1,0.296459,401.098157
Series_1,0.297249,400.624303
Series_1,0.298039,400.350824
Series_1,0.298829,400.157620
Series_1,0.299619,399.611676
Series_1,0.300410,398.962373
Series_1,0.301200,398.629896
Series_1,0.301990,398.348938
Series_1,0.302780,398.205769
Series_1,0.303571,398.279769
Series_1,0.304361,398.649873
Series_1,0.305151,399.084607
Series_1,0.305941,399.284748
Series_1,0.306731,399.310534
Series_1,0.307522,399.596411
Series_1,0.308312,400.047523
Series_1,0.309102,400.314918
Series_1,0.309892,400.472993
Series_1,0.310682,400.815365
Series_1,0.311473,401.341828
Series_1,0.312263,401.714551
Series_1,0.313053,402.227920
Series_1,0.313843,402.899539
Series_1,0.314633,403.637189
Series_1,0.315424,404.666940
Series_1,0.316214,405.778157
Series_1,0.317004,406.898217
Series_1,0.317794,407.986243
Series_1,0.318584,408.720077
Series_1,0.319375,408.944016
Series_1,0.320165,409.030079
Series_1,0.320955,409.578279
Series_1,0.321745,410.671823
Series_1,0.322535,411.900040
Series_1,0.323326,412.852353
Series_1,0.324116,413.680744
Series_1,0.324906,414.094117
Series_1,0.325696,414.345578
Series_1,0.326486,414.732347
Series_1,0.327277,415.005858
Series_1,0.328067,415.146574
Series_1,0.328857,415.373418
Series_1,0.329647,415.554308
Series_1,0.330438,415.635283
Series_1,0.331228,415.930265
Series_1,0.332018,416.235505
Series_1,0.332808,416.304725
Series_1,0.333598,416.509191
Series_1,0.334389,416.976412
Series_1,0.335179,417.261906
Series_1,0.335969,417.345488
Series_1,0.336759,417.778093
Series_1,0.337549,418.420707
Series_1,0.338340,418.910827
Series_1,0.339130,419.468342
Series_1,0.339920,420.161204
Series_1,0.340710,420.581096
Series_1,0.341500,420.991284
Series_1,0.342291,421.411390
Series_1,0.343081,421.495595
Series_1,0.343871,421.488006
Series_1,0.344661,421.285815
Series_1,0.345451,421.125386
Series_1,0.346242,421.112673
Series_1,0.347032,421.008622
Series_1,0.347822,420.734419
Series_1,0.348612,420.703368
Series_1,0.349402,420.658826
Series_1,0.350193,420.411948
Series_1,0.350983,420.194255
Series_1,0.351773,420.193814
Series_1,0.352563,420.402136
Series_1,0.353353,420.654219
Series_1,0.354144,420.937531
Series_1,0.354934,421.537089
Series_1,0.355724,422.554879
Series_1,0.356514,423.518563
Series_1,0.357305,424.605802
Series_1,0.358095,425.609745
Series_1,0.358885,426.323630
Series_1,0.359675,426.848895
Series_1,0.360465,427.593895
Series_1,0.361256,428.533653
Series_1,0.362046,429.467088
Series_1,0.362836,430.193208
Series_1,0.363626,430.926021
Series_1,0.364416,431.303770
Series_1,0.365207,431.178473
Series_1,0.365997,430.538305
Series_1,0.366787,429.643964
Series_1,0.367577,428.818972
Series_1,0.368367,427.844508
Series_1,0.369158,426.964169
Series_1,0.369948,426.274964
Series_1,0.370738,425.426452
Series_1,0.371528,424.749360
Series_1,0.372318,424.546947
Series_1,0.373109,424.452443
Series_1,0.373899,424.157467
Series_1,0.374689,423.989636
Series_1,0.375479,423.859045
Series_1,0.376269,424.116868
Series_1,0.377060,424.979767
Series_1,0.377850,426.152291
Series_1,0.378640,427.392741
Series_1,0.379430,428.581359
Series_1,0.380220,429.598469
Series_1,0.381011,430.577054
Series_1,0.381801,431.628144
Series_1,0.382591,432.258684
Series_1,0.383381,432.604430
Series_1,0.384172,432.817065
Series_1,0.384962,432.823775
Series_1,0.385752,432.810527
Series_1,0.386542,432.797798
Series_1,0.387332,432.561532
Series_1,0.388123,432.462149
Series_1,0.388913,432.402938
Series_1,0.389703,432.158526
Series_1,0.390493,431.950097
Series_1,0.391283,431.859036
Series_1,0.392074,431.632746
Series_1,0.392864,431.435540
Series_1,0.393654,431.356996
Series_1,0.394444,431.225670
Series_1,0.395234,431.076658
Series_1,0.396025,431.019323
Series_1,0.396815,430.978647
Series_1,0.397605,430.941783
Series_1,0.398395,430.939281
Series_1,0.399185,430.947070
Series_1,0.399976,430.870542
Series_1,0.400766,430.716806
Series_1,0.401556,430.595074
Series_1,0.402346,430.573891
Series_1,0.403136,430.713198
Series_1,0.403927,430.897713
Series_1,0.404717,431.206577
Series_1,0.405507,431.896904
Series_1,0.406297,432.553016
Series_1,0.407087,433.321530
Series_1,0.407878,434.213155
Series_1,0.408668,434.806607
Series_1,0.409458,435.257807
Series_1,0.410248,436.059459
Series_1,0.411039,437.027099
Series_1,0.411829,438.035427
Series_1,0.412619,438.959226
Series_1,0.413409,439.617146
Series_1,0.414199,439.782995
Series_1,0.414990,439.792186
Series_1,0.415780,439.541311
Series_1,0.416570,438.855908
Series_1,0.417360,438.131625
Series_1,0.418150,437.188807
Series_1,0.418941,436.297582
Series_1,0.419731,435.728164
Series_1,0.420521,435.304706
Series_1,0.421311,434.828439
Series_1,0.422101,434.322904
Series_1,0.422892,434.054590
Series_1,0.423682,433.775954
Series_1,0.424472,433.739863
Series_1,0.425262,433.871036
Series_1,0.426052,434.373707
Series_1,0.426843,434.825457
Series_1,0.427633,434.963123
Series_1,0.428423,435.012476
Series_1,0.429213,435.361772
Series_1,0.430003,435.701878
Series_1,0.430794,435.868033
Series_1,0.431584,436.218539
Series_1,0.432374,436.678840
Series_1,0.433164,436.901367
Series_1,0.433954,436.872417
Series_1,0.434745,436.779691
Series_1,0.435535,436.677159
Series_1,0.436325,436.397940
Series_1,0.437115,436.015567
Series_1,0.437906,435.882648
Series_1,0.438696,435.868611
Series_1,0.439486,435.590694
Series_1,0.440276,435.346270
Series_1,0.441066,435.331203
Series_1,0.441857,435.061985
Series_1,0.442647,434.716345
Series_1,0.443437,434.612044
Series_1,0.444227,434.531802
Series_1,0.445017,434.851462
Series_1,0.445808,435.321156
Series_1,0.446598,435.701699
Series_1,0.447388,436.408813
Series_1,0.448178,437.238202
Series_1,0.448968,438.065002
Series_1,0.449759,439.042127
Series_1,0.450549,439.869951
Series_1,0.451339,440.341942
Series_1,0.452129,440.917238
Series_1,0.452919,441.675019
Series_1,0.453710,442.142341
Series_1,0.454500,442.269762
Series_1,0.455290,442.626738
Series_1,0.456080,443.178597
Series_1,0.456870,443.578354
Series_1,0.457661,444.135461
Series_1,0.458451,445.007907
Series_1,0.459241,445.713337
Series_1,0.460031,446.177154
Series_1,0.460821,446.750398
Series_1,0.461612,447.239412
Series_1,0.462402,447.729098
Series_1,0.463192,448.347584
Series_1,0.463982,448.648899
Series_1,0.464773,448.676725
Series_1,0.465563,448.689619
Series_1,0.466353,448.540086
Series_1,0.467143,448.481501
Series_1,0.467933,448.494405
Series_1,0.468724,448.233027
Series_1,0.469514,447.995171
Series_1,0.470304,447.929737
Series_1,0.471094,447.722713
Series_1,0.471884,447.482395
Series_1,0.472675,447.348160
Series_1,0.473465,447.172733
Series_1,0.474255,447.017054
Series_1,0.475045,446.987614
Series_1,0.475835,447.013834
Series_1,0.476626,447.058012
Series_1,0.477416,447.094979
Series_1,0.478206,447.132725
Series_1,0.478996,447.153702
Series_1,0.479786,447.166876
Series_1,0.480577,447.158620
Series_1,0.481367,447.133520
Series_1,0.482157,447.142556
Series_1,0.482947,447.192393
Series_1,0.483737,447.290693
Series_1,0.484528,447.619976
Series_1,0.485318,447.882044
Series_1,0.486108,448.098548
Series_1,0.486898,448.745509
Series_1,0.487688,449.705634
Series_1,0.488479,450.507445
Series_1,0.489269,451.220097
Series_1,0.490059,452.130610
Series_1,0.490849,452.903280
Series_1,0.491640,453.805936
Series_1,0.492430,454.487961
Series_1,0.493220,454.671958
Series_1,0.494010,454.781212
Series_1,0.494800,454.987258
Series_1,0.495591,455.251098
Series_1,0.496381,455.426510
Series_1,0.497171,455.525291
Series_1,0.497961,455.611393
Series_1,0.498751,455.650752
Series_1,0.499542,455.680223
Series_1,0.500332,455.693020
Series_1,0.501122,455.704524
Series_1,0.501912,455.728979
Series_1,0.502702,455.720295
Series_1,0.503493,455.660748
Series_1,0.504283,455.395418
Series_1,0.505073,454.882940
Series_1,0.505863,454.526740
Series_1,0.506653,454.483531
Series_1,0.507444,454.416020
Series_1,0.508234,453.991649
Series_1,0.509024,453.334449
Series_1,0.509814,452.797178
Series_1,0.510604,452.215382
Series_1,0.511395,451.342885
Series_1,0.512185,450.610595
Series_1,0.512975,450.007507
Series_1,0.513765,449.252067
Series_1,0.514555,448.725807
Series_1,0.515346,448.738843
Series_1,0.516136,448.953997
Series_1,0.516926,449.245209
Series_1,0.517716,449.862490
Series_1,0.518507,450.818395
Series_1,0.519297,451.505766
Series_1,0.520087,451.982720
Series_1,0.520877,452.520695
Series_1,0.521667,453.134213
Series_1,0.522458,453.448129
Series_1,0.523248,453.549641
Series_1,0.524038,453.925958
Series_1,0.524828,454.565715
Series_1,0.525618,455.086677
Series_1,0.526409,455.610015
Series_1,0.527199,456.320099
Series_1,0.527989,456.830515
Series_1,0.528779,457.388813
Series_1,0.529569,457.895454
Series_1,0.530360,458.207207
Series_1,0.531150,458.654881
Series_1,0.531940,459.338316
Series_1,0.532730,459.780479
Series_1,0.533520,460.035723
Series_1,0.534311,460.397604
Series_1,0.535101,460.625530
Series_1,0.535891,460.715333
Series_1,0.536681,460.733462
Series_1,0.537471,460.692042
Series_1,0.538262,460.705245
Series_1,0.539052,460.727220
Series_1,0.539842,460.748928
Series_1,0.540632,460.770631
Series_1,0.541422,460.761662
Series_1,0.542213,460.738575
Series_1,0.543003,460.739219
Series_1,0.543793,460.744050
Series_1,0.544583,460.873556
Series_1,0.545374,461.060647
Series_1,0.546164,461.169234
Series_1,0.546954,461.366223
Series_1,0.547744,461.899583
Series_1,0.548534,462.319384
Series_1,0.549325,462.478218
Series_1,0.550115,462.781955
Series_1,0.550905,463.332997
Series_1,0.551695,463.694866
Series_1,0.552485,463.961522
Series_1,0.553276,464.525673
Series_1,0.554066,465.082709
Series_1,0.554856,465.538710
Series_1,0.555646,466.175489
Series_1,0.556436,466.754477
Series_1,0.557227,467.214719
Series_1,0.558017,467.838219
Series_1,0.558807,468.396341
Series_1,0.559597,468.725371
Series_1,0.560387,469.334144
Series_1,0.561178,470.255242
Series_1,0.561968,470.884851
Series_1,0.562758,471.237193
Series_1,0.563548,471.757970
Series_1,0.564338,472.286053
Series_1,0.565129,472.449182
Series_1,0.565919,472.521320
Series_1,0.566709,472.216470
Series_1,0.567499,471.902009
Series_1,0.568289,471.389855
Series_1,0.569080,470.470331
Series_1,0.569870,469.309321
Series_1,0.570660,468.072783
Series_1,0.571450,466.887537
Series_1,0.572241,466.223483
Series_1,0.573031,466.018453
Series_1,0.573821,465.616081
Series_1,0.574611,465.017764
Series_1,0.575401,464.774991
Series_1,0.576192,464.755932
Series_1,0.576982,465.047411
Series_1,0.577772,465.409635
Series_1,0.578562,465.975044
Series_1,0.579352,466.876150
Series_1,0.580143,467.830194
Series_1,0.580933,468.619895
Series_1,0.581723,469.607260
Series_1,0.582513,470.602971
Series_1,0.583303,471.226638
Series_1,0.584094,471.768838
Series_1,0.584884,472.060974
Series_1,0.585674,472.233367
Series_1,0.586464,472.423608
Series_1,0.587254,472.557507
Series_1,0.588045,472.597662
Series_1,0.588835,472.628873
Series_1,0.589625,472.662311
Series_1,0.590415,472.669882
Series_1,0.591205,472.664729
Series_1,0.591996,472.626892
Series_1,0.592786,472.545533
Series_1,0.593576,472.490230
Series_1,0.594366,472.487223
Series_1,0.595156,472.516262
Series_1,0.595947,472.543349
Series_1,0.596737,472.567519
Series_1,0.597527,472.625347
Series_1,0.598317,472.711525
Series_1,0.599108,472.802193
Series_1,0.599898,472.893552
Series_1,0.600688,472.971288
Series_1,0.601478,473.020007
Series_1,0.602268,473.062495
Series_1,0.603059,473.101127
Series_1,0.603849,473.147487
Series_1,0.604639,473.187873
Series_1,0.605429,473.336308
Series_1,0.606219,473.642103
Series_1,0.607010,473.801141
Series_1,0.607800,474.072432
Series_1,0.608590,474.678514
Series_1,0.609380,475.146490
Series_1,0.610170,475.558118
Series_1,0.610961,476.157848
Series_1,0.611751,476.751658
Series_1,0.612541,477.306646
Series_1,0.613331,478.020178
Series_1,0.614121,478.434047
Series_1,0.614912,478.468834
Series_1,0.615702,478.620176
Series_1,0.616492,478.889697
Series_1,0.617282,479.145409
Series_1,0.618072,479.245270
Series_1,0.618863,479.339704
Series_1,0.619653,479.464682
Series_1,0.620443,479.555463
Series_1,0.621233,479.699433
Series_1,0.622023,479.896146
Series_1,0.622814,480.050112
Series_1,0.623604,480.159064
Series_1,0.624394,480.232936
Series_1,0.625184,480.288301
Series_1,0.625975,480.328118
Series_1,0.626765,480.411947
Series_1,0.627555,480.453199
Series_1,0.628345,480.475948
Series_1,0.629135,480.636683
Series_1,0.629926,480.803912
Series_1,0.630716,480.857610
Series_1,0.631506,480.885041
Series_1,0.632296,480.954664
Series_1,0.633086,481.007447
Series_1,0.633877,481.056049
Series_1,0.634667,481.220324
Series_1,0.635457,481.446297
Series_1,0.636247,481.650839
Series_1,0.637037,482.078512
Series_1,0.637828,482.530279
Series_1,0.638618,482.809014
Series_1,0.639408,483.271563
Series_1,0.640198,483.913840
Series_1,0.640988,484.285343
Series_1,0.641779,484.615194
Series_1,0.642569,485.221778
Series_1,0.643359,485.747446
Series_1,0.644149,485.951824
Series_1,0.644939,486.168936
Series_1,0.645730,486.655153
Series_1,0.646520,487.044144
Series_1,0.647310,487.245693
Series_1,0.648100,487.443462
Series_1,0.648890,487.541031
Series_1,0.649681,487.627345
Series_1,0.650471,487.701099
Series_1,0.651261,487.744750
Series_1,0.652051,487.754370
Series_1,0.652841,487.791101
Series_1,0.653632,487.890070
Series_1,0.654422,487.955638
Series_1,0.655212,487.983429
Series_1,0.656002,488.166388
Series_1,0.656793,488.324783
Series_1,0.657583,488.372140
Series_1,0.658373,488.474503
Series_1,0.659163,488.654647
Series_1,0.659953,488.772136
Series_1,0.660744,488.871847
Series_1,0.661534,488.975130
Series_1,0.662324,489.032983
Series_1,0.663114,489.141249
Series_1,0.663904,489.306972
Series_1,0.664695,489.410090
Series_1,0.665485,489.474909
Series_1,0.666275,489.561216
Series_1,0.667065,489.633452
Series_1,0.667855,489.649823
Series_1,0.668646,489.671618
Series_1,0.669436,489.668290
Series_1,0.670226,489.677125
Series_1,0.671016,489.680095
Series_1,0.671806,489.640266
Series_1,0.672597,489.567984
Series_1,0.673387,489.536002
Series_1,0.674177,489.543553
Series_1,0.674967,489.560165
Series_1,0.675757,489.600532
Series_1,0.676548,489.707695
Series_1,0.677338,489.830301
Series_1,0.678128,489.893234
Series_1,0.678918,489.921522
Series_1,0.679708,489.945423
Series_1,0.680499,489.957044
Series_1,0.681289,489.981459
Series_1,0.682079,490.072360
Series_1,0.682869,490.235774
Series_1,0.683660,490.373504
Series_1,0.684450,490.444769
Series_1,0.685240,490.527747
Series_1,0.686030,490.588826
Series_1,0.686820,490.588200
Series_1,0.687611,490.581101
Series_1,0.688401,490.533470
Series_1,0.689191,490.423650
Series_1,0.689981,490.248878
Series_1,0.690771,490.065199
Series_1,0.691562,490.004036
Series_1,0.692352,489.997955
Series_1,0.693142,489.991068
Series_1,0.693932,489.947850
Series_1,0.694722,489.857242
Series_1,0.695513,489.733645
Series_1,0.696303,489.703570
Series_1,0.697093,489.769971
Series_1,0.697883,489.670229
Series_1,0.698673,489.286000
Series_1,0.699464,488.945248
Series_1,0.700254,488.669376
Series_1,0.701044,488.179232
Series_1,0.701834,487.871703
Series_1,0.702624,487.646721
Series_1,0.703415,487.308984
Series_1,0.704205,487.115013
Series_1,0.704995,487.007582
Series_1,0.705785,486.970322
Series_1,0.706575,487.128837
Series_1,0.707366,487.592260
Series_1,0.708156,488.155535
Series_1,0.708946,488.609168
Series_1,0.709736,488.970576
Series_1,0.710527,489.263540
Series_1,0.711317,489.773813
Series_1,0.712107,490.644296
Series_1,0.712897,491.633651
Series_1,0.713687,492.500606
Series_1,0.714478,493.537422
Series_1,0.715268,494.441853
Series_1,0.716058,495.354728
Series_1,0.716848,496.088961
Series_1,0.717638,496.380988
Series_1,0.718429,496.556440
Series_1,0.719219,496.676216
Series_1,0.720009,496.704262
Series_1,0.720799,496.701738
Series_1,0.721589,496.717407
Series_1,0.722380,496.750997
Series_1,0.723170,496.774382
Series_1,0.723960,496.784906
Series_1,0.724750,496.784607
Series_1,0.725540,496.781401
Series_1,0.726331,496.771481
Series_1,0.727121,496.921765
Series_1,0.727911,497.072099
Series_1,0.728701,497.097729
Series_1,0.729491,497.242874
Series_1,0.730282,497.486156
Series_1,0.731072,497.662236
Series_1,0.731862,497.881900
Series_1,0.732652,498.124638
Series_1,0.733442,498.290271
Series_1,0.734233,498.398299
Series_1,0.735023,498.599911
Series_1,0.735813,498.761486
Series_1,0.736603,498.860552
Series_1,0.737394,499.065895
Series_1,0.738184,499.309123
Series_1,0.738974,499.420464
Series_1,0.739764,499.508759
Series_1,0.740554,499.756787
Series_1,0.741345,500.096309
Series_1,0.742135,500.382955
Series_1,0.742925,500.677032
Series_1,0.743715,500.963513
Series_1,0.744505,501.223135
Series_1,0.745296,501.497918
Series_1,0.746086,501.712121
Series_1,0.746876,501.858137
Series_1,0.747666,502.039768
Series_1,0.748456,502.267438
Series_1,0.749247,502.364348
Series_1,0.750037,502.451710
Series_1,0.750827,502.687247
Series_1,0.751617,502.817077
Series_1,0.752407,502.736831
Series_1,0.753198,502.826183
Series_1,0.753988,503.139397
Series_1,0.754778,503.314366
Series_1,0.755568,503.501149
Series_1,0.756358,503.778812
Series_1,0.757149,503.939430
Series_1,0.757939,503.869924
Series_1,0.758729,503.711627
Series_1,0.759519,503.669484
Series_1,0.760309,503.620776
Series_1,0.761100,503.346381
Series_1,0.761890,503.095279
Series_1,0.762680,503.055942
Series_1,0.763470,502.952878
Series_1,0.764261,502.694581
Series_1,0.765051,502.501896
Series_1,0.765841,502.426426
Series_1,0.766631,502.212800
Series_1,0.767421,501.965546
Series_1,0.768212,501.918239
Series_1,0.769002,502.146070
Series_1,0.769792,502.458089
Series_1,0.770582,502.772449
Series_1,0.771372,503.092092
Series_1,0.772163,503.404374
Series_1,0.772953,503.684358
Series_1,0.773743,504.044770
Series_1,0.774533,504.432062
Series_1,0.775323,504.612969
Series_1,0.776114,504.631829
Series_1,0.776904,504.674689
Series_1,0.777694,504.738892
Series_1,0.778484,504.807946
Series_1,0.779274,504.738814
Series_1,0.780065,504.495737
Series_1,0.780855,504.378652
Series_1,0.781645,504.295000
Series_1,0.782435,504.166524
Series_1,0.783225,504.115517
Series_1,0.784016,504.069260
Series_1,0.784806,504.027988
Series_1,0.785596,503.966218
Series_1,0.786386,503.923568
Series_1,0.787176,503.863494
Series_1,0.787967,503.782450
Series_1,0.788757,503.749209
Series_1,0.789547,503.742664
Series_1,0.790337,503.650039
Series_1,0.791128,503.508531
Series_1,0.791918,503.433464
Series_1,0.792708,503.409749
Series_1,0.793498,503.395970
Series_1,0.794288,503.374705
Series_1,0.795079,503.276534
Series_1,0.795869,503.154250
Series_1,0.796659,503.021385
Series_1,0.797449,502.990839
Series_1,0.798239,503.220439
Series_1,0.799030,503.597457
Series_1,0.799820,503.916531
Series_1,0.800610,504.512069
Series_1,0.801400,505.229780
Series_1,0.802190,505.725543
Series_1,0.802981,506.348468
Series_1,0.803771,507.085410
Series_1,0.804561,507.437160
Series_1,0.805351,507.573240
Series_1,0.806141,508.055171
Series_1,0.806932,508.781447
Series_1,0.807722,509.159697
Series_1,0.808512,509.237440
Series_1,0.809302,509.305839
Series_1,0.810092,509.436684
Series_1,0.810883,509.313041
Series_1,0.811673,509.092084
Series_1,0.812463,509.014222
Series_1,0.813253,508.846210
Series_1,0.814043,508.577328
Series_1,0.814834,508.503424
Series_1,0.815624,508.448429
Series_1,0.816414,508.254798
Series_1,0.817204,508.098013
Series_1,0.817995,508.034591
Series_1,0.818785,507.951210
Series_1,0.819575,507.858399
Series_1,0.820365,507.700641
Series_1,0.821155,507.576572
Series_1,0.821946,507.497978
Series_1,0.822736,507.406983
Series_1,0.823526,507.322616
Series_1,0.824316,507.211017
Series_1,0.825106,507.048946
Series_1,0.825897,507.009281
Series_1,0.826687,506.812661
Series_1,0.827477,506.502475
Series_1,0.828267,506.346940
Series_1,0.829057,506.063208
Series_1,0.829848,505.440542
Series_1,0.830638,504.965634
Series_1,0.831428,504.818461
Series_1,0.832218,504.688474
Series_1,0.833008,504.205204
Series_1,0.833799,503.561202
Series_1,0.834589,503.117485
Series_1,0.835379,502.545559
Series_1,0.836169,501.991256
Series_1,0.836959,501.657533
Series_1,0.837750,501.441789
Series_1,0.838540,501.431593
Series_1,0.839330,501.558648
Series_1,0.840120,502.105356
Series_1,0.840910,502.695848
Series_1,0.841701,502.998894
Series_1,0.842491,503.342135
Series_1,0.843281,503.950297
Series_1,0.844071,504.368922
Series_1,0.844862,504.559765
Series_1,0.845652,505.046815
Series_1,0.846442,505.768948
Series_1,0.847232,506.265779
Series_1,0.848022,506.654535
Series_1,0.848813,507.243412
Series_1,0.849603,507.675282
Series_1,0.850393,508.103995
Series_1,0.851183,508.797215
Series_1,0.851973,509.485165
Series_1,0.852764,510.080525
Series_1,0.853554,510.887489
Series_1,0.854344,511.519650
Series_1,0.855134,511.819642
Series_1,0.855924,512.310789
Series_1,0.856715,513.070073
Series_1,0.857505,513.658256
Series_1,0.858295,514.052305
Series_1,0.859085,514.318748
Series_1,0.859875,514.306641
Series_1,0.860666,514.063263
Series_1,0.861456,513.420701
Series_1,0.862246,512.850831
Series_1,0.863036,512.529858
Series_1,0.863826,512.079176
Series_1,0.864617,511.417976
Series_1,0.865407,510.935164
Series_1,0.866197,510.409801
Series_1,0.866987,509.794411
Series_1,0.867777,509.471765
Series_1,0.868568,509.418423
Series_1,0.869358,509.464446
Series_1,0.870148,509.601737
Series_1,0.870938,509.763758
Series_1,0.871729,510.176705
Series_1,0.872519,510.945697
Series_1,0.873309,511.484361
Series_1,0.874099,511.736241
Series_1,0.874889,512.298459
Series_1,0.875680,513.081092
Series_1,0.876470,513.656815
Series_1,0.877260,514.274380
Series_1,0.878050,514.644929
Series_1,0.878840,514.471046
Series_1,0.879631,513.862994
Series_1,0.880421,513.154368
Series_1,0.881211,512.526551
Series_1,0.882001,511.810800
Series_1,0.882791,511.422432
Series_1,0.883582,511.414120
Series_1,0.884372,511.491856
Series_1,0.885162,511.095685
Series_1,0.885952,510.338365
Series_1,0.886742,509.847163
Series_1,0.887533,509.651402
Series_1,0.888323,509.412598
Series_1,0.889113,509.420508
Series_1,0.889903,509.878839
Series_1,0.890693,510.659377
Series_1,0.891484,511.317247
Series_1,0.892274,511.930595
Series_1,0.893064,512.675639
Series_1,0.893854,513.213021
Series_1,0.894644,513.883361
Series_1,0.895435,514.828940
Series_1,0.896225,515.505121
Series_1,0.897015,515.762276
Series_1,0.897805,516.013797
Series_1,0.898596,516.581183
Series_1,0.899386,517.225724
Series_1,0.900176,517.609274
Series_1,0.900966,518.068061
Series_1,0.901756,518.691270
Series_1,0.902547,519.219934
Series_1,0.903337,519.750266
Series_1,0.904127,520.420841
Series_1,0.904917,520.816112
Series_1,0.905707,521.204688
Series_1,0.906498,521.808435
Series_1,0.907288,522.274715
Series_1,0.908078,522.668082
Series_1,0.908868,522.877796
Series_1,0.909658,522.898547
Series_1,0.910449,522.699024
Series_1,0.911239,522.110106
Series_1,0.912029,521.553762
Series_1,0.912819,521.340999
Series_1,0.913609,521.172361
Series_1,0.914400,520.688352
Series_1,0.915190,520.119595
Series_1,0.915980,519.572101
Series_1,0.916770,518.963111
Series_1,0.917560,518.485500
Series_1,0.918351,518.367550
Series_1,0.919141,518.608953
Series_1,0.919931,519.076479
Series_1,0.920721,519.480769
Series_1,0.921511,520.037115
Series_1,0.922302,520.636514
Series_1,0.923092,520.959616
Series_1,0.923882,521.353407
Series_1,0.924672,521.883997
Series_1,0.925463,522.225918
Series_1,0.926253,522.306543
Series_1,0.927043,522.534581
Series_1,0.927833,522.762017
Series_1,0.928623,522.855470
Series_1,0.929414,522.663179
Series_1,0.930204,522.000296
Series_1,0.930994,521.269120
Series_1,0.931784,520.597911
Series_1,0.932574,519.662379
Series_1,0.933365,518.763564
Series_1,0.934155,518.066070
Series_1,0.934945,517.233273
Series_1,0.935735,516.589657
Series_1,0.936525,516.285468
Series_1,0.937316,515.847103
Series_1,0.938106,515.154208
Series_1,0.938896,514.774898
Series_1,0.939686,514.703663
Series_1,0.940476,515.047926
Series_1,0.941267,515.847725
Series_1,0.942057,516.545122
Series_1,0.942847,517.184595
Series_1,0.943637,518.060442
Series_1,0.944427,518.789452
Series_1,0.945218,519.662576
Series_1,0.946008,520.727091
Series_1,0.946798,521.472886
Series_1,0.947588,522.038209
Series_1,0.948378,522.682820
Series_1,0.949169,522.999222
Series_1,0.949959,523.060567
Series_1,0.950749,523.054526
Series_1,0.951539,523.054238
Series_1,0.952330,523.080892
Series_1,0.953120,523.078979
Series_1,0.953910,523.013225
Series_1,0.954700,522.889622
Series_1,0.955490,522.885781
Series_1,0.956281,522.818287
Series_1,0.957071,522.759302
Series_1,0.957861,522.707209
Series_1,0.958651,522.651094
Series_1,0.959441,522.631271
Series_1,0.960232,522.646760
Series_1,0.961022,522.833059
Series_1,0.961812,523.209692
Series_1,0.962602,523.557802
Series_1,0.963392,523.698364
Series_1,0.964183,524.075051
Series_1,0.964973,524.560263
Series_1,0.965763,524.830644
Series_1,0.966553,525.182381
Series_1,0.967343,525.811953
Series_1,0.968134,526.266401
Series_1,0.968924,526.230803
Series_1,0.969714,525.930636
Series_1,0.970504,525.699918
Series_1,0.971294,525.449770
Series_1,0.972085,525.036535
Series_1,0.972875,524.628648
Series_1,0.973665,524.354282
Series_1,0.974455,524.029984
Series_1,0.975245,523.640320
Series_1,0.976036,523.497949
Series_1,0.976826,523.384389
Series_1,0.977616,523.025665
Series_1,0.978406,522.694904
Series_1,0.979197,522.547153
Series_1,0.979987,522.194911
Series_1,0.980777,521.611991
Series_1,0.981567,521.218919
Series_1,0.982357,520.894146
Series_1,0.983148,520.426661
Series_1,0.983938,520.170110
Series_1,0.984728,519.867008
Series_1,0.985518,519.259814
Series_1,0.986308,518.689184
Series_1,0.987099,518.260394
Series_1,0.987889,517.793292
Series_1,0.988679,517.480964
Series_1,0.989469,517.511365
Series_1,0.990259,517.664104
Series_1,0.991050,517.787092
Series_1,0.991840,517.756836
Series_1,0.992630,517.834111
Series_1,0.993420,518.166041
Series_1,0.994210,518.592754
Series_1,0.995001,518.744396
Series_1,0.995791,518.910004
Series_1,0.996581,519.329702
Series_1,0.997371,519.621560
Series_1,0.998161,519.758088
Series_1,0.998952,520.126968
Series_1,0.999742,520.454013
Series_1,1.000532,520.873065
Series_1,1.001322,521.291633
Series_1,1.002112,521.556662
Series_1,1.002903,522.042208
Series_1,1.003693,522.646846
Series_1,1.004483,522.955884
Series_1,1.005273,522.941137
Series_1,1.006063,523.042670
Series_1,1.006854,523.554022
Series_1,1.007644,524.141128
Series_1,1.008434,524.423509
Series_1,1.009224,524.708197
Series_1,1.010015,524.998349
Series_1,1.010805,525.123428
Series_1,1.011595,525.293337
Series_1,1.012385,525.504333
Series_1,1.013175,525.620644
Series_1,1.013966,525.792806
Series_1,1.014756,525.938083
Series_1,1.015546,525.935268
Series_1,1.016336,526.041065
Series_1,1.017126,526.292080
Series_1,1.017917,526.359899
Series_1,1.018707,526.382724
Series_1,1.019497,526.309923
Series_1,1.020287,526.166678
Series_1,1.021077,526.220917
Series_1,1.021868,526.075742
Series_1,1.022658,525.670017
Series_1,1.023448,525.415517
Series_1,1.024238,525.290217
Series_1,1.025028,525.149918
Series_1,1.025819,525.062109
Series_1,1.026609,524.979165
Series_1,1.027399,524.735840
Series_1,1.028189,524.516537
Series_1,1.028979,524.406332
Series_1,1.029770,524.549835
Series_1,1.030560,524.765109
Series_1,1.031350,524.862329
Series_1,1.032140,525.078842
Series_1,1.032930,525.608179
Series_1,1.033721,525.988115
Series_1,1.034511,526.083081
Series_1,1.035301,526.390833
Series_1,1.036091,526.812821
Series_1,1.036882,527.013034
Series_1,1.037672,527.290557
Series_1,1.038462,527.685334
Series_1,1.039252,527.937446
Series_1,1.040042,527.850380
Series_1,1.040833,527.441540
Series_1,1.041623,527.007033
Series_1,1.042413,526.450195
Series_1,1.043203,525.743494
Series_1,1.043993,525.132740
Series_1,1.044784,524.805098
Series_1,1.045574,524.276899
Series_1,1.046364,523.501199
Series_1,1.047154,522.966803
Series_1,1.047944,522.579915
Series_1,1.048735,521.931759
Series_1,1.049525,521.292144
Series_1,1.050315,520.986899
Series_1,1.051105,521.033433
Series_1,1.051895,521.341344
Series_1,1.052686,521.684758
Series_1,1.053476,522.262357
Series_1,1.054266,522.980155
Series_1,1.055056,523.608014
Series_1,1.055846,524.315093
Series_1,1.056637,525.012043
Series_1,1.057427,525.378459
Series_1,1.058217,525.479291
Series_1,1.059007,525.893395
Series_1,1.059797,526.501383
Series_1,1.060588,526.829827
Series_1,1.061378,527.079715
Series_1,1.062168,527.562645
Series_1,1.062958,527.956802
Series_1,1.063749,528.168222
Series_1,1.064539,528.443174
Series_1,1.065329,528.711988
Series_1,1.066119,528.990348
Series_1,1.066909,529.389828
Series_1,1.067700,529.746208
Series_1,1.068490,529.910957
Series_1,1.069280,530.100789
Series_1,1.070070,530.262950
Series_1,1.070860,530.324378
Series_1,1.071651,530.384151
Series_1,1.072441,530.341207
Series_1,1.073231,530.202157
Series_1,1.074021,530.189047
Series_1,1.074811,530.232892
Series_1,1.075602,530.239480
Series_1,1.076392,530.217459
Series_1,1.077182,530.245202
Series_1,1.077972,530.289066
Series_1,1.078762,530.301690
Series_1,1.079553,530.253385
Series_1,1.080343,530.131513
Series_1,1.081133,529.981921
Series_1,1.081923,529.902479
Series_1,1.082713,529.730850
Series_1,1.083504,529.519788
Series_1,1.084294,529.497770
Series_1,1.085084,529.492933
Series_1,1.085874,529.248269
Series_1,1.086664,529.007454
Series_1,1.087455,528.938904
Series_1,1.088245,528.780186
Series_1,1.089035,528.565539
Series_1,1.089825,528.476707
Series_1,1.090616,528.389330
Series_1,1.091406,528.246379
Series_1,1.092196,528.207447
Series_1,1.092986,528.238143
Series_1,1.093776,528.277747
Series_1,1.094567,528.355707
Series_1,1.095357,528.375901
Series_1,1.096147,528.353852
Series_1,1.096937,528.438391
Series_1,1.097727,528.424164
Series_1,1.098518,528.250001
Series_1,1.099308,528.186038
Series_1,1.100098,528.187678
Series_1,1.100888,528.243492
Series_1,1.101678,528.511943
Series_1,1.102469,528.800636
Series_1,1.103259,529.059602
Series_1,1.104049,529.595639
Series_1,1.104839,530.105591
Series_1,1.105629,530.307031
Series_1,1.106420,530.564912
Series_1,1.107210,531.165636
Series_1,1.108000,531.714982
Series_1,1.108790,532.193266
Series_1,1.109580,532.723415
Series_1,1.110371,532.941198
Series_1,1.111161,533.068478
Series_1,1.111951,533.258917
Series_1,1.112741,533.335852
Series_1,1.113531,533.338927
Series_1,1.114322,533.191547
Series_1,1.115112,532.947386
Series_2,-0.093113,0.985516
Series_2,-0.092323,0.944970
Series_2,-0.091532,0.896069
Series_2,-0.090742,0.863233
Series_2,-0.089952,0.855249
Series_2,-0.089162,0.889176
Series_2,-0.088372,0.960785
Series_2,-0.087581,1.032646
Series_2,-0.086791,1.061834
Series_2,-0.086001,1.010304
Series_2,-0.085211,0.883956
Series_2,-0.084421,0.735637
Series_2,-0.083630,0.522106
Series_2,-0.082840,0.180945
Series_2,-0.082050,-0.248692
Series_2,-0.081260,-0.640392
Series_2,-0.080469,-0.886701
Series_2,-0.079679,-0.982086
Series_2,-0.078889,-0.962755
Series_2,-0.078099,-0.865346
Series_2,-0.077309,-0.724563
Series_2,-0.076518,-0.588090
Series_2,-0.075728,-0.487626
Series_2,-0.074938,-0.393332
Series_2,-0.074148,-0.311713
Series_2,-0.073358,-0.271344
Series_2,-0.072567,-0.270120
Series_2,-0.071777,-0.286124
Series_2,-0.070987,-0.296422
Series_2,-0.070197,-0.288110
Series_2,-0.069407,-0.247413
Series_2,-0.068616,-0.160312
Series_2,-0.067826,-0.032983
Series_2,-0.067036,0.135083
Series_2,-0.066246,0.336007
Series_2,-0.065456,0.481678
Series_2,-0.064665,0.559819
Series_2,-0.063875,0.591731
Series_2,-0.063085,0.602783
Series_2,-0.062295,0.605811
Series_2,-0.061505,0.627835
Series_2,-0.060714,0.698446
Series_2,-0.059924,0.863713
Series_2,-0.059134,1.078304
Series_2,-0.058344,1.245282
Series_2,-0.057554,1.326013
Series_2,-0.056763,1.347676
Series_2,-0.055973,1.340140
Series_2,-0.055183,1.328039
Series_2,-0.054393,1.326984
Series_2,-0.053603,1.346578
Series_2,-0.052812,1.378599
Series_2,-0.052022,1.412786
Series_2,-0.051232,1.446096
Series_2,-0.050442,1.481119
Series_2,-0.049651,1.516757
Series_2,-0.048861,1.550567
Series_2,-0.048071,1.579839
Series_2,-0.047281,1.605569
Series_2,-0.046491,1.630459
Series_2,-0.045700,1.658189
Series_2,-0.044910,1.698160
Series_2,-0.044120,1.752106
Series_2,-0.043330,1.819809
Series_2,-0.042540,1.881085
Series_2,-0.041749,1.891953
Series_2,-0.040959,1.853720
Series_2,-0.040169,1.767728
Series_2,-0.039379,1.641043
Series_2,-0.038589,1.480761
Series_2,-0.037798,1.294015
Series_2,-0.037008,1.087966
Series_2,-0.036218,0.869810
Series_2,-0.035428,0.646774
Series_2,-0.034638,0.426121
Series_2,-0.033847,0.215141
Series_2,-0.033057,-0.024904
Series_2,-0.032267,-0.250042
Series_2,-0.031477,-0.416264
Series_2,-0.030687,-0.503630
Series_2,-0.029896,-0.524609
Series_2,-0.029106,-0.496504
Series_2,-0.028316,-0.428702
Series_2,-0.027526,-0.316294
Series_2,-0.026736,-0.154390
Series_2,-0.025945,-0.021100
Series_2,-0.025155,0.075634
Series_2,-0.024365,0.153396
Series_2,-0.023575,0.202734
Series_2,-0.022784,0.225289
Series_2,-0.021994,0.245118
Series_2,-0.021204,0.277687
Series_2,-0.020414,0.343097
Series_2,-0.019624,0.465331
Series_2,-0.018833,0.616669
Series_2,-0.018043,0.744955
Series_2,-0.017253,0.889092
Series_2,-0.016463,1.107912
Series_2,-0.015673,1.394422
Series_2,-0.014882,1.652306
Series_2,-0.014092,1.898055
Series_2,-0.013302,2.149910
Series_2,-0.012512,2.399389
Series_2,-0.011722,2.658517
Series_2,-0.010931,2.911016
Series_2,-0.010141,3.137446
Series_2,-0.009351,3.318399
Series_2,-0.008561,3.434500
Series_2,-0.007771,3.466406
Series_2,-0.006980,3.394806
Series_2,-0.006190,3.200422
Series_2,-0.005400,2.864008
Series_2,-0.004610,2.361932
Series_2,-0.003820,1.624179
Series_2,-0.003029,0.701983
Series_2,-0.002239,-0.353392
Series_2,-0.001449,-1.490650
Series_2,-0.000659,-2.743522
Series_2,0.000131,-4.084210
Series_2,0.000922,-5.484883
Series_2,0.001712,-6.917676
Series_2,0.002502,-8.354694
Series_2,0.003292,-9.768007
Series_2,0.004083,-11.129651
Series_2,0.004873,-12.411632
Series_2,0.005663,-13.585921
Series_2,0.006453,-14.624455
Series_2,0.007243,-15.499142
Series_2,0.008034,-16.181851
Series_2,0.008824,-16.633983
Series_2,0.009614,-16.816904
Series_2,0.010404,-16.764439
Series_2,0.011194,-16.510377
Series_2,0.011985,-16.088476
Series_2,0.012775,-15.532461
Series_2,0.013565,-14.876021
Series_2,0.014355,-14.152814
Series_2,0.015145,-13.396465
Series_2,0.015936,-12.595615
Series_2,0.016726,-11.738876
Series_2,0.017516,-10.814822
Series_2,0.018306,-9.811997
Series_2,0.019096,-8.718911
Series_2,0.019887,-7.524042
Series_2,0.020677,-6.223166
Series_2,0.021467,-4.812025
Series_2,0.022257,-3.286331
Series_2,0.023047,-1.641761
Series_2,0.023838,0.126041
Series_2,0.024628,2.021462
Series_2,0.025418,4.048923
Series_2,0.026208,6.239051
Series_2,0.026998,8.609074
Series_2,0.027789,11.112378
Series_2,0.028579,13.727383
Series_2,0.029369,16.445952
Series_2,0.030159,19.259979
Series_2,0.030950,22.161390
Series_2,0.031740,25.140801
Series_2,0.032530,28.188860
Series_2,0.033320,31.296245
Series_2,0.034110,34.453665
Series_2,0.034901,37.651863
Series_2,0.035691,40.881609
Series_2,0.036481,44.133707
Series_2,0.037271,47.398989
Series_2,0.038061,50.668321
Series_2,0.038852,53.932596
Series_2,0.039642,57.185130
Series_2,0.040432,60.389543
Series_2,0.041222,63.520476
Series_2,0.042012,66.547909
Series_2,0.042803,69.435270
Series_2,0.043593,72.161901
Series_2,0.044383,74.716325
Series_2,0.045173,77.100794
Series_2,0.045963,79.358771
Series_2,0.046754,81.536232
Series_2,0.047544,83.647736
Series_2,0.048334,85.700611
Series_2,0.049124,87.708938
Series_2,0.049914,89.659849
Series_2,0.050705,91.572277
Series_2,0.051495,93.484882
Series_2,0.052285,95.422409
Series_2,0.053075,97.368522
Series_2,0.053865,99.347159
Series_2,0.054656,101.367403
Series_2,0.055446,103.396003
Series_2,0.056236,105.419290
Series_2,0.057026,107.453661
Series_2,0.057817,109.495483
Series_2,0.058607,111.539566
Series_2,0.059397,113.586508
Series_2,0.060187,115.602999
Series_2,0.060977,117.550062
Series_2,0.061768,119.428071
Series_2,0.062558,121.241761
Series_2,0.063348,122.974240
Series_2,0.064138,124.642765
Series_2,0.064928,126.301784
Series_2,0.065719,127.975300
Series_2,0.066509,129.647924
Series_2,0.067299,131.351117
Series_2,0.068089,133.118731
Series_2,0.068879,134.954120
Series_2,0.069670,136.827230
Series_2,0.070460,138.737234
Series_2,0.071250,140.640929
Series_2,0.072040,142.494119
Series_2,0.072830,144.279258
Series_2,0.073621,145.978953
Series_2,0.074411,147.598403
Series_2,0.075201,149.185466
Series_2,0.075991,150.747699
Series_2,0.076781,152.281172
Series_2,0.077572,153.809419
Series_2,0.078362,155.361719
Series_2,0.079152,156.939490
Series_2,0.079942,158.526135
Series_2,0.080732,160.150538
Series_2,0.081523,161.818592
Series_2,0.082313,163.496582
Series_2,0.083103,165.174100
Series_2,0.083893,166.856855
Series_2,0.084684,168.507689
Series_2,0.085474,170.118202
Series_2,0.086264,171.673572
Series_2,0.087054,173.114334
Series_2,0.087844,174.421137
Series_2,0.088635,175.631131
Series_2,0.089425,176.734650
Series_2,0.090215,177.734003
Series_2,0.091005,178.680464
Series_2,0.091795,179.653665
Series_2,0.092586,180.733264
Series_2,0.093376,181.929534
Series_2,0.094166,183.252772
Series_2,0.094956,184.663549
Series_2,0.095746,186.116010
Series_2,0.096537,187.615209
Series_2,0.097327,189.105233
Series_2,0.098117,190.557886
Series_2,0.098907,191.948203
Series_2,0.099697,193.264537
Series_2,0.100488,194.505320
Series_2,0.101278,195.700732
Series_2,0.102068,196.848747
Series_2,0.102858,197.898635
Series_2,0.103648,198.867216
Series_2,0.104439,199.855576
Series_2,0.105229,200.907538
Series_2,0.106019,202.066949
Series_2,0.106809,203.265426
Series_2,0.107599,204.461530
Series_2,0.108390,205.613843
Series_2,0.109180,206.694927
Series_2,0.109970,207.751773
Series_2,0.110760,208.755991
Series_2,0.111551,209.751927
Series_2,0.112341,210.810860
Series_2,0.113131,211.948515
Series_2,0.113921,213.097993
Series_2,0.114711,214.224466
Series_2,0.115502,215.270620
Series_2,0.116292,216.253269
Series_2,0.117082,217.189254
Series_2,0.117872,218.146858
Series_2,0.118662,219.121581
Series_2,0.119453,220.104654
Series_2,0.120243,221.137490
Series_2,0.121033,222.256428
Series_2,0.121823,223.420694
Series_2,0.122613,224.589536
Series_2,0.123404,225.748116
Series_2,0.124194,226.863931
Series_2,0.124984,227.969455
Series_2,0.125774,229.125013
Series_2,0.126564,230.315852
Series_2,0.127355,231.455602
Series_2,0.128145,232.492221
Series_2,0.128935,233.373690
Series_2,0.129725,234.140627
Series_2,0.130515,234.897314
Series_2,0.131306,235.702298
Series_2,0.132096,236.555725
Series_2,0.132886,237.457758
Series_2,0.133676,238.447923
Series_2,0.134466,239.510623
Series_2,0.135257,240.572496
Series_2,0.136047,241.643020
Series_2,0.136837,242.726988
Series_2,0.137627,243.829217
Series_2,0.138418,245.010676
Series_2,0.139208,246.239748
Series_2,0.139998,247.473708
Series_2,0.140788,248.660208
Series_2,0.141578,249.755042
Series_2,0.142369,250.714026
Series_2,0.143159,251.556530
Series_2,0.143949,252.331924
Series_2,0.144739,253.089598
Series_2,0.145529,253.815789
Series_2,0.146320,254.562786
Series_2,0.147110,255.406561
Series_2,0.147900,256.356899
Series_2,0.148690,257.345272
Series_2,0.149480,258.322804
Series_2,0.150271,259.296472
Series_2,0.151061,260.271805
Series_2,0.151851,261.266976
Series_2,0.152641,262.226727
Series_2,0.153431,263.115915
Series_2,0.154222,263.899419
Series_2,0.155012,264.591140
Series_2,0.155802,265.157925
Series_2,0.156592,265.623951
Series_2,0.157382,266.105789
Series_2,0.158173,266.641140
Series_2,0.158963,267.240536
Series_2,0.159753,267.982415
Series_2,0.160543,268.820972
Series_2,0.161333,269.706977
Series_2,0.162124,270.606741
Series_2,0.162914,271.525703
Series_2,0.163704,272.469324
Series_2,0.164494,273.447829
Series_2,0.165285,274.463561
Series_2,0.166075,275.504737
Series_2,0.166865,276.603033
Series_2,0.167655,277.790144
Series_2,0.168445,279.022784
Series_2,0.169236,280.186463
Series_2,0.170026,281.205543
Series_2,0.170816,282.057373
Series_2,0.171606,282.719322
Series_2,0.172396,283.230456
Series_2,0.173187,283.726961
Series_2,0.173977,284.243356
Series_2,0.174767,284.712498
Series_2,0.175557,285.109803
Series_2,0.176347,285.465410
Series_2,0.177138,285.745945
Series_2,0.177928,286.020339
Series_2,0.178718,286.370422
Series_2,0.179508,286.777979
Series_2,0.180298,287.228676
Series_2,0.181089,287.766008
Series_2,0.181879,288.341893
Series_2,0.182669,288.952474
Series_2,0.183459,289.639767
Series_2,0.184249,290.372322
Series_2,0.185040,291.092890
Series_2,0.185830,291.779367
Series_2,0.186620,292.495907
Series_2,0.187410,293.221074
Series_2,0.188200,293.959526
Series_2,0.188991,294.715943
Series_2,0.189781,295.537213
Series_2,0.190571,296.421741
Series_2,0.191361,297.367950
Series_2,0.192152,298.359377
Series_2,0.192942,299.362047
Series_2,0.193732,300.351447
Series_2,0.194522,301.335696
Series_2,0.195312,302.250866
Series_2,0.196103,303.093627
Series_2,0.196893,303.876531
Series_2,0.197683,304.594686
Series_2,0.198473,305.243215
Series_2,0.199263,305.856254
Series_2,0.200054,306.448196
Series_2,0.200844,307.033450
Series_2,0.201634,307.536473
Series_2,0.202424,307.964359
Series_2,0.203214,308.296432
Series_2,0.204005,308.479270
Series_2,0.204795,308.537739
Series_2,0.205585,308.515845
Series_2,0.206375,308.463948
Series_2,0.207165,308.381320
Series_2,0.207956,308.267540
Series_2,0.208746,308.145866
Series_2,0.209536,308.015521
Series_2,0.210326,307.899883
Series_2,0.211116,307.860827
Series_2,0.211907,307.905223
Series_2,0.212697,308.076191
Series_2,0.213487,308.403465
Series_2,0.214277,308.827408
Series_2,0.215067,309.345361
Series_2,0.215858,309.972870
Series_2,0.216648,310.627488
Series_2,0.217438,311.267653
Series_2,0.218228,311.923670
Series_2,0.219019,312.578149
Series_2,0.219809,313.207719
Series_2,0.220599,313.823813
Series_2,0.221389,314.347492
Series_2,0.222179,314.759283
Series_2,0.222970,315.135972
Series_2,0.223760,315.456825
Series_2,0.224550,315.700528
Series_2,0.225340,315.931524
Series_2,0.226130,316.163124
Series_2,0.226921,316.349663
Series_2,0.227711,316.516872
Series_2,0.228501,316.771430
Series_2,0.229291,317.140944
Series_2,0.230081,317.591758
Series_2,0.230872,318.168467
Series_2,0.231662,318.876395
Series_2,0.232452,319.644269
Series_2,0.233242,320.488524
Series_2,0.234032,321.423206
Series_2,0.234823,322.462377
Series_2,0.235613,323.504943
Series_2,0.236403,324.500498
Series_2,0.237193,325.398649
Series_2,0.237983,326.173368
Series_2,0.238774,326.885104
Series_2,0.239564,327.594326
Series_2,0.240354,328.250875
Series_2,0.241144,328.804612
Series_2,0.241934,329.278751
Series_2,0.242725,329.594806
Series_2,0.243515,329.706678
Series_2,0.244305,329.636418
Series_2,0.245095,329.459777
Series_2,0.245886,329.259081
Series_2,0.246676,329.028126
Series_2,0.247466,328.761565
Series_2,0.248256,328.490536
Series_2,0.249046,328.167623
Series_2,0.249837,327.818411
Series_2,0.250627,327.560404
Series_2,0.251417,327.419089
Series_2,0.252207,327.331834
Series_2,0.252997,327.292838
Series_2,0.253788,327.301532
Series_2,0.254578,327.345722
Series_2,0.255368,327.428320
Series_2,0.256158,327.525110
Series_2,0.256948,327.618845
Series_2,0.257739,327.710924
Series_2,0.258529,327.799914
Series_2,0.259319,327.888564
Series_2,0.260109,327.987322
Series_2,0.260899,328.097160
Series_2,0.261690,328.209959
Series_2,0.262480,328.323812
Series_2,0.263270,328.439489
Series_2,0.264060,328.542601
Series_2,0.264850,328.644324
Series_2,0.265641,328.781233
Series_2,0.266431,328.921435
Series_2,0.267221,329.031160
Series_2,0.268011,329.154516
Series_2,0.268801,329.318131
Series_2,0.269592,329.477141
Series_2,0.270382,329.658266
Series_2,0.271172,329.912171
Series_2,0.271962,330.195368
Series_2,0.272753,330.522609
Series_2,0.273543,330.929245
Series_2,0.274333,331.349720
Series_2,0.275123,331.788901
Series_2,0.275913,332.257386
Series_2,0.276704,332.684120
Series_2,0.277494,333.064177
Series_2,0.278284,333.459095
Series_2,0.279074,333.899382
Series_2,0.279864,334.352896
Series_2,0.280655,334.814468
Series_2,0.281445,335.369774
Series_2,0.282235,336.025774
Series_2,0.283025,336.716296
Series_2,0.283815,337.475181
Series_2,0.284606,338.264917
Series_2,0.285396,339.041368
Series_2,0.286186,339.769162
Series_2,0.286976,340.452530
Series_2,0.287766,341.056670
Series_2,0.288557,341.648943
Series_2,0.289347,342.245600
Series_2,0.290137,342.765944
Series_2,0.290927,343.216541
Series_2,0.291717,343.690246
Series_2,0.292508,344.160855
Series_2,0.293298,344.544268
Series_2,0.294088,344.828380
Series_2,0.294878,345.053926
Series_2,0.295668,345.210192
Series_2,0.296459,345.322797
Series_2,0.297249,345.411342
Series_2,0.298039,345.474632
Series_2,0.298829,345.531399
Series_2,0.299619,345.608190
Series_2,0.300410,345.681102
Series_2,0.301200,345.740768
Series_2,0.301990,345.788896
Series_2,0.302780,345.822749
Series_2,0.303571,345.845340
Series_2,0.304361,345.861475
Series_2,0.305151,345.874211
Series_2,0.305941,345.882213
Series_2,0.306731,345.885089
Series_2,0.307522,345.883486
Series_2,0.308312,345.877260
Series_2,0.309102,345.868219
Series_2,0.309892,345.857723
Series_2,0.310682,345.850758
Series_2,0.311473,345.869754
Series_2,0.312263,345.954489
Series_2,0.313053,346.139945
Series_2,0.313843,346.406336
Series_2,0.314633,346.736781
Series_2,0.315424,347.179182
Series_2,0.316214,347.681299
Series_2,0.317004,348.192201
Series_2,0.317794,348.698855
Series_2,0.318584,349.109692
Series_2,0.319375,349.401910
Series_2,0.320165,349.652789
Series_2,0.320955,349.999861
Series_2,0.321745,350.469941
Series_2,0.322535,350.987914
Series_2,0.323326,351.554823
Series_2,0.324116,352.178612
Series_2,0.324906,352.790555
Series_2,0.325696,353.405284
Series_2,0.326486,354.114782
Series_2,0.327277,354.919808
Series_2,0.328067,355.803218
Series_2,0.328857,356.720038
Series_2,0.329647,357.527600
Series_2,0.330438,358.183900
Series_2,0.331228,358.719559
Series_2,0.332018,359.135256
Series_2,0.332808,359.456126
Series_2,0.333598,359.750759
Series_2,0.334389,360.048089
Series_2,0.335179,360.284160
Series_2,0.335969,360.485143
Series_2,0.336759,360.738477
Series_2,0.337549,361.029864
Series_2,0.338340,361.283524
Series_2,0.339130,361.517484
Series_2,0.339920,361.754488
Series_2,0.340710,361.953337
Series_2,0.341500,362.162887
Series_2,0.342291,362.340033
Series_2,0.343081,362.401788
Series_2,0.343871,362.337261
Series_2,0.344661,362.150547
Series_2,0.345451,361.925895
Series_2,0.346242,361.698452
Series_2,0.347032,361.402991
Series_2,0.347822,361.049206
Series_2,0.348612,360.733962
Series_2,0.349402,360.457804
Series_2,0.350193,360.136572
Series_2,0.350983,359.783713
Series_2,0.351773,359.428885
Series_2,0.352563,359.056689
Series_2,0.353353,358.750667
Series_2,0.354144,358.548332
Series_2,0.354934,358.390747
Series_2,0.355724,358.249604
Series_2,0.356514,358.143698
Series_2,0.357305,358.026022
Series_2,0.358095,357.868566
Series_2,0.358885,357.720412
Series_2,0.359675,357.577780
Series_2,0.360465,357.406512
Series_2,0.361256,357.236501
Series_2,0.362046,357.126018
Series_2,0.362836,357.080050
Series_2,0.363626,357.084410
Series_2,0.364416,357.172901
Series_2,0.365207,357.382455
Series_2,0.365997,357.766158
Series_2,0.366787,358.278826
Series_2,0.367577,358.849247
Series_2,0.368367,359.471929
Series_2,0.369158,360.043296
Series_2,0.369948,360.532964
Series_2,0.370738,360.974814
Series_2,0.371528,361.328627
Series_2,0.372318,361.613249
Series_2,0.373109,361.927459
Series_2,0.373899,362.354468
Series_2,0.374689,362.882421
Series_2,0.375479,363.509283
Series_2,0.376269,364.233035
Series_2,0.377060,365.031749
Series_2,0.377850,365.840924
Series_2,0.378640,366.659883
Series_2,0.379430,367.523876
Series_2,0.380220,368.370888
Series_2,0.381011,369.139092
Series_2,0.381801,369.787706
Series_2,0.382591,370.203774
Series_2,0.383381,370.355856
Series_2,0.384172,370.336102
Series_2,0.384962,370.154536
Series_2,0.385752,369.845019
Series_2,0.386542,369.402383
Series_2,0.387332,368.904604
Series_2,0.388123,368.430293
Series_2,0.388913,367.998741
Series_2,0.389703,367.550092
Series_2,0.390493,367.055857
Series_2,0.391283,366.585857
Series_2,0.392074,366.137726
Series_2,0.392864,365.805322
Series_2,0.393654,365.724480
Series_2,0.394444,365.919313
Series_2,0.395234,366.298644
Series_2,0.396025,366.753944
Series_2,0.396815,367.250170
Series_2,0.397605,367.668347
Series_2,0.398395,368.007675
Series_2,0.399185,368.348485
Series_2,0.399976,368.780531
Series_2,0.400766,369.282762
Series_2,0.401556,369.773480
Series_2,0.402346,370.222181
Series_2,0.403136,370.638918
Series_2,0.403927,370.931315
Series_2,0.404717,371.090198
Series_2,0.405507,371.157779
Series_2,0.406297,371.167227
Series_2,0.407087,371.137329
Series_2,0.407878,371.072043
Series_2,0.408668,370.999764
Series_2,0.409458,370.915146
Series_2,0.410248,370.802351
Series_2,0.411039,370.689899
Series_2,0.411829,370.613308
Series_2,0.412619,370.578004
Series_2,0.413409,370.568182
Series_2,0.414199,370.589117
Series_2,0.414990,370.714669
Series_2,0.415780,371.019884
Series_2,0.416570,371.477715
Series_2,0.417360,371.999390
Series_2,0.418150,372.594514
Series_2,0.418941,373.251925
Series_2,0.419731,373.869089
Series_2,0.420521,374.432177
Series_2,0.421311,374.981808
Series_2,0.422101,375.492232
Series_2,0.422892,375.958989
Series_2,0.423682,376.374145
Series_2,0.424472,376.670062
Series_2,0.425262,376.858315
Series_2,0.426052,377.018048
Series_2,0.426843,377.141031
Series_2,0.427633,377.224686
Series_2,0.428423,377.332897
Series_2,0.429213,377.484282
Series_2,0.430003,377.666534
Series_2,0.430794,377.828254
Series_2,0.431584,378.011873
Series_2,0.432374,378.176464
Series_2,0.433164,378.275850
Series_2,0.433954,378.306651
Series_2,0.434745,378.263629
Series_2,0.435535,378.163048
Series_2,0.436325,378.005487
Series_2,0.437115,377.803516
Series_2,0.437906,377.628958
Series_2,0.438696,377.486870
Series_2,0.439486,377.327206
Series_2,0.440276,377.173835
Series_2,0.441066,377.053706
Series_2,0.441857,376.902299
Series_2,0.442647,376.749334
Series_2,0.443437,376.685382
Series_2,0.444227,376.756360
Series_2,0.445017,377.001732
Series_2,0.445808,377.399339
Series_2,0.446598,377.873015
Series_2,0.447388,378.445380
Series_2,0.448178,379.066441
Series_2,0.448968,379.671562
Series_2,0.449759,380.286373
Series_2,0.450549,380.851909
Series_2,0.451339,381.339826
Series_2,0.452129,381.815965
Series_2,0.452919,382.301242
Series_2,0.453710,382.720524
Series_2,0.454500,383.066594
Series_2,0.455290,383.429380
Series_2,0.456080,383.850447
Series_2,0.456870,384.319116
Series_2,0.457661,384.829795
Series_2,0.458451,385.402728
Series_2,0.459241,385.962247
Series_2,0.460031,386.529715
Series_2,0.460821,387.134521
Series_2,0.461612,387.705130
Series_2,0.462402,388.235845
Series_2,0.463192,388.649584
Series_2,0.463982,388.855484
Series_2,0.464773,388.850006
Series_2,0.465563,388.706025
Series_2,0.466353,388.444361
Series_2,0.467143,388.172775
Series_2,0.467933,387.907072
Series_2,0.468724,387.627803
Series_2,0.469514,387.315535
Series_2,0.470304,387.001009
Series_2,0.471094,386.624437
Series_2,0.471884,386.231039
Series_2,0.472675,385.936804
Series_2,0.473465,385.762754
Series_2,0.474255,385.694290
Series_2,0.475045,385.713670
Series_2,0.475835,385.830810
Series_2,0.476626,386.038627
Series_2,0.477416,386.266555
Series_2,0.478206,386.497059
Series_2,0.478996,386.742035
Series_2,0.479786,386.961803
Series_2,0.480577,387.118744
Series_2,0.481367,387.273146
Series_2,0.482157,387.477656
Series_2,0.482947,387.692700
Series_2,0.483737,387.924616
Series_2,0.484528,388.246314
Series_2,0.485318,388.634279
Series_2,0.486108,389.087309
Series_2,0.486898,389.637699
Series_2,0.487688,390.261763
Series_2,0.488479,390.867140
Series_2,0.489269,391.462466
Series_2,0.490059,392.051905
Series_2,0.490849,392.595106
Series_2,0.491640,393.123266
Series_2,0.492430,393.570810
Series_2,0.493220,393.899377
Series_2,0.494010,394.171539
Series_2,0.494800,394.477123
Series_2,0.495591,394.821965
Series_2,0.496381,395.118124
Series_2,0.497171,395.347646
Series_2,0.497961,395.571302
Series_2,0.498751,395.786758
Series_2,0.499542,395.985100
Series_2,0.500332,396.181123
Series_2,0.501122,396.362326
Series_2,0.501912,396.517900
Series_2,0.502702,396.665879
Series_2,0.503493,396.795519
Series_2,0.504283,396.914082
Series_2,0.505073,397.048385
Series_2,0.505863,397.162176
Series_2,0.506653,397.240117
Series_2,0.507444,397.329173
Series_2,0.508234,397.457757
Series_2,0.509024,397.611205
Series_2,0.509814,397.757190
Series_2,0.510604,397.900679
Series_2,0.511395,398.075493
Series_2,0.512185,398.239740
Series_2,0.512975,398.423097
Series_2,0.513765,398.624605
Series_2,0.514555,398.761255
Series_2,0.515346,398.814607
Series_2,0.516136,398.810959
Series_2,0.516926,398.769624
Series_2,0.517716,398.675604
Series_2,0.518507,398.541066
Series_2,0.519297,398.428210
Series_2,0.520087,398.344537
Series_2,0.520877,398.226827
Series_2,0.521667,398.109151
Series_2,0.522458,398.042904
Series_2,0.523248,398.019287
Series_2,0.524038,398.031581
Series_2,0.524828,398.077412
Series_2,0.525618,398.162701
Series_2,0.526409,398.322274
Series_2,0.527199,398.541219
Series_2,0.527989,398.782843
Series_2,0.528779,399.067506
Series_2,0.529569,399.394647
Series_2,0.530360,399.703126
Series_2,0.531150,399.990073
Series_2,0.531940,400.272200
Series_2,0.532730,400.504785
Series_2,0.533520,400.712724
Series_2,0.534311,400.942118
Series_2,0.535101,401.149510
Series_2,0.535891,401.305385
Series_2,0.536681,401.478543
Series_2,0.537471,401.688114
Series_2,0.538262,401.885835
Series_2,0.539052,402.067406
Series_2,0.539842,402.267184
Series_2,0.540632,402.462649
Series_2,0.541422,402.646851
Series_2,0.542213,402.874078
Series_2,0.543003,403.128013
Series_2,0.543793,403.349548
Series_2,0.544583,403.550555
Series_2,0.545374,403.726953
Series_2,0.546164,403.834196
Series_2,0.546954,403.899856
Series_2,0.547744,403.972326
Series_2,0.548534,404.025896
Series_2,0.549325,404.065258
Series_2,0.550115,404.147089
Series_2,0.550905,404.266915
Series_2,0.551695,404.361120
Series_2,0.552485,404.440750
Series_2,0.553276,404.536800
Series_2,0.554066,404.627996
Series_2,0.554856,404.687991
Series_2,0.555646,404.681324
Series_2,0.556436,404.619427
Series_2,0.557227,404.509139
Series_2,0.558017,404.341288
Series_2,0.558807,404.177577
Series_2,0.559597,404.054910
Series_2,0.560387,403.910611
Series_2,0.561178,403.726842
Series_2,0.561968,403.574824
Series_2,0.562758,403.451856
Series_2,0.563548,403.299650
Series_2,0.564338,403.143306
Series_2,0.565129,403.072581
Series_2,0.565919,403.145438
Series_2,0.566709,403.387068
Series_2,0.567499,403.761496
Series_2,0.568289,404.299983
Series_2,0.569080,404.972524
Series_2,0.569870,405.652731
Series_2,0.570660,406.303390
Series_2,0.571450,406.915768
Series_2,0.572241,407.388853
Series_2,0.573031,407.723785
Series_2,0.573821,408.016006
Series_2,0.574611,408.264892
Series_2,0.575401,408.374049
Series_2,0.576192,408.335775
Series_2,0.576982,408.144046
Series_2,0.577772,407.883265
Series_2,0.578562,407.602386
Series_2,0.579352,407.259487
Series_2,0.580143,406.905740
Series_2,0.580933,406.582685
Series_2,0.581723,406.251327
Series_2,0.582513,405.958067
Series_2,0.583303,405.747339
Series_2,0.584094,405.566223
Series_2,0.584884,405.447705
Series_2,0.585674,405.508861
Series_2,0.586464,405.777687
Series_2,0.587254,406.176899
Series_2,0.588045,406.590008
Series_2,0.588835,406.965367
Series_2,0.589625,407.350679
Series_2,0.590415,407.748788
Series_2,0.591205,408.162554
Series_2,0.591996,408.622595
Series_2,0.592786,409.135544
Series_2,0.593576,409.615504
Series_2,0.594366,410.062161
Series_2,0.595156,410.484299
Series_2,0.595947,410.822419
Series_2,0.596737,411.050794
Series_2,0.597527,411.239298
Series_2,0.598317,411.398406
Series_2,0.599108,411.531640
Series_2,0.599898,411.672977
Series_2,0.600688,411.792379
Series_2,0.601478,411.886490
Series_2,0.602268,411.984409
Series_2,0.603059,412.108848
Series_2,0.603849,412.278261
Series_2,0.604639,412.458264
Series_2,0.605429,412.621600
Series_2,0.606219,412.775071
Series_2,0.607010,412.888531
Series_2,0.607800,412.993264
Series_2,0.608590,413.124437
Series_2,0.609380,413.226856
Series_2,0.610170,413.312682
Series_2,0.610961,413.401201
Series_2,0.611751,413.487135
Series_2,0.612541,413.601827
Series_2,0.613331,413.747841
Series_2,0.614121,413.873451
Series_2,0.614912,413.970840
Series_2,0.615702,414.095273
Series_2,0.616492,414.284021
Series_2,0.617282,414.497495
Series_2,0.618072,414.723611
Series_2,0.618863,415.032443
Series_2,0.619653,415.436670
Series_2,0.620443,415.860348
Series_2,0.621233,416.295950
Series_2,0.622023,416.741605
Series_2,0.622814,417.133668
Series_2,0.623604,417.479409
Series_2,0.624394,417.782025
Series_2,0.625184,418.020855
Series_2,0.625975,418.225135
Series_2,0.626765,418.394566
Series_2,0.627555,418.488830
Series_2,0.628345,418.533345
Series_2,0.629135,418.546461
Series_2,0.629926,418.544371
Series_2,0.630716,418.539986
Series_2,0.631506,418.537578
Series_2,0.632296,418.532980
Series_2,0.633086,418.525832
Series_2,0.633877,418.514932
Series_2,0.634667,418.482994
Series_2,0.635457,418.426047
Series_2,0.636247,418.345104
Series_2,0.637037,418.230596
Series_2,0.637828,418.114739
Series_2,0.638618,418.026508
Series_2,0.639408,417.913877
Series_2,0.640198,417.774431
Series_2,0.640988,417.666944
Series_2,0.641779,417.569971
Series_2,0.642569,417.433543
Series_2,0.643359,417.307190
Series_2,0.644149,417.229852
Series_2,0.644939,417.179031
Series_2,0.645730,417.156271
Series_2,0.646520,417.207067
Series_2,0.647310,417.387903
Series_2,0.648100,417.719052
Series_2,0.648890,418.134980
Series_2,0.649681,418.599353
Series_2,0.650471,419.101109
Series_2,0.651261,419.532642
Series_2,0.652051,419.873085
Series_2,0.652841,420.204504
Series_2,0.653632,420.514379
Series_2,0.654422,420.768654
Series_2,0.655212,421.029425
Series_2,0.656002,421.291126
Series_2,0.656793,421.446912
Series_2,0.657583,421.463183
Series_2,0.658373,421.352463
Series_2,0.659163,421.203320
Series_2,0.659953,421.059252
Series_2,0.660744,420.886706
Series_2,0.661534,420.704512
Series_2,0.662324,420.555202
Series_2,0.663114,420.387490
Series_2,0.663904,420.191632
Series_2,0.664695,420.026640
Series_2,0.665485,419.904282
Series_2,0.666275,419.819487
Series_2,0.667065,419.801768
Series_2,0.667855,419.869256
Series_2,0.668646,420.091996
Series_2,0.669436,420.454203
Series_2,0.670226,420.837375
Series_2,0.671016,421.214115
Series_2,0.671806,421.625951
Series_2,0.672597,422.015647
Series_2,0.673387,422.348573
Series_2,0.674177,422.685214
Series_2,0.674967,423.014446
Series_2,0.675757,423.230401
Series_2,0.676548,423.292834
Series_2,0.677338,423.238842
Series_2,0.678128,423.118692
Series_2,0.678918,422.960942
Series_2,0.679708,422.797716
Series_2,0.680499,422.676784
Series_2,0.681289,422.593242
Series_2,0.682079,422.457165
Series_2,0.682869,422.274009
Series_2,0.683660,422.113308
Series_2,0.684450,421.959959
Series_2,0.685240,421.812096
Series_2,0.686030,421.714958
Series_2,0.686820,421.734226
Series_2,0.687611,421.869851
Series_2,0.688401,422.055213
Series_2,0.689191,422.249395
Series_2,0.689981,422.498158
Series_2,0.690771,422.774470
Series_2,0.691562,423.023452
Series_2,0.692352,423.258783
Series_2,0.693142,423.473914
Series_2,0.693932,423.671169
Series_2,0.694722,423.886193
Series_2,0.695513,424.072222
Series_2,0.696303,424.195971
Series_2,0.697093,424.322873
Series_2,0.697883,424.537546
Series_2,0.698673,424.861770
Series_2,0.699464,425.218976
Series_2,0.700254,425.559182
Series_2,0.701044,425.918394
Series_2,0.701834,426.268224
Series_2,0.702624,426.640496
Series_2,0.703415,427.047103
Series_2,0.704205,427.415144
Series_2,0.704995,427.724152
Series_2,0.705785,427.967199
Series_2,0.706575,428.119193
Series_2,0.707366,428.200294
Series_2,0.708156,428.250989
Series_2,0.708946,428.276895
Series_2,0.709736,428.283389
Series_2,0.710527,428.281361
Series_2,0.711317,428.275440
Series_2,0.712107,428.270140
Series_2,0.712897,428.264702
Series_2,0.713687,428.262769
Series_2,0.714478,428.265720
Series_2,0.715268,428.271721
Series_2,0.716058,428.273753
Series_2,0.716848,428.254854
Series_2,0.717638,428.194741
Series_2,0.718429,428.070854
Series_2,0.719219,427.865050
Series_2,0.720009,427.617976
Series_2,0.720799,427.327126
Series_2,0.721589,427.001929
Series_2,0.722380,426.736849
Series_2,0.723170,426.544908
Series_2,0.723960,426.345626
Series_2,0.724750,426.093218
Series_2,0.725540,425.841867
Series_2,0.726331,425.655770
Series_2,0.727121,425.518590
Series_2,0.727911,425.442947
Series_2,0.728701,425.447660
Series_2,0.729491,425.531327
Series_2,0.730282,425.673325
Series_2,0.731072,425.803657
Series_2,0.731862,425.916595
Series_2,0.732652,426.004503
Series_2,0.733442,426.075929
Series_2,0.734233,426.147197
Series_2,0.735023,426.218682
Series_2,0.735813,426.285601
Series_2,0.736603,426.372220
Series_2,0.737394,426.514008
Series_2,0.738184,426.686973
Series_2,0.738974,426.829315
Series_2,0.739764,426.973142
Series_2,0.740554,427.140142
Series_2,0.741345,427.287408
Series_2,0.742135,427.432660
Series_2,0.742925,427.595924
Series_2,0.743715,427.763827
Series_2,0.744505,427.919588
Series_2,0.745296,428.072013
Series_2,0.746086,428.184925
Series_2,0.746876,428.242190
Series_2,0.747666,428.276906
Series_2,0.748456,428.299159
Series_2,0.749247,428.309388
Series_2,0.750037,428.315698
Series_2,0.750827,428.314088
Series_2,0.751617,428.305852
Series_2,0.752407,428.298269
Series_2,0.753198,428.291157
Series_2,0.753988,428.276823
Series_2,0.754778,428.263046
Series_2,0.755568,428.255774
Series_2,0.756358,428.263078
Series_2,0.757149,428.291315
Series_2,0.757939,428.348267
Series_2,0.758729,428.440051
Series_2,0.759519,428.563607
Series_2,0.760309,428.703539
Series_2,0.761100,428.862495
Series_2,0.761890,429.022337
Series_2,0.762680,429.163969
Series_2,0.763470,429.323358
Series_2,0.764261,429.506547
Series_2,0.765051,429.664516
Series_2,0.765841,429.800080
Series_2,0.766631,429.943890
Series_2,0.767421,430.090343
Series_2,0.768212,430.224701
Series_2,0.769002,430.359736
Series_2,0.769792,430.499133
Series_2,0.770582,430.631591
Series_2,0.771372,430.747791
Series_2,0.772163,430.837544
Series_2,0.772953,430.907725
Series_2,0.773743,430.986303
Series_2,0.774533,431.061783
Series_2,0.775323,431.123304
Series_2,0.776114,431.201351
Series_2,0.776904,431.360530
Series_2,0.777694,431.608677
Series_2,0.778484,431.892791
Series_2,0.779274,432.230014
Series_2,0.780065,432.640089
Series_2,0.780855,433.064904
Series_2,0.781645,433.504121
Series_2,0.782435,433.964625
Series_2,0.783225,434.378283
Series_2,0.784016,434.735048
Series_2,0.784806,435.096079
Series_2,0.785596,435.459655
Series_2,0.786386,435.729754
Series_2,0.787176,435.903242
Series_2,0.787967,435.996595
Series_2,0.788757,436.035329
Series_2,0.789547,435.986632
Series_2,0.790337,435.789545
Series_2,0.791128,435.468594
Series_2,0.791918,435.109185
Series_2,0.792708,434.741730
Series_2,0.793498,434.394731
Series_2,0.794288,434.119139
Series_2,0.795079,433.878228
Series_2,0.795869,433.647603
Series_2,0.796659,433.473366
Series_2,0.797449,433.392445
Series_2,0.798239,433.407769
Series_2,0.799030,433.499450
Series_2,0.799820,433.668602
Series_2,0.800610,433.931181
Series_2,0.801400,434.230726
Series_2,0.802190,434.506587
Series_2,0.802981,434.790655
Series_2,0.803771,435.078670
Series_2,0.804561,435.305155
Series_2,0.805351,435.498868
Series_2,0.806141,435.703872
Series_2,0.806932,435.920211
Series_2,0.807722,436.079392
Series_2,0.808512,436.177608
Series_2,0.809302,436.242228
Series_2,0.810092,436.271096
Series_2,0.810883,436.272663
Series_2,0.811673,436.247603
Series_2,0.812463,436.210619
Series_2,0.813253,436.197510
Series_2,0.814043,436.200672
Series_2,0.814834,436.210958
Series_2,0.815624,436.241913
Series_2,0.816414,436.294096
Series_2,0.817204,436.328780
Series_2,0.817995,436.333354
Series_2,0.818785,436.308222
Series_2,0.819575,436.222229
Series_2,0.820365,436.098898
Series_2,0.821155,435.955413
Series_2,0.821946,435.741579
Series_2,0.822736,435.481227
Series_2,0.823526,435.229825
Series_2,0.824316,434.957976
Series_2,0.825106,434.711270
Series_2,0.825897,434.518482
Series_2,0.826687,434.377552
Series_2,0.827477,434.291448
Series_2,0.828267,434.300131
Series_2,0.829057,434.440043
Series_2,0.829848,434.680951
Series_2,0.830638,434.919853
Series_2,0.831428,435.123409
Series_2,0.832218,435.345953
Series_2,0.833008,435.646458
Series_2,0.833799,435.986250
Series_2,0.834589,436.302797
Series_2,0.835379,436.611746
Series_2,0.836169,436.869766
Series_2,0.836959,437.057177
Series_2,0.837750,437.171213
Series_2,0.838540,437.211604
Series_2,0.839330,437.203849
Series_2,0.840120,437.145078
Series_2,0.840910,437.059085
Series_2,0.841701,436.977215
Series_2,0.842491,436.876598
Series_2,0.843281,436.757738
Series_2,0.844071,436.674458
Series_2,0.844862,436.615789
Series_2,0.845652,436.565736
Series_2,0.846442,436.506324
Series_2,0.847232,436.473528
Series_2,0.848022,436.489117
Series_2,0.848813,436.540329
Series_2,0.849603,436.606930
Series_2,0.850393,436.730282
Series_2,0.851183,436.932901
Series_2,0.851973,437.175591
Series_2,0.852764,437.436093
Series_2,0.853554,437.704073
Series_2,0.854344,437.955966
Series_2,0.855134,438.178789
Series_2,0.855924,438.422661
Series_2,0.856715,438.724086
Series_2,0.857505,439.022392
Series_2,0.858295,439.338598
Series_2,0.859085,439.691421
Series_2,0.859875,440.006709
Series_2,0.860666,440.260190
Series_2,0.861456,440.492051
Series_2,0.862246,440.687688
Series_2,0.863036,440.871151
Series_2,0.863826,441.097670
Series_2,0.864617,441.373801
Series_2,0.865407,441.663589
Series_2,0.866197,441.953532
Series_2,0.866987,442.210761
Series_2,0.867777,442.382101
Series_2,0.868568,442.469062
Series_2,0.869358,442.495977
Series_2,0.870148,442.489917
Series_2,0.870938,442.451766
Series_2,0.871729,442.380234
Series_2,0.872519,442.277174
Series_2,0.873309,442.171904
Series_2,0.874099,442.084215
Series_2,0.874889,441.984528
Series_2,0.875680,441.888642
Series_2,0.876470,441.789765
Series_2,0.877260,441.675322
Series_2,0.878050,441.559648
Series_2,0.878840,441.436492
Series_2,0.879631,441.288062
Series_2,0.880421,441.141208
Series_2,0.881211,440.982372
Series_2,0.882001,440.825984
Series_2,0.882791,440.711863
Series_2,0.883582,440.649994
Series_2,0.884372,440.588900
Series_2,0.885162,440.454055
Series_2,0.885952,440.242560
Series_2,0.886742,440.017722
Series_2,0.887533,439.847376
Series_2,0.888323,439.722175
Series_2,0.889113,439.684370
Series_2,0.889903,439.800214
Series_2,0.890693,440.037934
Series_2,0.891484,440.283075
Series_2,0.892274,440.488593
Series_2,0.893064,440.655772
Series_2,0.893854,440.793043
Series_2,0.894644,440.950808
Series_2,0.895435,441.150412
Series_2,0.896225,441.356649
Series_2,0.897015,441.491798
Series_2,0.897805,441.567364
Series_2,0.898596,441.628489
Series_2,0.899386,441.645419
Series_2,0.900176,441.564208
Series_2,0.900966,441.349890
Series_2,0.901756,441.057891
Series_2,0.902547,440.771243
Series_2,0.903337,440.491459
Series_2,0.904127,440.200682
Series_2,0.904917,439.922974
Series_2,0.905707,439.608207
Series_2,0.906498,439.261175
Series_2,0.907288,438.936166
Series_2,0.908078,438.672051
Series_2,0.908868,438.487455
Series_2,0.909658,438.393981
Series_2,0.910449,438.412519
Series_2,0.911239,438.554866
Series_2,0.912029,438.779859
Series_2,0.912819,439.060953
Series_2,0.913609,439.378384
Series_2,0.914400,439.731023
Series_2,0.915190,440.048527
Series_2,0.915980,440.300178
Series_2,0.916770,440.486513
Series_2,0.917560,440.601588
Series_2,0.918351,440.662208
Series_2,0.919141,440.688522
Series_2,0.919931,440.698083
Series_2,0.920721,440.699569
Series_2,0.921511,440.696829
Series_2,0.922302,440.693815
Series_2,0.923092,440.692259
Series_2,0.923882,440.692725
Series_2,0.924672,440.695279
Series_2,0.925463,440.699143
Series_2,0.926253,440.700755
Series_2,0.927043,440.697672
Series_2,0.927833,440.695360
Series_2,0.928623,440.714033
Series_2,0.929414,440.787915
Series_2,0.930204,440.947869
Series_2,0.930994,441.179316
Series_2,0.931784,441.441648
Series_2,0.932574,441.716398
Series_2,0.933365,441.987368
Series_2,0.934155,442.234085
Series_2,0.934945,442.474017
Series_2,0.935735,442.705014
Series_2,0.936525,442.906181
Series_2,0.937316,443.125084
Series_2,0.938106,443.339370
Series_2,0.938896,443.481088
Series_2,0.939686,443.547881
Series_2,0.940476,443.571312
Series_2,0.941267,443.569350
Series_2,0.942057,443.557222
Series_2,0.942847,443.547593
Series_2,0.943637,443.545841
Series_2,0.944427,443.547401
Series_2,0.945218,443.548209
Series_2,0.946008,443.546487
Series_2,0.946798,443.542489
Series_2,0.947588,443.539975
Series_2,0.948378,443.539453
Series_2,0.949169,443.540665
Series_2,0.949959,443.542908
Series_2,0.950749,443.544315
Series_2,0.951539,443.544805
Series_2,0.952330,443.544633
Series_2,0.953120,443.544158
Series_2,0.953910,443.544287
Series_2,0.954700,443.545693
Series_2,0.955490,443.548753
Series_2,0.956281,443.552730
Series_2,0.957071,443.556007
Series_2,0.957861,443.558115
Series_2,0.958651,443.559008
Series_2,0.959441,443.558616
Series_2,0.960232,443.556799
Series_2,0.961022,443.552152
Series_2,0.961812,443.544528
Series_2,0.962602,443.535279
Series_2,0.963392,443.529283
Series_2,0.964183,443.529142
Series_2,0.964973,443.538330
Series_2,0.965763,443.562079
Series_2,0.966553,443.603788
Series_2,0.967343,443.649333
Series_2,0.968134,443.660016
Series_2,0.968924,443.590511
Series_2,0.969714,443.446436
Series_2,0.970504,443.267030
Series_2,0.971294,443.077217
Series_2,0.972085,442.894268
Series_2,0.972875,442.729907
Series_2,0.973665,442.584729
Series_2,0.974455,442.456808
Series_2,0.975245,442.344228
Series_2,0.976036,442.243045
Series_2,0.976826,442.133583
Series_2,0.977616,441.997866
Series_2,0.978406,441.859499
Series_2,0.979197,441.833186
Series_2,0.979987,441.979875
Series_2,0.980777,442.313925
Series_2,0.981567,442.793073
Series_2,0.982357,443.385321
Series_2,0.983148,444.056134
Series_2,0.983938,444.689066
Series_2,0.984728,445.266046
Series_2,0.985518,445.812898
Series_2,0.986308,446.330673
Series_2,0.987099,446.811190
Series_2,0.987889,447.232733
Series_2,0.988679,447.501724
Series_2,0.989469,447.561344
Series_2,0.990259,447.450870
Series_2,0.991050,447.287258
Series_2,0.991840,447.071853
Series_2,0.992630,446.794138
Series_2,0.993420,446.420155
Series_2,0.994210,446.003373
Series_2,0.995001,445.561981
Series_2,0.995791,445.027067
Series_2,0.996581,444.420448
Series_2,0.997371,443.868609
Series_2,0.998161,443.416919
Series_2,0.998952,443.083521
Series_2,0.999742,442.973437
Series_2,1.000532,443.106259
Series_2,1.001322,443.394534
Series_2,1.002112,443.744287
Series_2,1.002903,444.155407
Series_2,1.003693,444.587682
Series_2,1.004483,445.016587
Series_2,1.005273,445.417609
Series_2,1.006063,445.831443
Series_2,1.006854,446.264377
Series_2,1.007644,446.709507
Series_2,1.008434,447.132678
Series_2,1.009224,447.506980
Series_2,1.010015,447.741210
Series_2,1.010805,447.794496
Series_2,1.011595,447.703004
Series_2,1.012385,447.542043
Series_2,1.013175,447.358241
Series_2,1.013966,447.156257
Series_2,1.014756,446.952278
Series_2,1.015546,446.781559
Series_2,1.016336,446.610989
Series_2,1.017126,446.425829
Series_2,1.017917,446.271592
Series_2,1.018707,446.124837
Series_2,1.019497,445.940157
Series_2,1.020287,445.767883
Series_2,1.021077,445.617761
Series_2,1.021868,445.419242
Series_2,1.022658,445.152974
Series_2,1.023448,444.865618
Series_2,1.024238,444.563755
Series_2,1.025028,444.211769
Series_2,1.025819,443.838359
Series_2,1.026609,443.481284
Series_2,1.027399,443.115037
Series_2,1.028189,442.816566
Series_2,1.028979,442.662168
Series_2,1.029770,442.657621
Series_2,1.030560,442.768368
Series_2,1.031350,442.936113
Series_2,1.032140,443.183954
Series_2,1.032930,443.500414
Series_2,1.033721,443.788833
Series_2,1.034511,444.040324
Series_2,1.035301,444.341575
Series_2,1.036091,444.694735
Series_2,1.036882,445.061664
Series_2,1.037672,445.423879
Series_2,1.038462,445.715413
Series_2,1.039252,445.900580
Series_2,1.040042,445.961114
Series_2,1.040833,445.926681
Series_2,1.041623,445.840584
Series_2,1.042413,445.702556
Series_2,1.043203,445.506472
Series_2,1.043993,445.310360
Series_2,1.044784,445.156276
Series_2,1.045574,445.004939
Series_2,1.046364,444.831759
Series_2,1.047154,444.646851
Series_2,1.047944,444.429003
Series_2,1.048735,444.151282
Series_2,1.049525,443.889118
Series_2,1.050315,443.777290
Series_2,1.051105,443.875256
Series_2,1.051895,444.140796
Series_2,1.052686,444.469258
Series_2,1.053476,444.823858
Series_2,1.054266,445.188427
Series_2,1.055056,445.528167
Series_2,1.055846,445.802914
Series_2,1.056637,446.010894
Series_2,1.057427,446.175364
Series_2,1.058217,446.331215
Series_2,1.059007,446.536190
Series_2,1.059797,446.767426
Series_2,1.060588,446.946168
Series_2,1.061378,447.071218
Series_2,1.062168,447.143362
Series_2,1.062958,447.168668
Series_2,1.063749,447.165079
Series_2,1.064539,447.153143
Series_2,1.065329,447.142239
Series_2,1.066119,447.134429
Series_2,1.066909,447.128695
Series_2,1.067700,447.124458
Series_2,1.068490,447.121595
Series_2,1.069280,447.121675
Series_2,1.070070,447.125209
Series_2,1.070860,447.131623
Series_2,1.071651,447.139944
Series_2,1.072441,447.145829
Series_2,1.073231,447.148460
Series_2,1.074021,447.148294
Series_2,1.074811,447.145800
Series_2,1.075602,447.140519
Series_2,1.076392,447.130282
Series_2,1.077182,447.115364
Series_2,1.077972,447.092838
Series_2,1.078762,447.085256
Series_2,1.079553,447.132008
Series_2,1.080343,447.247798
Series_2,1.081133,447.415580
Series_2,1.081923,447.617354
Series_2,1.082713,447.870359
Series_2,1.083504,448.134526
Series_2,1.084294,448.365553
Series_2,1.085084,448.607876
Series_2,1.085874,448.902011
Series_2,1.086664,449.203117
Series_2,1.087455,449.478273
Series_2,1.088245,449.794205
Series_2,1.089035,450.136720
Series_2,1.089825,450.435552
Series_2,1.090616,450.677061
Series_2,1.091406,450.826521
Series_2,1.092196,450.858801
Series_2,1.092986,450.792826
Series_2,1.093776,450.704660
Series_2,1.094567,450.652952
Series_2,1.095357,450.645084
Series_2,1.096147,450.654588
Series_2,1.096937,450.665971
Series_2,1.097727,450.676616
Series_2,1.098518,450.689810
Series_2,1.099308,450.708306
Series_2,1.100098,450.737817
Series_2,1.100888,450.786451
Series_2,1.101678,450.855999
Series_2,1.102469,450.928660
Series_2,1.103259,450.997857
Series_2,1.104049,451.073651
Series_2,1.104839,451.147264
Series_2,1.105629,451.212367
Series_2,1.106420,451.291676
Series_2,1.107210,451.391255
Series_2,1.108000,451.501978
Series_2,1.108790,451.612625
Series_2,1.109580,451.716794
Series_2,1.110371,451.793207
Series_2,1.111161,451.858959
Series_2,1.111951,451.930387
Series_2,1.112741,451.962448
Series_2,1.113531,451.951377
Series_2,1.114322,451.930500
Series_2,1.115112,451.912805
Series_3,-0.093113,0.985453
Series_3,-0.092323,0.944926
Series_3,-0.091532,0.896070
Series_3,-0.090742,0.863353
Series_3,-0.089952,0.855610
Series_3,-0.089162,0.889894
Series_3,-0.088372,0.961852
Series_3,-0.087581,1.033766
Series_3,-0.086791,1.061931
Series_3,-0.086001,1.007006
Series_3,-0.085211,0.873667
Series_3,-0.084421,0.714947
Series_3,-0.083630,0.488724
Series_3,-0.082840,0.143149
Series_3,-0.082050,-0.276295
Series_3,-0.081260,-0.657396
Series_3,-0.080469,-0.894203
Series_3,-0.079679,-0.983909
Series_3,-0.078889,-0.962175
Series_3,-0.078099,-0.864247
Series_3,-0.077309,-0.723705
Series_3,-0.076518,-0.587612
Series_3,-0.075728,-0.487442
Series_3,-0.074938,-0.393306
Series_3,-0.074148,-0.311744
Series_3,-0.073358,-0.271376
Series_3,-0.072567,-0.270132
Series_3,-0.071777,-0.286113
Series_3,-0.070987,-0.296398
Series_3,-0.070197,-0.288101
Series_3,-0.069407,-0.247472
Series_3,-0.068616,-0.160525
Series_3,-0.067826,-0.033445
Series_3,-0.067036,0.134361
Series_3,-0.066246,0.335308
Series_3,-0.065456,0.481256
Series_3,-0.064665,0.559668
Series_3,-0.063875,0.591726
Series_3,-0.063085,0.602746
Series_3,-0.062295,0.605518
Series_3,-0.061505,0.627025
Series_3,-0.060714,0.696966
Series_3,-0.059924,0.861879
Series_3,-0.059134,1.076952
Series_3,-0.058344,1.244538
Series_3,-0.057554,1.325732
Series_3,-0.056763,1.347639
Series_3,-0.055973,1.340191
Series_3,-0.055183,1.328098
Series_3,-0.054393,1.327025
Series_3,-0.053603,1.346597
Series_3,-0.052812,1.378602
Series_3,-0.052022,1.412777
Series_3,-0.051232,1.446074
Series_3,-0.050442,1.481087
Series_3,-0.049651,1.516729
Series_3,-0.048861,1.550581
Series_3,-0.048071,1.579973
Series_3,-0.047281,1.605933
Series_3,-0.046491,1.631136
Series_3,-0.045700,1.659061
Series_3,-0.044910,1.698599
Series_3,-0.044120,1.750565
Series_3,-0.043330,1.813622
Series_3,-0.042540,1.867179
Series_3,-0.041749,1.869735
Series_3,-0.040959,1.824075
Series_3,-0.040169,1.733014
Series_3,-0.039379,1.603433
Series_3,-0.038589,1.442241
Series_3,-0.037798,1.256384
Series_3,-0.037008,1.052837
Series_3,-0.036218,0.838609
Series_3,-0.035428,0.620741
Series_3,-0.034638,0.406307
Series_3,-0.033847,0.202413
Series_3,-0.033057,-0.031705
Series_3,-0.032267,-0.252535
Series_3,-0.031477,-0.416536
Series_3,-0.030687,-0.503128
Series_3,-0.029896,-0.524053
Series_3,-0.029106,-0.496121
Series_3,-0.028316,-0.428480
Series_3,-0.027526,-0.316165
Series_3,-0.026736,-0.154324
Series_3,-0.025945,-0.021082
Series_3,-0.025155,0.075614
Series_3,-0.024365,0.153338
Series_3,-0.023575,0.202638
Series_3,-0.022784,0.225178
Series_3,-0.021994,0.245086
Series_3,-0.021204,0.277943
Series_3,-0.020414,0.343985
Series_3,-0.019624,0.467210
Series_3,-0.018833,0.619560
Series_3,-0.018043,0.747710
Series_3,-0.017253,0.889499
Series_3,-0.016463,1.101474
Series_3,-0.015673,1.374892
Series_3,-0.014882,1.612397
Series_3,-0.014092,1.817047
Series_3,-0.013302,2.012234
Series_3,-0.012512,2.135279
Series_3,-0.011722,2.201810
Series_3,-0.010931,2.229449
Series_3,-0.010141,2.276328
Series_3,-0.009351,2.332643
Series_3,-0.008561,2.412853
Series_3,-0.007771,2.500279
Series_3,-0.006980,2.583917
Series_3,-0.006190,2.659528
Series_3,-0.005400,2.724465
Series_3,-0.004610,2.779239
Series_3,-0.003820,2.829041
Series_3,-0.003029,2.844252
Series_3,-0.002239,2.766994
Series_3,-0.001449,2.588189
Series_3,-0.000659,2.299922
Series_3,0.000131,1.894308
Series_3,0.000922,1.363495
Series_3,0.001712,0.699664
Series_3,0.002502,-0.104971
Series_3,0.003292,-1.058166
Series_3,0.004083,-2.120189
Series_3,0.004873,-3.223926
Series_3,0.005663,-4.326958
Series_3,0.006453,-5.386899
Series_3,0.007243,-6.385808
Series_3,0.008034,-7.305706
Series_3,0.008824,-8.161233
Series_3,0.009614,-8.967555
Series_3,0.010404,-9.753402
Series_3,0.011194,-10.515287
Series_3,0.011985,-11.285249
Series_3,0.012775,-12.117429
Series_3,0.013565,-12.991714
Series_3,0.014355,-13.878397
Series_3,0.015145,-14.747736
Series_3,0.015936,-15.569825
Series_3,0.016726,-16.314722
Series_3,0.017516,-16.952454
Series_3,0.018306,-17.453014
Series_3,0.019096,-17.786362
Series_3,0.019887,-17.922423
Series_3,0.020677,-17.831090
Series_3,0.021467,-17.560926
Series_3,0.022257,-17.122893
Series_3,0.023047,-16.570907
Series_3,0.023838,-15.972752
Series_3,0.024628,-15.337253
Series_3,0.025418,-14.610515
Series_3,0.026208,-13.780563
Series_3,0.026998,-12.881086
Series_3,0.027789,-11.918303
Series_3,0.028579,-10.891322
Series_3,0.029369,-9.834218
Series_3,0.030159,-8.739828
Series_3,0.030950,-7.601313
Series_3,0.031740,-6.446450
Series_3,0.032530,-5.293398
Series_3,0.033320,-4.153841
Series_3,0.034110,-3.059471
Series_3,0.034901,-2.024332
Series_3,0.035691,-1.034294
Series_3,0.036481,-0.096115
Series_3,0.037271,0.800810
Series_3,0.038061,1.683124
Series_3,0.038852,2.585728
Series_3,0.039642,3.513188
Series_3,0.040432,4.469524
Series_3,0.041222,5.504598
Series_3,0.042012,6.635956
Series_3,0.042803,7.855453
Series_3,0.043593,9.130513
Series_3,0.044383,10.407455
Series_3,0.045173,11.674400
Series_3,0.045963,12.989482
Series_3,0.046754,14.451769
Series_3,0.047544,16.085120
Series_3,0.048334,17.924663
Series_3,0.049124,19.954323
Series_3,0.049914,22.121794
Series_3,0.050705,24.311304
Series_3,0.051495,26.418709
Series_3,0.052285,28.362667
Series_3,0.053075,30.082035
Series_3,0.053865,31.562757
Series_3,0.054656,32.880838
Series_3,0.055446,34.100788
Series_3,0.056236,35.247079
Series_3,0.057026,36.458496
Series_3,0.057817,37.779256
Series_3,0.058607,39.170002
Series_3,0.059397,40.591730
Series_3,0.060187,42.015611
Series_3,0.060977,43.422573
Series_3,0.061768,44.841264
Series_3,0.062558,46.292443
Series_3,0.063348,47.779053
Series_3,0.064138,49.278439
Series_3,0.064928,50.806765
Series_3,0.065719,52.359478
Series_3,0.066509,53.903355
Series_3,0.067299,55.461436
Series_3,0.068089,57.046680
Series_3,0.068879,58.672071
Series_3,0.069670,60.322570
Series_3,0.070460,61.997724
Series_3,0.071250,63.663730
Series_3,0.072040,65.274187
Series_3,0.072830,66.822591
Series_3,0.073621,68.273687
Series_3,0.074411,69.636899
Series_3,0.075201,70.946941
Series_3,0.075991,72.259399
Series_3,0.076781,73.577229
Series_3,0.077572,74.941686
Series_3,0.078362,76.394052
Series_3,0.079152,77.932609
Series_3,0.079942,79.523656
Series_3,0.080732,81.173055
Series_3,0.081523,82.902237
Series_3,0.082313,84.683819
Series_3,0.083103,86.513115
Series_3,0.083893,88.372297
Series_3,0.084684,90.205576
Series_3,0.085474,91.988409
Series_3,0.086264,93.693564
Series_3,0.087054,95.275878
Series_3,0.087844,96.730093
Series_3,0.088635,98.094521
Series_3,0.089425,99.374270
Series_3,0.090215,100.611090
Series_3,0.091005,101.875693
Series_3,0.091795,103.214118
Series_3,0.092586,104.623124
Series_3,0.093376,106.075388
Series_3,0.094166,107.594319
Series_3,0.094956,109.175208
Series_3,0.095746,110.794647
Series_3,0.096537,112.437032
Series_3,0.097327,114.054038
Series_3,0.098117,115.586576
Series_3,0.098907,117.022788
Series_3,0.099697,118.372041
Series_3,0.100488,119.618527
Series_3,0.101278,120.791721
Series_3,0.102068,121.910879
Series_3,0.102858,122.976454
Series_3,0.103648,123.998169
Series_3,0.104439,125.023189
Series_3,0.105229,126.097536
Series_3,0.106019,127.201266
Series_3,0.106809,128.348317
Series_3,0.107599,129.558891
Series_3,0.108390,130.793150
Series_3,0.109180,132.006425
Series_3,0.109970,133.207491
Series_3,0.110760,134.363893
Series_3,0.111551,135.489401
Series_3,0.112341,136.645771
Series_3,0.113131,137.833301
Series_3,0.113921,138.970757
Series_3,0.114711,140.046697
Series_3,0.115502,141.062678
Series_3,0.116292,142.049451
Series_3,0.117082,143.037796
Series_3,0.117872,144.114759
Series_3,0.118662,145.283004
Series_3,0.119453,146.477125
Series_3,0.120243,147.674949
Series_3,0.121033,148.876780
Series_3,0.121823,150.015261
Series_3,0.122613,151.099144
Series_3,0.123404,152.153825
Series_3,0.124194,153.204730
Series_3,0.124984,154.266512
Series_3,0.125774,155.408943
Series_3,0.126564,156.606091
Series_3,0.127355,157.751478
Series_3,0.128145,158.803324
Series_3,0.128935,159.719417
Series_3,0.129725,160.539317
Series_3,0.130515,161.333036
Series_3,0.131306,162.105017
Series_3,0.132096,162.905691
Series_3,0.132886,163.785515
Series_3,0.133676,164.794969
Series_3,0.134466,165.908266
Series_3,0.135257,167.029246
Series_3,0.136047,168.147030
Series_3,0.136837,169.248712
Series_3,0.137627,170.321410
Series_3,0.138418,171.403529
Series_3,0.139208,172.506495
Series_3,0.139998,173.565718
Series_3,0.140788,174.569341
Series_3,0.141578,175.524744
Series_3,0.142369,176.354655
Series_3,0.143159,177.061054
Series_3,0.143949,177.702364
Series_3,0.144739,178.328853
Series_3,0.145529,178.895714
Series_3,0.146320,179.445927
Series_3,0.147110,180.111278
Series_3,0.147900,180.936618
Series_3,0.148690,181.888460
Series_3,0.149480,182.933339
Series_3,0.150271,184.053328
Series_3,0.151061,185.229452
Series_3,0.151851,186.477901
Series_3,0.152641,187.752334
Series_3,0.153431,189.008290
Series_3,0.154222,190.266029
Series_3,0.155012,191.523452
Series_3,0.155802,192.747026
Series_3,0.156592,193.935497
Series_3,0.157382,195.098235
Series_3,0.158173,196.244636
Series_3,0.158963,197.382401
Series_3,0.159753,198.559599
Series_3,0.160543,199.776085
Series_3,0.161333,200.969901
Series_3,0.162124,202.131710
Series_3,0.162914,203.279960
Series_3,0.163704,204.433120
Series_3,0.164494,205.573542
Series_3,0.165285,206.717474
Series_3,0.166075,207.827538
Series_3,0.166865,208.928466
Series_3,0.167655,210.073817
Series_3,0.168445,211.251248
Series_3,0.169236,212.353632
Series_3,0.170026,213.300744
Series_3,0.170816,214.043273
Series_3,0.171606,214.531930
Series_3,0.172396,214.766171
Series_3,0.173187,214.801943
Series_3,0.173977,214.629343
Series_3,0.174767,214.309400
Series_3,0.175557,213.824726
Series_3,0.176347,213.190310
Series_3,0.177138,212.494197
Series_3,0.177928,211.824454
Series_3,0.178718,211.209931
Series_3,0.179508,210.774653
Series_3,0.180298,210.550274
Series_3,0.181089,210.523828
Series_3,0.181879,210.667458
Series_3,0.182669,210.921044
Series_3,0.183459,211.310154
Series_3,0.184249,211.833056
Series_3,0.185040,212.417335
Series_3,0.185830,213.028029
Series_3,0.186620,213.702484
Series_3,0.187410,214.402505
Series_3,0.188200,215.108598
Series_3,0.188991,215.804571
Series_3,0.189781,216.543077
Series_3,0.190571,217.304339
Series_3,0.191361,218.118959
Series_3,0.192152,218.992503
Series_3,0.192942,219.872789
Series_3,0.193732,220.799605
Series_3,0.194522,221.766192
Series_3,0.195312,222.673598
Series_3,0.196103,223.525711
Series_3,0.196893,224.320351
Series_3,0.197683,225.031962
Series_3,0.198473,225.635064
Series_3,0.199263,226.229927
Series_3,0.200054,226.846171
Series_3,0.200844,227.513437
Series_3,0.201634,228.222006
Series_3,0.202424,228.962183
Series_3,0.203214,229.706146
Series_3,0.204005,230.465564
Series_3,0.204795,231.264598
Series_3,0.205585,232.040060
Series_3,0.206375,232.757404
Series_3,0.207165,233.484113
Series_3,0.207956,234.208207
Series_3,0.208746,234.864668
Series_3,0.209536,235.487114
Series_3,0.210326,236.024445
Series_3,0.211116,236.474464
Series_3,0.211907,236.865167
Series_3,0.212697,237.284537
Series_3,0.213487,237.735767
Series_3,0.214277,238.222074
Series_3,0.215067,238.750356
Series_3,0.215858,239.328740
Series_3,0.216648,239.889104
Series_3,0.217438,240.433756
Series_3,0.218228,241.015731
Series_3,0.219019,241.600966
Series_3,0.219809,242.207157
Series_3,0.220599,242.831343
Series_3,0.221389,243.460200
Series_3,0.222179,244.098198
Series_3,0.222970,244.792867
Series_3,0.223760,245.501912
Series_3,0.224550,246.205241
Series_3,0.225340,246.975379
Series_3,0.226130,247.815286
Series_3,0.226921,248.646146
Series_3,0.227711,249.429188
Series_3,0.228501,250.204008
Series_3,0.229291,251.010221
Series_3,0.230081,251.782624
Series_3,0.230872,252.465633
Series_3,0.231662,253.061172
Series_3,0.232452,253.529054
Series_3,0.233242,253.927582
Series_3,0.234032,254.296073
Series_3,0.234823,254.617253
Series_3,0.235613,254.924403
Series_3,0.236403,255.224706
Series_3,0.237193,255.473285
Series_3,0.237983,255.654399
Series_3,0.238774,255.840826
Series_3,0.239564,256.051780
Series_3,0.240354,256.248686
Series_3,0.241144,256.475578
Series_3,0.241934,256.774277
Series_3,0.242725,257.100296
Series_3,0.243515,257.426782
Series_3,0.244305,257.825647
Series_3,0.245095,258.316631
Series_3,0.245886,258.822672
Series_3,0.246676,259.359213
Series_3,0.247466,259.932383
Series_3,0.248256,260.462108
Series_3,0.249046,260.963435
Series_3,0.249837,261.441280
Series_3,0.250627,261.808132
Series_3,0.251417,262.074684
Series_3,0.252207,262.316475
Series_3,0.252997,262.509693
Series_3,0.253788,262.640719
Series_3,0.254578,262.711601
Series_3,0.255368,262.715826
Series_3,0.256158,262.699307
Series_3,0.256948,262.683084
Series_3,0.257739,262.673084
Series_3,0.258529,262.674082
Series_3,0.259319,262.689503
Series_3,0.260109,262.742253
Series_3,0.260899,262.861626
Series_3,0.261690,263.076159
Series_3,0.262480,263.377875
Series_3,0.263270,263.697144
Series_3,0.264060,263.987575
Series_3,0.264850,264.281013
Series_3,0.265641,264.669307
Series_3,0.266431,265.149237
Series_3,0.267221,265.718793
Series_3,0.268011,266.379857
Series_3,0.268801,267.083920
Series_3,0.269592,267.755051
Series_3,0.270382,268.373534
Series_3,0.271172,268.925908
Series_3,0.271962,269.398731
Series_3,0.272753,269.818178
Series_3,0.273543,270.217270
Series_3,0.274333,270.530474
Series_3,0.275123,270.768949
Series_3,0.275913,270.976248
Series_3,0.276704,271.131352
Series_3,0.277494,271.262297
Series_3,0.278284,271.378290
Series_3,0.279074,271.520456
Series_3,0.279864,271.660748
Series_3,0.280655,271.789826
Series_3,0.281445,271.997677
Series_3,0.282235,272.280312
Series_3,0.283025,272.598408
Series_3,0.283815,273.003686
Series_3,0.284606,273.475037
Series_3,0.285396,273.931068
Series_3,0.286186,274.379140
Series_3,0.286976,274.809895
Series_3,0.287766,275.168605
Series_3,0.288557,275.501224
Series_3,0.289347,275.841272
Series_3,0.290137,276.132557
Series_3,0.290927,276.388086
Series_3,0.291717,276.699270
Series_3,0.292508,277.089860
Series_3,0.293298,277.485723
Series_3,0.294088,277.902376
Series_3,0.294878,278.396391
Series_3,0.295668,278.926471
Series_3,0.296459,279.434124
Series_3,0.297249,279.953126
Series_3,0.298039,280.431381
Series_3,0.298829,280.866003
Series_3,0.299619,281.327484
Series_3,0.300410,281.824733
Series_3,0.301200,282.317863
Series_3,0.301990,282.831107
Series_3,0.302780,283.325823
Series_3,0.303571,283.756669
Series_3,0.304361,284.170448
Series_3,0.305151,284.534962
Series_3,0.305941,284.805353
Series_3,0.306731,285.038986
Series_3,0.307522,285.326748
Series_3,0.308312,285.698188
Series_3,0.309102,286.086095
Series_3,0.309892,286.469637
Series_3,0.310682,286.878193
Series_3,0.311473,287.240212
Series_3,0.312263,287.501442
Series_3,0.313053,287.699637
Series_3,0.313843,287.783615
Series_3,0.314633,287.687804
Series_3,0.315424,287.450522
Series_3,0.316214,287.192802
Series_3,0.317004,286.958786
Series_3,0.317794,286.721408
Series_3,0.318584,286.535899
Series_3,0.319375,286.408222
Series_3,0.320165,286.248061
Series_3,0.320955,286.006484
Series_3,0.321745,285.728923
Series_3,0.322535,285.513367
Series_3,0.323326,285.406992
Series_3,0.324116,285.385783
Series_3,0.324906,285.482474
Series_3,0.325696,285.756542
Series_3,0.326486,286.195049
Series_3,0.327277,286.683605
Series_3,0.328067,287.192450
Series_3,0.328857,287.717833
Series_3,0.329647,288.181617
Series_3,0.330438,288.588208
Series_3,0.331228,288.964726
Series_3,0.332018,289.270751
Series_3,0.332808,289.487370
Series_3,0.333598,289.693790
Series_3,0.334389,289.911491
Series_3,0.335179,290.075119
Series_3,0.335969,290.213854
Series_3,0.336759,290.366405
Series_3,0.337549,290.512022
Series_3,0.338340,290.651399
Series_3,0.339130,290.813645
Series_3,0.339920,291.016651
Series_3,0.340710,291.226578
Series_3,0.341500,291.423991
Series_3,0.342291,291.583217
Series_3,0.343081,291.677292
Series_3,0.343871,291.739289
Series_3,0.344661,291.809424
Series_3,0.345451,291.874677
Series_3,0.346242,291.931682
Series_3,0.347032,291.983619
Series_3,0.347822,292.033092
Series_3,0.348612,292.077271
Series_3,0.349402,292.120623
Series_3,0.350193,292.189685
Series_3,0.350983,292.283881
Series_3,0.351773,292.394566
Series_3,0.352563,292.547043
Series_3,0.353353,292.763755
Series_3,0.354144,293.024247
Series_3,0.354934,293.402686
Series_3,0.355724,293.897985
Series_3,0.356514,294.422199
Series_3,0.357305,294.982243
Series_3,0.358095,295.557649
Series_3,0.358885,296.048738
Series_3,0.359675,296.455677
Series_3,0.360465,296.871796
Series_3,0.361256,297.319826
Series_3,0.362046,297.734788
Series_3,0.362836,298.140758
Series_3,0.363626,298.557559
Series_3,0.364416,298.910845
Series_3,0.365207,299.203677
Series_3,0.365997,299.478360
Series_3,0.366787,299.724574
Series_3,0.367577,299.964121
Series_3,0.368367,300.225044
Series_3,0.369158,300.485081
Series_3,0.369948,300.746961
Series_3,0.370738,301.010413
Series_3,0.371528,301.232904
Series_3,0.372318,301.380378
Series_3,0.373109,301.485885
Series_3,0.373899,301.591381
Series_3,0.374689,301.680954
Series_3,0.375479,301.716866
Series_3,0.376269,301.702775
Series_3,0.377060,301.645347
Series_3,0.377850,301.561750
Series_3,0.378640,301.439686
Series_3,0.379430,301.275185
Series_3,0.380220,301.138278
Series_3,0.381011,301.042715
Series_3,0.381801,300.966612
Series_3,0.382591,300.957300
Series_3,0.383381,300.998791
Series_3,0.384172,301.048464
Series_3,0.384962,301.100851
Series_3,0.385752,301.164305
Series_3,0.386542,301.283701
Series_3,0.387332,301.471707
Series_3,0.388123,301.644098
Series_3,0.388913,301.782475
Series_3,0.389703,301.949687
Series_3,0.390493,302.122664
Series_3,0.391283,302.295941
Series_3,0.392074,302.516828
Series_3,0.392864,302.779755
Series_3,0.393654,303.049014
Series_3,0.394444,303.385007
Series_3,0.395234,303.769371
Series_3,0.396025,304.169422
Series_3,0.396815,304.578910
Series_3,0.397605,304.896989
Series_3,0.398395,305.108448
Series_3,0.399185,305.299842
Series_3,0.399976,305.583404
Series_3,0.400766,305.979361
Series_3,0.401556,306.404800
Series_3,0.402346,306.804686
Series_3,0.403136,307.199466
Series_3,0.403927,307.533510
Series_3,0.404717,307.782093
Series_3,0.405507,307.951402
Series_3,0.406297,308.048795
Series_3,0.407087,308.090164
Series_3,0.407878,308.096488
Series_3,0.408668,308.079835
Series_3,0.409458,308.047185
Series_3,0.410248,308.010896
Series_3,0.411039,307.974798
Series_3,0.411829,307.941895
Series_3,0.412619,307.918391
Series_3,0.413409,307.910223
Series_3,0.414199,307.917525
Series_3,0.414990,307.940800
Series_3,0.415780,307.985411
Series_3,0.416570,308.058549
Series_3,0.417360,308.152106
Series_3,0.418150,308.261974
Series_3,0.418941,308.383251
Series_3,0.419731,308.489003
Series_3,0.420521,308.596801
Series_3,0.421311,308.778725
Series_3,0.422101,309.032962
Series_3,0.422892,309.349680
Series_3,0.423682,309.753862
Series_3,0.424472,310.201054
Series_3,0.425262,310.694190
Series_3,0.426052,311.293537
Series_3,0.426843,311.963094
Series_3,0.427633,312.661452
Series_3,0.428423,313.347220
Series_3,0.429213,314.082062
Series_3,0.430003,314.872723
Series_3,0.430794,315.689788
Series_3,0.431584,316.503857
Series_3,0.432374,317.271044
Series_3,0.433164,317.854932
Series_3,0.433954,318.218069
Series_3,0.434745,318.374799
Series_3,0.435535,318.332284
Series_3,0.436325,318.141159
Series_3,0.437115,317.914273
Series_3,0.437906,317.720184
Series_3,0.438696,317.531746
Series_3,0.439486,317.298640
Series_3,0.440276,317.061520
Series_3,0.441066,316.853601
Series_3,0.441857,316.614948
Series_3,0.442647,316.387468
Series_3,0.443437,316.268942
Series_3,0.444227,316.294700
Series_3,0.445017,316.498711
Series_3,0.445808,316.876599
Series_3,0.446598,317.382531
Series_3,0.447388,318.037603
Series_3,0.448178,318.771537
Series_3,0.448968,319.496089
Series_3,0.449759,320.219760
Series_3,0.450549,320.871349
Series_3,0.451339,321.469796
Series_3,0.452129,322.034058
Series_3,0.452919,322.550205
Series_3,0.453710,322.907040
Series_3,0.454500,323.073561
Series_3,0.455290,323.120200
Series_3,0.456080,323.092397
Series_3,0.456870,323.024420
Series_3,0.457661,322.886092
Series_3,0.458451,322.680296
Series_3,0.459241,322.475115
Series_3,0.460031,322.294990
Series_3,0.460821,322.127688
Series_3,0.461612,321.987004
Series_3,0.462402,321.853429
Series_3,0.463192,321.713132
Series_3,0.463982,321.646778
Series_3,0.464773,321.675688
Series_3,0.465563,321.809953
Series_3,0.466353,322.058426
Series_3,0.467143,322.331565
Series_3,0.467933,322.610959
Series_3,0.468724,322.938903
Series_3,0.469514,323.284933
Series_3,0.470304,323.631039
Series_3,0.471094,324.042037
Series_3,0.471884,324.497439
Series_3,0.472675,324.894232
Series_3,0.473465,325.216453
Series_3,0.474255,325.474614
Series_3,0.475045,325.650231
Series_3,0.475835,325.795188
Series_3,0.476626,325.945902
Series_3,0.477416,326.102291
Series_3,0.478206,326.266697
Series_3,0.478996,326.411772
Series_3,0.479786,326.532409
Series_3,0.480577,326.622716
Series_3,0.481367,326.739507
Series_3,0.482157,326.902441
Series_3,0.482947,327.048379
Series_3,0.483737,327.105448
Series_3,0.484528,327.078246
Series_3,0.485318,326.986332
Series_3,0.486108,326.812816
Series_3,0.486898,326.511138
Series_3,0.487688,326.121064
Series_3,0.488479,325.753404
Series_3,0.489269,325.421520
Series_3,0.490059,325.094731
Series_3,0.490849,324.759293
Series_3,0.491640,324.375665
Series_3,0.492430,323.998888
Series_3,0.493220,323.741929
Series_3,0.494010,323.625405
Series_3,0.494800,323.629375
Series_3,0.495591,323.747566
Series_3,0.496381,323.946021
Series_3,0.497171,324.245357
Series_3,0.497961,324.645967
Series_3,0.498751,325.079756
Series_3,0.499542,325.503886
Series_3,0.500332,325.971952
Series_3,0.501122,326.447306
Series_3,0.501912,326.858409
Series_3,0.502702,327.234958
Series_3,0.503493,327.613732
Series_3,0.504283,328.007176
Series_3,0.505073,328.397131
Series_3,0.505863,328.679472
Series_3,0.506653,328.841579
Series_3,0.507444,328.975009
Series_3,0.508234,329.145499
Series_3,0.509024,329.344288
Series_3,0.509814,329.544054
Series_3,0.510604,329.788332
Series_3,0.511395,330.082166
Series_3,0.512185,330.366001
Series_3,0.512975,330.614297
Series_3,0.513765,330.858153
Series_3,0.514555,331.032451
Series_3,0.515346,331.141956
Series_3,0.516136,331.219260
Series_3,0.516926,331.263649
Series_3,0.517716,331.284049
Series_3,0.518507,331.289142
Series_3,0.519297,331.281623
Series_3,0.520087,331.260652
Series_3,0.520877,331.222948
Series_3,0.521667,331.179102
Series_3,0.522458,331.153260
Series_3,0.523248,331.148368
Series_3,0.524038,331.168786
Series_3,0.524828,331.238245
Series_3,0.525618,331.382506
Series_3,0.526409,331.612068
Series_3,0.527199,331.893117
Series_3,0.527989,332.159139
Series_3,0.528779,332.416572
Series_3,0.529569,332.666941
Series_3,0.530360,332.903246
Series_3,0.531150,333.159202
Series_3,0.531940,333.437630
Series_3,0.532730,333.707214
Series_3,0.533520,333.931245
Series_3,0.534311,334.118808
Series_3,0.535101,334.254865
Series_3,0.535891,334.341692
Series_3,0.536681,334.402411
Series_3,0.537471,334.458315
Series_3,0.538262,334.527293
Series_3,0.539052,334.620618
Series_3,0.539842,334.730767
Series_3,0.540632,334.831192
Series_3,0.541422,334.916128
Series_3,0.542213,334.999194
Series_3,0.543003,335.085167
Series_3,0.543793,335.175864
Series_3,0.544583,335.264255
Series_3,0.545374,335.332853
Series_3,0.546164,335.371811
Series_3,0.546954,335.390331
Series_3,0.547744,335.400999
Series_3,0.548534,335.411780
Series_3,0.549325,335.421079
Series_3,0.550115,335.428234
Series_3,0.550905,335.429203
Series_3,0.551695,335.417058
Series_3,0.552485,335.388157
Series_3,0.553276,335.349115
Series_3,0.554066,335.321874
Series_3,0.554856,335.351564
Series_3,0.555646,335.457436
Series_3,0.556436,335.616499
Series_3,0.557227,335.801964
Series_3,0.558017,336.022594
Series_3,0.558807,336.245618
Series_3,0.559597,336.469216
Series_3,0.560387,336.754307
Series_3,0.561178,337.107696
Series_3,0.561968,337.452192
Series_3,0.562758,337.766447
Series_3,0.563548,338.125628
Series_3,0.564338,338.516002
Series_3,0.565129,338.921116
Series_3,0.565919,339.324532
Series_3,0.566709,339.746917
Series_3,0.567499,340.146852
Series_3,0.568289,340.548945
Series_3,0.569080,340.971723
Series_3,0.569870,341.360023
Series_3,0.570660,341.723930
Series_3,0.571450,342.079896
Series_3,0.572241,342.384377
Series_3,0.573031,342.632766
Series_3,0.573821,342.909763
Series_3,0.574611,343.196998
Series_3,0.575401,343.379256
Series_3,0.576192,343.385482
Series_3,0.576982,343.199311
Series_3,0.577772,342.905082
Series_3,0.578562,342.589680
Series_3,0.579352,342.251370
Series_3,0.580143,341.935045
Series_3,0.580933,341.657240
Series_3,0.581723,341.378520
Series_3,0.582513,341.107637
Series_3,0.583303,340.895279
Series_3,0.584094,340.726755
Series_3,0.584884,340.609950
Series_3,0.585674,340.630627
Series_3,0.586464,340.790161
Series_3,0.587254,341.012770
Series_3,0.588045,341.203006
Series_3,0.588835,341.343944
Series_3,0.589625,341.492097
Series_3,0.590415,341.699324
Series_3,0.591205,341.937303
Series_3,0.591996,342.196775
Series_3,0.592786,342.508846
Series_3,0.593576,342.867767
Series_3,0.594366,343.234501
Series_3,0.595156,343.587745
Series_3,0.595947,343.880031
Series_3,0.596737,344.109645
Series_3,0.597527,344.310368
Series_3,0.598317,344.509298
Series_3,0.599108,344.704117
Series_3,0.599898,344.906168
Series_3,0.600688,345.087488
Series_3,0.601478,345.211612
Series_3,0.602268,345.309067
Series_3,0.603059,345.436250
Series_3,0.603849,345.589900
Series_3,0.604639,345.729496
Series_3,0.605429,345.846131
Series_3,0.606219,345.948491
Series_3,0.607010,346.039130
Series_3,0.607800,346.128273
Series_3,0.608590,346.229004
Series_3,0.609380,346.313480
Series_3,0.610170,346.374585
Series_3,0.610961,346.430786
Series_3,0.611751,346.486355
Series_3,0.612541,346.545395
Series_3,0.613331,346.610806
Series_3,0.614121,346.664638
Series_3,0.614912,346.691954
Series_3,0.615702,346.746282
Series_3,0.616492,346.852560
Series_3,0.617282,346.976998
Series_3,0.618072,347.107909
Series_3,0.618863,347.297374
Series_3,0.619653,347.558420
Series_3,0.620443,347.872011
Series_3,0.621233,348.239024
Series_3,0.622023,348.626349
Series_3,0.622814,348.978502
Series_3,0.623604,349.299424
Series_3,0.624394,349.619038
Series_3,0.625184,349.920085
Series_3,0.625975,350.196777
Series_3,0.626765,350.464773
Series_3,0.627555,350.688230
Series_3,0.628345,350.865229
Series_3,0.629135,351.062183
Series_3,0.629926,351.249609
Series_3,0.630716,351.390223
Series_3,0.631506,351.544300
Series_3,0.632296,351.776372
Series_3,0.633086,352.051931
Series_3,0.633877,352.321219
Series_3,0.634667,352.560943
Series_3,0.635457,352.771866
Series_3,0.636247,352.941296
Series_3,0.637037,353.080316
Series_3,0.637828,353.171932
Series_3,0.638618,353.219711
Series_3,0.639408,353.250548
Series_3,0.640198,353.283194
Series_3,0.640988,353.327389
Series_3,0.641779,353.403551
Series_3,0.642569,353.518288
Series_3,0.643359,353.628066
Series_3,0.644149,353.686256
Series_3,0.644939,353.722263
Series_3,0.645730,353.741231
Series_3,0.646520,353.709565
Series_3,0.647310,353.587881
Series_3,0.648100,353.376482
Series_3,0.648890,353.134171
Series_3,0.649681,352.886715
Series_3,0.650471,352.600285
Series_3,0.651261,352.338964
Series_3,0.652051,352.126203
Series_3,0.652841,351.893703
Series_3,0.653632,351.664556
Series_3,0.654422,351.492480
Series_3,0.655212,351.335240
Series_3,0.656002,351.168579
Series_3,0.656793,351.057887
Series_3,0.657583,351.050641
Series_3,0.658373,351.180966
Series_3,0.659163,351.408266
Series_3,0.659953,351.650508
Series_3,0.660744,351.925917
Series_3,0.661534,352.222557
Series_3,0.662324,352.473690
Series_3,0.663114,352.714006
Series_3,0.663904,352.977437
Series_3,0.664695,353.228753
Series_3,0.665485,353.484672
Series_3,0.666275,353.766541
Series_3,0.667065,354.029483
Series_3,0.667855,354.244306
Series_3,0.668646,354.479074
Series_3,0.669436,354.761516
Series_3,0.670226,355.069582
Series_3,0.671016,355.415085
Series_3,0.671806,355.814023
Series_3,0.672597,356.185341
Series_3,0.673387,356.493557
Series_3,0.674177,356.803351
Series_3,0.674967,357.141809
Series_3,0.675757,357.470450
Series_3,0.676548,357.761278
Series_3,0.677338,358.010663
Series_3,0.678128,358.199293
Series_3,0.678918,358.346722
Series_3,0.679708,358.465391
Series_3,0.680499,358.545695
Series_3,0.681289,358.610230
Series_3,0.682079,358.717303
Series_3,0.682869,358.864952
Series_3,0.683660,359.030358
Series_3,0.684450,359.212539
Series_3,0.685240,359.401242
Series_3,0.686030,359.580668
Series_3,0.686820,359.766610
Series_3,0.687611,359.981819
Series_3,0.688401,360.209866
Series_3,0.689191,360.460267
Series_3,0.689981,360.753491
Series_3,0.690771,361.042734
Series_3,0.691562,361.289415
Series_3,0.692352,361.522332
Series_3,0.693142,361.736398
Series_3,0.693932,361.931121
Series_3,0.694722,362.146575
Series_3,0.695513,362.334776
Series_3,0.696303,362.419650
Series_3,0.697093,362.384852
Series_3,0.697883,362.202327
Series_3,0.698673,361.866196
Series_3,0.699464,361.463613
Series_3,0.700254,360.995796
Series_3,0.701044,360.450657
Series_3,0.701834,359.909135
Series_3,0.702624,359.358103
Series_3,0.703415,358.785952
Series_3,0.704205,358.279134
Series_3,0.704995,357.849930
Series_3,0.705785,357.513611
Series_3,0.706575,357.372827
Series_3,0.707366,357.465035
Series_3,0.708156,357.727730
Series_3,0.708946,358.037239
Series_3,0.709736,358.335005
Series_3,0.710527,358.649445
Series_3,0.711317,359.077742
Series_3,0.712107,359.637259
Series_3,0.712897,360.236397
Series_3,0.713687,360.867881
Series_3,0.714478,361.524514
Series_3,0.715268,362.119898
Series_3,0.716058,362.655079
Series_3,0.716848,363.076669
Series_3,0.717638,363.310567
Series_3,0.718429,363.326794
Series_3,0.719219,363.184682
Series_3,0.720009,363.008866
Series_3,0.720799,362.841094
Series_3,0.721589,362.660022
Series_3,0.722380,362.501153
Series_3,0.723170,362.379280
Series_3,0.723960,362.244092
Series_3,0.724750,362.022688
Series_3,0.725540,361.741831
Series_3,0.726331,361.432166
Series_3,0.727121,361.041897
Series_3,0.727911,360.615240
Series_3,0.728701,360.125850
Series_3,0.729491,359.479860
Series_3,0.730282,358.690666
Series_3,0.731072,357.865890
Series_3,0.731862,357.032439
Series_3,0.732652,356.256502
Series_3,0.733442,355.547392
Series_3,0.734233,354.856897
Series_3,0.735023,354.213755
Series_3,0.735813,353.731030
Series_3,0.736603,353.442689
Series_3,0.737394,353.272784
Series_3,0.738184,353.210181
Series_3,0.738974,353.230423
Series_3,0.739764,353.340608
Series_3,0.740554,353.515468
Series_3,0.741345,353.682517
Series_3,0.742135,353.854287
Series_3,0.742925,354.049019
Series_3,0.743715,354.226131
Series_3,0.744505,354.389190
Series_3,0.745296,354.549292
Series_3,0.746086,354.648682
Series_3,0.746876,354.681818
Series_3,0.747666,354.686904
Series_3,0.748456,354.674155
Series_3,0.749247,354.656578
Series_3,0.750037,354.646004
Series_3,0.750827,354.636284
Series_3,0.751617,354.629680
Series_3,0.752407,354.628359
Series_3,0.753198,354.636152
Series_3,0.753988,354.652727
Series_3,0.754778,354.675436
Series_3,0.755568,354.700917
Series_3,0.756358,354.729428
Series_3,0.757149,354.764159
Series_3,0.757939,354.810067
Series_3,0.758729,354.857039
Series_3,0.759519,354.898416
Series_3,0.760309,354.946874
Series_3,0.761100,355.018721
Series_3,0.761890,355.089933
Series_3,0.762680,355.142716
Series_3,0.763470,355.215919
Series_3,0.764261,355.323173
Series_3,0.765051,355.422622
Series_3,0.765841,355.513353
Series_3,0.766631,355.625208
Series_3,0.767421,355.787581
Series_3,0.768212,355.996897
Series_3,0.769002,356.287302
Series_3,0.769792,356.685078
Series_3,0.770582,357.151702
Series_3,0.771372,357.684628
Series_3,0.772163,358.209720
Series_3,0.772953,358.694753
Series_3,0.773743,359.148807
Series_3,0.774533,359.556889
Series_3,0.775323,359.870462
Series_3,0.776114,360.103421
Series_3,0.776904,360.341965
Series_3,0.777694,360.637093
Series_3,0.778484,360.943138
Series_3,0.779274,361.226301
Series_3,0.780065,361.492495
Series_3,0.780855,361.716763
Series_3,0.781645,361.918466
Series_3,0.782435,362.133485
Series_3,0.783225,362.331964
Series_3,0.784016,362.573564
Series_3,0.784806,362.889196
Series_3,0.785596,363.207161
Series_3,0.786386,363.410283
Series_3,0.787176,363.477516
Series_3,0.787967,363.442728
Series_3,0.788757,363.329341
Series_3,0.789547,363.129435
Series_3,0.790337,362.795046
Series_3,0.791128,362.369064
Series_3,0.791918,361.979851
Series_3,0.792708,361.656979
Series_3,0.793498,361.373091
Series_3,0.794288,361.133942
Series_3,0.795079,360.880626
Series_3,0.795869,360.585210
Series_3,0.796659,360.318216
Series_3,0.797449,360.155662
Series_3,0.798239,360.136920
Series_3,0.799030,360.243943
Series_3,0.799820,360.455774
Series_3,0.800610,360.760646
Series_3,0.801400,361.092266
Series_3,0.802190,361.410156
Series_3,0.802981,361.729245
Series_3,0.803771,362.018035
Series_3,0.804561,362.269028
Series_3,0.805351,362.544086
Series_3,0.806141,362.876982
Series_3,0.806932,363.206712
Series_3,0.807722,363.424636
Series_3,0.808512,363.489375
Series_3,0.809302,363.413994
Series_3,0.810092,363.251580
Series_3,0.810883,363.013664
Series_3,0.811673,362.726684
Series_3,0.812463,362.440383
Series_3,0.813253,362.156462
Series_3,0.814043,361.884692
Series_3,0.814834,361.668387
Series_3,0.815624,361.488310
Series_3,0.816414,361.294286
Series_3,0.817204,361.123725
Series_3,0.817995,361.000724
Series_3,0.818785,360.853730
Series_3,0.819575,360.593716
Series_3,0.820365,360.229823
Series_3,0.821155,359.795857
Series_3,0.821946,359.255547
Series_3,0.822736,358.656956
Series_3,0.823526,358.097831
Series_3,0.824316,357.585143
Series_3,0.825106,357.157490
Series_3,0.825897,356.854296
Series_3,0.826687,356.683820
Series_3,0.827477,356.670317
Series_3,0.828267,356.826833
Series_3,0.829057,357.180284
Series_3,0.829848,357.688938
Series_3,0.830638,358.229406
Series_3,0.831428,358.798596
Series_3,0.832218,359.409646
Series_3,0.833008,360.101312
Series_3,0.833799,360.870657
Series_3,0.834589,361.661988
Series_3,0.835379,362.483653
Series_3,0.836169,363.237975
Series_3,0.836959,363.848996
Series_3,0.837750,364.281185
Series_3,0.838540,364.465653
Series_3,0.839330,364.397538
Series_3,0.840120,364.148136
Series_3,0.840910,363.837115
Series_3,0.841701,363.556065
Series_3,0.842491,363.300872
Series_3,0.843281,363.062459
Series_3,0.844071,362.869079
Series_3,0.844862,362.682516
Series_3,0.845652,362.464398
Series_3,0.846442,362.240829
Series_3,0.847232,362.050856
Series_3,0.848022,361.872451
Series_3,0.848813,361.704668
Series_3,0.849603,361.591858
Series_3,0.850393,361.515403
Series_3,0.851183,361.469706
Series_3,0.851973,361.442915
Series_3,0.852764,361.405477
Series_3,0.853554,361.337454
Series_3,0.854344,361.253025
Series_3,0.855134,361.157173
Series_3,0.855924,361.043418
Series_3,0.856715,360.922788
Series_3,0.857505,360.850678
Series_3,0.858295,360.847010
Series_3,0.859085,360.911064
Series_3,0.859875,361.026709
Series_3,0.860666,361.197376
Series_3,0.861456,361.417033
Series_3,0.862246,361.631696
Series_3,0.863036,361.822099
Series_3,0.863826,362.054904
Series_3,0.864617,362.339449
Series_3,0.865407,362.637159
Series_3,0.866197,362.914999
Series_3,0.866987,363.159964
Series_3,0.867777,363.348045
Series_3,0.868568,363.490988
Series_3,0.869358,363.661587
Series_3,0.870148,363.845633
Series_3,0.870938,364.003764
Series_3,0.871729,364.139093
Series_3,0.872519,364.241816
Series_3,0.873309,364.326397
Series_3,0.874099,364.443358
Series_3,0.874889,364.603807
Series_3,0.875680,364.764735
Series_3,0.876470,364.879489
Series_3,0.877260,364.947903
Series_3,0.878050,364.961808
Series_3,0.878840,364.879677
Series_3,0.879631,364.699206
Series_3,0.880421,364.434235
Series_3,0.881211,364.103501
Series_3,0.882001,363.785767
Series_3,0.882791,363.547049
Series_3,0.883582,363.418345
Series_3,0.884372,363.347717
Series_3,0.885162,363.250909
Series_3,0.885952,363.128740
Series_3,0.886742,363.011386
Series_3,0.887533,362.906241
Series_3,0.888323,362.801363
Series_3,0.889113,362.726073
Series_3,0.889903,362.730422
Series_3,0.890693,362.773392
Series_3,0.891484,362.813997
Series_3,0.892274,362.835216
Series_3,0.893064,362.837306
Series_3,0.893854,362.826995
Series_3,0.894644,362.807133
Series_3,0.895435,362.775154
Series_3,0.896225,362.730810
Series_3,0.897015,362.689175
Series_3,0.897805,362.666063
Series_3,0.898596,362.665821
Series_3,0.899386,362.686293
Series_3,0.900176,362.727370
Series_3,0.900966,362.784062
Series_3,0.901756,362.843942
Series_3,0.902547,362.896809
Series_3,0.903337,362.953144
Series_3,0.904127,363.011987
Series_3,0.904917,363.063291
Series_3,0.905707,363.116855
Series_3,0.906498,363.196063
Series_3,0.907288,363.304580
Series_3,0.908078,363.479448
Series_3,0.908868,363.741373
Series_3,0.909658,364.011707
Series_3,0.910449,364.261988
Series_3,0.911239,364.553134
Series_3,0.912029,364.852929
Series_3,0.912819,365.137764
Series_3,0.913609,365.440142
Series_3,0.914400,365.789835
Series_3,0.915190,366.135005
Series_3,0.915980,366.437720
Series_3,0.916770,366.694210
Series_3,0.917560,366.848944
Series_3,0.918351,366.831761
Series_3,0.919141,366.604911
Series_3,0.919931,366.184069
Series_3,0.920721,365.625400
Series_3,0.921511,364.983481
Series_3,0.922302,364.358637
Series_3,0.923092,363.807599
Series_3,0.923882,363.288385
Series_3,0.924672,362.791065
Series_3,0.925463,362.398024
Series_3,0.926253,362.090957
Series_3,0.927043,361.782207
Series_3,0.927833,361.483737
Series_3,0.928623,361.310546
Series_3,0.929414,361.371186
Series_3,0.930204,361.714329
Series_3,0.930994,362.290434
Series_3,0.931784,363.023950
Series_3,0.932574,363.878034
Series_3,0.933365,364.726246
Series_3,0.934155,365.511673
Series_3,0.934945,366.275973
Series_3,0.935735,366.967905
Series_3,0.936525,367.532237
Series_3,0.937316,368.008442
Series_3,0.938106,368.380598
Series_3,0.938896,368.598394
Series_3,0.939686,368.627164
Series_3,0.940476,368.464892
Series_3,0.941267,368.155667
Series_3,0.942057,367.793996
Series_3,0.942847,367.403752
Series_3,0.943637,366.968368
Series_3,0.944427,366.520103
Series_3,0.945218,366.013460
Series_3,0.946008,365.476748
Series_3,0.946798,364.996855
Series_3,0.947588,364.588006
Series_3,0.948378,364.239739
Series_3,0.949169,364.015857
Series_3,0.949959,363.988925
Series_3,0.950749,364.169636
Series_3,0.951539,364.499868
Series_3,0.952330,364.837561
Series_3,0.953120,365.136950
Series_3,0.953910,365.426164
Series_3,0.954700,365.664784
Series_3,0.955490,365.860447
Series_3,0.956281,366.074470
Series_3,0.957071,366.330651
Series_3,0.957861,366.581927
Series_3,0.958651,366.820105
Series_3,0.959441,366.991743
Series_3,0.960232,367.082684
Series_3,0.961022,367.111243
Series_3,0.961812,367.093363
Series_3,0.962602,367.055509
Series_3,0.963392,367.028995
Series_3,0.964183,367.019755
Series_3,0.964973,367.024697
Series_3,0.965763,367.039846
Series_3,0.966553,367.057398
Series_3,0.967343,367.073944
Series_3,0.968134,367.073426
Series_3,0.968924,367.038973
Series_3,0.969714,366.961014
Series_3,0.970504,366.849453
Series_3,0.971294,366.714808
Series_3,0.972085,366.537518
Series_3,0.972875,366.331214
Series_3,0.973665,366.137747
Series_3,0.974455,365.961172
Series_3,0.975245,365.815587
Series_3,0.976036,365.710348
Series_3,0.976826,365.616733
Series_3,0.977616,365.503947
Series_3,0.978406,365.388839
Series_3,0.979197,365.319347
Series_3,0.979987,365.301484
Series_3,0.980777,365.319753
Series_3,0.981567,365.370352
Series_3,0.982357,365.449254
Series_3,0.983148,365.534329
Series_3,0.983938,365.595045
Series_3,0.984728,365.641160
Series_3,0.985518,365.697786
Series_3,0.986308,365.766587
Series_3,0.987099,365.853418
Series_3,0.987889,365.946588
Series_3,0.988679,366.013597
Series_3,0.989469,365.971406
Series_3,0.990259,365.837158
Series_3,0.991050,365.704771
Series_3,0.991840,365.588513
Series_3,0.992630,365.432988
Series_3,0.993420,365.180555
Series_3,0.994210,364.848440
Series_3,0.995001,364.493867
Series_3,0.995791,364.087640
Series_3,0.996581,363.673415
Series_3,0.997371,363.325413
Series_3,0.998161,363.045550
Series_3,0.998952,362.835964
Series_3,0.999742,362.790992
Series_3,1.000532,362.984629
Series_3,1.001322,363.386337
Series_3,1.002112,363.888948
Series_3,1.002903,364.435911
Series_3,1.003693,364.949643
Series_3,1.004483,365.335146
Series_3,1.005273,365.601250
Series_3,1.006063,365.868024
Series_3,1.006854,366.211227
Series_3,1.007644,366.608557
Series_3,1.008434,366.981019
Series_3,1.009224,367.344016
Series_3,1.010015,367.717381
Series_3,1.010805,368.070709
Series_3,1.011595,368.472911
Series_3,1.012385,368.918733
Series_3,1.013175,369.330888
Series_3,1.013966,369.714294
Series_3,1.014756,370.051099
Series_3,1.015546,370.311617
Series_3,1.016336,370.551721
Series_3,1.017126,370.744218
Series_3,1.017917,370.786646
Series_3,1.018707,370.653358
Series_3,1.019497,370.350606
Series_3,1.020287,369.930069
Series_3,1.021077,369.374790
Series_3,1.021868,368.667825
Series_3,1.022658,367.784893
Series_3,1.023448,366.772407
Series_3,1.024238,365.706376
Series_3,1.025028,364.625359
Series_3,1.025819,363.612773
Series_3,1.026609,362.673100
Series_3,1.027399,361.863610
Series_3,1.028189,361.241587
Series_3,1.028979,360.907457
Series_3,1.029770,360.882487
Series_3,1.030560,361.104106
Series_3,1.031350,361.489693
Series_3,1.032140,362.060139
Series_3,1.032930,362.788942
Series_3,1.033721,363.581400
Series_3,1.034511,364.407240
Series_3,1.035301,365.321345
Series_3,1.036091,366.279090
Series_3,1.036882,367.202553
Series_3,1.037672,368.052913
Series_3,1.038462,368.729736
Series_3,1.039252,369.179430
Series_3,1.040042,369.443586
Series_3,1.040833,369.540543
Series_3,1.041623,369.441310
Series_3,1.042413,369.179795
Series_3,1.043203,368.777332
Series_3,1.043993,368.325862
Series_3,1.044784,367.882193
Series_3,1.045574,367.463317
Series_3,1.046364,367.067491
Series_3,1.047154,366.723745
Series_3,1.047944,366.399037
Series_3,1.048735,366.057895
Series_3,1.049525,365.766605
Series_3,1.050315,365.626704
Series_3,1.051105,365.674358
Series_3,1.051895,365.874723
Series_3,1.052686,366.162634
Series_3,1.053476,366.561819
Series_3,1.054266,367.021213
Series_3,1.055056,367.471247
Series_3,1.055846,367.919968
Series_3,1.056637,368.344290
Series_3,1.057427,368.712057
Series_3,1.058217,369.075972
Series_3,1.059007,369.491618
Series_3,1.059797,369.910532
Series_3,1.060588,370.186606
Series_3,1.061378,370.270810
Series_3,1.062168,370.159467
Series_3,1.062958,369.939395
Series_3,1.063749,369.652124
Series_3,1.064539,369.244994
Series_3,1.065329,368.756569
Series_3,1.066119,368.292351
Series_3,1.066909,367.858720
Series_3,1.067700,367.546956
Series_3,1.068490,367.383481
Series_3,1.069280,367.334189
Series_3,1.070070,367.370700
Series_3,1.070860,367.487912
Series_3,1.071651,367.708388
Series_3,1.072441,368.088327
Series_3,1.073231,368.588297
Series_3,1.074021,369.105119
Series_3,1.074811,369.633196
Series_3,1.075602,370.170148
Series_3,1.076392,370.639594
Series_3,1.077182,371.046813
Series_3,1.077972,371.447188
Series_3,1.078762,371.831800
Series_3,1.079553,372.173980
Series_3,1.080343,372.475639
Series_3,1.081133,372.718359
Series_3,1.081923,372.938274
Series_3,1.082713,373.174901
Series_3,1.083504,373.402601
Series_3,1.084294,373.590510
Series_3,1.085084,373.769876
Series_3,1.085874,374.004832
Series_3,1.086664,374.267816
Series_3,1.087455,374.517070
Series_3,1.088245,374.786378
Series_3,1.089035,375.032539
Series_3,1.089825,375.148812
Series_3,1.090616,375.100302
Series_3,1.091406,374.930629
Series_3,1.092196,374.653554
Series_3,1.092986,374.250667
Series_3,1.093776,373.776638
Series_3,1.094567,373.331452
Series_3,1.095357,372.915684
Series_3,1.096147,372.501087
Series_3,1.096937,372.086965
Series_3,1.097727,371.651389
Series_3,1.098518,371.240401
Series_3,1.099308,370.941357
Series_3,1.100098,370.759281
Series_3,1.100888,370.624185
Series_3,1.101678,370.479033
Series_3,1.102469,370.353586
Series_3,1.103259,370.281200
Series_3,1.104049,370.239923
Series_3,1.104839,370.217824
Series_3,1.105629,370.188722
Series_3,1.106420,370.120577
Series_3,1.107210,370.009616
Series_3,1.108000,369.887138
Series_3,1.108790,369.784411
Series_3,1.109580,369.710031
Series_3,1.110371,369.657818
Series_3,1.111161,369.603582
Series_3,1.111951,369.543561
Series_3,1.112741,369.494857
Series_3,1.113531,369.479468
Series_3,1.114322,369.486562
Series_3,1.115112,369.496453
Series_4,-0.093113,0.961402
Series_4,-0.092323,0.957600
Series_4,-0.091532,0.954213
Series_4,-0.090742,0.955620
Series_4,-0.089952,0.963186
Series_4,-0.089162,0.976438
Series_4,-0.088372,0.986995
Series_4,-0.087581,0.977797
Series_4,-0.086791,0.929208
Series_4,-0.086001,0.825980
Series_4,-0.085211,0.665655
Series_4,-0.084421,0.459568
Series_4,-0.083630,0.214996
Series_4,-0.082840,-0.048046
Series_4,-0.082050,-0.305756
Series_4,-0.081260,-0.533669
Series_4,-0.080469,-0.706235
Series_4,-0.079679,-0.809490
Series_4,-0.078889,-0.842452
Series_4,-0.078099,-0.814649
Series_4,-0.077309,-0.743100
Series_4,-0.076518,-0.650053
Series_4,-0.075728,-0.555322
Series_4,-0.074938,-0.466731
Series_4,-0.074148,-0.392957
Series_4,-0.073358,-0.340949
Series_4,-0.072567,-0.308537
Series_4,-0.071777,-0.286227
Series_4,-0.070987,-0.261870
Series_4,-0.070197,-0.224786
Series_4,-0.069407,-0.166189
Series_4,-0.068616,-0.080928
Series_4,-0.067826,0.029106
Series_4,-0.067036,0.157856
Series_4,-0.066246,0.293895
Series_4,-0.065456,0.412858
Series_4,-0.064665,0.502723
Series_4,-0.063875,0.560320
Series_4,-0.063085,0.586871
Series_4,-0.062295,0.583891
Series_4,-0.061505,0.556035
Series_4,-0.060714,0.509822
Series_4,-0.059924,0.458770
Series_4,-0.059134,0.412093
Series_4,-0.058344,0.369491
Series_4,-0.057554,0.330670
Series_4,-0.056763,0.295341
Series_4,-0.055973,0.263217
Series_4,-0.055183,0.234019
Series_4,-0.054393,0.207472
Series_4,-0.053603,0.183304
Series_4,-0.052812,0.161250
Series_4,-0.052022,0.141049
Series_4,-0.051232,0.122443
Series_4,-0.050442,0.105182
Series_4,-0.049651,0.089019
Series_4,-0.048861,0.073711
Series_4,-0.048071,0.059021
Series_4,-0.047281,0.044717
Series_4,-0.046491,0.030571
Series_4,-0.045700,0.016361
Series_4,-0.044910,0.001867
Series_4,-0.044120,-0.013123
Series_4,-0.043330,-0.028819
Series_4,-0.042540,-0.045423
Series_4,-0.041749,-0.063136
Series_4,-0.040959,-0.082151
Series_4,-0.040169,-0.102657
Series_4,-0.039379,-0.124840
Series_4,-0.038589,-0.148880
Series_4,-0.037798,-0.174951
Series_4,-0.037008,-0.203225
Series_4,-0.036218,-0.233866
Series_4,-0.035428,-0.267035
Series_4,-0.034638,-0.302890
Series_4,-0.033847,-0.341580
Series_4,-0.033057,-0.380418
Series_4,-0.032267,-0.416712
Series_4,-0.031477,-0.447765
Series_4,-0.030687,-0.463542
Series_4,-0.029896,-0.456697
Series_4,-0.029106,-0.423296
Series_4,-0.028316,-0.362835
Series_4,-0.027526,-0.277673
Series_4,-0.026736,-0.174583
Series_4,-0.025945,-0.073650
Series_4,-0.025155,0.016296
Series_4,-0.024365,0.093492
Series_4,-0.023575,0.156199
Series_4,-0.022784,0.208244
Series_4,-0.021994,0.259730
Series_4,-0.021204,0.320660
Series_4,-0.020414,0.400720
Series_4,-0.019624,0.507249
Series_4,-0.018833,0.637697
Series_4,-0.018043,0.783253
Series_4,-0.017253,0.947968
Series_4,-0.016463,1.136226
Series_4,-0.015673,1.340841
Series_4,-0.014882,1.540819
Series_4,-0.014092,1.726994
Series_4,-0.013302,1.897786
Series_4,-0.012512,2.038454
Series_4,-0.011722,2.149056
Series_4,-0.010931,2.236348
Series_4,-0.010141,2.316205
Series_4,-0.009351,2.394354
Series_4,-0.008561,2.477409
Series_4,-0.007771,2.563737
Series_4,-0.006980,2.648184
Series_4,-0.006190,2.722976
Series_4,-0.005400,2.776254
Series_4,-0.004610,2.792353
Series_4,-0.003820,2.752788
Series_4,-0.003029,2.633153
Series_4,-0.002239,2.410005
Series_4,-0.001449,2.074756
Series_4,-0.000659,1.631892
Series_4,0.000131,1.085904
Series_4,0.000922,0.441288
Series_4,0.001712,-0.297455
Series_4,0.002502,-1.125820
Series_4,0.003292,-2.023324
Series_4,0.004083,-2.962971
Series_4,0.004873,-3.922227
Series_4,0.005663,-4.878052
Series_4,0.006453,-5.812758
Series_4,0.007243,-6.709264
Series_4,0.008034,-7.557532
Series_4,0.008824,-8.356408
Series_4,0.009614,-9.104274
Series_4,0.010404,-9.795666
Series_4,0.011194,-10.419053
Series_4,0.011985,-10.967935
Series_4,0.012775,-11.444894
Series_4,0.013565,-11.844553
Series_4,0.014355,-12.170182
Series_4,0.015145,-12.425049
Series_4,0.015936,-12.612416
Series_4,0.016726,-12.735539
Series_4,0.017516,-12.797671
Series_4,0.018306,-12.802060
Series_4,0.019096,-12.751947
Series_4,0.019887,-12.641336
Series_4,0.020677,-12.471143
Series_4,0.021467,-12.242279
Series_4,0.022257,-11.956778
Series_4,0.023047,-11.616673
Series_4,0.023838,-11.224000
Series_4,0.024628,-10.780791
Series_4,0.025418,-10.289074
Series_4,0.026208,-9.750871
Series_4,0.026998,-9.168200
Series_4,0.027789,-8.543073
Series_4,0.028579,-7.877498
Series_4,0.029369,-7.173478
Series_4,0.030159,-6.433012
Series_4,0.030950,-5.658093
Series_4,0.031740,-4.852471
Series_4,0.032530,-2.776847
Series_4,0.033320,-2.117311
Series_4,0.034110,-1.668356
Series_4,0.034901,-1.231120
Series_4,0.035691,-0.635506
Series_4,0.036481,0.190137
Series_4,0.037271,0.995893
Series_4,0.038061,1.799829
Series_4,0.038852,2.627587
Series_4,0.039642,3.497247
Series_4,0.040432,4.419368
Series_4,0.041222,5.410198
Series_4,0.042012,6.480720
Series_4,0.042803,7.638109
Series_4,0.043593,8.882680
Series_4,0.044383,10.209294
Series_4,0.045173,11.614364
Series_4,0.045963,13.095344
Series_4,0.046754,14.655523
Series_4,0.047544,16.291429
Series_4,0.048334,17.993391
Series_4,0.049124,19.742084
Series_4,0.049914,21.516062
Series_4,0.050705,23.290659
Series_4,0.051495,25.046397
Series_4,0.052285,26.770399
Series_4,0.053075,28.453767
Series_4,0.053865,30.087605
Series_4,0.054656,31.663022
Series_4,0.055446,33.181655
Series_4,0.056236,34.651176
Series_4,0.057026,36.079508
Series_4,0.057817,37.477874
Series_4,0.058607,38.842459
Series_4,0.059397,40.169801
Series_4,0.060187,41.457852
Series_4,0.060977,42.707300
Series_4,0.061768,43.921295
Series_4,0.062558,45.104123
Series_4,0.063348,46.249265
Series_4,0.064138,47.352210
Series_4,0.064928,48.410276
Series_4,0.065719,49.422370
Series_4,0.066509,50.389642
Series_4,0.067299,51.313246
Series_4,0.068089,52.194325
Series_4,0.068879,53.034912
Series_4,0.069670,53.840563
Series_4,0.070460,54.615792
Series_4,0.071250,55.368574
Series_4,0.072040,56.104409
Series_4,0.072830,56.829886
Series_4,0.073621,57.553225
Series_4,0.074411,58.278593
Series_4,0.075201,59.009825
Series_4,0.075991,59.757770
Series_4,0.076781,60.536439
Series_4,0.077572,61.361449
Series_4,0.078362,62.242184
Series_4,0.079152,63.181269
Series_4,0.079942,64.176079
Series_4,0.080732,65.234121
Series_4,0.081523,66.370029
Series_4,0.082313,67.597588
Series_4,0.083103,68.921839
Series_4,0.083893,70.335862
Series_4,0.084684,71.832738
Series_4,0.085474,75.810512
Series_4,0.086264,77.433837
Series_4,0.087054,79.521356
Series_4,0.087844,80.355544
Series_4,0.088635,82.057314
Series_4,0.089425,83.827686
Series_4,0.090215,84.831133
Series_4,0.091005,85.961793
Series_4,0.091795,87.893769
Series_4,0.092586,89.855869
Series_4,0.093376,91.792589
Series_4,0.094166,93.745695
Series_4,0.094956,95.692114
Series_4,0.095746,97.624987
Series_4,0.096537,99.537460
Series_4,0.097327,101.422683
Series_4,0.098117,103.273809
Series_4,0.098907,105.083997
Series_4,0.099697,106.846408
Series_4,0.100488,108.554210
Series_4,0.101278,110.200571
Series_4,0.102068,111.778667
Series_4,0.102858,113.281675
Series_4,0.103648,114.702777
Series_4,0.104439,116.035161
Series_4,0.105229,117.277789
Series_4,0.106019,118.437745
Series_4,0.106809,119.525961
Series_4,0.107599,120.550063
Series_4,0.108390,121.519149
Series_4,0.109180,122.447710
Series_4,0.109970,123.343214
Series_4,0.110760,124.212443
Series_4,0.111551,125.066661
Series_4,0.112341,125.916018
Series_4,0.113131,126.769962
Series_4,0.113921,127.625460
Series_4,0.114711,128.477040
Series_4,0.115502,129.313875
Series_4,0.116292,130.137060
Series_4,0.117082,130.961474
Series_4,0.117872,131.795390
Series_4,0.118662,132.644038
Series_4,0.119453,133.512650
Series_4,0.120243,134.417149
Series_4,0.121033,135.362948
Series_4,0.121823,136.343258
Series_4,0.122613,137.362679
Series_4,0.123404,138.418307
Series_4,0.124194,139.497516
Series_4,0.124984,140.587765
Series_4,0.125774,141.680876
Series_4,0.126564,142.758726
Series_4,0.127355,143.803256
Series_4,0.128145,144.805878
Series_4,0.128935,145.763086
Series_4,0.129725,146.680129
Series_4,0.130515,147.567124
Series_4,0.131306,148.425957
Series_4,0.132096,149.257623
Series_4,0.132886,150.069867
Series_4,0.133676,150.882846
Series_4,0.134466,151.706523
Series_4,0.135257,152.537825
Series_4,0.136047,153.382276
Series_4,0.136837,154.246554
Series_4,0.137627,155.123408
Series_4,0.138418,156.009890
Series_4,0.139208,156.892982
Series_4,0.139998,157.749665
Series_4,0.140788,158.566325
Series_4,0.141578,159.335711
Series_4,0.142369,160.051278
Series_4,0.143159,160.720365
Series_4,0.143949,161.364728
Series_4,0.144739,161.993803
Series_4,0.145529,162.622157
Series_4,0.146320,163.278741
Series_4,0.147110,163.988676
Series_4,0.147900,164.765340
Series_4,0.148690,165.607679
Series_4,0.149480,166.519956
Series_4,0.150271,167.498130
Series_4,0.151061,168.530196
Series_4,0.151851,169.616364
Series_4,0.152641,170.746692
Series_4,0.153431,171.912119
Series_4,0.154222,173.104600
Series_4,0.155012,174.309254
Series_4,0.155802,175.504172
Series_4,0.156592,176.671736
Series_4,0.157382,177.801047
Series_4,0.158173,178.872574
Series_4,0.158963,179.864172
Series_4,0.159753,180.760181
Series_4,0.160543,181.545491
Series_4,0.161333,182.197907
Series_4,0.162124,182.701124
Series_4,0.162914,183.052616
Series_4,0.163704,183.250394
Series_4,0.164494,183.306475
Series_4,0.165285,183.244737
Series_4,0.166075,183.100035
Series_4,0.166865,182.899769
Series_4,0.167655,182.665755
Series_4,0.168445,182.426276
Series_4,0.169236,182.213685
Series_4,0.170026,182.052171
Series_4,0.170816,181.967046
Series_4,0.171606,181.982272
Series_4,0.172396,182.116161
Series_4,0.173187,182.373333
Series_4,0.173977,182.745678
Series_4,0.174767,183.210677
Series_4,0.175557,183.747756
Series_4,0.176347,184.339698
Series_4,0.177138,184.970907
Series_4,0.177928,185.638134
Series_4,0.178718,186.336101
Series_4,0.179508,187.045452
Series_4,0.180298,187.741528
Series_4,0.181089,188.407752
Series_4,0.181879,189.028685
Series_4,0.182669,189.603464
Series_4,0.183459,190.140932
Series_4,0.184249,190.656789
Series_4,0.185040,191.160937
Series_4,0.185830,191.669391
Series_4,0.186620,192.200310
Series_4,0.187410,192.761441
Series_4,0.188200,193.357956
Series_4,0.188991,194.002080
Series_4,0.189781,194.692160
Series_4,0.190571,195.412093
Series_4,0.191361,196.155574
Series_4,0.192152,196.914317
Series_4,0.192942,197.675128
Series_4,0.193732,198.436977
Series_4,0.194522,199.194475
Series_4,0.195312,199.932254
Series_4,0.196103,200.640057
Series_4,0.196893,201.308022
Series_4,0.197683,201.940130
Series_4,0.198473,202.541368
Series_4,0.199263,203.130106
Series_4,0.200054,203.712865
Series_4,0.200844,204.292337
Series_4,0.201634,204.860721
Series_4,0.202424,205.421011
Series_4,0.203214,205.971028
Series_4,0.204005,206.505339
Series_4,0.204795,207.026437
Series_4,0.205585,207.525321
Series_4,0.206375,207.990968
Series_4,0.207165,208.423630
Series_4,0.207956,208.822805
Series_4,0.208746,209.189879
Series_4,0.209536,209.532204
Series_4,0.210326,209.852023
Series_4,0.211116,210.160679
Series_4,0.211907,210.483870
Series_4,0.212697,210.854318
Series_4,0.213487,211.291881
Series_4,0.214277,211.802583
Series_4,0.215067,212.384249
Series_4,0.215858,213.029075
Series_4,0.216648,213.714949
Series_4,0.217438,214.417093
Series_4,0.218228,215.115594
Series_4,0.219019,215.777740
Series_4,0.219809,216.384965
Series_4,0.220599,216.931395
Series_4,0.221389,217.414136
Series_4,0.222179,217.839942
Series_4,0.222970,218.226232
Series_4,0.223760,218.582108
Series_4,0.224550,218.914888
Series_4,0.225340,219.237661
Series_4,0.226130,219.552418
Series_4,0.226921,219.850297
Series_4,0.227711,220.135976
Series_4,0.228501,220.423812
Series_4,0.229291,220.718158
Series_4,0.230081,221.014969
Series_4,0.230872,221.316756
Series_4,0.231662,221.628984
Series_4,0.232452,221.953898
Series_4,0.233242,222.303798
Series_4,0.234032,222.681055
Series_4,0.234823,223.073624
Series_4,0.235613,223.469393
Series_4,0.236403,223.860055
Series_4,0.237193,224.229570
Series_4,0.237983,224.574170
Series_4,0.238774,224.903596
Series_4,0.239564,225.221746
Series_4,0.240354,225.526032
Series_4,0.241144,225.822356
Series_4,0.241934,226.115071
Series_4,0.242725,226.397750
Series_4,0.243515,226.667686
Series_4,0.244305,226.934251
Series_4,0.245095,227.199700
Series_4,0.245886,227.459325
Series_4,0.246676,227.719035
Series_4,0.247466,227.982121
Series_4,0.248256,228.242024
Series_4,0.249046,228.501971
Series_4,0.249837,228.766143
Series_4,0.250627,229.027840
Series_4,0.251417,229.290140
Series_4,0.252207,229.568459
Series_4,0.252997,229.866932
Series_4,0.253788,230.193673
Series_4,0.254578,230.569059
Series_4,0.255368,231.009980
Series_4,0.256158,231.521039
Series_4,0.256948,232.093151
Series_4,0.257739,232.712708
Series_4,0.258529,233.353348
Series_4,0.259319,233.975815
Series_4,0.260109,234.553939
Series_4,0.260899,235.051015
Series_4,0.261690,235.441116
Series_4,0.262480,235.712247
Series_4,0.263270,235.865700
Series_4,0.264060,235.912777
Series_4,0.264850,235.873609
Series_4,0.265641,235.769260
Series_4,0.266431,235.626023
Series_4,0.267221,235.462314
Series_4,0.268011,235.284565
Series_4,0.268801,235.106104
Series_4,0.269592,234.942273
Series_4,0.270382,234.807103
Series_4,0.271172,234.715985
Series_4,0.271962,234.691715
Series_4,0.272753,234.753388
Series_4,0.273543,234.907075
Series_4,0.274333,235.144630
Series_4,0.275123,235.456066
Series_4,0.275913,235.818162
Series_4,0.276704,236.205816
Series_4,0.277494,236.602119
Series_4,0.278284,237.004108
Series_4,0.279074,237.411493
Series_4,0.279864,237.809642
Series_4,0.280655,238.194678
Series_4,0.281445,238.571465
Series_4,0.282235,238.937451
Series_4,0.283025,239.278821
Series_4,0.283815,239.585698
Series_4,0.284606,239.854765
Series_4,0.285396,240.084880
Series_4,0.286186,240.282694
Series_4,0.286976,240.456029
Series_4,0.287766,240.607799
Series_4,0.288557,240.744964
Series_4,0.289347,240.871782
Series_4,0.290137,240.989149
Series_4,0.290927,241.098583
Series_4,0.291717,241.205106
Series_4,0.292508,241.308949
Series_4,0.293298,241.406687
Series_4,0.294088,241.497477
Series_4,0.294878,241.582217
Series_4,0.295668,241.659766
Series_4,0.296459,241.730038
Series_4,0.297249,241.800698
Series_4,0.298039,241.879521
Series_4,0.298829,241.984200
Series_4,0.299619,242.132904
Series_4,0.300410,242.342834
Series_4,0.301200,242.624818
Series_4,0.301990,242.993898
Series_4,0.302780,243.452979
Series_4,0.303571,243.993713
Series_4,0.304361,244.609866
Series_4,0.305151,245.285218
Series_4,0.305941,246.008055
Series_4,0.306731,246.766665
Series_4,0.307522,247.561273
Series_4,0.308312,248.377502
Series_4,0.309102,249.189047
Series_4,0.309892,249.972546
Series_4,0.310682,250.699442
Series_4,0.311473,251.336368
Series_4,0.312263,251.856808
Series_4,0.313053,252.244709
Series_4,0.313843,252.493008
Series_4,0.314633,252.608887
Series_4,0.315424,252.602208
Series_4,0.316214,252.491258
Series_4,0.317004,252.298377
Series_4,0.317794,252.049525
Series_4,0.318584,251.774568
Series_4,0.319375,251.496141
Series_4,0.320165,251.223389
Series_4,0.320955,250.964836
Series_4,0.321745,250.743254
Series_4,0.322535,250.591405
Series_4,0.323326,250.532800
Series_4,0.324116,250.582043
Series_4,0.324906,250.744641
Series_4,0.325696,251.017247
Series_4,0.326486,251.382335
Series_4,0.327277,251.809921
Series_4,0.328067,252.271582
Series_4,0.328857,252.747448
Series_4,0.329647,253.208937
Series_4,0.330438,253.641556
Series_4,0.331228,254.035272
Series_4,0.332018,254.383609
Series_4,0.332808,254.685933
Series_4,0.333598,254.954432
Series_4,0.334389,255.202977
Series_4,0.335179,255.435574
Series_4,0.335969,255.656898
Series_4,0.336759,255.882452
Series_4,0.337549,256.113351
Series_4,0.338340,256.346581
Series_4,0.339130,256.589949
Series_4,0.339920,256.843942
Series_4,0.340710,257.102339
Series_4,0.341500,257.366493
Series_4,0.342291,257.633326
Series_4,0.343081,257.895811
Series_4,0.343871,258.159742
Series_4,0.344661,258.430687
Series_4,0.345451,258.700361
Series_4,0.346242,258.965776
Series_4,0.347032,259.238002
Series_4,0.347822,259.524325
Series_4,0.348612,259.822024
Series_4,0.349402,260.132811
Series_4,0.350193,260.448055
Series_4,0.350983,260.744752
Series_4,0.351773,260.998696
Series_4,0.352563,261.200044
Series_4,0.353353,261.340655
Series_4,0.354144,261.419402
Series_4,0.354934,261.445155
Series_4,0.355724,261.430870
Series_4,0.356514,261.388146
Series_4,0.357305,261.324011
Series_4,0.358095,261.245624
Series_4,0.358885,261.160070
Series_4,0.359675,261.073653
Series_4,0.360465,260.994073
Series_4,0.361256,260.938608
Series_4,0.362046,260.931080
Series_4,0.362836,260.997948
Series_4,0.363626,261.159324
Series_4,0.364416,261.424013
Series_4,0.365207,261.793401
Series_4,0.365997,262.255743
Series_4,0.366787,262.799298
Series_4,0.367577,263.397893
Series_4,0.368367,264.028262
Series_4,0.369158,264.653362
Series_4,0.369948,265.245004
Series_4,0.370738,265.782679
Series_4,0.371528,266.244606
Series_4,0.372318,266.611488
Series_4,0.373109,266.878076
Series_4,0.373899,267.042438
Series_4,0.374689,267.089153
Series_4,0.375479,267.010014
Series_4,0.376269,266.811955
Series_4,0.377060,266.510194
Series_4,0.377850,266.130441
Series_4,0.378640,265.696998
Series_4,0.379430,265.230501
Series_4,0.380220,264.760571
Series_4,0.381011,264.304963
Series_4,0.381801,263.873652
Series_4,0.382591,263.485563
Series_4,0.383381,263.157337
Series_4,0.384172,262.903452
Series_4,0.384962,262.726344
Series_4,0.385752,262.616302
Series_4,0.386542,262.557029
Series_4,0.387332,262.533566
Series_4,0.388123,262.535752
Series_4,0.388913,262.561573
Series_4,0.389703,262.617967
Series_4,0.390493,262.718523
Series_4,0.391283,262.879647
Series_4,0.392074,263.116995
Series_4,0.392864,263.438735
Series_4,0.393654,263.838601
Series_4,0.394444,264.317961
Series_4,0.395234,264.869115
Series_4,0.396025,265.473267
Series_4,0.396815,266.119387
Series_4,0.397605,266.781989
Series_4,0.398395,267.445284
Series_4,0.399185,268.105219
Series_4,0.399976,268.754042
Series_4,0.400766,269.383907
Series_4,0.401556,269.986970
Series_4,0.402346,270.542876
Series_4,0.403136,271.029485
Series_4,0.403927,271.420262
Series_4,0.404717,271.700834
Series_4,0.405507,271.871347
Series_4,0.406297,271.946500
Series_4,0.407087,271.950523
Series_4,0.407878,271.906486
Series_4,0.408668,271.836794
Series_4,0.409458,271.758189
Series_4,0.410248,271.680114
Series_4,0.411039,271.606977
Series_4,0.411829,271.540021
Series_4,0.412619,271.480772
Series_4,0.413409,271.431791
Series_4,0.414199,271.394868
Series_4,0.414990,271.369772
Series_4,0.415780,271.354568
Series_4,0.416570,271.345290
Series_4,0.417360,271.338287
Series_4,0.418150,271.330944
Series_4,0.418941,271.322549
Series_4,0.419731,271.313579
Series_4,0.420521,271.304978
Series_4,0.421311,271.297026
Series_4,0.422101,271.289565
Series_4,0.422892,271.282185
Series_4,0.423682,271.274399
Series_4,0.424472,271.265632
Series_4,0.425262,271.255785
Series_4,0.426052,271.245430
Series_4,0.426843,271.234774
Series_4,0.427633,271.223794
Series_4,0.428423,271.212966
Series_4,0.429213,271.204169
Series_4,0.430003,271.202328
Series_4,0.430794,271.216419
Series_4,0.431584,271.260290
Series_4,0.432374,271.350948
Series_4,0.433164,271.505835
Series_4,0.433954,271.737574
Series_4,0.434745,272.049860
Series_4,0.435535,272.435157
Series_4,0.436325,272.884132
Series_4,0.437115,273.377782
Series_4,0.437906,273.884882
Series_4,0.438696,274.388034
Series_4,0.439486,274.881397
Series_4,0.440276,275.344874
Series_4,0.441066,275.762628
Series_4,0.441857,276.133133
Series_4,0.442647,276.445021
Series_4,0.443437,276.676864
Series_4,0.444227,276.821317
Series_4,0.445017,276.881400
Series_4,0.445808,276.866158
Series_4,0.446598,276.792216
Series_4,0.447388,276.677431
Series_4,0.448178,276.538408
Series_4,0.448968,276.384532
Series_4,0.449759,276.218551
Series_4,0.450549,276.049106
Series_4,0.451339,275.889630
Series_4,0.452129,275.742369
Series_4,0.452919,275.614956
Series_4,0.453710,275.526064
Series_4,0.454500,275.485587
Series_4,0.455290,275.496503
Series_4,0.456080,275.554268
Series_4,0.456870,275.647397
Series_4,0.457661,275.770248
Series_4,0.458451,275.918758
Series_4,0.459241,276.077364
Series_4,0.460031,276.238506
Series_4,0.460821,276.403403
Series_4,0.461612,276.573699
Series_4,0.462402,276.755991
Series_4,0.463192,276.960294
Series_4,0.463982,277.191928
Series_4,0.464773,277.454161
Series_4,0.465563,277.759292
Series_4,0.466353,278.107016
Series_4,0.467143,278.483091
Series_4,0.467933,278.883807
Series_4,0.468724,279.312933
Series_4,0.469514,279.761950
Series_4,0.470304,280.214790
Series_4,0.471094,280.652958
Series_4,0.471884,281.044337
Series_4,0.472675,281.354062
Series_4,0.473465,281.561700
Series_4,0.474255,281.660975
Series_4,0.475045,281.656166
Series_4,0.475835,281.559531
Series_4,0.476626,281.391723
Series_4,0.477416,281.178014
Series_4,0.478206,280.941685
Series_4,0.478996,280.699265
Series_4,0.479786,280.464307
Series_4,0.480577,280.247279
Series_4,0.481367,280.044495
Series_4,0.482157,279.859513
Series_4,0.482947,279.710152
Series_4,0.483737,279.606415
Series_4,0.484528,279.549910
Series_4,0.485318,279.538490
Series_4,0.486108,279.567004
Series_4,0.486898,279.626231
Series_4,0.487688,279.702483
Series_4,0.488479,279.782482
Series_4,0.489269,279.861312
Series_4,0.490059,279.935192
Series_4,0.490849,280.000280
Series_4,0.491640,280.056267
Series_4,0.492430,280.107383
Series_4,0.493220,280.161359
Series_4,0.494010,280.229382
Series_4,0.494800,280.322780
Series_4,0.495591,280.448556
Series_4,0.496381,280.607572
Series_4,0.497171,280.798566
Series_4,0.497961,281.022538
Series_4,0.498751,281.270839
Series_4,0.499542,281.542480
Series_4,0.500332,281.842380
Series_4,0.501122,282.161997
Series_4,0.501912,282.480110
Series_4,0.502702,282.769655
Series_4,0.503493,282.999148
Series_4,0.504283,283.151092
Series_4,0.505073,283.222344
Series_4,0.505863,283.221157
Series_4,0.506653,283.156534
Series_4,0.507444,283.033603
Series_4,0.508234,282.858332
Series_4,0.509024,282.646347
Series_4,0.509814,282.420921
Series_4,0.510604,282.200016
Series_4,0.511395,281.992392
Series_4,0.512185,281.801584
Series_4,0.512975,281.628561
Series_4,0.513765,281.481412
Series_4,0.514555,281.376725
Series_4,0.515346,281.323066
Series_4,0.516136,281.318559
Series_4,0.516926,281.356246
Series_4,0.517716,281.429728
Series_4,0.518507,281.522080
Series_4,0.519297,281.612793
Series_4,0.520087,281.693161
Series_4,0.520877,281.767024
Series_4,0.521667,281.846211
Series_4,0.522458,281.948648
Series_4,0.523248,282.095562
Series_4,0.524038,282.304155
Series_4,0.524828,282.583090
Series_4,0.525618,282.927743
Series_4,0.526409,283.332503
Series_4,0.527199,283.787521
Series_4,0.527989,284.271943
Series_4,0.528779,284.773166
Series_4,0.529569,285.279106
Series_4,0.530360,285.775599
Series_4,0.531150,286.257587
Series_4,0.531940,286.707415
Series_4,0.532730,287.099284
Series_4,0.533520,287.419758
Series_4,0.534311,287.664471
Series_4,0.535101,287.816230
Series_4,0.535891,287.867222
Series_4,0.536681,287.823170
Series_4,0.537471,287.703978
Series_4,0.538262,287.536881
Series_4,0.539052,287.342125
Series_4,0.539842,287.138141
Series_4,0.540632,286.940978
Series_4,0.541422,286.759790
Series_4,0.542213,286.595930
Series_4,0.543003,286.450776
Series_4,0.543793,286.325591
Series_4,0.544583,286.216277
Series_4,0.545374,286.122104
Series_4,0.546164,286.043985
Series_4,0.546954,285.979429
Series_4,0.547744,285.923556
Series_4,0.548534,285.871679
Series_4,0.549325,285.820194
Series_4,0.550115,285.765096
Series_4,0.550905,285.703904
Series_4,0.551695,285.636429
Series_4,0.552485,285.563966
Series_4,0.553276,285.491245
Series_4,0.554066,285.431083
Series_4,0.554856,285.403174
Series_4,0.555646,285.418524
Series_4,0.556436,285.481974
Series_4,0.557227,285.599676
Series_4,0.558017,285.770279
Series_4,0.558807,285.978856
Series_4,0.559597,286.211186
Series_4,0.560387,286.463030
Series_4,0.561178,286.727958
Series_4,0.561968,286.992982
Series_4,0.562758,287.251270
Series_4,0.563548,287.503304
Series_4,0.564338,287.741620
Series_4,0.565129,287.951011
Series_4,0.565919,288.126767
Series_4,0.566709,288.273115
Series_4,0.567499,288.398053
Series_4,0.568289,288.511484
Series_4,0.569080,288.622518
Series_4,0.569870,288.735067
Series_4,0.570660,288.852364
Series_4,0.571450,288.968708
Series_4,0.572241,289.072006
Series_4,0.573031,289.157969
Series_4,0.573821,289.227830
Series_4,0.574611,289.275428
Series_4,0.575401,289.293583
Series_4,0.576192,289.278003
Series_4,0.576982,289.227872
Series_4,0.577772,289.151924
Series_4,0.578562,289.058524
Series_4,0.579352,288.948333
Series_4,0.580143,288.824908
Series_4,0.580933,288.692845
Series_4,0.581723,288.562649
Series_4,0.582513,288.453261
Series_4,0.583303,288.384048
Series_4,0.584094,288.366780
Series_4,0.584884,288.407666
Series_4,0.585674,288.510856
Series_4,0.586464,288.674022
Series_4,0.587254,288.886559
Series_4,0.588045,289.127228
Series_4,0.588835,289.387695
Series_4,0.589625,289.672322
Series_4,0.590415,289.976649
Series_4,0.591205,290.281823
Series_4,0.591996,290.574402
Series_4,0.592786,290.842697
Series_4,0.593576,291.073993
Series_4,0.594366,291.255071
Series_4,0.595156,291.373236
Series_4,0.595947,291.420919
Series_4,0.596737,291.393856
Series_4,0.597527,291.301907
Series_4,0.598317,291.169349
Series_4,0.599108,291.019500
Series_4,0.599898,290.868496
Series_4,0.600688,290.722987
Series_4,0.601478,290.579339
Series_4,0.602268,290.431912
Series_4,0.603059,290.280304
Series_4,0.603849,290.125812
Series_4,0.604639,289.974812
Series_4,0.605429,289.837374
Series_4,0.606219,289.727652
Series_4,0.607010,289.655391
Series_4,0.607800,289.621427
Series_4,0.608590,289.619091
Series_4,0.609380,289.634280
Series_4,0.610170,289.652423
Series_4,0.610961,289.666270
Series_4,0.611751,289.672791
Series_4,0.612541,289.671695
Series_4,0.613331,289.666874
Series_4,0.614121,289.664273
Series_4,0.614912,289.669586
Series_4,0.615702,289.685908
Series_4,0.616492,289.715422
Series_4,0.617282,289.759087
Series_4,0.618072,289.817474
Series_4,0.618863,289.890752
Series_4,0.619653,289.976341
Series_4,0.620443,290.069068
Series_4,0.621233,290.161798
Series_4,0.622023,290.250091
Series_4,0.622814,290.333966
Series_4,0.623604,290.416059
Series_4,0.624394,290.500005
Series_4,0.625184,290.589317
Series_4,0.625975,290.688373
Series_4,0.626765,290.801684
Series_4,0.627555,290.933462
Series_4,0.628345,291.084745
Series_4,0.629135,291.251448
Series_4,0.629926,291.421011
Series_4,0.630716,291.584314
Series_4,0.631506,291.739669
Series_4,0.632296,291.889207
Series_4,0.633086,292.035423
Series_4,0.633877,292.180703
Series_4,0.634667,292.325863
Series_4,0.635457,292.473728
Series_4,0.636247,292.627988
Series_4,0.637037,292.792827
Series_4,0.637828,292.972609
Series_4,0.638618,293.170402
Series_4,0.639408,293.384910
Series_4,0.640198,293.609680
Series_4,0.640988,293.832201
Series_4,0.641779,294.046879
Series_4,0.642569,294.254470
Series_4,0.643359,294.445708
Series_4,0.644149,294.611890
Series_4,0.644939,294.755400
Series_4,0.645730,294.880349
Series_4,0.646520,294.984620
Series_4,0.647310,295.064371
Series_4,0.648100,295.120103
Series_4,0.648890,295.155444
Series_4,0.649681,295.174316
Series_4,0.650471,295.179786
Series_4,0.651261,295.175459
Series_4,0.652051,295.164598
Series_4,0.652841,295.150158
Series_4,0.653632,295.135342
Series_4,0.654422,295.124112
Series_4,0.655212,295.118762
Series_4,0.656002,295.119955
Series_4,0.656793,295.128526
Series_4,0.657583,295.147594
Series_4,0.658373,295.181097
Series_4,0.659163,295.231192
Series_4,0.659953,295.295810
Series_4,0.660744,295.370239
Series_4,0.661534,295.449710
Series_4,0.662324,295.530704
Series_4,0.663114,295.610332
Series_4,0.663904,295.684517
Series_4,0.664695,295.743716
Series_4,0.665485,295.778097
Series_4,0.666275,295.778354
Series_4,0.667065,295.730874
Series_4,0.667855,295.622637
Series_4,0.668646,295.447135
Series_4,0.669436,295.207846
Series_4,0.670226,294.920191
Series_4,0.671016,294.598693
Series_4,0.671806,294.254179
Series_4,0.672597,293.906509
Series_4,0.673387,293.581833
Series_4,0.674177,293.298219
Series_4,0.674967,293.082525
Series_4,0.675757,292.961950
Series_4,0.676548,292.949192
Series_4,0.677338,293.042723
Series_4,0.678128,293.226950
Series_4,0.678918,293.479257
Series_4,0.679708,293.768905
Series_4,0.680499,294.068919
Series_4,0.681289,294.364336
Series_4,0.682079,294.653803
Series_4,0.682869,294.933320
Series_4,0.683660,295.189605
Series_4,0.684450,295.415809
Series_4,0.685240,295.611574
Series_4,0.686030,295.778903
Series_4,0.686820,295.929700
Series_4,0.687611,296.078397
Series_4,0.688401,296.233098
Series_4,0.689191,296.397336
Series_4,0.689981,296.570527
Series_4,0.690771,296.750593
Series_4,0.691562,296.932282
Series_4,0.692352,297.110660
Series_4,0.693142,297.279717
Series_4,0.693932,297.431836
Series_4,0.694722,297.566492
Series_4,0.695513,297.684325
Series_4,0.696303,297.786413
Series_4,0.697093,297.879532
Series_4,0.697883,297.971348
Series_4,0.698673,298.064837
Series_4,0.699464,298.156023
Series_4,0.700254,298.245296
Series_4,0.701044,298.332831
Series_4,0.701834,298.418652
Series_4,0.702624,298.504487
Series_4,0.703415,298.589933
Series_4,0.704205,298.667146
Series_4,0.704995,298.723154
Series_4,0.705785,298.742343
Series_4,0.706575,298.710109
Series_4,0.707366,298.621605
Series_4,0.708156,298.485767
Series_4,0.708946,298.322224
Series_4,0.709736,298.144111
Series_4,0.710527,297.951964
Series_4,0.711317,297.740524
Series_4,0.712107,297.509503
Series_4,0.712897,297.265850
Series_4,0.713687,297.014765
Series_4,0.714478,296.766367
Series_4,0.715268,296.535514
Series_4,0.716058,296.335587
Series_4,0.716848,296.175500
Series_4,0.717638,296.059323
Series_4,0.718429,295.987254
Series_4,0.719219,295.953514
Series_4,0.720009,295.946928
Series_4,0.720799,295.955409
Series_4,0.721589,295.968397
Series_4,0.722380,295.976823
Series_4,0.723170,295.980000
Series_4,0.723960,295.982769
Series_4,0.724750,295.995389
Series_4,0.725540,296.036773
Series_4,0.726331,296.128553
Series_4,0.727121,296.283819
Series_4,0.727911,296.507031
Series_4,0.728701,296.798439
Series_4,0.729491,297.161533
Series_4,0.730282,297.585722
Series_4,0.731072,298.048502
Series_4,0.731862,298.535862
Series_4,0.732652,299.022933
Series_4,0.733442,299.478059
Series_4,0.734233,299.883698
Series_4,0.735023,300.221136
Series_4,0.735813,300.466411
Series_4,0.736603,300.609566
Series_4,0.737394,300.654103
Series_4,0.738184,300.607264
Series_4,0.738974,300.484618
Series_4,0.739764,300.302507
Series_4,0.740554,300.074779
Series_4,0.741345,299.819744
Series_4,0.742135,299.543970
Series_4,0.742925,299.252771
Series_4,0.743715,298.955456
Series_4,0.744505,298.660980
Series_4,0.745296,298.377252
Series_4,0.746086,298.110327
Series_4,0.746876,297.857501
Series_4,0.747666,297.607337
Series_4,0.748456,297.358753
Series_4,0.749247,297.111070
Series_4,0.750037,296.854945
Series_4,0.750827,296.585165
Series_4,0.751617,296.307978
Series_4,0.752407,296.030839
Series_4,0.753198,295.748517
Series_4,0.753988,295.461121
Series_4,0.754778,295.181764
Series_4,0.755568,294.926304
Series_4,0.756358,294.718291
Series_4,0.757149,294.571671
Series_4,0.757939,294.491440
Series_4,0.758729,294.482595
Series_4,0.759519,294.550075
Series_4,0.760309,294.683926
Series_4,0.761100,294.875840
Series_4,0.761890,295.103343
Series_4,0.762680,295.343696
Series_4,0.763470,295.587825
Series_4,0.764261,295.827999
Series_4,0.765051,296.052280
Series_4,0.765841,296.254532
Series_4,0.766631,296.433631
Series_4,0.767421,296.575131
Series_4,0.768212,296.662517
Series_4,0.769002,296.692125
Series_4,0.769792,296.669299
Series_4,0.770582,296.603553
Series_4,0.771372,296.509684
Series_4,0.772163,296.403039
Series_4,0.772953,296.294850
Series_4,0.773743,296.192037
Series_4,0.774533,296.098938
Series_4,0.775323,296.024893
Series_4,0.776114,295.975989
Series_4,0.776904,295.954268
Series_4,0.777694,295.959555
Series_4,0.778484,295.989237
Series_4,0.779274,296.043614
Series_4,0.780065,296.118498
Series_4,0.780855,296.204168
Series_4,0.781645,296.294696
Series_4,0.782435,296.386922
Series_4,0.783225,296.476345
Series_4,0.784016,296.561449
Series_4,0.784806,296.639530
Series_4,0.785596,296.699064
Series_4,0.786386,296.723477
Series_4,0.787176,296.703187
Series_4,0.787967,296.641492
Series_4,0.788757,296.542626
Series_4,0.789547,296.403962
Series_4,0.790337,296.222588
Series_4,0.791128,296.008060
Series_4,0.791918,295.775262
Series_4,0.792708,295.532218
Series_4,0.793498,295.284241
Series_4,0.794288,295.034652
Series_4,0.795079,294.788629
Series_4,0.795869,294.562819
Series_4,0.796659,294.387811
Series_4,0.797449,294.296164
Series_4,0.798239,294.305812
Series_4,0.799030,294.421188
Series_4,0.799820,294.633109
Series_4,0.800610,294.917894
Series_4,0.801400,295.237279
Series_4,0.802190,295.560982
Series_4,0.802981,295.872745
Series_4,0.803771,296.163980
Series_4,0.804561,296.431456
Series_4,0.805351,296.685606
Series_4,0.806141,296.942004
Series_4,0.806932,297.202035
Series_4,0.807722,297.461094
Series_4,0.808512,297.727746
Series_4,0.809302,298.009808
Series_4,0.810092,298.308308
Series_4,0.810883,298.623840
Series_4,0.811673,298.950412
Series_4,0.812463,299.272198
Series_4,0.813253,299.578248
Series_4,0.814043,299.863526
Series_4,0.814834,300.121714
Series_4,0.815624,300.349956
Series_4,0.816414,300.543464
Series_4,0.817204,300.684667
Series_4,0.817995,300.745235
Series_4,0.818785,300.709219
Series_4,0.819575,300.573372
Series_4,0.820365,300.344754
Series_4,0.821155,300.038668
Series_4,0.821946,299.665121
Series_4,0.822736,299.241764
Series_4,0.823526,298.795981
Series_4,0.824316,298.362328
Series_4,0.825106,297.975478
Series_4,0.825897,297.660209
Series_4,0.826687,297.428715
Series_4,0.827477,297.288498
Series_4,0.828267,297.246193
Series_4,0.829057,297.294603
Series_4,0.829848,297.415403
Series_4,0.830638,297.591117
Series_4,0.831428,297.811282
Series_4,0.832218,298.074465
Series_4,0.833008,298.372448
Series_4,0.833799,298.684140
Series_4,0.834589,298.987080
Series_4,0.835379,299.263057
Series_4,0.836169,299.494889
Series_4,0.836959,299.672297
Series_4,0.837750,299.793373
Series_4,0.838540,299.860881
Series_4,0.839330,299.883098
Series_4,0.840120,299.873758
Series_4,0.840910,299.848063
Series_4,0.841701,299.818626
Series_4,0.842491,299.793895
Series_4,0.843281,299.778401
Series_4,0.844071,299.773463
Series_4,0.844862,299.778411
Series_4,0.845652,299.790010
Series_4,0.846442,299.802501
Series_4,0.847232,299.809451
Series_4,0.848022,299.806740
Series_4,0.848813,299.793160
Series_4,0.849603,299.767599
Series_4,0.850393,299.729162
Series_4,0.851183,299.678218
Series_4,0.851973,299.616330
Series_4,0.852764,299.546808
Series_4,0.853554,299.474361
Series_4,0.854344,299.404394
Series_4,0.855134,299.341677
Series_4,0.855924,299.290756
Series_4,0.856715,299.253879
Series_4,0.857505,299.234573
Series_4,0.858295,299.238221
Series_4,0.859085,299.266744
Series_4,0.859875,299.320946
Series_4,0.860666,299.400798
Series_4,0.861456,299.504161
Series_4,0.862246,299.624456
Series_4,0.863036,299.757136
Series_4,0.863826,299.899448
Series_4,0.864617,300.047516
Series_4,0.865407,300.194468
Series_4,0.866197,300.334799
Series_4,0.866987,300.465758
Series_4,0.867777,300.587662
Series_4,0.868568,300.698844
Series_4,0.869358,300.801545
Series_4,0.870148,300.898234
Series_4,0.870938,300.990784
Series_4,0.871729,301.080188
Series_4,0.872519,301.169247
Series_4,0.873309,301.262020
Series_4,0.874099,301.361391
Series_4,0.874889,301.465590
Series_4,0.875680,301.568661
Series_4,0.876470,301.664808
Series_4,0.877260,301.749661
Series_4,0.878050,301.818445
Series_4,0.878840,301.871012
Series_4,0.879631,301.909140
Series_4,0.880421,301.935756
Series_4,0.881211,301.953453
Series_4,0.882001,301.964546
Series_4,0.882791,301.970531
Series_4,0.883582,301.972168
Series_4,0.884372,301.969264
Series_4,0.885162,301.959413
Series_4,0.885952,301.938194
Series_4,0.886742,301.900238
Series_4,0.887533,301.839728
Series_4,0.888323,301.750799
Series_4,0.889113,301.628242
Series_4,0.889903,301.469434
Series_4,0.890693,301.276584
Series_4,0.891484,301.054646
Series_4,0.892274,300.813213
Series_4,0.893064,300.566434
Series_4,0.893854,300.326293
Series_4,0.894644,300.101852
Series_4,0.895435,299.900171
Series_4,0.896225,299.728552
Series_4,0.897015,299.590149
Series_4,0.897805,299.480747
Series_4,0.898596,299.395496
Series_4,0.899386,299.336904
Series_4,0.900176,299.314745
Series_4,0.900966,299.325159
Series_4,0.901756,299.356785
Series_4,0.902547,299.400219
Series_4,0.903337,299.449606
Series_4,0.904127,299.502851
Series_4,0.904917,299.560994
Series_4,0.905707,299.627783
Series_4,0.906498,299.706924
Series_4,0.907288,299.799652
Series_4,0.908078,299.904578
Series_4,0.908868,300.018799
Series_4,0.909658,300.139069
Series_4,0.910449,300.266340
Series_4,0.911239,300.404436
Series_4,0.912029,300.551583
Series_4,0.912819,300.705761
Series_4,0.913609,300.868129
Series_4,0.914400,301.039116
Series_4,0.915190,301.208351
Series_4,0.915980,301.359740
Series_4,0.916770,301.483438
Series_4,0.917560,301.571812
Series_4,0.918351,301.621010
Series_4,0.919141,301.632518
Series_4,0.919931,301.610599
Series_4,0.920721,301.561797
Series_4,0.921511,301.492627
Series_4,0.922302,301.409984
Series_4,0.923092,301.320248
Series_4,0.923882,301.227423
Series_4,0.924672,301.135064
Series_4,0.925463,301.052832
Series_4,0.926253,300.981326
Series_4,0.927043,300.913472
Series_4,0.927833,300.842742
Series_4,0.928623,300.763540
Series_4,0.929414,300.671989
Series_4,0.930204,300.566014
Series_4,0.930994,300.445607
Series_4,0.931784,300.313555
Series_4,0.932574,300.170874
Series_4,0.933365,300.017330
Series_4,0.934155,299.852957
Series_4,0.934945,299.681767
Series_4,0.935735,299.515120
Series_4,0.936525,299.371275
Series_4,0.937316,299.261276
Series_4,0.938106,299.197186
Series_4,0.938896,299.198372
Series_4,0.939686,299.279252
Series_4,0.940476,299.442426
Series_4,0.941267,299.679410
Series_4,0.942057,299.970164
Series_4,0.942847,300.299655
Series_4,0.943637,300.653515
Series_4,0.944427,301.010178
Series_4,0.945218,301.354246
Series_4,0.946008,301.674851
Series_4,0.946798,301.951285
Series_4,0.947588,302.166826
Series_4,0.948378,302.299683
Series_4,0.949169,302.325985
Series_4,0.949959,302.233992
Series_4,0.950749,302.026527
Series_4,0.951539,301.719598
Series_4,0.952330,301.341914
Series_4,0.953120,300.909375
Series_4,0.953910,300.427035
Series_4,0.954700,299.914299
Series_4,0.955490,299.391095
Series_4,0.956281,298.880607
Series_4,0.957071,298.419728
Series_4,0.957861,298.051059
Series_4,0.958651,297.802665
Series_4,0.959441,297.694997
Series_4,0.960232,297.736729
Series_4,0.961022,297.922055
Series_4,0.961812,298.230477
Series_4,0.962602,298.628007
Series_4,0.963392,299.083639
Series_4,0.964183,299.580206
Series_4,0.964973,300.098585
Series_4,0.965763,300.614714
Series_4,0.966553,301.114736
Series_4,0.967343,301.583076
Series_4,0.968134,301.994234
Series_4,0.968924,302.336613
Series_4,0.969714,302.610763
Series_4,0.970504,302.821789
Series_4,0.971294,302.982828
Series_4,0.972085,303.108290
Series_4,0.972875,303.209770
Series_4,0.973665,303.295537
Series_4,0.974455,303.374397
Series_4,0.975245,303.451328
Series_4,0.976036,303.522948
Series_4,0.976826,303.586602
Series_4,0.977616,303.643701
Series_4,0.978406,303.687458
Series_4,0.979197,303.708919
Series_4,0.979987,303.705217
Series_4,0.980777,303.677551
Series_4,0.981567,303.628711
Series_4,0.982357,303.560611
Series_4,0.983148,303.475197
Series_4,0.983938,303.381267
Series_4,0.984728,303.281457
Series_4,0.985518,303.175001
Series_4,0.986308,303.065411
Series_4,0.987099,302.947164
Series_4,0.987889,302.808233
Series_4,0.988679,302.643727
Series_4,0.989469,302.447847
Series_4,0.990259,302.221974
Series_4,0.991050,301.978243
Series_4,0.991840,301.720334
Series_4,0.992630,301.438336
Series_4,0.993420,301.124236
Series_4,0.994210,300.783644
Series_4,0.995001,300.431537
Series_4,0.995791,300.079662
Series_4,0.996581,299.737829
Series_4,0.997371,299.424013
Series_4,0.998161,299.150560
Series_4,0.998952,298.937183
Series_4,0.999742,298.790937
Series_4,1.000532,298.718879
Series_4,1.001322,298.728072
Series_4,1.002112,298.822325
Series_4,1.002903,298.989277
Series_4,1.003693,299.205327
Series_4,1.004483,299.459770
Series_4,1.005273,299.743284
Series_4,1.006063,300.047499
Series_4,1.006854,300.371570
Series_4,1.007644,300.705233
Series_4,1.008434,301.039461
Series_4,1.009224,301.370663
Series_4,1.010015,301.705584
Series_4,1.010805,302.050552
Series_4,1.011595,302.412466
Series_4,1.012385,302.789545
Series_4,1.013175,303.175402
Series_4,1.013966,303.571545
Series_4,1.014756,303.969340
Series_4,1.015546,304.350750
Series_4,1.016336,304.705959
Series_4,1.017126,305.021601
Series_4,1.017917,305.289959
Series_4,1.018707,305.515565
Series_4,1.019497,305.706896
Series_4,1.020287,305.860911
Series_4,1.021077,305.976183
Series_4,1.021868,306.061206
Series_4,1.022658,306.128052
Series_4,1.023448,306.188785
Series_4,1.024238,306.254085
Series_4,1.025028,306.327464
Series_4,1.025819,306.405564
Series_4,1.026609,306.485296
Series_4,1.027399,306.557668
Series_4,1.028189,306.602574
Series_4,1.028979,306.599906
Series_4,1.029770,306.537084
Series_4,1.030560,306.407905
Series_4,1.031350,306.214398
Series_4,1.032140,305.964416
Series_4,1.032930,305.672454
Series_4,1.033721,305.360126
Series_4,1.034511,305.039060
Series_4,1.035301,304.708053
Series_4,1.036091,304.372745
Series_4,1.036882,304.043261
Series_4,1.037672,303.729508
Series_4,1.038462,303.437742
Series_4,1.039252,303.172738
Series_4,1.040042,302.929497
Series_4,1.040833,302.702651
Series_4,1.041623,302.493025
Series_4,1.042413,302.303723
Series_4,1.043203,302.132544
Series_4,1.043993,301.975300
Series_4,1.044784,301.826368
Series_4,1.045574,301.677755
Series_4,1.046364,301.529693
Series_4,1.047154,301.390252
Series_4,1.047944,301.265944
Series_4,1.048735,301.163563
Series_4,1.049525,301.097021
Series_4,1.050315,301.086848
Series_4,1.051105,301.144447
Series_4,1.051895,301.267037
Series_4,1.052686,301.444033
Series_4,1.053476,301.671278
Series_4,1.054266,301.933963
Series_4,1.055056,302.215667
Series_4,1.055846,302.495113
Series_4,1.056637,302.753570
Series_4,1.057427,302.976961
Series_4,1.058217,303.161984
Series_4,1.059007,303.316006
Series_4,1.059797,303.437464
Series_4,1.060588,303.520377
Series_4,1.061378,303.565229
Series_4,1.062168,303.573532
Series_4,1.062958,303.547664
Series_4,1.063749,303.492209
Series_4,1.064539,303.415436
Series_4,1.065329,303.324933
Series_4,1.066119,303.229028
Series_4,1.066909,303.133927
Series_4,1.067700,303.047522
Series_4,1.068490,302.973936
Series_4,1.069280,302.915432
Series_4,1.070070,302.872360
Series_4,1.070860,302.844802
Series_4,1.071651,302.830230
Series_4,1.072441,302.825042
Series_4,1.073231,302.825693
Series_4,1.074021,302.829197
Series_4,1.074811,302.833714
Series_4,1.075602,302.838201
Series_4,1.076392,302.842100
Series_4,1.077182,302.844512
Series_4,1.077972,302.845206
Series_4,1.078762,302.844105
Series_4,1.079553,302.841507
Series_4,1.080343,302.837836
Series_4,1.081133,302.833707
Series_4,1.081923,302.829682
Series_4,1.082713,302.826680
Series_4,1.083504,302.826352
Series_4,1.084294,302.829641
Series_4,1.085084,302.836609
Series_4,1.085874,302.846196
Series_4,1.086664,302.855746
Series_4,1.087455,302.860315
Series_4,1.088245,302.853117
Series_4,1.089035,302.824939
Series_4,1.089825,302.764636
Series_4,1.090616,302.661674
Series_4,1.091406,302.513712
Series_4,1.092196,302.323480
Series_4,1.092986,302.102561
Series_4,1.093776,301.865985
Series_4,1.094567,301.621865
Series_4,1.095357,301.369231
Series_4,1.096147,301.107963
Series_4,1.096937,300.846817
Series_4,1.097727,300.602019
Series_4,1.098518,300.390554
Series_4,1.099308,300.234198
Series_4,1.100098,300.151837
Series_4,1.100888,300.150057
Series_4,1.101678,300.228545
Series_4,1.102469,300.383764
Series_4,1.103259,300.609578
Series_4,1.104049,300.891312
Series_4,1.104839,301.203062
Series_4,1.105629,301.526441
Series_4,1.106420,301.854705
Series_4,1.107210,302.186819
Series_4,1.108000,302.518640
Series_4,1.108790,302.837899
Series_4,1.109580,303.127134
Series_4,1.110371,303.379269
Series_4,1.111161,303.594545
Series_4,1.111951,303.771242
Series_4,1.112741,303.906533
Series_4,1.113531,304.008782
Series_4,1.114322,304.088647
Series_4,1.115112,304.162803
Series_5,-0.093113,-3.446954
Series_5,-0.092323,-3.597673
Series_5,-0.091532,-3.520713
Series_5,-0.090742,-3.443750
Series_5,-0.089952,-3.366783
Series_5,-0.089162,-3.289810
Series_5,-0.088372,-3.212825
Series_5,-0.087581,-3.135825
Series_5,-0.086791,-3.058806
Series_5,-0.086001,-2.981761
Series_5,-0.085211,-2.904684
Series_5,-0.084421,-2.827568
Series_5,-0.083630,-2.750406
Series_5,-0.082840,-2.673188
Series_5,-0.082050,-2.595905
Series_5,-0.081260,-2.518548
Series_5,-0.080469,-2.441105
Series_5,-0.079679,-2.363567
Series_5,-0.078889,-2.285919
Series_5,-0.078099,-2.208151
Series_5,-0.077309,-2.130247
Series_5,-0.076518,-2.052195
Series_5,-0.075728,-1.973978
Series_5,-0.074938,-1.895583
Series_5,-0.074148,-1.816991
Series_5,-0.073358,-1.738187
Series_5,-0.072567,-1.659152
Series_5,-0.071777,-1.579868
Series_5,-0.070987,-1.500316
Series_5,-0.070197,-1.420476
Series_5,-0.069407,-1.340328
Series_5,-0.068616,-1.259850
Series_5,-0.067826,-1.179020
Series_5,-0.067036,-1.097816
Series_5,-0.066246,-1.016214
Series_5,-0.065456,-0.934190
Series_5,-0.064665,-0.851719
Series_5,-0.063875,-0.768777
Series_5,-0.063085,-0.685335
Series_5,-0.062295,-0.695967
Series_5,-0.061505,-0.710552
Series_5,-0.060714,-0.756381
Series_5,-0.059924,-0.737967
Series_5,-0.059134,-0.750739
Series_5,-0.058344,-0.762847
Series_5,-0.057554,-0.774261
Series_5,-0.056763,-0.784949
Series_5,-0.055973,-0.794878
Series_5,-0.055183,-0.804017
Series_5,-0.054393,-0.812330
Series_5,-0.053603,-0.819784
Series_5,-0.052812,-0.826343
Series_5,-0.052022,-0.831972
Series_5,-0.051232,-0.836635
Series_5,-0.050442,-0.840293
Series_5,-0.049651,-0.842910
Series_5,-0.048861,-0.844446
Series_5,-0.048071,-0.844862
Series_5,-0.047281,-0.844119
Series_5,-0.046491,-0.842175
Series_5,-0.045700,-0.838990
Series_5,-0.044910,-0.834521
Series_5,-0.044120,-0.828724
Series_5,-0.043330,-0.821558
Series_5,-0.042540,-0.812977
Series_5,-0.041749,-0.802937
Series_5,-0.040959,-0.791392
Series_5,-0.040169,-0.778295
Series_5,-0.039379,-0.763600
Series_5,-0.038589,-0.747260
Series_5,-0.037798,-0.729224
Series_5,-0.037008,-0.709445
Series_5,-0.036218,-0.687873
Series_5,-0.035428,-0.664456
Series_5,-0.034638,-0.639145
Series_5,-0.033847,-0.611886
Series_5,-0.033057,-0.582628
Series_5,-0.032267,-0.551316
Series_5,-0.031477,-0.517897
Series_5,-0.030687,-0.480817
Series_5,-0.029896,-0.438231
Series_5,-0.029106,-0.388624
Series_5,-0.028316,-0.331175
Series_5,-0.027526,-0.265826
Series_5,-0.026736,-0.193481
Series_5,-0.025945,-0.117136
Series_5,-0.025155,-0.038104
Series_5,-0.024365,0.043679
Series_5,-0.023575,0.128816
Series_5,-0.022784,0.219166
Series_5,-0.021994,0.317753
Series_5,-0.021204,0.427477
Series_5,-0.020414,0.550629
Series_5,-0.019624,0.688401
Series_5,-0.018833,0.840060
Series_5,-0.018043,1.003002
Series_5,-0.017253,1.174888
Series_5,-0.016463,1.351727
Series_5,-0.015673,1.528055
Series_5,-0.014882,1.697612
Series_5,-0.014092,1.856539
Series_5,-0.013302,2.000576
Series_5,-0.012512,2.123804
Series_5,-0.011722,2.222121
Series_5,-0.010931,2.291580
Series_5,-0.010141,2.328931
Series_5,-0.009351,2.329279
Series_5,-0.008561,2.287735
Series_5,-0.007771,2.198809
Series_5,-0.006980,2.058374
Series_5,-0.006190,1.865009
Series_5,-0.005400,1.620055
Series_5,-0.004610,1.325442
Series_5,-0.003820,0.983099
Series_5,-0.003029,0.594958
Series_5,-0.002239,0.162951
Series_5,-0.001449,-0.310991
Series_5,-0.000659,-0.825348
Series_5,0.000131,-1.378601
Series_5,0.000922,-1.966747
Series_5,0.001712,-2.583682
Series_5,0.002502,-3.223299
Series_5,0.003292,-3.879492
Series_5,0.004083,-4.546155
Series_5,0.004873,-5.217594
Series_5,0.005663,-5.888964
Series_5,0.006453,-6.555162
Series_5,0.007243,-7.210908
Series_5,0.008034,-7.850790
Series_5,0.008824,-8.468712
Series_5,0.009614,-9.058233
Series_5,0.010404,-9.613223
Series_5,0.011194,-10.126775
Series_5,0.011985,-10.593413
Series_5,0.012775,-11.009847
Series_5,0.013565,-11.374075
Series_5,0.014355,-11.684464
Series_5,0.015145,-11.939380
Series_5,0.015936,-12.137190
Series_5,0.016726,-12.276260
Series_5,0.017516,-12.354954
Series_5,0.018306,-12.371637
Series_5,0.019096,-12.324673
Series_5,0.019887,-12.214787
Series_5,0.020677,-12.043344
Series_5,0.021467,-11.811710
Series_5,0.022257,-11.521277
Series_5,0.023047,-11.173434
Series_5,0.023838,-10.769579
Series_5,0.024628,-10.311108
Series_5,0.025418,-9.799416
Series_5,0.026208,-9.235898
Series_5,0.026998,-8.621949
Series_5,0.027789,-7.958961
Series_5,0.028579,-7.248328
Series_5,0.029369,-6.491440
Series_5,0.030159,-5.689690
Series_5,0.030950,-4.102219
Series_5,0.031740,-3.173220
Series_5,0.032530,-2.788355
Series_5,0.033320,-2.066734
Series_5,0.034110,-1.066354
Series_5,0.034901,-0.031777
Series_5,0.035691,1.035568
Series_5,0.036481,2.134256
Series_5,0.037271,3.262807
Series_5,0.038061,4.419321
Series_5,0.038852,5.601896
Series_5,0.039642,6.808633
Series_5,0.040432,8.037632
Series_5,0.041222,9.286993
Series_5,0.042012,10.554819
Series_5,0.042803,11.839213
Series_5,0.043593,13.138278
Series_5,0.044383,14.450117
Series_5,0.045173,15.772835
Series_5,0.045963,17.104538
Series_5,0.046754,18.443331
Series_5,0.047544,19.787321
Series_5,0.048334,21.134617
Series_5,0.049124,22.483324
Series_5,0.049914,23.831553
Series_5,0.050705,25.176538
Series_5,0.051495,26.516176
Series_5,0.052285,27.848905
Series_5,0.053075,29.172760
Series_5,0.053865,30.485829
Series_5,0.054656,31.786201
Series_5,0.055446,33.072483
Series_5,0.056236,34.343939
Series_5,0.057026,35.599830
Series_5,0.057817,36.840023
Series_5,0.058607,38.063129
Series_5,0.059397,39.267762
Series_5,0.060187,40.452664
Series_5,0.060977,41.616959
Series_5,0.061768,42.759770
Series_5,0.062558,43.880456
Series_5,0.063348,44.978347
Series_5,0.064138,46.053300
Series_5,0.064928,47.105397
Series_5,0.065719,48.135016
Series_5,0.066509,49.142547
Series_5,0.067299,50.128376
Series_5,0.068089,51.092904
Series_5,0.068879,52.036991
Series_5,0.069670,52.961624
Series_5,0.070460,53.868325
Series_5,0.071250,54.759335
Series_5,0.072040,55.637507
Series_5,0.072830,56.505193
Series_5,0.073621,57.365415
Series_5,0.074411,58.221984
Series_5,0.075201,59.078499
Series_5,0.075991,59.939691
Series_5,0.076781,60.810258
Series_5,0.077572,61.693658
Series_5,0.078362,62.591254
Series_5,0.079152,63.502583
Series_5,0.079942,64.425625
Series_5,0.080732,65.358112
Series_5,0.081523,66.296850
Series_5,0.082313,67.237419
Series_5,0.083103,68.174755
Series_5,0.083893,69.103205
Series_5,0.084684,70.015945
Series_5,0.085474,70.906172
Series_5,0.086264,71.766869
Series_5,0.087054,72.592842
Series_5,0.087844,73.381063
Series_5,0.088635,74.130489
Series_5,0.089425,74.842226
Series_5,0.090215,75.519267
Series_5,0.091005,76.166733
Series_5,0.091795,76.791128
Series_5,0.092586,77.398002
Series_5,0.093376,77.991565
Series_5,0.094166,78.575350
Series_5,0.094956,79.152827
Series_5,0.095746,79.727010
Series_5,0.096537,80.300305
Series_5,0.097327,80.873940
Series_5,0.098117,81.448972
Series_5,0.098907,82.026909
Series_5,0.099697,82.608947
Series_5,0.100488,83.196298
Series_5,0.101278,83.790748
Series_5,0.102068,84.394101
Series_5,0.102858,85.008014
Series_5,0.103648,85.635927
Series_5,0.104439,86.281653
Series_5,0.105229,86.946902
Series_5,0.106019,87.631724
Series_5,0.106809,88.334263
Series_5,0.107599,89.050890
Series_5,0.108390,89.776646
Series_5,0.109180,90.507482
Series_5,0.109970,91.240590
Series_5,0.110760,91.973926
Series_5,0.111551,92.706091
Series_5,0.112341,93.435752
Series_5,0.113131,94.160598
Series_5,0.113921,94.877439
Series_5,0.114711,95.583611
Series_5,0.115502,96.278459
Series_5,0.116292,96.963435
Series_5,0.117082,97.640272
Series_5,0.117872,98.312702
Series_5,0.118662,98.984397
Series_5,0.119453,99.657288
Series_5,0.120243,100.332333
Series_5,0.121033,101.009026
Series_5,0.121823,101.685632
Series_5,0.122613,102.359931
Series_5,0.123404,103.029967
Series_5,0.124194,103.693181
Series_5,0.124984,104.347297
Series_5,0.125774,104.989389
Series_5,0.126564,105.615510
Series_5,0.127355,106.220891
Series_5,0.128145,106.802323
Series_5,0.128935,107.358516
Series_5,0.129725,107.890059
Series_5,0.130515,108.399407
Series_5,0.131306,108.890699
Series_5,0.132096,109.368661
Series_5,0.132886,109.839074
Series_5,0.133676,110.307310
Series_5,0.134466,110.776959
Series_5,0.135257,111.249760
Series_5,0.136047,111.727584
Series_5,0.136837,112.211902
Series_5,0.137627,112.703260
Series_5,0.138418,113.201295
Series_5,0.139208,113.704573
Series_5,0.139998,114.210136
Series_5,0.140788,114.713894
Series_5,0.141578,115.211575
Series_5,0.142369,115.699920
Series_5,0.143159,116.177635
Series_5,0.143949,116.645531
Series_5,0.144739,117.106081
Series_5,0.145529,117.562530
Series_5,0.146320,118.018473
Series_5,0.147110,118.476411
Series_5,0.147900,118.936838
Series_5,0.148690,119.398309
Series_5,0.149480,119.858246
Series_5,0.150271,120.312423
Series_5,0.151061,120.755292
Series_5,0.151851,121.181906
Series_5,0.152641,121.588580
Series_5,0.153431,121.973507
Series_5,0.154222,122.336924
Series_5,0.155012,122.680825
Series_5,0.155802,123.008621
Series_5,0.156592,123.324875
Series_5,0.157382,123.635035
Series_5,0.158173,123.944778
Series_5,0.158963,124.259353
Series_5,0.159753,124.583878
Series_5,0.160543,124.921738
Series_5,0.161333,125.274889
Series_5,0.162124,125.643934
Series_5,0.162914,126.029098
Series_5,0.163704,126.429265
Series_5,0.164494,126.843502
Series_5,0.165285,127.270811
Series_5,0.166075,127.710669
Series_5,0.166865,128.163289
Series_5,0.167655,128.629128
Series_5,0.168445,129.108331
Series_5,0.169236,129.601343
Series_5,0.170026,130.109862
Series_5,0.170816,130.636130
Series_5,0.171606,131.181382
Series_5,0.172396,131.746345
Series_5,0.173187,132.329678
Series_5,0.173977,132.928279
Series_5,0.174767,133.537263
Series_5,0.175557,134.149880
Series_5,0.176347,134.758365
Series_5,0.177138,135.355023
Series_5,0.177928,135.933357
Series_5,0.178718,136.488211
Series_5,0.179508,137.015521
Series_5,0.180298,137.513694
Series_5,0.181089,137.982314
Series_5,0.181879,138.420965
Series_5,0.182669,138.829230
Series_5,0.183459,139.206696
Series_5,0.184249,139.553196
Series_5,0.185040,139.870631
Series_5,0.185830,140.163195
Series_5,0.186620,140.437586
Series_5,0.187410,140.702378
Series_5,0.188200,140.967080
Series_5,0.188991,141.240918
Series_5,0.189781,141.532004
Series_5,0.190571,141.846614
Series_5,0.191361,142.189130
Series_5,0.192152,142.561863
Series_5,0.192942,142.965024
Series_5,0.193732,143.396706
Series_5,0.194522,143.852873
Series_5,0.195312,144.327376
Series_5,0.196103,144.813361
Series_5,0.196893,145.305317
Series_5,0.197683,145.799532
Series_5,0.198473,146.292295
Series_5,0.199263,146.780728
Series_5,0.200054,147.263294
Series_5,0.200844,147.736606
Series_5,0.201634,148.196370
Series_5,0.202424,148.640120
Series_5,0.203214,149.065982
Series_5,0.204005,149.473368
Series_5,0.204795,149.862714
Series_5,0.205585,150.235151
Series_5,0.206375,150.591909
Series_5,0.207165,150.933465
Series_5,0.207956,151.259697
Series_5,0.208746,151.571144
Series_5,0.209536,151.869007
Series_5,0.210326,152.155208
Series_5,0.211116,152.432616
Series_5,0.211907,152.705874
Series_5,0.212697,152.980526
Series_5,0.213487,153.260479
Series_5,0.214277,153.547649
Series_5,0.215067,153.842935
Series_5,0.215858,154.146006
Series_5,0.216648,154.455135
Series_5,0.217438,154.767377
Series_5,0.218228,155.078885
Series_5,0.219019,155.384469
Series_5,0.219809,155.678303
Series_5,0.220599,155.954383
Series_5,0.221389,156.207296
Series_5,0.222179,156.433339
Series_5,0.222970,156.630869
Series_5,0.223760,156.800358
Series_5,0.224550,156.944397
Series_5,0.225340,157.067565
Series_5,0.226130,157.175902
Series_5,0.226921,157.276385
Series_5,0.227711,157.376647
Series_5,0.228501,157.484356
Series_5,0.229291,157.606659
Series_5,0.230081,157.749932
Series_5,0.230872,157.919454
Series_5,0.231662,158.118880
Series_5,0.232452,158.350076
Series_5,0.233242,158.612897
Series_5,0.234032,158.905301
Series_5,0.234823,159.223264
Series_5,0.235613,159.561257
Series_5,0.236403,159.912887
Series_5,0.237193,160.272194
Series_5,0.237983,160.635037
Series_5,0.238774,160.999074
Series_5,0.239564,161.362716
Series_5,0.240354,161.724705
Series_5,0.241144,162.084779
Series_5,0.241934,162.442583
Series_5,0.242725,162.797673
Series_5,0.243515,163.150553
Series_5,0.244305,163.502586
Series_5,0.245095,163.855130
Series_5,0.245886,164.208082
Series_5,0.246676,164.560529
Series_5,0.247466,164.910849
Series_5,0.248256,165.257075
Series_5,0.249046,165.597290
Series_5,0.249837,165.930416
Series_5,0.250627,166.256709
Series_5,0.251417,166.577909
Series_5,0.252207,166.896757
Series_5,0.252997,167.215931
Series_5,0.253788,167.537905
Series_5,0.254578,167.865162
Series_5,0.255368,168.198779
Series_5,0.256158,168.538904
Series_5,0.256948,168.884320
Series_5,0.257739,169.232306
Series_5,0.258529,169.578374
Series_5,0.259319,169.916966
Series_5,0.260109,170.242026
Series_5,0.260899,170.547119
Series_5,0.261690,170.826502
Series_5,0.262480,171.076447
Series_5,0.263270,171.295137
Series_5,0.264060,171.482706
Series_5,0.264850,171.641170
Series_5,0.265641,171.774346
Series_5,0.266431,171.887105
Series_5,0.267221,171.984087
Series_5,0.268011,172.068897
Series_5,0.268801,172.144186
Series_5,0.269592,172.211576
Series_5,0.270382,172.271895
Series_5,0.271172,172.325415
Series_5,0.271962,172.372120
Series_5,0.272753,172.411921
Series_5,0.273543,172.444662
Series_5,0.274333,172.470253
Series_5,0.275123,172.489275
Series_5,0.275913,172.503131
Series_5,0.276704,172.514064
Series_5,0.277494,172.525267
Series_5,0.278284,172.540980
Series_5,0.279074,172.566321
Series_5,0.279864,172.606868
Series_5,0.280655,172.668300
Series_5,0.281445,172.755681
Series_5,0.282235,172.872951
Series_5,0.283025,173.022317
Series_5,0.283815,173.203937
Series_5,0.284606,173.415910
Series_5,0.285396,173.654465
Series_5,0.286186,173.914399
Series_5,0.286976,174.189784
Series_5,0.287766,174.474809
Series_5,0.288557,174.764091
Series_5,0.289347,175.052872
Series_5,0.290137,175.336663
Series_5,0.290927,175.611745
Series_5,0.291717,175.874916
Series_5,0.292508,176.123509
Series_5,0.293298,176.355283
Series_5,0.294088,176.569639
Series_5,0.294878,176.767530
Series_5,0.295668,176.951186
Series_5,0.296459,177.123391
Series_5,0.297249,177.287159
Series_5,0.298039,177.445622
Series_5,0.298829,177.602013
Series_5,0.299619,177.759529
Series_5,0.300410,177.921862
Series_5,0.301200,178.092834
Series_5,0.301990,178.275711
Series_5,0.302780,178.472685
Series_5,0.303571,178.684643
Series_5,0.304361,178.911214
Series_5,0.305151,179.151319
Series_5,0.305941,179.403166
Series_5,0.306731,179.665135
Series_5,0.307522,179.935586
Series_5,0.308312,180.211366
Series_5,0.309102,180.487351
Series_5,0.309892,180.756930
Series_5,0.310682,181.013762
Series_5,0.311473,181.251290
Series_5,0.312263,181.463080
Series_5,0.313053,181.644659
Series_5,0.313843,181.793679
Series_5,0.314633,181.909886
Series_5,0.315424,181.995154
Series_5,0.316214,182.053405
Series_5,0.317004,182.090271
Series_5,0.317794,182.112270
Series_5,0.318584,182.126034
Series_5,0.319375,182.138056
Series_5,0.320165,182.154508
Series_5,0.320955,182.181167
Series_5,0.321745,182.223236
Series_5,0.322535,182.284721
Series_5,0.323326,182.368161
Series_5,0.324116,182.474340
Series_5,0.324906,182.602061
Series_5,0.325696,182.748411
Series_5,0.326486,182.909005
Series_5,0.327277,183.077928
Series_5,0.328067,183.248012
Series_5,0.328857,183.412254
Series_5,0.329647,183.564422
Series_5,0.330438,183.699610
Series_5,0.331228,183.814112
Series_5,0.332018,183.906015
Series_5,0.332808,183.975161
Series_5,0.333598,184.023276
Series_5,0.334389,184.053620
Series_5,0.335179,184.070239
Series_5,0.335969,184.077394
Series_5,0.336759,184.078696
Series_5,0.337549,184.076767
Series_5,0.338340,184.073210
Series_5,0.339130,184.068723
Series_5,0.339920,184.063257
Series_5,0.340710,184.056138
Series_5,0.341500,184.046347
Series_5,0.342291,184.032651
Series_5,0.343081,184.013679
Series_5,0.343871,183.988245
Series_5,0.344661,183.955704
Series_5,0.345451,183.916085
Series_5,0.346242,183.870029
Series_5,0.347032,183.818807
Series_5,0.347822,183.764471
Series_5,0.348612,183.709816
Series_5,0.349402,183.658334
Series_5,0.350193,183.614354
Series_5,0.350983,183.582606
Series_5,0.351773,183.567961
Series_5,0.352563,183.575031
Series_5,0.353353,183.607947
Series_5,0.354144,183.669737
Series_5,0.354934,183.761794
Series_5,0.355724,183.883672
Series_5,0.356514,184.033235
Series_5,0.357305,184.207188
Series_5,0.358095,184.401339
Series_5,0.358885,184.611702
Series_5,0.359675,184.835172
Series_5,0.360465,185.070180
Series_5,0.361256,185.316711
Series_5,0.362046,185.575706
Series_5,0.362836,185.848543
Series_5,0.363626,186.136533
Series_5,0.364416,186.440410
Series_5,0.365207,186.760280
Series_5,0.365997,187.095260
Series_5,0.366787,187.442746
Series_5,0.367577,187.798406
Series_5,0.368367,188.156832
Series_5,0.369158,188.510721
Series_5,0.369948,188.851711
Series_5,0.370738,189.170821
Series_5,0.371528,189.460831
Series_5,0.372318,189.716641
Series_5,0.373109,189.935248
Series_5,0.373899,190.115659
Series_5,0.374689,190.258380
Series_5,0.375479,190.365230
Series_5,0.376269,190.439892
Series_5,0.377060,190.488145
Series_5,0.377850,190.516660
Series_5,0.378640,190.532700
Series_5,0.379430,190.543290
Series_5,0.380220,190.554847
Series_5,0.381011,190.572900
Series_5,0.381801,190.601953
Series_5,0.382591,190.645305
Series_5,0.383381,190.705347
Series_5,0.384172,190.783596
Series_5,0.384962,190.880572
Series_5,0.385752,190.996175
Series_5,0.386542,191.129708
Series_5,0.387332,191.279316
Series_5,0.388123,191.441705
Series_5,0.388913,191.612606
Series_5,0.389703,191.786874
Series_5,0.390493,191.959150
Series_5,0.391283,192.124174
Series_5,0.392074,192.277584
Series_5,0.392864,192.415915
Series_5,0.393654,192.536589
Series_5,0.394444,192.638035
Series_5,0.395234,192.720031
Series_5,0.396025,192.783527
Series_5,0.396815,192.830153
Series_5,0.397605,192.861812
Series_5,0.398395,192.880724
Series_5,0.399185,192.889221
Series_5,0.399976,192.889704
Series_5,0.400766,192.884459
Series_5,0.401556,192.875547
Series_5,0.402346,192.864671
Series_5,0.403136,192.853285
Series_5,0.403927,192.842700
Series_5,0.404717,192.834070
Series_5,0.405507,192.828494
Series_5,0.406297,192.827102
Series_5,0.407087,192.831423
Series_5,0.407878,192.843663
Series_5,0.408668,192.866768
Series_5,0.409458,192.904129
Series_5,0.410248,192.959233
Series_5,0.411039,193.034885
Series_5,0.411829,193.132541
Series_5,0.412619,193.251674
Series_5,0.413409,193.389640
Series_5,0.414199,193.542925
Series_5,0.414990,193.708015
Series_5,0.415780,193.881396
Series_5,0.416570,194.059556
Series_5,0.417360,194.238984
Series_5,0.418150,194.416161
Series_5,0.418941,194.585722
Series_5,0.419731,194.742257
Series_5,0.420521,194.882781
Series_5,0.421311,195.006283
Series_5,0.422101,195.112642
Series_5,0.422892,195.201737
Series_5,0.423682,195.273447
Series_5,0.424472,195.327652
Series_5,0.425262,195.364233
Series_5,0.426052,195.383069
Series_5,0.426843,195.384043
Series_5,0.427633,195.367626
Series_5,0.428423,195.336698
Series_5,0.429213,195.296089
Series_5,0.430003,195.252251
Series_5,0.430794,195.211750
Series_5,0.431584,195.180002
Series_5,0.432374,195.160218
Series_5,0.433164,195.154087
Series_5,0.433954,195.163300
Series_5,0.434745,195.189548
Series_5,0.435535,195.234524
Series_5,0.436325,195.299919
Series_5,0.437115,195.387427
Series_5,0.437906,195.497347
Series_5,0.438696,195.627590
Series_5,0.439486,195.773773
Series_5,0.440276,195.929852
Series_5,0.441066,196.088777
Series_5,0.441857,196.243248
Series_5,0.442647,196.386604
Series_5,0.443437,196.513461
Series_5,0.444227,196.620312
Series_5,0.445017,196.705584
Series_5,0.445808,196.769553
Series_5,0.446598,196.813956
Series_5,0.447388,196.841447
Series_5,0.448178,196.855190
Series_5,0.448968,196.858339
Series_5,0.449759,196.853905
Series_5,0.450549,196.844688
Series_5,0.451339,196.833225
Series_5,0.452129,196.821510
Series_5,0.452919,196.810961
Series_5,0.453710,196.802493
Series_5,0.454500,196.796668
Series_5,0.455290,196.793748
Series_5,0.456080,196.793805
Series_5,0.456870,196.796658
Series_5,0.457661,196.801873
Series_5,0.458451,196.808754
Series_5,0.459241,196.816298
Series_5,0.460031,196.823110
Series_5,0.460821,196.827347
Series_5,0.461612,196.826651
Series_5,0.462402,196.818142
Series_5,0.463192,196.798475
Series_5,0.463982,196.763989
Series_5,0.464773,196.711109
Series_5,0.465563,196.637502
Series_5,0.466353,196.542395
Series_5,0.467143,196.426367
Series_5,0.467933,196.291385
Series_5,0.468724,196.140531
Series_5,0.469514,195.978169
Series_5,0.470304,195.809899
Series_5,0.471094,195.642034
Series_5,0.471884,195.481177
Series_5,0.472675,195.333442
Series_5,0.473465,195.203573
Series_5,0.474255,195.094398
Series_5,0.475045,195.006901
Series_5,0.475835,194.940241
Series_5,0.476626,194.892080
Series_5,0.477416,194.859386
Series_5,0.478206,194.838975
Series_5,0.478996,194.827865
Series_5,0.479786,194.823484
Series_5,0.480577,194.823660
Series_5,0.481367,194.826594
Series_5,0.482157,194.830859
Series_5,0.482947,194.835373
Series_5,0.483737,194.839390
Series_5,0.484528,194.842461
Series_5,0.485318,194.844385
Series_5,0.486108,194.845228
Series_5,0.486898,194.845255
Series_5,0.487688,194.844931
Series_5,0.488479,194.844958
Series_5,0.489269,194.846304
Series_5,0.490059,194.850568
Series_5,0.490849,194.859935
Series_5,0.491640,194.876936
Series_5,0.492430,194.904314
Series_5,0.493220,194.944960
Series_5,0.494010,195.001657
Series_5,0.494800,195.076554
Series_5,0.495591,195.170757
Series_5,0.496381,195.284258
Series_5,0.497171,195.415803
Series_5,0.497961,195.562542
Series_5,0.498751,195.719857
Series_5,0.499542,195.881725
Series_5,0.500332,196.041662
Series_5,0.501122,196.194156
Series_5,0.501912,196.335001
Series_5,0.502702,196.461104
Series_5,0.503493,196.570025
Series_5,0.504283,196.660570
Series_5,0.505073,196.732535
Series_5,0.505863,196.786759
Series_5,0.506653,196.824862
Series_5,0.507444,196.849041
Series_5,0.508234,196.861850
Series_5,0.509024,196.865813
Series_5,0.509814,196.863257
Series_5,0.510604,196.856132
Series_5,0.511395,196.845871
Series_5,0.512185,196.833508
Series_5,0.512975,196.819776
Series_5,0.513765,196.805207
Series_5,0.514555,196.790276
Series_5,0.515346,196.775489
Series_5,0.516136,196.761456
Series_5,0.516926,196.749028
Series_5,0.517716,196.739449
Series_5,0.518507,196.734420
Series_5,0.519297,196.736169
Series_5,0.520087,196.747495
Series_5,0.520877,196.771741
Series_5,0.521667,196.812698
Series_5,0.522458,196.874065
Series_5,0.523248,196.959202
Series_5,0.524038,197.070655
Series_5,0.524828,197.209595
Series_5,0.525618,197.375587
Series_5,0.526409,197.566165
Series_5,0.527199,197.776829
Series_5,0.527989,198.001756
Series_5,0.528779,198.234182
Series_5,0.529569,198.467480
Series_5,0.530360,198.695323
Series_5,0.531150,198.911199
Series_5,0.531940,199.108398
Series_5,0.532730,199.280874
Series_5,0.533520,199.423962
Series_5,0.534311,199.534334
Series_5,0.535101,199.610183
Series_5,0.535891,199.651416
Series_5,0.536681,199.659622
Series_5,0.537471,199.638125
Series_5,0.538262,199.591737
Series_5,0.539052,199.526302
Series_5,0.539842,199.448288
Series_5,0.540632,199.364046
Series_5,0.541422,199.279893
Series_5,0.542213,199.201984
Series_5,0.543003,199.135855
Series_5,0.543793,199.086039
Series_5,0.544583,199.055796
Series_5,0.545374,199.046883
Series_5,0.546164,199.059387
Series_5,0.546954,199.091766
Series_5,0.547744,199.141108
Series_5,0.548534,199.203671
Series_5,0.549325,199.275224
Series_5,0.550115,199.351868
Series_5,0.550905,199.430146
Series_5,0.551695,199.507324
Series_5,0.552485,199.581391
Series_5,0.553276,199.650797
Series_5,0.554066,199.714487
Series_5,0.554856,199.771750
Series_5,0.555646,199.822169
Series_5,0.556436,199.865520
Series_5,0.557227,199.901787
Series_5,0.558017,199.931148
Series_5,0.558807,199.953872
Series_5,0.559597,199.970069
Series_5,0.560387,199.979490
Series_5,0.561178,199.981389
Series_5,0.561968,199.974412
Series_5,0.562758,199.956572
Series_5,0.563548,199.925319
Series_5,0.564338,199.877681
Series_5,0.565129,199.810748
Series_5,0.565919,199.722404
Series_5,0.566709,199.611835
Series_5,0.567499,199.480105
Series_5,0.568289,199.330297
Series_5,0.569080,199.167315
Series_5,0.569870,198.997875
Series_5,0.570660,198.829924
Series_5,0.571450,198.671508
Series_5,0.572241,198.529335
Series_5,0.573031,198.408286
Series_5,0.573821,198.311543
Series_5,0.574611,198.240922
Series_5,0.575401,198.196895
Series_5,0.576192,198.178938
Series_5,0.576982,198.185457
Series_5,0.577772,198.213973
Series_5,0.578562,198.261369
Series_5,0.579352,198.323849
Series_5,0.580143,198.397233
Series_5,0.580933,198.477225
Series_5,0.581723,198.559982
Series_5,0.582513,198.642012
Series_5,0.583303,198.720324
Series_5,0.584094,198.792774
Series_5,0.584884,198.858086
Series_5,0.585674,198.915545
Series_5,0.586464,198.964696
Series_5,0.587254,199.005124
Series_5,0.588045,199.036516
Series_5,0.588835,199.058679
Series_5,0.589625,199.071424
Series_5,0.590415,199.074614
Series_5,0.591205,199.068292
Series_5,0.591996,199.052768
Series_5,0.592786,199.028516
Series_5,0.593576,198.996097
Series_5,0.594366,198.956030
Series_5,0.595156,198.908778
Series_5,0.595947,198.854713
Series_5,0.596737,198.794380
Series_5,0.597527,198.728782
Series_5,0.598317,198.659456
Series_5,0.599108,198.588306
Series_5,0.599898,198.517358
Series_5,0.600688,198.448199
Series_5,0.601478,198.381884
Series_5,0.602268,198.319103
Series_5,0.603059,198.260205
Series_5,0.603849,198.205453
Series_5,0.604639,198.155212
Series_5,0.605429,198.109995
Series_5,0.606219,198.070351
Series_5,0.607010,198.036706
Series_5,0.607800,198.009185
Series_5,0.608590,197.987516
Series_5,0.609380,197.971092
Series_5,0.610170,197.958993
Series_5,0.610961,197.949967
Series_5,0.611751,197.942562
Series_5,0.612541,197.935241
Series_5,0.613331,197.926437
Series_5,0.614121,197.914609
Series_5,0.614912,197.898305
Series_5,0.615702,197.876230
Series_5,0.616492,197.847102
Series_5,0.617282,197.809573
Series_5,0.618072,197.762522
Series_5,0.618863,197.705206
Series_5,0.619653,197.637165
Series_5,0.620443,197.558413
Series_5,0.621233,197.469560
Series_5,0.622023,197.371714
Series_5,0.622814,197.265836
Series_5,0.623604,197.152652
Series_5,0.624394,197.032726
Series_5,0.625184,196.906578
Series_5,0.625975,196.774535
Series_5,0.626765,196.636771
Series_5,0.627555,196.493536
Series_5,0.628345,196.345549
Series_5,0.629135,196.193737
Series_5,0.629926,196.039508
Series_5,0.630716,195.884880
Series_5,0.631506,195.732780
Series_5,0.632296,195.586406
Series_5,0.633086,195.449424
Series_5,0.633877,195.325645
Series_5,0.634667,195.218004
Series_5,0.635457,195.127948
Series_5,0.636247,195.055267
Series_5,0.637037,194.998616
Series_5,0.637828,194.956012
Series_5,0.638618,194.925130
Series_5,0.639408,194.903411
Series_5,0.640198,194.888789
Series_5,0.640988,194.879698
Series_5,0.641779,194.874747
Series_5,0.642569,194.872758
Series_5,0.643359,194.872767
Series_5,0.644149,194.874051
Series_5,0.644939,194.876039
Series_5,0.645730,194.878317
Series_5,0.646520,194.880602
Series_5,0.647310,194.882727
Series_5,0.648100,194.884612
Series_5,0.648890,194.886242
Series_5,0.649681,194.887652
Series_5,0.650471,194.888904
Series_5,0.651261,194.890061
Series_5,0.652051,194.891194
Series_5,0.652841,194.892274
Series_5,0.653632,194.893181
Series_5,0.654422,194.893906
Series_5,0.655212,194.894538
Series_5,0.656002,194.895075
Series_5,0.656793,194.895401
Series_5,0.657583,194.895503
Series_5,0.658373,194.895379
Series_5,0.659163,194.895042
Series_5,0.659953,194.894513
Series_5,0.660744,194.893650
Series_5,0.661534,194.892142
Series_5,0.662324,194.889513
Series_5,0.663114,194.885134
Series_5,0.663904,194.878234
Series_5,0.664695,194.867897
Series_5,0.665485,194.853223
Series_5,0.666275,194.833456
Series_5,0.667065,194.808081
Series_5,0.667855,194.777007
Series_5,0.668646,194.740340
Series_5,0.669436,194.698465
Series_5,0.670226,194.652024
Series_5,0.671016,194.601977
Series_5,0.671806,194.549797
Series_5,0.672597,194.497404
Series_5,0.673387,194.446559
Series_5,0.674177,194.398718
Series_5,0.674967,194.355126
Series_5,0.675757,194.317001
Series_5,0.676548,194.285395
Series_5,0.677338,194.261199
Series_5,0.678128,194.244840
Series_5,0.678918,194.235621
Series_5,0.679708,194.231572
Series_5,0.680499,194.230067
Series_5,0.681289,194.228618
Series_5,0.682079,194.224654
Series_5,0.682869,194.215581
Series_5,0.683660,194.198814
Series_5,0.684450,194.171763
Series_5,0.685240,194.132043
Series_5,0.686030,194.077917
Series_5,0.686820,194.008442
Series_5,0.687611,193.923475
Series_5,0.688401,193.823825
Series_5,0.689191,193.711090
Series_5,0.689981,193.588016
Series_5,0.690771,193.458717
Series_5,0.691562,193.328778
Series_5,0.692352,193.204818
Series_5,0.693142,193.094420
Series_5,0.693932,193.005208
Series_5,0.694722,192.944028
Series_5,0.695513,192.915955
Series_5,0.696303,192.923881
Series_5,0.697093,192.968653
Series_5,0.697883,193.049437
Series_5,0.698673,193.163894
Series_5,0.699464,193.308067
Series_5,0.700254,193.475817
Series_5,0.701044,193.658936
Series_5,0.701834,193.848564
Series_5,0.702624,194.036295
Series_5,0.703415,194.215098
Series_5,0.704205,194.379520
Series_5,0.704995,194.525727
Series_5,0.705785,194.651370
Series_5,0.706575,194.755381
Series_5,0.707366,194.837826
Series_5,0.708156,194.899920
Series_5,0.708946,194.943819
Series_5,0.709736,194.972380
Series_5,0.710527,194.988878
Series_5,0.711317,194.996379
Series_5,0.712107,194.997408
Series_5,0.712897,194.993883
Series_5,0.713687,194.987137
Series_5,0.714478,194.978205
Series_5,0.715268,194.967910
Series_5,0.716058,194.957119
Series_5,0.716848,194.946700
Series_5,0.717638,194.937283
Series_5,0.718429,194.929235
Series_5,0.719219,194.922711
Series_5,0.720009,194.917736
Series_5,0.720799,194.914201
Series_5,0.721589,194.911906
Series_5,0.722380,194.910606
Series_5,0.723170,194.910016
Series_5,0.723960,194.909844
Series_5,0.724750,194.909807
Series_5,0.725540,194.909637
Series_5,0.726331,194.909076
Series_5,0.727121,194.907892
Series_5,0.727911,194.905929
Series_5,0.728701,194.903198
Series_5,0.729491,194.899963
Series_5,0.730282,194.896552
Series_5,0.731072,194.893421
Series_5,0.731862,194.891230
Series_5,0.732652,194.890976
Series_5,0.733442,194.894006
Series_5,0.734233,194.902031
Series_5,0.735023,194.917035
Series_5,0.735813,194.940977
Series_5,0.736603,194.975355
Series_5,0.737394,195.020940
Series_5,0.738184,195.077785
Series_5,0.738974,195.145130
Series_5,0.739764,195.221696
Series_5,0.740554,195.305573
Series_5,0.741345,195.393759
Series_5,0.742135,195.482215
Series_5,0.742925,195.566416
Series_5,0.743715,195.641563
Series_5,0.744505,195.702559
Series_5,0.745296,195.744078
Series_5,0.746086,195.761405
Series_5,0.746876,195.751176
Series_5,0.747666,195.711888
Series_5,0.748456,195.644066
Series_5,0.749247,195.550238
Series_5,0.750037,195.434795
Series_5,0.750827,195.303700
Series_5,0.751617,195.164090
Series_5,0.752407,195.023170
Series_5,0.753198,194.888213
Series_5,0.753988,194.766033
Series_5,0.754778,194.662665
Series_5,0.755568,194.583244
Series_5,0.756358,194.531643
Series_5,0.757149,194.509569
Series_5,0.757939,194.516630
Series_5,0.758729,194.551323
Series_5,0.759519,194.611059
Series_5,0.760309,194.691564
Series_5,0.761100,194.786632
Series_5,0.761890,194.888614
Series_5,0.762680,194.989702
Series_5,0.763470,195.082828
Series_5,0.764261,195.163508
Series_5,0.765051,195.230123
Series_5,0.765841,195.282202
Series_5,0.766631,195.319276
Series_5,0.767421,195.340876
Series_5,0.768212,195.346532
Series_5,0.769002,195.335778
Series_5,0.769792,195.308145
Series_5,0.770582,195.263166
Series_5,0.771372,195.200376
Series_5,0.772163,195.119307
Series_5,0.772953,195.021386
Series_5,0.773743,194.911007
Series_5,0.774533,194.794325
Series_5,0.775323,194.677997
Series_5,0.776114,194.568068
Series_5,0.776904,194.469350
Series_5,0.777694,194.384857
Series_5,0.778484,194.315842
Series_5,0.779274,194.262103
Series_5,0.780065,194.222084
Series_5,0.780855,194.193149
Series_5,0.781645,194.172068
Series_5,0.782435,194.155383
Series_5,0.783225,194.139719
Series_5,0.784016,194.121964
Series_5,0.784806,194.099417
Series_5,0.785596,194.069969
Series_5,0.786386,194.032209
Series_5,0.787176,193.985341
Series_5,0.787967,193.929037
Series_5,0.788757,193.863407
Series_5,0.789547,193.788900
Series_5,0.790337,193.706415
Series_5,0.791128,193.617423
Series_5,0.791918,193.524046
Series_5,0.792708,193.428888
Series_5,0.793498,193.334350
Series_5,0.794288,193.242492
Series_5,0.795079,193.155257
Series_5,0.795869,193.074664
Series_5,0.796659,193.002709
Series_5,0.797449,192.941382
Series_5,0.798239,192.892715
Series_5,0.799030,192.858331
Series_5,0.799820,192.838282
Series_5,0.800610,192.830841
Series_5,0.801400,192.832514
Series_5,0.802190,192.838485
Series_5,0.802981,192.844381
Series_5,0.803771,192.846783
Series_5,0.804561,192.843058
Series_5,0.805351,192.831106
Series_5,0.806141,192.809090
Series_5,0.806932,192.775597
Series_5,0.807722,192.729957
Series_5,0.808512,192.672342
Series_5,0.809302,192.603679
Series_5,0.810092,192.525349
Series_5,0.810883,192.439014
Series_5,0.811673,192.346606
Series_5,0.812463,192.250060
Series_5,0.813253,192.151560
Series_5,0.814043,192.053289
Series_5,0.814834,191.957035
Series_5,0.815624,191.863643
Series_5,0.816414,191.773069
Series_5,0.817204,191.684559
Series_5,0.817995,191.596925
Series_5,0.818785,191.508999
Series_5,0.819575,191.420063
Series_5,0.820365,191.330043
Series_5,0.821155,191.239634
Series_5,0.821946,191.150443
Series_5,0.822736,191.064846
Series_5,0.823526,190.986077
Series_5,0.824316,190.918077
Series_5,0.825106,190.865007
Series_5,0.825897,190.830985
Series_5,0.826687,190.819508
Series_5,0.827477,190.833253
Series_5,0.828267,190.873736
Series_5,0.829057,190.941133
Series_5,0.829848,191.034037
Series_5,0.830638,191.149403
Series_5,0.831428,191.283083
Series_5,0.832218,191.430543
Series_5,0.833008,191.586296
Series_5,0.833799,191.743914
Series_5,0.834589,191.896387
Series_5,0.835379,192.036554
Series_5,0.836169,192.157824
Series_5,0.836959,192.254837
Series_5,0.837750,192.324037
Series_5,0.838540,192.363776
Series_5,0.839330,192.374274
Series_5,0.840120,192.357540
Series_5,0.840910,192.316963
Series_5,0.841701,192.257018
Series_5,0.842491,192.183065
Series_5,0.843281,192.101072
Series_5,0.844071,192.016880
Series_5,0.844862,191.935795
Series_5,0.845652,191.862653
Series_5,0.846442,191.801893
Series_5,0.847232,191.757533
Series_5,0.848022,191.732629
Series_5,0.848813,191.729007
Series_5,0.849603,191.747182
Series_5,0.850393,191.786425
Series_5,0.851183,191.844701
Series_5,0.851973,191.918564
Series_5,0.852764,192.003299
Series_5,0.853554,192.093648
Series_5,0.854344,192.184274
Series_5,0.855134,192.270098
Series_5,0.855924,192.346561
Series_5,0.856715,192.409943
Series_5,0.857505,192.457387
Series_5,0.858295,192.486759
Series_5,0.859085,192.496593
Series_5,0.859875,192.486516
Series_5,0.860666,192.457262
Series_5,0.861456,192.410584
Series_5,0.862246,192.349205
Series_5,0.863036,192.276779
Series_5,0.863826,192.197751
Series_5,0.864617,192.117192
Series_5,0.865407,192.040215
Series_5,0.866197,191.970999
Series_5,0.866987,191.912337
Series_5,0.867777,191.865457
Series_5,0.868568,191.830216
Series_5,0.869358,191.805710
Series_5,0.870148,191.790675
Series_5,0.870938,191.783670
Series_5,0.871729,191.783196
Series_5,0.872519,191.787741
Series_5,0.873309,191.795864
Series_5,0.874099,191.806241
Series_5,0.874889,191.817703
Series_5,0.875680,191.829371
Series_5,0.876470,191.840629
Series_5,0.877260,191.851107
Series_5,0.878050,191.860546
Series_5,0.878840,191.868854
Series_5,0.879631,191.875945
Series_5,0.880421,191.881627
Series_5,0.881211,191.885466
Series_5,0.882001,191.886599
Series_5,0.882791,191.883627
Series_5,0.883582,191.874710
Series_5,0.884372,191.857575
Series_5,0.885162,191.829644
Series_5,0.885952,191.788202
Series_5,0.886742,191.730743
Series_5,0.887533,191.655267
Series_5,0.888323,191.560542
Series_5,0.889113,191.446416
Series_5,0.889903,191.314148
Series_5,0.890693,191.166519
Series_5,0.891484,191.007694
Series_5,0.892274,190.842823
Series_5,0.893064,190.677608
Series_5,0.893854,190.517936
Series_5,0.894644,190.369249
Series_5,0.895435,190.236405
Series_5,0.896225,190.123610
Series_5,0.897015,190.034817
Series_5,0.897805,189.973119
Series_5,0.898596,189.940673
Series_5,0.899386,189.938826
Series_5,0.900176,189.968038
Series_5,0.900966,190.027659
Series_5,0.901756,190.115818
Series_5,0.902547,190.229269
Series_5,0.903337,190.363429
Series_5,0.904127,190.513273
Series_5,0.904917,190.673529
Series_5,0.905707,190.839213
Series_5,0.906498,191.005857
Series_5,0.907288,191.169713
Series_5,0.908078,191.327844
Series_5,0.908868,191.477965
Series_5,0.909658,191.618629
Series_5,0.910449,191.749621
Series_5,0.911239,191.871709
Series_5,0.912029,191.986125
Series_5,0.912819,192.094252
Series_5,0.913609,192.197036
Series_5,0.914400,192.294718
Series_5,0.915190,192.386746
Series_5,0.915980,192.471831
Series_5,0.916770,192.548345
Series_5,0.917560,192.614698
Series_5,0.918351,192.669839
Series_5,0.919141,192.713437
Series_5,0.919931,192.745786
Series_5,0.920721,192.767676
Series_5,0.921511,192.780325
Series_5,0.922302,192.785416
Series_5,0.923092,192.785315
Series_5,0.923882,192.783107
Series_5,0.924672,192.782584
Series_5,0.925463,192.788141
Series_5,0.926253,192.804361
Series_5,0.927043,192.835807
Series_5,0.927833,192.886630
Series_5,0.928623,192.960120
Series_5,0.929414,193.058025
Series_5,0.930204,193.180156
Series_5,0.930994,193.324211
Series_5,0.931784,193.485777
Series_5,0.932574,193.658948
Series_5,0.933365,193.837786
Series_5,0.934155,194.016787
Series_5,0.934945,194.191312
Series_5,0.935735,194.357835
Series_5,0.936525,194.514288
Series_5,0.937316,194.659832
Series_5,0.938106,194.794526
Series_5,0.938896,194.919412
Series_5,0.939686,195.036129
Series_5,0.940476,195.146288
Series_5,0.941267,195.251009
Series_5,0.942057,195.350875
Series_5,0.942847,195.445704
Series_5,0.943637,195.534206
Series_5,0.944427,195.613872
Series_5,0.945218,195.681462
Series_5,0.946008,195.733031
Series_5,0.946798,195.764149
Series_5,0.947588,195.770469
Series_5,0.948378,195.748368
Series_5,0.949169,195.695813
Series_5,0.949959,195.612742
Series_5,0.950749,195.501158
Series_5,0.951539,195.364965
Series_5,0.952330,195.209868
Series_5,0.953120,195.042788
Series_5,0.953910,194.871086
Series_5,0.954700,194.701444
Series_5,0.955490,194.539384
Series_5,0.956281,194.388535
Series_5,0.957071,194.249935
Series_5,0.957861,194.122919
Series_5,0.958651,194.006712
Series_5,0.959441,193.900536
Series_5,0.960232,193.803615
Series_5,0.961022,193.715174
Series_5,0.961812,193.634438
Series_5,0.962602,193.560632
Series_5,0.963392,193.492983
Series_5,0.964183,193.429695
Series_5,0.964973,193.366459
Series_5,0.965763,193.297315
Series_5,0.966553,193.217139
Series_5,0.967343,193.122819
Series_5,0.968134,193.011991
Series_5,0.968924,192.882287
Series_5,0.969714,192.731343
Series_5,0.970504,192.557045
Series_5,0.971294,192.358265
Series_5,0.972085,192.135729
Series_5,0.972875,191.892537
Series_5,0.973665,191.633637
Series_5,0.974455,191.364951
Series_5,0.975245,191.092875
Series_5,0.976036,190.824111
Series_5,0.976826,190.564736
Series_5,0.977616,190.319576
Series_5,0.978406,190.091700
Series_5,0.979197,189.882517
Series_5,0.979987,189.691990
Series_5,0.980777,189.519099
Series_5,0.981567,189.362597
Series_5,0.982357,189.221230
Series_5,0.983148,189.093175
Series_5,0.983938,188.976170
Series_5,0.984728,188.867978
Series_5,0.985518,188.766492
Series_5,0.986308,188.669584
Series_5,0.987099,188.575209
Series_5,0.987889,188.481901
Series_5,0.988679,188.389031
Series_5,0.989469,188.296136
Series_5,0.990259,188.202910
Series_5,0.991050,188.109398
Series_5,0.991840,188.016113
Series_5,0.992630,187.923869
Series_5,0.993420,187.833904
Series_5,0.994210,187.748082
Series_5,0.995001,187.669033
Series_5,0.995791,187.599619
Series_5,0.996581,187.543040
Series_5,0.997371,187.502923
Series_5,0.998161,187.483182
Series_5,0.998952,187.487591
Series_5,0.999742,187.519206
Series_5,1.000532,187.579819
Series_5,1.001322,187.669597
Series_5,1.002112,187.786915
Series_5,1.002903,187.928225
Series_5,1.003693,188.088528
Series_5,1.004483,188.261611
Series_5,1.005273,188.441800
Series_5,1.006063,188.623388
Series_5,1.006854,188.799521
Series_5,1.007644,188.961880
Series_5,1.008434,189.102141
Series_5,1.009224,189.213765
Series_5,1.010015,189.292310
Series_5,1.010805,189.335297
Series_5,1.011595,189.342297
Series_5,1.012385,189.315006
Series_5,1.013175,189.257174
Series_5,1.013966,189.174142
Series_5,1.014756,189.071464
Series_5,1.015546,188.953914
Series_5,1.016336,188.825078
Series_5,1.017126,188.687417
Series_5,1.017917,188.542374
Series_5,1.018707,188.390699
Series_5,1.019497,188.233227
Series_5,1.020287,188.071362
Series_5,1.021077,187.906311
Series_5,1.021868,187.738908
Series_5,1.022658,187.570206
Series_5,1.023448,187.401923
Series_5,1.024238,187.236089
Series_5,1.025028,187.075008
Series_5,1.025819,186.921426
Series_5,1.026609,186.778948
Series_5,1.027399,186.651849
Series_5,1.028189,186.544935
Series_5,1.028979,186.462130
Series_5,1.029770,186.405928
Series_5,1.030560,186.377440
Series_5,1.031350,186.376319
Series_5,1.032140,186.400740
Series_5,1.032930,186.447541
Series_5,1.033721,186.512949
Series_5,1.034511,186.593967
Series_5,1.035301,186.689232
Series_5,1.036091,186.798970
Series_5,1.036882,186.925115
Series_5,1.037672,187.070823
Series_5,1.038462,187.239192
Series_5,1.039252,187.432307
Series_5,1.040042,187.650861
Series_5,1.040833,187.893755
Series_5,1.041623,188.157774
Series_5,1.042413,188.437988
Series_5,1.043203,188.727458
Series_5,1.043993,189.017193
Series_5,1.044784,189.297131
Series_5,1.045574,189.557921
Series_5,1.046364,189.792171
Series_5,1.047154,189.994397
Series_5,1.047944,190.160919
Series_5,1.048735,190.290276
Series_5,1.049525,190.383032
Series_5,1.050315,190.439750
Series_5,1.051105,190.460995
Series_5,1.051895,190.447330
Series_5,1.052686,190.399322
Series_5,1.053476,190.317534
Series_5,1.054266,190.202862
Series_5,1.055056,190.058424
Series_5,1.055846,189.889023
Series_5,1.056637,189.699741
Series_5,1.057427,189.495581
Series_5,1.058217,189.281668
Series_5,1.059007,189.062577
Series_5,1.059797,188.842795
Series_5,1.060588,188.626840
Series_5,1.061378,188.418806
Series_5,1.062168,188.222095
Series_5,1.062958,188.039463
Series_5,1.063749,187.873330
Series_5,1.064539,187.725753
Series_5,1.065329,187.597949
Series_5,1.066119,187.490845
Series_5,1.066909,187.405382
Series_5,1.067700,187.342503
Series_5,1.068490,187.302921
Series_5,1.069280,187.286986
Series_5,1.070070,187.294316
Series_5,1.070860,187.323703
Series_5,1.071651,187.372937
Series_5,1.072441,187.438862
Series_5,1.073231,187.517702
Series_5,1.074021,187.605314
Series_5,1.074811,187.697598
Series_5,1.075602,187.790502
Series_5,1.076392,187.879997
Series_5,1.077182,187.961842
Series_5,1.077972,188.031466
Series_5,1.078762,188.084333
Series_5,1.079553,188.116675
Series_5,1.080343,188.126172
Series_5,1.081133,188.112416
Series_5,1.081923,188.077019
Series_5,1.082713,188.023604
Series_5,1.083504,187.957107
Series_5,1.084294,187.881956
Series_5,1.085084,187.801586
Series_5,1.085874,187.718249
Series_5,1.086664,187.633684
Series_5,1.087455,187.548905
Series_5,1.088245,187.464389
Series_5,1.089035,187.380511
Series_5,1.089825,187.297633
Series_5,1.090616,187.215701
Series_5,1.091406,187.134374
Series_5,1.092196,187.053308
Series_5,1.092986,186.972362
Series_5,1.093776,186.891333
Series_5,1.094567,186.810151
Series_5,1.095357,186.729044
Series_5,1.096147,186.648871
Series_5,1.096937,186.571354
Series_5,1.097727,186.499254
Series_5,1.098518,186.436529
Series_5,1.099308,186.387324
Series_5,1.100098,186.355031
Series_5,1.100888,186.342023
Series_5,1.101678,186.349298
Series_5,1.102469,186.376384
Series_5,1.103259,186.421325
Series_5,1.104049,186.481003
Series_5,1.104839,186.551113
Series_5,1.105629,186.626915
Series_5,1.106420,186.704869
Series_5,1.107210,186.782626
Series_5,1.108000,186.858575
Series_5,1.108790,186.931369
Series_5,1.109580,186.999803
Series_5,1.110371,187.062639
Series_5,1.111161,187.119564
Series_5,1.111951,187.171146
Series_5,1.112741,187.218759
Series_5,1.113531,187.264292
Series_5,1.114322,187.309362
Series_5,1.115112,187.354733
Series_6,-0.093113,1.006033
Series_6,-0.092323,0.993677
Series_6,-0.091532,0.980322
Series_6,-0.090742,0.965567
Series_6,-0.089952,0.947198
Series_6,-0.089162,0.922043
Series_6,-0.088372,0.884233
Series_6,-0.087581,0.825232
Series_6,-0.086791,0.737767
Series_6,-0.086001,0.618892
Series_6,-0.085211,0.470189
Series_6,-0.084421,0.296538
Series_6,-0.083630,0.105969
Series_6,-0.082840,-0.089021
Series_6,-0.082050,-0.275938
Series_6,-0.081260,-0.442281
Series_6,-0.080469,-0.575916
Series_6,-0.079679,-0.668102
Series_6,-0.078889,-0.715942
Series_6,-0.078099,-0.722122
Series_6,-0.077309,-0.694245
Series_6,-0.076518,-0.643750
Series_6,-0.075728,-0.581965
Series_6,-0.074938,-0.515759
Series_6,-0.074148,-0.451636
Series_6,-0.073358,-0.394189
Series_6,-0.072567,-0.343541
Series_6,-0.071777,-0.295898
Series_6,-0.070987,-0.245605
Series_6,-0.070197,-0.187350
Series_6,-0.069407,-0.116908
Series_6,-0.068616,-0.032229
Series_6,-0.067826,0.065195
Series_6,-0.067036,0.171151
Series_6,-0.066246,0.278521
Series_6,-0.065456,0.375100
Series_6,-0.064665,0.453625
Series_6,-0.063875,0.510713
Series_6,-0.063085,0.545813
Series_6,-0.062295,0.559761
Series_6,-0.061505,0.555604
Series_6,-0.060714,0.537720
Series_6,-0.059924,0.513168
Series_6,-0.059134,0.486671
Series_6,-0.058344,0.458326
Series_6,-0.057554,0.428278
Series_6,-0.056763,0.396671
Series_6,-0.055973,0.363652
Series_6,-0.055183,0.329370
Series_6,-0.054393,0.293976
Series_6,-0.053603,0.257622
Series_6,-0.052812,0.220463
Series_6,-0.052022,0.182654
Series_6,-0.051232,0.144354
Series_6,-0.050442,0.105723
Series_6,-0.049651,0.066921
Series_6,-0.048861,0.028113
Series_6,-0.048071,-0.010537
Series_6,-0.047281,-0.048860
Series_6,-0.046491,-0.086689
Series_6,-0.045700,-0.123853
Series_6,-0.044910,-0.160178
Series_6,-0.044120,-0.195490
Series_6,-0.043330,-0.229614
Series_6,-0.042540,-0.262371
Series_6,-0.041749,-0.293580
Series_6,-0.040959,-0.323062
Series_6,-0.040169,-0.350631
Series_6,-0.039379,-0.376102
Series_6,-0.038589,-0.399288
Series_6,-0.037798,-0.420001
Series_6,-0.037008,-0.438048
Series_6,-0.036218,-0.453238
Series_6,-0.035428,-0.465376
Series_6,-0.034638,-0.474265
Series_6,-0.033847,-0.479707
Series_6,-0.033057,-0.481502
Series_6,-0.032267,-0.479448
Series_6,-0.031477,-0.473342
Series_6,-0.030687,-0.458866
Series_6,-0.029896,-0.432071
Series_6,-0.029106,-0.390430
Series_6,-0.028316,-0.333344
Series_6,-0.027526,-0.262139
Series_6,-0.026736,-0.180545
Series_6,-0.025945,-0.097557
Series_6,-0.025155,-0.017771
Series_6,-0.024365,0.057444
Series_6,-0.023575,0.127617
Series_6,-0.022784,0.195242
Series_6,-0.021994,0.265864
Series_6,-0.021204,0.345332
Series_6,-0.020414,0.439211
Series_6,-0.019624,0.551541
Series_6,-0.018833,0.681928
Series_6,-0.018043,0.826615
Series_6,-0.017253,0.986137
Series_6,-0.016463,1.160033
Series_6,-0.015673,1.342999
Series_6,-0.014882,1.524564
Series_6,-0.014092,1.698993
Series_6,-0.013302,1.863845
Series_6,-0.012512,2.011963
Series_6,-0.011722,2.142131
Series_6,-0.010931,2.256334
Series_6,-0.010141,2.360236
Series_6,-0.009351,2.455364
Series_6,-0.008561,2.542444
Series_6,-0.007771,2.618019
Series_6,-0.006980,2.675949
Series_6,-0.006190,2.707780
Series_6,-0.005400,2.702852
Series_6,-0.004610,2.649438
Series_6,-0.003820,2.536639
Series_6,-0.003029,2.354937
Series_6,-0.002239,2.099730
Series_6,-0.001449,1.771356
Series_6,-0.000659,1.370157
Series_6,0.000131,0.896599
Series_6,0.000922,0.353389
Series_6,0.001712,-0.256684
Series_6,0.002502,-0.927246
Series_6,0.003292,-1.647316
Series_6,0.004083,-2.404786
Series_6,0.004873,-3.186415
Series_6,0.005663,-3.980291
Series_6,0.006453,-4.775855
Series_6,0.007243,-5.565633
Series_6,0.008034,-6.342152
Series_6,0.008824,-7.097937
Series_6,0.009614,-7.825509
Series_6,0.010404,-8.518285
Series_6,0.011194,-9.167667
Series_6,0.011985,-9.765053
Series_6,0.012775,-10.301841
Series_6,0.013565,-10.770675
Series_6,0.014355,-11.164198
Series_6,0.015145,-11.475052
Series_6,0.015936,-11.695876
Series_6,0.016726,-11.819308
Series_6,0.017516,-11.837983
Series_6,0.018306,-11.744536
Series_6,0.019096,-11.531598
Series_6,0.019887,-11.196163
Series_6,0.020677,-10.741298
Series_6,0.021467,-10.173845
Series_6,0.022257,-9.505918
Series_6,0.023047,-8.749930
Series_6,0.023838,-7.917736
Series_6,0.024628,-7.021721
Series_6,0.025418,-6.074268
Series_6,0.026208,-5.085219
Series_6,0.026998,-4.064412
Series_6,0.027789,-3.019555
Series_6,0.028579,-1.955619
Series_6,0.029369,-0.874607
Series_6,0.030159,0.221483
Series_6,0.030950,1.330652
Series_6,0.031740,2.450905
Series_6,0.032530,3.731845
Series_6,0.033320,4.716689
Series_6,0.034110,5.858238
Series_6,0.034901,7.002905
Series_6,0.035691,8.148706
Series_6,0.036481,9.293654
Series_6,0.037271,10.435766
Series_6,0.038061,11.573062
Series_6,0.038852,12.703562
Series_6,0.039642,13.825288
Series_6,0.040432,14.936265
Series_6,0.041222,16.034519
Series_6,0.042012,17.118076
Series_6,0.042803,18.184968
Series_6,0.043593,19.233225
Series_6,0.044383,20.260880
Series_6,0.045173,21.265968
Series_6,0.045963,22.246526
Series_6,0.046754,23.200593
Series_6,0.047544,24.126208
Series_6,0.048334,25.021413
Series_6,0.049124,25.884253
Series_6,0.049914,26.712773
Series_6,0.050705,27.505020
Series_6,0.051495,28.256245
Series_6,0.052285,28.961702
Series_6,0.053075,29.616644
Series_6,0.053865,30.220515
Series_6,0.054656,30.772762
Series_6,0.055446,31.277780
Series_6,0.056236,31.739965
Series_6,0.057026,32.163713
Series_6,0.057817,32.553425
Series_6,0.058607,32.913501
Series_6,0.059397,33.248345
Series_6,0.060187,33.562359
Series_6,0.060977,33.859951
Series_6,0.061768,34.145529
Series_6,0.062558,34.423502
Series_6,0.063348,34.698281
Series_6,0.064138,34.974281
Series_6,0.064928,35.255915
Series_6,0.065719,35.547601
Series_6,0.066509,35.853756
Series_6,0.067299,36.183384
Series_6,0.068089,36.549306
Series_6,0.068879,36.965070
Series_6,0.069670,37.441613
Series_6,0.070460,37.984879
Series_6,0.071250,38.595994
Series_6,0.072040,39.271890
Series_6,0.072830,40.003891
Series_6,0.073621,40.780831
Series_6,0.074411,41.593132
Series_6,0.075201,42.431602
Series_6,0.075991,43.286616
Series_6,0.076781,44.145857
Series_6,0.077572,44.996623
Series_6,0.078362,45.825457
Series_6,0.079152,46.620177
Series_6,0.079942,47.367628
Series_6,0.080732,48.057850
Series_6,0.081523,48.684840
Series_6,0.082313,49.246993
Series_6,0.083103,49.746568
Series_6,0.083893,50.188048
Series_6,0.084684,50.576736
Series_6,0.085474,50.920563
Series_6,0.086264,51.230066
Series_6,0.087054,51.516229
Series_6,0.087844,51.787964
Series_6,0.088635,52.054183
Series_6,0.089425,52.323117
Series_6,0.090215,52.602542
Series_6,0.091005,52.898130
Series_6,0.091795,53.213995
Series_6,0.092586,53.551549
Series_6,0.093376,53.910970
Series_6,0.094166,54.290877
Series_6,0.094956,54.690050
Series_6,0.095746,55.106605
Series_6,0.096537,55.537628
Series_6,0.097327,55.978128
Series_6,0.098117,56.425664
Series_6,0.098907,56.879463
Series_6,0.099697,57.340238
Series_6,0.100488,57.809901
Series_6,0.101278,58.292225
Series_6,0.102068,58.792439
Series_6,0.102858,59.315774
Series_6,0.103648,59.866485
Series_6,0.104439,60.446204
Series_6,0.105229,61.052594
Series_6,0.106019,61.679951
Series_6,0.106809,62.318771
Series_6,0.107599,62.956670
Series_6,0.108390,63.579024
Series_6,0.109180,64.172762
Series_6,0.109970,64.726846
Series_6,0.110760,65.234437
Series_6,0.111551,65.692121
Series_6,0.112341,66.099997
Series_6,0.113131,66.461437
Series_6,0.113921,66.781425
Series_6,0.114711,67.066359
Series_6,0.115502,67.324183
Series_6,0.116292,67.563501
Series_6,0.117082,67.793004
Series_6,0.117872,68.018947
Series_6,0.118662,68.244513
Series_6,0.119453,68.469638
Series_6,0.120243,68.693454
Series_6,0.121033,68.914776
Series_6,0.121823,69.131199
Series_6,0.122613,69.339714
Series_6,0.123404,69.540963
Series_6,0.124194,69.738825
Series_6,0.124984,69.938208
Series_6,0.125774,70.143023
Series_6,0.126564,70.356661
Series_6,0.127355,70.581565
Series_6,0.128145,70.817491
Series_6,0.128935,71.061504
Series_6,0.129725,71.312785
Series_6,0.130515,71.572560
Series_6,0.131306,71.843268
Series_6,0.132096,72.127160
Series_6,0.132886,72.426918
Series_6,0.133676,72.744968
Series_6,0.134466,73.082172
Series_6,0.135257,73.435787
Series_6,0.136047,73.802659
Series_6,0.136837,74.179489
Series_6,0.137627,74.562552
Series_6,0.138418,74.946537
Series_6,0.139208,75.325544
Series_6,0.139998,75.692554
Series_6,0.140788,76.039556
Series_6,0.141578,76.358198
Series_6,0.142369,76.644921
Series_6,0.143159,76.901156
Series_6,0.143949,77.132189
Series_6,0.144739,77.344840
Series_6,0.145529,77.546454
Series_6,0.146320,77.743833
Series_6,0.147110,77.942040
Series_6,0.147900,78.144048
Series_6,0.148690,78.351210
Series_6,0.149480,78.562911
Series_6,0.150271,78.777160
Series_6,0.151061,78.989703
Series_6,0.151851,79.197299
Series_6,0.152641,79.397954
Series_6,0.153431,79.589271
Series_6,0.154222,79.768078
Series_6,0.155012,79.933255
Series_6,0.155802,80.085703
Series_6,0.156592,80.228802
Series_6,0.157382,80.367890
Series_6,0.158173,80.508814
Series_6,0.158963,80.657278
Series_6,0.159753,80.818528
Series_6,0.160543,80.997029
Series_6,0.161333,81.195373
Series_6,0.162124,81.414010
Series_6,0.162914,81.650809
Series_6,0.163704,81.901634
Series_6,0.164494,82.163865
Series_6,0.165285,82.435779
Series_6,0.166075,82.714871
Series_6,0.166865,82.997680
Series_6,0.167655,83.284499
Series_6,0.168445,83.577620
Series_6,0.169236,83.879883
Series_6,0.170026,84.194158
Series_6,0.170816,84.524262
Series_6,0.171606,84.871952
Series_6,0.172396,85.235079
Series_6,0.173187,85.607782
Series_6,0.173977,85.984172
Series_6,0.174767,86.359987
Series_6,0.175557,86.731372
Series_6,0.176347,87.093611
Series_6,0.177138,87.444019
Series_6,0.177928,87.780758
Series_6,0.178718,88.103704
Series_6,0.179508,88.413204
Series_6,0.180298,88.711105
Series_6,0.181089,88.997838
Series_6,0.181879,89.271638
Series_6,0.182669,89.528878
Series_6,0.183459,89.767718
Series_6,0.184249,89.988258
Series_6,0.185040,90.191324
Series_6,0.185830,90.377773
Series_6,0.186620,90.549273
Series_6,0.187410,90.708347
Series_6,0.188200,90.858525
Series_6,0.188991,91.003843
Series_6,0.189781,91.147602
Series_6,0.190571,91.292001
Series_6,0.191361,91.437923
Series_6,0.192152,91.585326
Series_6,0.192942,91.733881
Series_6,0.193732,91.883797
Series_6,0.194522,92.035555
Series_6,0.195312,92.189443
Series_6,0.196103,92.345132
Series_6,0.196893,92.501462
Series_6,0.197683,92.655870
Series_6,0.198473,92.804347
Series_6,0.199263,92.945771
Series_6,0.200054,93.082023
Series_6,0.200844,93.214600
Series_6,0.201634,93.343105
Series_6,0.202424,93.468458
Series_6,0.203214,93.591760
Series_6,0.204005,93.712676
Series_6,0.204795,93.827987
Series_6,0.205585,93.935930
Series_6,0.206375,94.036918
Series_6,0.207165,94.132117
Series_6,0.207956,94.221823
Series_6,0.208746,94.306163
Series_6,0.209536,94.386009
Series_6,0.210326,94.463360
Series_6,0.211116,94.540384
Series_6,0.211907,94.618346
Series_6,0.212697,94.697799
Series_6,0.213487,94.778254
Series_6,0.214277,94.858137
Series_6,0.215067,94.936678
Series_6,0.215858,95.014205
Series_6,0.216648,95.091899
Series_6,0.217438,95.171703
Series_6,0.218228,95.256059
Series_6,0.219019,95.347140
Series_6,0.219809,95.446232
Series_6,0.220599,95.554523
Series_6,0.221389,95.673746
Series_6,0.222179,95.805834
Series_6,0.222970,95.951535
Series_6,0.223760,96.110769
Series_6,0.224550,96.283325
Series_6,0.225340,96.466954
Series_6,0.226130,96.657275
Series_6,0.226921,96.848555
Series_6,0.227711,97.035636
Series_6,0.228501,97.213599
Series_6,0.229291,97.376867
Series_6,0.230081,97.519263
Series_6,0.230872,97.637718
Series_6,0.231662,97.732517
Series_6,0.232452,97.805430
Series_6,0.233242,97.858607
Series_6,0.234032,97.895074
Series_6,0.234823,97.918128
Series_6,0.235613,97.931462
Series_6,0.236403,97.938883
Series_6,0.237193,97.943468
Series_6,0.237983,97.947373
Series_6,0.238774,97.951754
Series_6,0.239564,97.956692
Series_6,0.240354,97.962228
Series_6,0.241144,97.968249
Series_6,0.241934,97.974435
Series_6,0.242725,97.980115
Series_6,0.243515,97.984908
Series_6,0.244305,97.988388
Series_6,0.245095,97.990109
Series_6,0.245886,97.989388
Series_6,0.246676,97.985307
Series_6,0.247466,97.976609
Series_6,0.248256,97.961618
Series_6,0.249046,97.938598
Series_6,0.249837,97.905383
Series_6,0.250627,97.859559
Series_6,0.251417,97.798785
Series_6,0.252207,97.721446
Series_6,0.252997,97.625796
Series_6,0.253788,97.510737
Series_6,0.254578,97.376313
Series_6,0.255368,97.223807
Series_6,0.256158,97.056595
Series_6,0.256948,96.881288
Series_6,0.257739,96.708375
Series_6,0.258529,96.551635
Series_6,0.259319,96.426478
Series_6,0.260109,96.348403
Series_6,0.260899,96.330974
Series_6,0.261690,96.385212
Series_6,0.262480,96.517856
Series_6,0.263270,96.730827
Series_6,0.264060,97.021130
Series_6,0.264850,97.380976
Series_6,0.265641,97.799329
Series_6,0.266431,98.262990
Series_6,0.267221,98.760126
Series_6,0.268011,99.279643
Series_6,0.268801,99.810823
Series_6,0.269592,100.341135
Series_6,0.270382,100.856353
Series_6,0.271172,101.341004
Series_6,0.271962,101.780441
Series_6,0.272753,102.163483
Series_6,0.273543,102.483785
Series_6,0.274333,102.740073
Series_6,0.275123,102.935779
Series_6,0.275913,103.078907
Series_6,0.276704,103.180050
Series_6,0.277494,103.251059
Series_6,0.278284,103.304440
Series_6,0.279074,103.352235
Series_6,0.279864,103.405135
Series_6,0.280655,103.471482
Series_6,0.281445,103.556901
Series_6,0.282235,103.664118
Series_6,0.283025,103.793445
Series_6,0.283815,103.942973
Series_6,0.284606,104.109461
Series_6,0.285396,104.289304
Series_6,0.286186,104.478127
Series_6,0.286976,104.670146
Series_6,0.287766,104.859630
Series_6,0.288557,105.040434
Series_6,0.289347,105.205038
Series_6,0.290137,105.344085
Series_6,0.290927,105.447703
Series_6,0.291717,105.508384
Series_6,0.292508,105.518916
Series_6,0.293298,105.472869
Series_6,0.294088,105.368768
Series_6,0.294878,105.210381
Series_6,0.295668,105.006196
Series_6,0.296459,104.768336
Series_6,0.297249,104.508079
Series_6,0.298039,104.236325
Series_6,0.298829,103.964619
Series_6,0.299619,103.705842
Series_6,0.300410,103.470833
Series_6,0.301200,103.267966
Series_6,0.301990,103.103497
Series_6,0.302780,102.981048
Series_6,0.303571,102.901203
Series_6,0.304361,102.861915
Series_6,0.305151,102.859040
Series_6,0.305941,102.887178
Series_6,0.306731,102.939543
Series_6,0.307522,103.009165
Series_6,0.308312,103.090333
Series_6,0.309102,103.179371
Series_6,0.309892,103.274886
Series_6,0.310682,103.377246
Series_6,0.311473,103.487805
Series_6,0.312263,103.607423
Series_6,0.313053,103.736424
Series_6,0.313843,103.873646
Series_6,0.314633,104.016922
Series_6,0.315424,104.162943
Series_6,0.316214,104.309231
Series_6,0.317004,104.454532
Series_6,0.317794,104.598041
Series_6,0.318584,104.739661
Series_6,0.319375,104.879718
Series_6,0.320165,105.019018
Series_6,0.320955,105.158336
Series_6,0.321745,105.298823
Series_6,0.322535,105.440208
Series_6,0.323326,105.581434
Series_6,0.324116,105.720213
Series_6,0.324906,105.853010
Series_6,0.325696,105.978480
Series_6,0.326486,106.096763
Series_6,0.327277,106.208324
Series_6,0.328067,106.312874
Series_6,0.328857,106.409702
Series_6,0.329647,106.497500
Series_6,0.330438,106.573932
Series_6,0.331228,106.635673
Series_6,0.332018,106.681387
Series_6,0.332808,106.711732
Series_6,0.333598,106.728568
Series_6,0.334389,106.734368
Series_6,0.335179,106.731657
Series_6,0.335969,106.722805
Series_6,0.336759,106.710346
Series_6,0.337549,106.696883
Series_6,0.338340,106.684437
Series_6,0.339130,106.674931
Series_6,0.339920,106.669233
Series_6,0.340710,106.667374
Series_6,0.341500,106.669391
Series_6,0.342291,106.675374
Series_6,0.343081,106.685324
Series_6,0.343871,106.699023
Series_6,0.344661,106.716422
Series_6,0.345451,106.737332
Series_6,0.346242,106.761090
Series_6,0.347032,106.786134
Series_6,0.347822,106.809871
Series_6,0.348612,106.828159
Series_6,0.349402,106.835109
Series_6,0.350193,106.822768
Series_6,0.350983,106.781884
Series_6,0.351773,106.702516
Series_6,0.352563,106.574633
Series_6,0.353353,106.389796
Series_6,0.354144,106.143531
Series_6,0.354934,105.837167
Series_6,0.355724,105.475963
Series_6,0.356514,105.069028
Series_6,0.357305,104.628342
Series_6,0.358095,104.167709
Series_6,0.358885,103.702515
Series_6,0.359675,103.250331
Series_6,0.360465,102.828379
Series_6,0.361256,102.453362
Series_6,0.362046,102.140348
Series_6,0.362836,101.902769
Series_6,0.363626,101.748049
Series_6,0.364416,101.677400
Series_6,0.365207,101.688860
Series_6,0.365997,101.780468
Series_6,0.366787,101.946885
Series_6,0.367577,102.177198
Series_6,0.368367,102.454698
Series_6,0.369158,102.759009
Series_6,0.369948,103.072379
Series_6,0.370738,103.379543
Series_6,0.371528,103.666628
Series_6,0.372318,103.920990
Series_6,0.373109,104.132383
Series_6,0.373899,104.293460
Series_6,0.374689,104.400816
Series_6,0.375479,104.455145
Series_6,0.376269,104.460634
Series_6,0.377060,104.423049
Series_6,0.377850,104.349834
Series_6,0.378640,104.250299
Series_6,0.379430,104.134729
Series_6,0.380220,104.014233
Series_6,0.381011,103.900401
Series_6,0.381801,103.804184
Series_6,0.382591,103.733085
Series_6,0.383381,103.690873
Series_6,0.384172,103.678563
Series_6,0.384962,103.694905
Series_6,0.385752,103.737556
Series_6,0.386542,103.802777
Series_6,0.387332,103.884931
Series_6,0.388123,103.977204
Series_6,0.388913,104.073648
Series_6,0.389703,104.169151
Series_6,0.390493,104.260822
Series_6,0.391283,104.348028
Series_6,0.392074,104.431007
Series_6,0.392864,104.510391
Series_6,0.393654,104.586405
Series_6,0.394444,104.658759
Series_6,0.395234,104.727590
Series_6,0.396025,104.793860
Series_6,0.396815,104.858857
Series_6,0.397605,104.924121
Series_6,0.398395,104.991711
Series_6,0.399185,105.063383
Series_6,0.399976,105.139637
Series_6,0.400766,105.219446
Series_6,0.401556,105.301622
Series_6,0.402346,105.385370
Series_6,0.403136,105.470302
Series_6,0.403927,105.556035
Series_6,0.404717,105.642237
Series_6,0.405507,105.728245
Series_6,0.406297,105.813203
Series_6,0.407087,105.895965
Series_6,0.407878,105.976832
Series_6,0.408668,106.057534
Series_6,0.409458,106.140678
Series_6,0.410248,106.229224
Series_6,0.411039,106.327141
Series_6,0.411829,106.438874
Series_6,0.412619,106.569664
Series_6,0.413409,106.724140
Series_6,0.414199,106.908050
Series_6,0.414990,107.126123
Series_6,0.415780,107.380693
Series_6,0.416570,107.670137
Series_6,0.417360,107.988813
Series_6,0.418150,108.327158
Series_6,0.418941,108.672081
Series_6,0.419731,109.005662
Series_6,0.420521,109.308992
Series_6,0.421311,109.563177
Series_6,0.422101,109.753736
Series_6,0.422892,109.872245
Series_6,0.423682,109.914234
Series_6,0.424472,109.878133
Series_6,0.425262,109.767117
Series_6,0.426052,109.590216
Series_6,0.426843,109.360624
Series_6,0.427633,109.093329
Series_6,0.428423,108.802233
Series_6,0.429213,108.499950
Series_6,0.430003,108.196772
Series_6,0.430794,107.903412
Series_6,0.431584,107.631673
Series_6,0.432374,107.392403
Series_6,0.433164,107.192562
Series_6,0.433954,107.035519
Series_6,0.434745,106.920439
Series_6,0.435535,106.843460
Series_6,0.436325,106.797582
Series_6,0.437115,106.774069
Series_6,0.437906,106.764896
Series_6,0.438696,106.763805
Series_6,0.439486,106.766153
Series_6,0.440276,106.769703
Series_6,0.441066,106.773006
Series_6,0.441857,106.775116
Series_6,0.442647,106.776200
Series_6,0.443437,106.776737
Series_6,0.444227,106.777188
Series_6,0.445017,106.777975
Series_6,0.445808,106.779143
Series_6,0.446598,106.780342
Series_6,0.447388,106.780893
Series_6,0.448178,106.780066
Series_6,0.448968,106.778129
Series_6,0.449759,106.775504
Series_6,0.450549,106.772733
Series_6,0.451339,106.770164
Series_6,0.452129,106.768006
Series_6,0.452919,106.766390
Series_6,0.453710,106.765409
Series_6,0.454500,106.765523
Series_6,0.455290,106.766993
Series_6,0.456080,106.769823
Series_6,0.456870,106.773815
Series_6,0.457661,106.778475
Series_6,0.458451,106.783555
Series_6,0.459241,106.789082
Series_6,0.460031,106.795287
Series_6,0.460821,106.802692
Series_6,0.461612,106.812136
Series_6,0.462402,106.824680
Series_6,0.463192,106.841690
Series_6,0.463982,106.864045
Series_6,0.464773,106.892741
Series_6,0.465563,106.929628
Series_6,0.466353,106.976166
Series_6,0.467143,107.033004
Series_6,0.467933,107.100066
Series_6,0.468724,107.176790
Series_6,0.469514,107.261395
Series_6,0.470304,107.350531
Series_6,0.471094,107.439021
Series_6,0.471884,107.521452
Series_6,0.472675,107.591350
Series_6,0.473465,107.642839
Series_6,0.474255,107.673484
Series_6,0.475045,107.684079
Series_6,0.475835,107.678145
Series_6,0.476626,107.660865
Series_6,0.477416,107.637948
Series_6,0.478206,107.614243
Series_6,0.478996,107.593500
Series_6,0.479786,107.578539
Series_6,0.480577,107.571209
Series_6,0.481367,107.573075
Series_6,0.482157,107.585579
Series_6,0.482947,107.609911
Series_6,0.483737,107.646364
Series_6,0.484528,107.694456
Series_6,0.485318,107.753097
Series_6,0.486108,107.820926
Series_6,0.486898,107.896779
Series_6,0.487688,107.978080
Series_6,0.488479,108.060617
Series_6,0.489269,108.140231
Series_6,0.490059,108.214713
Series_6,0.490849,108.284166
Series_6,0.491640,108.350698
Series_6,0.492430,108.418459
Series_6,0.493220,108.493599
Series_6,0.494010,108.583495
Series_6,0.494800,108.695773
Series_6,0.495591,108.836667
Series_6,0.496381,109.010430
Series_6,0.497171,109.218297
Series_6,0.497961,109.458377
Series_6,0.498751,109.725240
Series_6,0.499542,110.010647
Series_6,0.500332,110.304775
Series_6,0.501122,110.594966
Series_6,0.501912,110.865973
Series_6,0.502702,111.104546
Series_6,0.503493,111.300788
Series_6,0.504283,111.448388
Series_6,0.505073,111.545043
Series_6,0.505863,111.591659
Series_6,0.506653,111.592643
Series_6,0.507444,111.556203
Series_6,0.508234,111.493280
Series_6,0.509024,111.413135
Series_6,0.509814,111.323175
Series_6,0.510604,111.229468
Series_6,0.511395,111.137191
Series_6,0.512185,111.051078
Series_6,0.512975,110.974498
Series_6,0.513765,110.910464
Series_6,0.514555,110.860981
Series_6,0.515346,110.826796
Series_6,0.516136,110.806555
Series_6,0.516926,110.797505
Series_6,0.517716,110.795824
Series_6,0.518507,110.795648
Series_6,0.519297,110.789253
Series_6,0.520087,110.767400
Series_6,0.520877,110.719651
Series_6,0.521667,110.634490
Series_6,0.522458,110.500474
Series_6,0.523248,110.307886
Series_6,0.524038,110.049582
Series_6,0.524828,109.720862
Series_6,0.525618,109.320701
Series_6,0.526409,108.853317
Series_6,0.527199,108.327933
Series_6,0.527989,107.758789
Series_6,0.528779,107.163176
Series_6,0.529569,106.557423
Series_6,0.530360,105.957410
Series_6,0.531150,105.379177
Series_6,0.531940,104.838534
Series_6,0.532730,104.349728
Series_6,0.533520,103.927741
Series_6,0.534311,103.584844
Series_6,0.535101,103.328351
Series_6,0.535891,103.160289
Series_6,0.536681,103.077692
Series_6,0.537471,103.072447
Series_6,0.538262,103.132124
Series_6,0.539052,103.242920
Series_6,0.539842,103.392289
Series_6,0.540632,103.570359
Series_6,0.541422,103.770116
Series_6,0.542213,103.987558
Series_6,0.543003,104.220574
Series_6,0.543793,104.469368
Series_6,0.544583,104.735781
Series_6,0.545374,105.020790
Series_6,0.546164,105.323988
Series_6,0.546954,105.645281
Series_6,0.547744,105.983965
Series_6,0.548534,106.336924
Series_6,0.549325,106.698330
Series_6,0.550115,107.062875
Series_6,0.550905,107.423683
Series_6,0.551695,107.772201
Series_6,0.552485,108.097768
Series_6,0.553276,108.386160
Series_6,0.554066,108.621504
Series_6,0.554856,108.790398
Series_6,0.555646,108.883434
Series_6,0.556436,108.896810
Series_6,0.557227,108.831202
Series_6,0.558017,108.692490
Series_6,0.558807,108.491475
Series_6,0.559597,108.241523
Series_6,0.560387,107.957596
Series_6,0.561178,107.653618
Series_6,0.561968,107.342348
Series_6,0.562758,107.034071
Series_6,0.563548,106.735880
Series_6,0.564338,106.452816
Series_6,0.565129,106.187957
Series_6,0.565919,105.941977
Series_6,0.566709,105.714111
Series_6,0.567499,105.504687
Series_6,0.568289,105.316612
Series_6,0.569080,105.152566
Series_6,0.569870,105.014290
Series_6,0.570660,104.901712
Series_6,0.571450,104.814992
Series_6,0.572241,104.755007
Series_6,0.573031,104.723635
Series_6,0.573821,104.724430
Series_6,0.574611,104.762796
Series_6,0.575401,104.844669
Series_6,0.576192,104.975006
Series_6,0.576982,105.154983
Series_6,0.577772,105.381019
Series_6,0.578562,105.644637
Series_6,0.579352,105.934081
Series_6,0.580143,106.236765
Series_6,0.580933,106.538603
Series_6,0.581723,106.826357
Series_6,0.582513,107.087117
Series_6,0.583303,107.309775
Series_6,0.584094,107.485416
Series_6,0.584884,107.609574
Series_6,0.585674,107.681749
Series_6,0.586464,107.704436
Series_6,0.587254,107.682501
Series_6,0.588045,107.622213
Series_6,0.588835,107.531560
Series_6,0.589625,107.420293
Series_6,0.590415,107.299032
Series_6,0.591205,107.178029
Series_6,0.591996,107.066245
Series_6,0.592786,106.971264
Series_6,0.593576,106.899432
Series_6,0.594366,106.855994
Series_6,0.595156,106.844747
Series_6,0.595947,106.867992
Series_6,0.596737,106.926172
Series_6,0.597527,107.017735
Series_6,0.598317,107.138962
Series_6,0.599108,107.284144
Series_6,0.599898,107.446306
Series_6,0.600688,107.618530
Series_6,0.601478,107.793945
Series_6,0.602268,107.965044
Series_6,0.603059,108.123397
Series_6,0.603849,108.262240
Series_6,0.604639,108.376980
Series_6,0.605429,108.464208
Series_6,0.606219,108.521806
Series_6,0.607010,108.549453
Series_6,0.607800,108.548329
Series_6,0.608590,108.521416
Series_6,0.609380,108.473396
Series_6,0.610170,108.409607
Series_6,0.610961,108.335548
Series_6,0.611751,108.256046
Series_6,0.612541,108.174817
Series_6,0.613331,108.093170
Series_6,0.614121,108.010641
Series_6,0.614912,107.924947
Series_6,0.615702,107.832429
Series_6,0.616492,107.728938
Series_6,0.617282,107.611011
Series_6,0.618072,107.476175
Series_6,0.618863,107.323756
Series_6,0.619653,107.153866
Series_6,0.620443,106.967522
Series_6,0.621233,106.767527
Series_6,0.622023,106.557552
Series_6,0.622814,106.339170
Series_6,0.623604,106.113432
Series_6,0.624394,105.882024
Series_6,0.625184,105.647389
Series_6,0.625975,105.410661
Series_6,0.626765,105.171543
Series_6,0.627555,104.930207
Series_6,0.628345,104.688280
Series_6,0.629135,104.446832
Series_6,0.629926,104.207623
Series_6,0.630716,103.974225
Series_6,0.631506,103.753107
Series_6,0.632296,103.551959
Series_6,0.633086,103.379936
Series_6,0.633877,103.247901
Series_6,0.634667,103.167470
Series_6,0.635457,103.149322
Series_6,0.636247,103.199709
Series_6,0.637037,103.319892
Series_6,0.637828,103.506044
Series_6,0.638618,103.749754
Series_6,0.639408,104.039973
Series_6,0.640198,104.364704
Series_6,0.640988,104.709358
Series_6,0.641779,105.059471
Series_6,0.642569,105.400688
Series_6,0.643359,105.717739
Series_6,0.644149,105.994280
Series_6,0.644939,106.216218
Series_6,0.645730,106.373630
Series_6,0.646520,106.461913
Series_6,0.647310,106.481996
Series_6,0.648100,106.440020
Series_6,0.648890,106.346239
Series_6,0.649681,106.212555
Series_6,0.650471,106.050330
Series_6,0.651261,105.869519
Series_6,0.652051,105.678275
Series_6,0.652841,105.484213
Series_6,0.653632,105.293508
Series_6,0.654422,105.109203
Series_6,0.655212,104.932552
Series_6,0.656002,104.764019
Series_6,0.656793,104.604432
Series_6,0.657583,104.453255
Series_6,0.658373,104.308908
Series_6,0.659163,104.169820
Series_6,0.659953,104.035565
Series_6,0.660744,103.905491
Series_6,0.661534,103.777713
Series_6,0.662324,103.650320
Series_6,0.663114,103.521034
Series_6,0.663904,103.385741
Series_6,0.664695,103.238523
Series_6,0.665485,103.072498
Series_6,0.666275,102.880500
Series_6,0.667065,102.656855
Series_6,0.667855,102.399060
Series_6,0.668646,102.107706
Series_6,0.669436,101.785826
Series_6,0.670226,101.437809
Series_6,0.671016,101.072107
Series_6,0.671806,100.701546
Series_6,0.672597,100.342823
Series_6,0.673387,100.015045
Series_6,0.674177,99.737551
Series_6,0.674967,99.525469
Series_6,0.675757,99.388387
Series_6,0.676548,99.330189
Series_6,0.677338,99.349925
Series_6,0.678128,99.440974
Series_6,0.678918,99.591314
Series_6,0.679708,99.787591
Series_6,0.680499,100.017207
Series_6,0.681289,100.267892
Series_6,0.682079,100.527392
Series_6,0.682869,100.784287
Series_6,0.683660,101.025866
Series_6,0.684450,101.238885
Series_6,0.685240,101.412602
Series_6,0.686030,101.539346
Series_6,0.686820,101.615143
Series_6,0.687611,101.640318
Series_6,0.688401,101.619762
Series_6,0.689191,101.562785
Series_6,0.689981,101.481969
Series_6,0.690771,101.389918
Series_6,0.691562,101.297827
Series_6,0.692352,101.215044
Series_6,0.693142,101.149435
Series_6,0.693932,101.107449
Series_6,0.694722,101.094933
Series_6,0.695513,101.119701
Series_6,0.696303,101.190811
Series_6,0.697093,101.316901
Series_6,0.697883,101.501531
Series_6,0.698673,101.742832
Series_6,0.699464,102.037478
Series_6,0.700254,102.378735
Series_6,0.701044,102.756453
Series_6,0.701834,103.157699
Series_6,0.702624,103.567887
Series_6,0.703415,103.972889
Series_6,0.704205,104.357730
Series_6,0.704995,104.708706
Series_6,0.705785,105.014466
Series_6,0.706575,105.268234
Series_6,0.707366,105.468695
Series_6,0.708156,105.619973
Series_6,0.708946,105.730785
Series_6,0.709736,105.808246
Series_6,0.710527,105.855456
Series_6,0.711317,105.872111
Series_6,0.712107,105.854560
Series_6,0.712897,105.795652
Series_6,0.713687,105.685364
Series_6,0.714478,105.512106
Series_6,0.715268,105.264573
Series_6,0.716058,104.933727
Series_6,0.716848,104.515949
Series_6,0.717638,104.015652
Series_6,0.718429,103.441533
Series_6,0.719219,102.802674
Series_6,0.720009,102.108155
Series_6,0.720799,101.367610
Series_6,0.721589,100.594775
Series_6,0.722380,99.809274
Series_6,0.723170,99.032511
Series_6,0.723960,98.285224
Series_6,0.724750,97.587979
Series_6,0.725540,96.958217
Series_6,0.726331,96.408233
Series_6,0.727121,95.948183
Series_6,0.727911,95.584570
Series_6,0.728701,95.318564
Series_6,0.729491,95.146165
Series_6,0.730282,95.058397
Series_6,0.731072,95.043466
Series_6,0.731862,95.088667
Series_6,0.732652,95.183335
Series_6,0.733442,95.320457
Series_6,0.734233,95.496733
Series_6,0.735023,95.712754
Series_6,0.735813,95.970835
Series_6,0.736603,96.272534
Series_6,0.737394,96.616722
Series_6,0.738184,97.001817
Series_6,0.738974,97.426053
Series_6,0.739764,97.886649
Series_6,0.740554,98.379488
Series_6,0.741345,98.896775
Series_6,0.742135,99.426849
Series_6,0.742925,99.956263
Series_6,0.743715,100.469962
Series_6,0.744505,100.951448
Series_6,0.745296,101.382346
Series_6,0.746086,101.747419
Series_6,0.746876,102.036920
Series_6,0.747666,102.245375
Series_6,0.748456,102.371815
Series_6,0.749247,102.420078
Series_6,0.750037,102.399201
Series_6,0.750827,102.321997
Series_6,0.751617,102.202578
Series_6,0.752407,102.054787
Series_6,0.753198,101.890698
Series_6,0.753988,101.720241
Series_6,0.754778,101.552016
Series_6,0.755568,101.392299
Series_6,0.756358,101.245951
Series_6,0.757149,101.117382
Series_6,0.757939,101.010614
Series_6,0.758729,100.928266
Series_6,0.759519,100.871003
Series_6,0.760309,100.836856
Series_6,0.761100,100.821737
Series_6,0.761890,100.820065
Series_6,0.762680,100.824955
Series_6,0.763470,100.828464
Series_6,0.764261,100.821542
Series_6,0.765051,100.793696
Series_6,0.765841,100.733242
Series_6,0.766631,100.627824
Series_6,0.767421,100.466161
Series_6,0.768212,100.240762
Series_6,0.769002,99.949176
Series_6,0.769792,99.594488
Series_6,0.770582,99.185197
Series_6,0.771372,98.732338
Series_6,0.772163,98.246900
Series_6,0.772953,97.737975
Series_6,0.773743,97.214781
Series_6,0.774533,96.684495
Series_6,0.775323,96.151724
Series_6,0.776114,95.619844
Series_6,0.776904,95.094419
Series_6,0.777694,94.582895
Series_6,0.778484,94.095088
Series_6,0.779274,93.641141
Series_6,0.780065,93.231738
Series_6,0.780855,92.877520
Series_6,0.781645,92.590103
Series_6,0.782435,92.384413
Series_6,0.783225,92.276710
Series_6,0.784016,92.281543
Series_6,0.784806,92.406070
Series_6,0.785596,92.644847
Series_6,0.786386,92.985112
Series_6,0.787176,93.414105
Series_6,0.787967,93.919067
Series_6,0.788757,94.487241
Series_6,0.789547,95.105871
Series_6,0.790337,95.762205
Series_6,0.791128,96.443488
Series_6,0.791918,97.136972
Series_6,0.792708,97.829907
Series_6,0.793498,98.502385
Series_6,0.794288,99.133208
Series_6,0.795079,99.707210
Series_6,0.795869,100.218348
Series_6,0.796659,100.663430
Series_6,0.797449,101.039268
Series_6,0.798239,101.342674
Series_6,0.799030,101.570462
Series_6,0.799820,101.719448
Series_6,0.800610,101.786450
Series_6,0.801400,101.768286
Series_6,0.802190,101.661776
Series_6,0.802981,101.473541
Series_6,0.803771,101.217946
Series_6,0.804561,100.909477
Series_6,0.805351,100.561048
Series_6,0.806141,100.185644
Series_6,0.806932,99.793981
Series_6,0.807722,99.393641
Series_6,0.808512,98.990319
Series_6,0.809302,98.587980
Series_6,0.810092,98.189331
Series_6,0.810883,97.797714
Series_6,0.811673,97.418391
Series_6,0.812463,97.056962
Series_6,0.813253,96.719828
Series_6,0.814043,96.416504
Series_6,0.814834,96.159072
Series_6,0.815624,95.959643
Series_6,0.816414,95.828872
Series_6,0.817204,95.772217
Series_6,0.817995,95.787485
Series_6,0.818785,95.872199
Series_6,0.819575,96.023881
Series_6,0.820365,96.240057
Series_6,0.821155,96.518253
Series_6,0.821946,96.853578
Series_6,0.822736,97.234861
Series_6,0.823526,97.644530
Series_6,0.824316,98.063310
Series_6,0.825106,98.475907
Series_6,0.825897,98.871100
Series_6,0.826687,99.241357
Series_6,0.827477,99.582488
Series_6,0.828267,99.894781
Series_6,0.829057,100.181309
Series_6,0.829848,100.447809
Series_6,0.830638,100.701607
Series_6,0.831428,100.948734
Series_6,0.832218,101.192034
Series_6,0.833008,101.430763
Series_6,0.833799,101.660285
Series_6,0.834589,101.872387
Series_6,0.835379,102.055279
Series_6,0.836169,102.195216
Series_6,0.836959,102.278346
Series_6,0.837750,102.295555
Series_6,0.838540,102.242800
Series_6,0.839330,102.121103
Series_6,0.840120,101.936860
Series_6,0.840910,101.701385
Series_6,0.841701,101.428055
Series_6,0.842491,101.128964
Series_6,0.843281,100.816301
Series_6,0.844071,100.499634
Series_6,0.844862,100.186895
Series_6,0.845652,99.883921
Series_6,0.846442,99.595027
Series_6,0.847232,99.322470
Series_6,0.848022,99.067578
Series_6,0.848813,98.831401
Series_6,0.849603,98.614638
Series_6,0.850393,98.414557
Series_6,0.851183,98.226518
Series_6,0.851973,98.045365
Series_6,0.852764,97.866917
Series_6,0.853554,97.689530
Series_6,0.854344,97.514977
Series_6,0.855134,97.349572
Series_6,0.855924,97.204403
Series_6,0.856715,97.089789
Series_6,0.857505,97.013755
Series_6,0.858295,96.981910
Series_6,0.859085,96.996400
Series_6,0.859875,97.055568
Series_6,0.860666,97.154340
Series_6,0.861456,97.285167
Series_6,0.862246,97.439278
Series_6,0.863036,97.609190
Series_6,0.863826,97.788663
Series_6,0.864617,97.971839
Series_6,0.865407,98.152494
Series_6,0.866197,98.326332
Series_6,0.866987,98.491877
Series_6,0.867777,98.650647
Series_6,0.868568,98.806158
Series_6,0.869358,98.962692
Series_6,0.870148,99.124531
Series_6,0.870938,99.294319
Series_6,0.871729,99.471789
Series_6,0.872519,99.654716
Series_6,0.873309,99.837692
Series_6,0.874099,100.010762
Series_6,0.874889,100.159452
Series_6,0.875680,100.267417
Series_6,0.876470,100.319787
Series_6,0.877260,100.306636
Series_6,0.878050,100.223517
Series_6,0.878840,100.070061
Series_6,0.879631,99.850506
Series_6,0.880421,99.575009
Series_6,0.881211,99.258596
Series_6,0.882001,98.917224
Series_6,0.882791,98.567461
Series_6,0.883582,98.223295
Series_6,0.884372,97.895281
Series_6,0.885162,97.591490
Series_6,0.885952,97.321399
Series_6,0.886742,97.097916
Series_6,0.887533,96.934382
Series_6,0.888323,96.837873
Series_6,0.889113,96.809626
Series_6,0.889903,96.850568
Series_6,0.890693,96.961629
Series_6,0.891484,97.139963
Series_6,0.892274,97.376215
Series_6,0.893064,97.655977
Series_6,0.893854,97.963114
Series_6,0.894644,98.280293
Series_6,0.895435,98.589708
Series_6,0.896225,98.873492
Series_6,0.897015,99.114067
Series_6,0.897805,99.296701
Series_6,0.898596,99.410494
Series_6,0.899386,99.449884
Series_6,0.900176,99.414942
Series_6,0.900966,99.311161
Series_6,0.901756,99.149081
Series_6,0.902547,98.941864
Series_6,0.903337,98.703464
Series_6,0.904127,98.446864
Series_6,0.904917,98.183175
Series_6,0.905707,97.921067
Series_6,0.906498,97.668918
Series_6,0.907288,97.431946
Series_6,0.908078,97.212902
Series_6,0.908868,97.012161
Series_6,0.909658,96.828648
Series_6,0.910449,96.661299
Series_6,0.911239,96.508316
Series_6,0.912029,96.368723
Series_6,0.912819,96.243760
Series_6,0.913609,96.135039
Series_6,0.914400,96.043935
Series_6,0.915190,95.972637
Series_6,0.915980,95.924697
Series_6,0.916770,95.905174
Series_6,0.917560,95.919351
Series_6,0.918351,95.970919
Series_6,0.919141,96.060752
Series_6,0.919931,96.186373
Series_6,0.920721,96.341351
Series_6,0.921511,96.516536
Series_6,0.922302,96.701420
Series_6,0.923092,96.887826
Series_6,0.923882,97.069363
Series_6,0.924672,97.240277
Series_6,0.925463,97.395747
Series_6,0.926253,97.530924
Series_6,0.927043,97.640639
Series_6,0.927833,97.720582
Series_6,0.928623,97.767942
Series_6,0.929414,97.782240
Series_6,0.930204,97.765148
Series_6,0.930994,97.720198
Series_6,0.931784,97.652299
Series_6,0.932574,97.567320
Series_6,0.933365,97.471774
Series_6,0.934155,97.371991
Series_6,0.934945,97.272943
Series_6,0.935735,97.177113
Series_6,0.936525,97.084330
Series_6,0.937316,96.992085
Series_6,0.938106,96.896586
Series_6,0.938896,96.793866
Series_6,0.939686,96.680763
Series_6,0.940476,96.554888
Series_6,0.941267,96.415571
Series_6,0.942057,96.263723
Series_6,0.942847,96.102026
Series_6,0.943637,95.934299
Series_6,0.944427,95.764385
Series_6,0.945218,95.596907
Series_6,0.946008,95.436715
Series_6,0.946798,95.289909
Series_6,0.947588,95.163141
Series_6,0.948378,95.063399
Series_6,0.949169,94.996364
Series_6,0.949959,94.964670
Series_6,0.950749,94.967309
Series_6,0.951539,95.000789
Series_6,0.952330,95.059637
Series_6,0.953120,95.137764
Series_6,0.953910,95.229491
Series_6,0.954700,95.329341
Series_6,0.955490,95.432662
Series_6,0.956281,95.537014
Series_6,0.957071,95.641744
Series_6,0.957861,95.746621
Series_6,0.958651,95.851194
Series_6,0.959441,95.954913
Series_6,0.960232,96.057098
Series_6,0.961022,96.157910
Series_6,0.961812,96.257876
Series_6,0.962602,96.357274
Series_6,0.963392,96.455624
Series_6,0.964183,96.551228
Series_6,0.964973,96.640048
Series_6,0.965763,96.714838
Series_6,0.966553,96.764203
Series_6,0.967343,96.774071
Series_6,0.968134,96.731235
Series_6,0.968924,96.626900
Series_6,0.969714,96.457613
Series_6,0.970504,96.225676
Series_6,0.971294,95.938946
Series_6,0.972085,95.610645
Series_6,0.972875,95.256817
Series_6,0.973665,94.893195
Series_6,0.974455,94.536612
Series_6,0.975245,94.207720
Series_6,0.976036,93.927931
Series_6,0.976826,93.714567
Series_6,0.977616,93.579049
Series_6,0.978406,93.525344
Series_6,0.979197,93.550997
Series_6,0.979987,93.652531
Series_6,0.980777,93.826474
Series_6,0.981567,94.069353
Series_6,0.982357,94.374186
Series_6,0.983148,94.726504
Series_6,0.983938,95.106853
Series_6,0.984728,95.492002
Series_6,0.985518,95.856474
Series_6,0.986308,96.177917
Series_6,0.987099,96.437673
Series_6,0.987889,96.622566
Series_6,0.988679,96.727009
Series_6,0.989469,96.746927
Series_6,0.990259,96.678246
Series_6,0.991050,96.517855
Series_6,0.991840,96.268725
Series_6,0.992630,95.941261
Series_6,0.993420,95.552958
Series_6,0.994210,95.125995
Series_6,0.995001,94.686366
Series_6,0.995791,94.259894
Series_6,0.996581,93.869615
Series_6,0.997371,93.532781
Series_6,0.998161,93.259553
Series_6,0.998952,93.052764
Series_6,0.999742,92.911754
Series_6,1.000532,92.835863
Series_6,1.001322,92.824436
Series_6,1.002112,92.876818
Series_6,1.002903,92.992339
Series_6,1.003693,93.162677
Series_6,1.004483,93.377409
Series_6,1.005273,93.628447
Series_6,1.006063,93.909042
Series_6,1.006854,94.206829
Series_6,1.007644,94.503796
Series_6,1.008434,94.779790
Series_6,1.009224,95.017307
Series_6,1.010015,95.204775
Series_6,1.010805,95.336482
Series_6,1.011595,95.411451
Series_6,1.012385,95.432197
Series_6,1.013175,95.406464
Series_6,1.013966,95.345607
Series_6,1.014756,95.261735
Series_6,1.015546,95.166013
Series_6,1.016336,95.068208
Series_6,1.017126,94.975961
Series_6,1.017917,94.894793
Series_6,1.018707,94.828535
Series_6,1.019497,94.778667
Series_6,1.020287,94.744174
Series_6,1.021077,94.722457
Series_6,1.021868,94.709779
Series_6,1.022658,94.701537
Series_6,1.023448,94.692493
Series_6,1.024238,94.676408
Series_6,1.025028,94.646224
Series_6,1.025819,94.594159
Series_6,1.026609,94.510600
Series_6,1.027399,94.384015
Series_6,1.028189,94.203860
Series_6,1.028979,93.963632
Series_6,1.029770,93.661918
Series_6,1.030560,93.303178
Series_6,1.031350,92.896393
Series_6,1.032140,92.453907
Series_6,1.032930,91.993215
Series_6,1.033721,91.536500
Series_6,1.034511,91.109695
Series_6,1.035301,90.735909
Series_6,1.036091,90.432176
Series_6,1.036882,90.204578
Series_6,1.037672,90.046225
Series_6,1.038462,89.950229
Series_6,1.039252,89.909704
Series_6,1.040042,89.917765
Series_6,1.040833,89.967530
Series_6,1.041623,90.052117
Series_6,1.042413,90.164646
Series_6,1.043203,90.298239
Series_6,1.043993,90.446020
Series_6,1.044784,90.601113
Series_6,1.045574,90.751677
Series_6,1.046364,90.884858
Series_6,1.047154,90.997314
Series_6,1.047944,91.090870
Series_6,1.048735,91.167355
Series_6,1.049525,91.228598
Series_6,1.050315,91.276431
Series_6,1.051105,91.312685
Series_6,1.051895,91.339197
Series_6,1.052686,91.357801
Series_6,1.053476,91.370335
Series_6,1.054266,91.378639
Series_6,1.055056,91.384552
Series_6,1.055846,91.389918
Series_6,1.056637,91.404493
Series_6,1.057427,91.431973
Series_6,1.058217,91.474485
Series_6,1.059007,91.534160
Series_6,1.059797,91.613128
Series_6,1.060588,91.713522
Series_6,1.061378,91.837476
Series_6,1.062168,91.987125
Series_6,1.062958,92.164606
Series_6,1.063749,92.372059
Series_6,1.064539,92.611625
Series_6,1.065329,92.885444
Series_6,1.066119,93.195661
Series_6,1.066909,93.533908
Series_6,1.067700,93.884337
Series_6,1.068490,94.235117
Series_6,1.069280,94.575050
Series_6,1.070070,94.892942
Series_6,1.070860,95.177599
Series_6,1.071651,95.417828
Series_6,1.072441,95.602439
Series_6,1.073231,95.720256
Series_6,1.074021,95.767133
Series_6,1.074811,95.746232
Series_6,1.075602,95.662848
Series_6,1.076392,95.520511
Series_6,1.077182,95.321158
Series_6,1.077972,95.064899
Series_6,1.078762,94.751788
Series_6,1.079553,94.382990
Series_6,1.080343,93.962649
Series_6,1.081133,93.494339
Series_6,1.081923,92.983405
Series_6,1.082713,92.437635
Series_6,1.083504,91.868545
Series_6,1.084294,91.288953
Series_6,1.085084,90.714560
Series_6,1.085874,90.163006
Series_6,1.086664,89.654406
Series_6,1.087455,89.209055
Series_6,1.088245,88.842893
Series_6,1.089035,88.564172
Series_6,1.089825,88.372250
Series_6,1.090616,88.265912
Series_6,1.091406,88.243951
Series_6,1.092196,88.305157
Series_6,1.092986,88.448322
Series_6,1.093776,88.672242
Series_6,1.094567,88.973471
Series_6,1.095357,89.340618
Series_6,1.096147,89.753531
Series_6,1.096937,90.191093
Series_6,1.097727,90.631976
Series_6,1.098518,91.058020
Series_6,1.099308,91.455045
Series_6,1.100098,91.814192
Series_6,1.100888,92.132029
Series_6,1.101678,92.410674
Series_6,1.102469,92.657094
Series_6,1.103259,92.879767
Series_6,1.104049,93.086763
Series_6,1.104839,93.283580
Series_6,1.105629,93.474027
Series_6,1.106420,93.660326
Series_6,1.107210,93.843041
Series_6,1.108000,94.022208
Series_6,1.108790,94.196617
Series_6,1.109580,94.365318
Series_6,1.110371,94.528322
Series_6,1.111161,94.685526
Series_6,1.111951,94.837292
Series_6,1.112741,94.985232
Series_6,1.113531,95.131312
Series_6,1.114322,95.276875
Series_7,-0.093113,0.982193
Series_7,-0.092323,0.979593
Series_7,-0.091532,0.976610
Series_7,-0.090742,0.973819
Series_7,-0.089952,0.970079
Series_7,-0.089162,0.963078
Series_7,-0.088372,0.947323
Series_7,-0.087581,0.914282
Series_7,-0.086791,0.855464
Series_7,-0.086001,0.765166
Series_7,-0.085211,0.643047
Series_7,-0.084421,0.494169
Series_7,-0.083630,0.322611
Series_7,-0.082840,0.136820
Series_7,-0.082050,-0.051481
Series_7,-0.081260,-0.227351
Series_7,-0.080469,-0.380748
Series_7,-0.079679,-0.501626
Series_7,-0.078889,-0.583079
Series_7,-0.078099,-0.623288
Series_7,-0.077309,-0.626174
Series_7,-0.076518,-0.600977
Series_7,-0.075728,-0.558585
Series_7,-0.074938,-0.506188
Series_7,-0.074148,-0.451220
Series_7,-0.073358,-0.399446
Series_7,-0.072567,-0.352172
Series_7,-0.071777,-0.306688
Series_7,-0.070987,-0.258219
Series_7,-0.070197,-0.202092
Series_7,-0.069407,-0.134438
Series_7,-0.068616,-0.053252
Series_7,-0.067826,0.040270
Series_7,-0.067036,0.142711
Series_7,-0.066246,0.248365
Series_7,-0.065456,0.347015
Series_7,-0.064665,0.433948
Series_7,-0.063875,0.508952
Series_7,-0.063085,0.575124
Series_7,-0.062295,0.636998
Series_7,-0.061505,0.700601
Series_7,-0.060714,0.771291
Series_7,-0.059924,0.853458
Series_7,-0.059134,0.944605
Series_7,-0.058344,1.035665
Series_7,-0.057554,1.120678
Series_7,-0.056763,1.195556
Series_7,-0.055973,1.258593
Series_7,-0.055183,1.310052
Series_7,-0.054393,1.351257
Series_7,-0.053603,1.383628
Series_7,-0.052812,1.407250
Series_7,-0.052022,1.421402
Series_7,-0.051232,1.425137
Series_7,-0.050442,1.417565
Series_7,-0.049651,1.397968
Series_7,-0.048861,1.366150
Series_7,-0.048071,1.322593
Series_7,-0.047281,1.268226
Series_7,-0.046491,1.204116
Series_7,-0.045700,1.131333
Series_7,-0.044910,1.050947
Series_7,-0.044120,0.964031
Series_7,-0.043330,0.871660
Series_7,-0.042540,0.774911
Series_7,-0.041749,0.674861
Series_7,-0.040959,0.572591
Series_7,-0.040169,0.469184
Series_7,-0.039379,0.365722
Series_7,-0.038589,0.263292
Series_7,-0.037798,0.162980
Series_7,-0.037008,0.065877
Series_7,-0.036218,-0.026927
Series_7,-0.035428,-0.114338
Series_7,-0.034638,-0.195262
Series_7,-0.033847,-0.268602
Series_7,-0.033057,-0.331860
Series_7,-0.032267,-0.382534
Series_7,-0.031477,-0.418121
Series_7,-0.030687,-0.434139
Series_7,-0.029896,-0.427898
Series_7,-0.029106,-0.398760
Series_7,-0.028316,-0.348119
Series_7,-0.027526,-0.279085
Series_7,-0.026736,-0.196811
Series_7,-0.025945,-0.111485
Series_7,-0.025155,-0.028693
Series_7,-0.024365,0.049521
Series_7,-0.023575,0.122290
Series_7,-0.022784,0.191899
Series_7,-0.021994,0.263807
Series_7,-0.021204,0.343862
Series_7,-0.020414,0.437685
Series_7,-0.019624,0.549407
Series_7,-0.018833,0.678737
Series_7,-0.018043,0.822057
Series_7,-0.017253,0.980075
Series_7,-0.016463,1.152620
Series_7,-0.015673,1.334683
Series_7,-0.014882,1.515959
Series_7,-0.014092,1.690545
Series_7,-0.013302,1.855997
Series_7,-0.012512,2.005159
Series_7,-0.011722,2.136652
Series_7,-0.010931,2.252419
Series_7,-0.010141,2.358142
Series_7,-0.009351,2.455320
Series_7,-0.008561,2.544696
Series_7,-0.007771,2.622695
Series_7,-0.006980,2.682788
Series_7,-0.006190,2.715992
Series_7,-0.005400,2.710935
Series_7,-0.004610,2.654967
Series_7,-0.003820,2.536057
Series_7,-0.003029,2.343418
Series_7,-0.002239,2.071812
Series_7,-0.001449,1.723315
Series_7,-0.000659,1.301544
Series_7,0.000131,0.813505
Series_7,0.000922,0.266208
Series_7,0.001712,-0.333335
Series_7,0.002502,-0.978113
Series_7,0.003292,-1.661110
Series_7,0.004083,-2.373558
Series_7,0.004873,-3.105351
Series_7,0.005663,-3.846316
Series_7,0.006453,-4.586277
Series_7,0.007243,-5.315668
Series_7,0.008034,-6.024918
Series_7,0.008824,-6.704458
Series_7,0.009614,-7.344714
Series_7,0.010404,-7.936301
Series_7,0.011194,-8.475203
Series_7,0.011985,-8.957405
Series_7,0.012775,-9.378889
Series_7,0.013565,-9.735636
Series_7,0.014355,-10.023622
Series_7,0.015145,-10.238827
Series_7,0.015936,-10.377222
Series_7,0.016726,-10.434783
Series_7,0.017516,-10.407479
Series_7,0.018306,-10.291281
Series_7,0.019096,-10.082154
Series_7,0.019887,-9.778085
Series_7,0.020677,-9.388206
Series_7,0.021467,-8.923775
Series_7,0.022257,-8.396046
Series_7,0.023047,-7.816271
Series_7,0.023838,-7.195702
Series_7,0.024628,-6.539998
Series_7,0.025418,-5.852525
Series_7,0.026208,-4.685408
Series_7,0.026998,-3.212043
Series_7,0.027789,-1.747729
Series_7,0.028579,-0.318586
Series_7,0.029369,1.049268
Series_7,0.030159,2.332159
Series_7,0.030950,3.506417
Series_7,0.031740,4.576154
Series_7,0.032530,5.545486
Series_7,0.033320,6.446552
Series_7,0.034110,7.270664
Series_7,0.034901,7.967237
Series_7,0.035691,8.545151
Series_7,0.036481,9.030218
Series_7,0.037271,9.483636
Series_7,0.038061,9.865505
Series_7,0.038852,10.179954
Series_7,0.039642,10.462979
Series_7,0.040432,10.623124
Series_7,0.041222,10.760111
Series_7,0.042012,10.846215
Series_7,0.042803,10.885575
Series_7,0.043593,11.010816
Series_7,0.044383,11.455409
Series_7,0.045173,11.848191
Series_7,0.045963,12.189104
Series_7,0.046754,12.479628
Series_7,0.047544,12.727207
Series_7,0.048334,12.939285
Series_7,0.049124,13.123310
Series_7,0.049914,13.286730
Series_7,0.050705,13.436995
Series_7,0.051495,13.581559
Series_7,0.052285,13.727876
Series_7,0.053075,13.883401
Series_7,0.053865,14.053191
Series_7,0.054656,14.242305
Series_7,0.055446,14.455804
Series_7,0.056236,14.698751
Series_7,0.057026,14.968482
Series_7,0.057817,15.255519
Series_7,0.058607,15.546333
Series_7,0.059397,15.828623
Series_7,0.060187,16.092835
Series_7,0.060977,16.332793
Series_7,0.061768,16.545327
Series_7,0.062558,16.729776
Series_7,0.063348,16.888513
Series_7,0.064138,17.026772
Series_7,0.064928,17.152731
Series_7,0.065719,17.276680
Series_7,0.066509,17.410553
Series_7,0.067299,17.566714
Series_7,0.068089,17.756444
Series_7,0.068879,17.989544
Series_7,0.069670,18.273979
Series_7,0.070460,18.614949
Series_7,0.071250,19.014532
Series_7,0.072040,19.472418
Series_7,0.072830,19.984548
Series_7,0.073621,20.542783
Series_7,0.074411,21.137380
Series_7,0.075201,21.758133
Series_7,0.075991,22.394385
Series_7,0.076781,23.034247
Series_7,0.077572,23.666952
Series_7,0.078362,24.284761
Series_7,0.079152,24.884183
Series_7,0.079942,25.464304
Series_7,0.080732,26.024993
Series_7,0.081523,26.565455
Series_7,0.082313,27.085542
Series_7,0.083103,27.584474
Series_7,0.083893,28.059456
Series_7,0.084684,28.505906
Series_7,0.085474,28.919610
Series_7,0.086264,29.295784
Series_7,0.087054,29.628617
Series_7,0.087844,29.911280
Series_7,0.088635,30.137127
Series_7,0.089425,30.300940
Series_7,0.090215,30.399960
Series_7,0.091005,30.434837
Series_7,0.091795,30.408652
Series_7,0.092586,30.326045
Series_7,0.093376,30.194753
Series_7,0.094166,30.026074
Series_7,0.094956,29.833670
Series_7,0.095746,29.631942
Series_7,0.096537,29.435289
Series_7,0.097327,29.258041
Series_7,0.098117,29.114198
Series_7,0.098907,29.016588
Series_7,0.099697,28.976133
Series_7,0.100488,29.001106
Series_7,0.101278,29.096749
Series_7,0.102068,29.264899
Series_7,0.102858,29.503576
Series_7,0.103648,29.806820
Series_7,0.104439,30.164989
Series_7,0.105229,30.565053
Series_7,0.106019,30.991759
Series_7,0.106809,31.429020
Series_7,0.107599,31.862751
Series_7,0.108390,32.281027
Series_7,0.109180,32.672504
Series_7,0.109970,33.026740
Series_7,0.110760,33.336375
Series_7,0.111551,33.596272
Series_7,0.112341,33.805217
Series_7,0.113131,33.964919
Series_7,0.113921,34.079450
Series_7,0.114711,34.154483
Series_7,0.115502,34.196656
Series_7,0.116292,34.214128
Series_7,0.117082,34.216362
Series_7,0.117872,34.213730
Series_7,0.118662,34.216822
Series_7,0.119453,34.236095
Series_7,0.120243,34.280213
Series_7,0.121033,34.355162
Series_7,0.121823,34.463977
Series_7,0.122613,34.606646
Series_7,0.123404,34.780612
Series_7,0.124194,34.980738
Series_7,0.124984,35.199862
Series_7,0.125774,35.430906
Series_7,0.126564,35.668059
Series_7,0.127355,35.907105
Series_7,0.128145,36.145061
Series_7,0.128935,36.379816
Series_7,0.129725,36.610247
Series_7,0.130515,36.834508
Series_7,0.131306,37.049925
Series_7,0.132096,37.253287
Series_7,0.132886,37.443266
Series_7,0.133676,37.620974
Series_7,0.134466,37.789502
Series_7,0.135257,37.953377
Series_7,0.136047,38.116459
Series_7,0.136837,38.280444
Series_7,0.137627,38.445351
Series_7,0.138418,38.610341
Series_7,0.139208,38.774900
Series_7,0.139998,38.938853
Series_7,0.140788,39.102686
Series_7,0.141578,39.266550
Series_7,0.142369,39.430051
Series_7,0.143159,39.592690
Series_7,0.143949,39.754323
Series_7,0.144739,39.915148
Series_7,0.145529,40.076632
Series_7,0.146320,40.240949
Series_7,0.147110,40.409221
Series_7,0.147900,40.580319
Series_7,0.148690,40.753353
Series_7,0.149480,40.927562
Series_7,0.150271,41.101560
Series_7,0.151061,41.273241
Series_7,0.151851,41.441146
Series_7,0.152641,41.604539
Series_7,0.153431,41.763207
Series_7,0.154222,41.917309
Series_7,0.155012,42.067598
Series_7,0.155802,42.214766
Series_7,0.156592,42.359553
Series_7,0.157382,42.502977
Series_7,0.158173,42.647545
Series_7,0.158963,42.796332
Series_7,0.159753,42.951950
Series_7,0.160543,43.115928
Series_7,0.161333,43.289300
Series_7,0.162124,43.472270
Series_7,0.162914,43.664162
Series_7,0.163704,43.863109
Series_7,0.164494,44.066449
Series_7,0.165285,44.270689
Series_7,0.166075,44.470960
Series_7,0.166865,44.661230
Series_7,0.167655,44.835851
Series_7,0.168445,44.989244
Series_7,0.169236,45.115333
Series_7,0.170026,45.207115
Series_7,0.170816,45.259669
Series_7,0.171606,45.271256
Series_7,0.172396,45.243768
Series_7,0.173187,45.180345
Series_7,0.173977,45.084151
Series_7,0.174767,44.959549
Series_7,0.175557,44.813445
Series_7,0.176347,44.656430
Series_7,0.177138,44.501502
Series_7,0.177928,44.362425
Series_7,0.178718,44.253505
Series_7,0.179508,44.189094
Series_7,0.180298,44.181569
Series_7,0.181089,44.239515
Series_7,0.181879,44.366030
Series_7,0.182669,44.559120
Series_7,0.183459,44.813140
Series_7,0.184249,45.119150
Series_7,0.185040,45.465699
Series_7,0.185830,45.837690
Series_7,0.186620,46.218099
Series_7,0.187410,46.591253
Series_7,0.188200,46.943481
Series_7,0.188991,47.262755
Series_7,0.189781,47.539246
Series_7,0.190571,47.765335
Series_7,0.191361,47.936175
Series_7,0.192152,48.050295
Series_7,0.192942,48.108759
Series_7,0.193732,48.115098
Series_7,0.194522,48.076201
Series_7,0.195312,48.001262
Series_7,0.196103,47.900616
Series_7,0.196893,47.784066
Series_7,0.197683,47.660080
Series_7,0.198473,47.535607
Series_7,0.199263,47.416269
Series_7,0.200054,47.307055
Series_7,0.200844,47.212777
Series_7,0.201634,47.138360
Series_7,0.202424,47.087413
Series_7,0.203214,47.061713
Series_7,0.204005,47.060976
Series_7,0.204795,47.083551
Series_7,0.205585,47.126743
Series_7,0.206375,47.186380
Series_7,0.207165,47.256791
Series_7,0.207956,47.331075
Series_7,0.208746,47.402491
Series_7,0.209536,47.465761
Series_7,0.210326,47.517080
Series_7,0.211116,47.553749
Series_7,0.211907,47.574396
Series_7,0.212697,47.578556
Series_7,0.213487,47.566538
Series_7,0.214277,47.539392
Series_7,0.215067,47.498607
Series_7,0.215858,47.446568
Series_7,0.216648,47.386754
Series_7,0.217438,47.323595
Series_7,0.218228,47.261246
Series_7,0.219019,47.203106
Series_7,0.219809,47.152076
Series_7,0.220599,47.110655
Series_7,0.221389,47.080611
Series_7,0.222179,47.062703
Series_7,0.222970,47.056215
Series_7,0.223760,47.059490
Series_7,0.224550,47.071130
Series_7,0.225340,47.089935
Series_7,0.226130,47.115488
Series_7,0.226921,47.148453
Series_7,0.227711,47.190398
Series_7,0.228501,47.243284
Series_7,0.229291,47.308690
Series_7,0.230081,47.387708
Series_7,0.230872,47.481538
Series_7,0.231662,47.590930
Series_7,0.232452,47.716011
Series_7,0.233242,47.857192
Series_7,0.234032,48.014204
Series_7,0.234823,48.184969
Series_7,0.235613,48.365091
Series_7,0.236403,48.548548
Series_7,0.237193,48.729749
Series_7,0.237983,48.904046
Series_7,0.238774,49.067627
Series_7,0.239564,49.217120
Series_7,0.240354,49.350644
Series_7,0.241144,49.467674
Series_7,0.241934,49.568683
Series_7,0.242725,49.654682
Series_7,0.243515,49.727467
Series_7,0.244305,49.789202
Series_7,0.245095,49.841441
Series_7,0.245886,49.884835
Series_7,0.246676,49.919233
Series_7,0.247466,49.943320
Series_7,0.248256,49.955452
Series_7,0.249046,49.953534
Series_7,0.249837,49.934877
Series_7,0.250627,49.896452
Series_7,0.251417,49.835855
Series_7,0.252207,49.751376
Series_7,0.252997,49.641928
Series_7,0.253788,49.507863
Series_7,0.254578,49.351299
Series_7,0.255368,49.176320
Series_7,0.256158,48.988308
Series_7,0.256948,48.794067
Series_7,0.257739,48.602113
Series_7,0.258529,48.422088
Series_7,0.259319,48.262683
Series_7,0.260109,48.131060
Series_7,0.260899,48.032261
Series_7,0.261690,47.969432
Series_7,0.262480,47.943717
Series_7,0.263270,47.954735
Series_7,0.264060,48.001660
Series_7,0.264850,48.082721
Series_7,0.265641,48.194976
Series_7,0.266431,48.333156
Series_7,0.267221,48.489549
Series_7,0.268011,48.654367
Series_7,0.268801,48.818492
Series_7,0.269592,48.974331
Series_7,0.270382,49.115362
Series_7,0.271172,49.236167
Series_7,0.271962,49.332925
Series_7,0.272753,49.403332
Series_7,0.273543,49.446702
Series_7,0.274333,49.463844
Series_7,0.275123,49.457237
Series_7,0.275913,49.430871
Series_7,0.276704,49.388752
Series_7,0.277494,49.334001
Series_7,0.278284,49.269179
Series_7,0.279074,49.196412
Series_7,0.279864,49.117480
Series_7,0.280655,49.033800
Series_7,0.281445,48.946370
Series_7,0.282235,48.855927
Series_7,0.283025,48.763373
Series_7,0.283815,48.670139
Series_7,0.284606,48.577436
Series_7,0.285396,48.486723
Series_7,0.286186,48.399335
Series_7,0.286976,48.316535
Series_7,0.287766,48.237677
Series_7,0.288557,48.160234
Series_7,0.289347,48.081366
Series_7,0.290137,47.998099
Series_7,0.290927,47.907133
Series_7,0.291717,47.805317
Series_7,0.292508,47.690277
Series_7,0.293298,47.561402
Series_7,0.294088,47.419246
Series_7,0.294878,47.265611
Series_7,0.295668,47.103462
Series_7,0.296459,46.937316
Series_7,0.297249,46.772106
Series_7,0.298039,46.613258
Series_7,0.298829,46.466838
Series_7,0.299619,46.339795
Series_7,0.300410,46.239360
Series_7,0.301200,46.171721
Series_7,0.301990,46.142039
Series_7,0.302780,46.154245
Series_7,0.303571,46.210429
Series_7,0.304361,46.310250
Series_7,0.305151,46.450289
Series_7,0.305941,46.624294
Series_7,0.306731,46.824387
Series_7,0.307522,47.042198
Series_7,0.308312,47.268627
Series_7,0.309102,47.493206
Series_7,0.309892,47.706476
Series_7,0.310682,47.900173
Series_7,0.311473,48.067360
Series_7,0.312263,48.202900
Series_7,0.313053,48.304384
Series_7,0.313843,48.372052
Series_7,0.314633,48.408047
Series_7,0.315424,48.415978
Series_7,0.316214,48.399616
Series_7,0.317004,48.363090
Series_7,0.317794,48.310826
Series_7,0.318584,48.247368
Series_7,0.319375,48.175699
Series_7,0.320165,48.097102
Series_7,0.320955,48.011663
Series_7,0.321745,47.919033
Series_7,0.322535,47.817623
Series_7,0.323326,47.705461
Series_7,0.324116,47.580821
Series_7,0.324906,47.443013
Series_7,0.325696,47.292701
Series_7,0.326486,47.132661
Series_7,0.327277,46.967518
Series_7,0.328067,46.803542
Series_7,0.328857,46.647406
Series_7,0.329647,46.505481
Series_7,0.330438,46.383524
Series_7,0.331228,46.286719
Series_7,0.332018,46.217880
Series_7,0.332808,46.177645
Series_7,0.333598,46.164516
Series_7,0.334389,46.174827
Series_7,0.335179,46.204262
Series_7,0.335969,46.248242
Series_7,0.336759,46.301359
Series_7,0.337549,46.357417
Series_7,0.338340,46.411562
Series_7,0.339130,46.460861
Series_7,0.339920,46.503621
Series_7,0.340710,46.539139
Series_7,0.341500,46.567748
Series_7,0.342291,46.590530
Series_7,0.343081,46.609006
Series_7,0.343871,46.624831
Series_7,0.344661,46.639235
Series_7,0.345451,46.652837
Series_7,0.346242,46.665823
Series_7,0.347032,46.677818
Series_7,0.347822,46.687741
Series_7,0.348612,46.693908
Series_7,0.349402,46.694461
Series_7,0.350193,46.687662
Series_7,0.350983,46.671862
Series_7,0.351773,46.645633
Series_7,0.352563,46.607182
Series_7,0.353353,46.554355
Series_7,0.354144,46.485045
Series_7,0.354934,46.397732
Series_7,0.355724,46.292310
Series_7,0.356514,46.170480
Series_7,0.357305,46.035547
Series_7,0.358095,45.892584
Series_7,0.358885,45.748482
Series_7,0.359675,45.611935
Series_7,0.360465,45.492435
Series_7,0.361256,45.399734
Series_7,0.362046,45.343458
Series_7,0.362836,45.331573
Series_7,0.363626,45.368386
Series_7,0.364416,45.454084
Series_7,0.365207,45.587776
Series_7,0.365997,45.768561
Series_7,0.366787,45.994052
Series_7,0.367577,46.257313
Series_7,0.368367,46.547271
Series_7,0.369158,46.849792
Series_7,0.369948,47.152654
Series_7,0.370738,47.446248
Series_7,0.371528,47.722984
Series_7,0.372318,47.976363
Series_7,0.373109,48.201932
Series_7,0.373899,48.396931
Series_7,0.374689,48.560180
Series_7,0.375479,48.691694
Series_7,0.376269,48.793173
Series_7,0.377060,48.867330
Series_7,0.377850,48.917033
Series_7,0.378640,48.944703
Series_7,0.379430,48.953121
Series_7,0.380220,48.945167
Series_7,0.381011,48.923620
Series_7,0.381801,48.891218
Series_7,0.382591,48.849877
Series_7,0.383381,48.800860
Series_7,0.384172,48.744969
Series_7,0.384962,48.682389
Series_7,0.385752,48.613390
Series_7,0.386542,48.538904
Series_7,0.387332,48.460407
Series_7,0.388123,48.379571
Series_7,0.388913,48.296665
Series_7,0.389703,48.210275
Series_7,0.390493,48.118400
Series_7,0.391283,48.019379
Series_7,0.392074,47.911825
Series_7,0.392864,47.794667
Series_7,0.393654,47.667618
Series_7,0.394444,47.531442
Series_7,0.395234,47.387417
Series_7,0.396025,47.237441
Series_7,0.396815,47.084931
Series_7,0.397605,46.934572
Series_7,0.398395,46.790196
Series_7,0.399185,46.654800
Series_7,0.399976,46.531491
Series_7,0.400766,46.422944
Series_7,0.401556,46.331313
Series_7,0.402346,46.258453
Series_7,0.403136,46.206281
Series_7,0.403927,46.176449
Series_7,0.404717,46.169360
Series_7,0.405507,46.184310
Series_7,0.406297,46.219926
Series_7,0.407087,46.273719
Series_7,0.407878,46.342042
Series_7,0.408668,46.420008
Series_7,0.409458,46.501122
Series_7,0.410248,46.577232
Series_7,0.411039,46.639868
Series_7,0.411829,46.680715
Series_7,0.412619,46.691928
Series_7,0.413409,46.665924
Series_7,0.414199,46.596660
Series_7,0.414990,46.480850
Series_7,0.415780,46.317945
Series_7,0.416570,46.110308
Series_7,0.417360,45.863419
Series_7,0.418150,45.586063
Series_7,0.418941,45.289460
Series_7,0.419731,44.987470
Series_7,0.420521,44.694545
Series_7,0.421311,44.423201
Series_7,0.422101,44.182992
Series_7,0.422892,43.980211
Series_7,0.423682,43.817517
Series_7,0.424472,43.694206
Series_7,0.425262,43.606924
Series_7,0.426052,43.549579
Series_7,0.426843,43.515379
Series_7,0.427633,43.498311
Series_7,0.428423,43.493219
Series_7,0.429213,43.496095
Series_7,0.430003,43.503693
Series_7,0.430794,43.513480
Series_7,0.431584,43.523512
Series_7,0.432374,43.532277
Series_7,0.433164,43.539014
Series_7,0.433954,43.543580
Series_7,0.434745,43.546336
Series_7,0.435535,43.548071
Series_7,0.436325,43.549608
Series_7,0.437115,43.551755
Series_7,0.437906,43.554967
Series_7,0.438696,43.559364
Series_7,0.439486,43.564675
Series_7,0.440276,43.570178
Series_7,0.441066,43.575428
Series_7,0.441857,43.580283
Series_7,0.442647,43.585727
Series_7,0.443437,43.593062
Series_7,0.444227,43.603772
Series_7,0.445017,43.619737
Series_7,0.445808,43.643088
Series_7,0.446598,43.676013
Series_7,0.447388,43.720418
Series_7,0.448178,43.777632
Series_7,0.448968,43.847371
Series_7,0.449759,43.927047
Series_7,0.450549,44.011246
Series_7,0.451339,44.092461
Series_7,0.452129,44.164964
Series_7,0.452919,44.225155
Series_7,0.453710,44.270533
Series_7,0.454500,44.298842
Series_7,0.455290,44.308592
Series_7,0.456080,44.298940
Series_7,0.456870,44.269558
Series_7,0.457661,44.220786
Series_7,0.458451,44.154376
Series_7,0.459241,44.072926
Series_7,0.460031,43.979525
Series_7,0.460821,43.877588
Series_7,0.461612,43.769606
Series_7,0.462402,43.655823
Series_7,0.463192,43.533744
Series_7,0.463982,43.398959
Series_7,0.464773,43.246898
Series_7,0.465563,43.074563
Series_7,0.466353,42.881876
Series_7,0.467143,42.671409
Series_7,0.467933,42.448257
Series_7,0.468724,42.220395
Series_7,0.469514,41.999081
Series_7,0.470304,41.798629
Series_7,0.471094,41.632956
Series_7,0.471884,41.514521
Series_7,0.472675,41.455122
Series_7,0.473465,41.464488
Series_7,0.474255,41.547878
Series_7,0.475045,41.706326
Series_7,0.475835,41.936374
Series_7,0.476626,42.230285
Series_7,0.477416,42.575818
Series_7,0.478206,42.958310
Series_7,0.478996,43.361748
Series_7,0.479786,43.769784
Series_7,0.480577,44.168997
Series_7,0.481367,44.548150
Series_7,0.482157,44.895915
Series_7,0.482947,45.200904
Series_7,0.483737,45.457240
Series_7,0.484528,45.663368
Series_7,0.485318,45.818041
Series_7,0.486108,45.920015
Series_7,0.486898,45.968045
Series_7,0.487688,45.962375
Series_7,0.488479,45.907509
Series_7,0.489269,45.811094
Series_7,0.490059,45.683149
Series_7,0.490849,45.535152
Series_7,0.491640,45.378307
Series_7,0.492430,45.222852
Series_7,0.493220,45.076575
Series_7,0.494010,44.944742
Series_7,0.494800,44.831175
Series_7,0.495591,44.738107
Series_7,0.496381,44.665756
Series_7,0.497171,44.612302
Series_7,0.497961,44.574744
Series_7,0.498751,44.549640
Series_7,0.499542,44.533617
Series_7,0.500332,44.523683
Series_7,0.501122,44.517029
Series_7,0.501912,44.511139
Series_7,0.502702,44.503890
Series_7,0.503493,44.493607
Series_7,0.504283,44.478829
Series_7,0.505073,44.457972
Series_7,0.505863,44.429171
Series_7,0.506653,44.390514
Series_7,0.507444,44.340691
Series_7,0.508234,44.279265
Series_7,0.509024,44.206834
Series_7,0.509814,44.125056
Series_7,0.510604,44.034986
Series_7,0.511395,43.937410
Series_7,0.512185,43.832502
Series_7,0.512975,43.719842
Series_7,0.513765,43.598006
Series_7,0.514555,43.465289
Series_7,0.515346,43.320049
Series_7,0.516136,43.161487
Series_7,0.516926,42.990194
Series_7,0.517716,42.809185
Series_7,0.518507,42.622608
Series_7,0.519297,42.436371
Series_7,0.520087,42.259087
Series_7,0.520877,42.101815
Series_7,0.521667,41.974883
Series_7,0.522458,41.886975
Series_7,0.523248,41.845380
Series_7,0.524038,41.856236
Series_7,0.524828,41.925137
Series_7,0.525618,42.055149
Series_7,0.526409,42.245374
Series_7,0.527199,42.490757
Series_7,0.527989,42.782908
Series_7,0.528779,43.110616
Series_7,0.529569,43.460793
Series_7,0.530360,43.818706
Series_7,0.531150,44.171229
Series_7,0.531940,44.506961
Series_7,0.532730,44.815302
Series_7,0.533520,45.086022
Series_7,0.534311,45.312062
Series_7,0.535101,45.489436
Series_7,0.535891,45.616823
Series_7,0.536681,45.695404
Series_7,0.537471,45.728725
Series_7,0.538262,45.722250
Series_7,0.539052,45.681558
Series_7,0.539842,45.610985
Series_7,0.540632,45.514147
Series_7,0.541422,45.394611
Series_7,0.542213,45.255807
Series_7,0.543003,45.101174
Series_7,0.543793,44.933452
Series_7,0.544583,44.755781
Series_7,0.545374,44.572648
Series_7,0.546164,44.389483
Series_7,0.546954,44.210041
Series_7,0.547744,44.037126
Series_7,0.548534,43.872723
Series_7,0.549325,43.717955
Series_7,0.550115,43.572766
Series_7,0.550905,43.436072
Series_7,0.551695,43.304861
Series_7,0.552485,43.174753
Series_7,0.553276,43.041335
Series_7,0.554066,42.901099
Series_7,0.554856,42.752482
Series_7,0.555646,42.595380
Series_7,0.556436,42.431124
Series_7,0.557227,42.261437
Series_7,0.558017,42.088096
Series_7,0.558807,41.913004
Series_7,0.559597,41.736642
Series_7,0.560387,41.557696
Series_7,0.561178,41.374089
Series_7,0.561968,41.183586
Series_7,0.562758,40.982592
Series_7,0.563548,40.766775
Series_7,0.564338,40.532357
Series_7,0.565129,40.275036
Series_7,0.565919,39.992380
Series_7,0.566709,39.684058
Series_7,0.567499,39.352562
Series_7,0.568289,39.003392
Series_7,0.569080,38.645191
Series_7,0.569870,38.289846
Series_7,0.570660,37.952231
Series_7,0.571450,37.649590
Series_7,0.572241,37.396871
Series_7,0.573031,37.205673
Series_7,0.573821,37.084117
Series_7,0.574611,37.036761
Series_7,0.575401,37.064456
Series_7,0.576192,37.164012
Series_7,0.576982,37.329481
Series_7,0.577772,37.553224
Series_7,0.578562,37.824070
Series_7,0.579352,38.127231
Series_7,0.580143,38.445843
Series_7,0.580933,38.762530
Series_7,0.581723,39.060633
Series_7,0.582513,39.326622
Series_7,0.583303,39.552543
Series_7,0.584094,39.736589
Series_7,0.584884,39.876955
Series_7,0.585674,39.971839
Series_7,0.586464,40.019439
Series_7,0.587254,40.017956
Series_7,0.588045,39.967995
Series_7,0.588835,39.873876
Series_7,0.589625,39.746007
Series_7,0.590415,39.600623
Series_7,0.591205,39.456167
Series_7,0.591996,39.330004
Series_7,0.592786,39.237185
Series_7,0.593576,39.189136
Series_7,0.594366,39.193226
Series_7,0.595156,39.254465
Series_7,0.595947,39.375247
Series_7,0.596737,39.556129
Series_7,0.597527,39.796938
Series_7,0.598317,40.097454
Series_7,0.599108,40.451401
Series_7,0.599898,40.846207
Series_7,0.600688,41.266949
Series_7,0.601478,41.698565
Series_7,0.602268,42.126661
Series_7,0.603059,42.536906
Series_7,0.603849,42.916499
Series_7,0.604639,43.253476
Series_7,0.605429,43.538309
Series_7,0.606219,43.764901
Series_7,0.607010,43.930860
Series_7,0.607800,44.037752
Series_7,0.608590,44.090291
Series_7,0.609380,44.096366
Series_7,0.610170,44.065512
Series_7,0.610961,44.007699
Series_7,0.611751,43.932833
Series_7,0.612541,43.849914
Series_7,0.613331,43.766356
Series_7,0.614121,43.687282
Series_7,0.614912,43.615469
Series_7,0.615702,43.551057
Series_7,0.616492,43.491902
Series_7,0.617282,43.434360
Series_7,0.618072,43.374035
Series_7,0.618863,43.306570
Series_7,0.619653,43.227913
Series_7,0.620443,43.135352
Series_7,0.621233,43.028481
Series_7,0.622023,42.908192
Series_7,0.622814,42.774273
Series_7,0.623604,42.625548
Series_7,0.624394,42.460011
Series_7,0.625184,42.275739
Series_7,0.625975,42.069804
Series_7,0.626765,41.839308
Series_7,0.627555,41.582889
Series_7,0.628345,41.301495
Series_7,0.629135,40.998043
Series_7,0.629926,40.677856
Series_7,0.630716,40.349106
Series_7,0.631506,40.022520
Series_7,0.632296,39.708340
Series_7,0.633086,39.416645
Series_7,0.633877,39.157535
Series_7,0.634667,38.940584
Series_7,0.635457,38.772366
Series_7,0.636247,38.656553
Series_7,0.637037,38.594912
Series_7,0.637828,38.587076
Series_7,0.638618,38.629793
Series_7,0.639408,38.716704
Series_7,0.640198,38.839549
Series_7,0.640988,38.990095
Series_7,0.641779,39.161257
Series_7,0.642569,39.347295
Series_7,0.643359,39.543759
Series_7,0.644149,39.746950
Series_7,0.644939,39.954793
Series_7,0.645730,40.165693
Series_7,0.646520,40.378077
Series_7,0.647310,40.589694
Series_7,0.648100,40.798309
Series_7,0.648890,41.001715
Series_7,0.649681,41.196597
Series_7,0.650471,41.378312
Series_7,0.651261,41.542135
Series_7,0.652051,41.683004
Series_7,0.652841,41.795494
Series_7,0.653632,41.873212
Series_7,0.654422,41.909193
Series_7,0.655212,41.896053
Series_7,0.656002,41.826593
Series_7,0.656793,41.695846
Series_7,0.657583,41.504039
Series_7,0.658373,41.256398
Series_7,0.659163,40.959356
Series_7,0.659953,40.619346
Series_7,0.660744,40.244705
Series_7,0.661534,39.849007
Series_7,0.662324,39.448477
Series_7,0.663114,39.059500
Series_7,0.663904,38.695417
Series_7,0.664695,38.366347
Series_7,0.665485,38.080324
Series_7,0.666275,37.844001
Series_7,0.667065,37.661265
Series_7,0.667855,37.533199
Series_7,0.668646,37.457919
Series_7,0.669436,37.431022
Series_7,0.670226,37.446330
Series_7,0.671016,37.495785
Series_7,0.671806,37.569786
Series_7,0.672597,37.658356
Series_7,0.673387,37.753917
Series_7,0.674177,37.851286
Series_7,0.674967,37.947482
Series_7,0.675757,38.041198
Series_7,0.676548,38.132004
Series_7,0.677338,38.219461
Series_7,0.678128,38.302467
Series_7,0.678918,38.379252
Series_7,0.679708,38.449351
Series_7,0.680499,38.513704
Series_7,0.681289,38.574254
Series_7,0.682079,38.633478
Series_7,0.682869,38.693872
Series_7,0.683660,38.757337
Series_7,0.684450,38.825045
Series_7,0.685240,38.897670
Series_7,0.686030,38.976244
Series_7,0.686820,39.061865
Series_7,0.687611,39.155463
Series_7,0.688401,39.257115
Series_7,0.689191,39.366442
Series_7,0.689981,39.481802
Series_7,0.690771,39.599483
Series_7,0.691562,39.713569
Series_7,0.692352,39.818131
Series_7,0.693142,39.907315
Series_7,0.693932,39.975129
Series_7,0.694722,40.015992
Series_7,0.695513,40.025161
Series_7,0.696303,39.999079
Series_7,0.697093,39.935868
Series_7,0.697883,39.835707
Series_7,0.698673,39.701387
Series_7,0.699464,39.538281
Series_7,0.700254,39.354072
Series_7,0.701044,39.158789
Series_7,0.701834,38.963094
Series_7,0.702624,38.777005
Series_7,0.703415,38.609398
Series_7,0.704205,38.468457
Series_7,0.704995,38.359678
Series_7,0.705785,38.286095
Series_7,0.706575,38.248823
Series_7,0.707366,38.247625
Series_7,0.708156,38.281013
Series_7,0.708946,38.346866
Series_7,0.709736,38.442782
Series_7,0.710527,38.565859
Series_7,0.711317,38.713078
Series_7,0.712107,38.880707
Series_7,0.712897,39.064782
Series_7,0.713687,39.261084
Series_7,0.714478,39.464659
Series_7,0.715268,39.669878
Series_7,0.716058,39.870262
Series_7,0.716848,40.059076
Series_7,0.717638,40.232441
Series_7,0.718429,40.389552
Series_7,0.719219,40.531988
Series_7,0.720009,40.662575
Series_7,0.720799,40.785165
Series_7,0.721589,40.903507
Series_7,0.722380,41.020324
Series_7,0.723170,41.136431
Series_7,0.723960,41.252754
Series_7,0.724750,41.370313
Series_7,0.725540,41.488958
Series_7,0.726331,41.607170
Series_7,0.727121,41.722822
Series_7,0.727911,41.834498
Series_7,0.728701,41.940766
Series_7,0.729491,42.040072
Series_7,0.730282,42.131918
Series_7,0.731072,42.216127
Series_7,0.731862,42.291619
Series_7,0.732652,42.354860
Series_7,0.733442,42.401687
Series_7,0.734233,42.427737
Series_7,0.735023,42.427884
Series_7,0.735813,42.397173
Series_7,0.736603,42.332508
Series_7,0.737394,42.233143
Series_7,0.738184,42.099983
Series_7,0.738974,41.934942
Series_7,0.739764,41.739879
Series_7,0.740554,41.516154
Series_7,0.741345,41.266260
Series_7,0.742135,40.994656
Series_7,0.742925,40.706238
Series_7,0.743715,40.407392
Series_7,0.744505,40.104952
Series_7,0.745296,39.804583
Series_7,0.746086,39.510794
Series_7,0.746876,39.225956
Series_7,0.747666,38.951016
Series_7,0.748456,38.686620
Series_7,0.749247,38.432895
Series_7,0.750037,38.189522
Series_7,0.750827,37.956168
Series_7,0.751617,37.732469
Series_7,0.752407,37.517585
Series_7,0.753198,37.311510
Series_7,0.753988,37.115947
Series_7,0.754778,36.934634
Series_7,0.755568,36.771237
Series_7,0.756358,36.629583
Series_7,0.757149,36.513226
Series_7,0.757939,36.425706
Series_7,0.758729,36.368788
Series_7,0.759519,36.342278
Series_7,0.760309,36.344385
Series_7,0.761100,36.371684
Series_7,0.761890,36.419693
Series_7,0.762680,36.484257
Series_7,0.763470,36.561537
Series_7,0.764261,36.647991
Series_7,0.765051,36.741370
Series_7,0.765841,36.840059
Series_7,0.766631,36.942513
Series_7,0.767421,37.046574
Series_7,0.768212,37.150944
Series_7,0.769002,37.255125
Series_7,0.769792,37.358263
Series_7,0.770582,37.458607
Series_7,0.771372,37.554030
Series_7,0.772163,37.642135
Series_7,0.772953,37.720028
Series_7,0.773743,37.784448
Series_7,0.774533,37.832974
Series_7,0.775323,37.864536
Series_7,0.776114,37.879174
Series_7,0.776904,37.877669
Series_7,0.777694,37.861449
Series_7,0.778484,37.832596
Series_7,0.779274,37.793972
Series_7,0.780065,37.749327
Series_7,0.780855,37.701431
Series_7,0.781645,37.651991
Series_7,0.782435,37.601388
Series_7,0.783225,37.548423
Series_7,0.784016,37.491642
Series_7,0.784806,37.429787
Series_7,0.785596,37.362287
Series_7,0.786386,37.289048
Series_7,0.787176,37.209477
Series_7,0.787967,37.122013
Series_7,0.788757,37.025315
Series_7,0.789547,36.918994
Series_7,0.790337,36.802852
Series_7,0.791128,36.677777
Series_7,0.791918,36.547020
Series_7,0.792708,36.415920
Series_7,0.793498,36.288780
Series_7,0.794288,36.168732
Series_7,0.795079,36.058117
Series_7,0.795869,35.958777
Series_7,0.796659,35.871667
Series_7,0.797449,35.797168
Series_7,0.798239,35.735333
Series_7,0.799030,35.686043
Series_7,0.799820,35.648444
Series_7,0.800610,35.621220
Series_7,0.801400,35.602819
Series_7,0.802190,35.591689
Series_7,0.802981,35.586204
Series_7,0.803771,35.584913
Series_7,0.804561,35.586604
Series_7,0.805351,35.590096
Series_7,0.806141,35.594700
Series_7,0.806932,35.600267
Series_7,0.807722,35.607064
Series_7,0.808512,35.615792
Series_7,0.809302,35.627316
Series_7,0.810092,35.642603
Series_7,0.810883,35.662665
Series_7,0.811673,35.688382
Series_7,0.812463,35.719417
Series_7,0.813253,35.754277
Series_7,0.814043,35.790563
Series_7,0.814834,35.825301
Series_7,0.815624,35.855853
Series_7,0.816414,35.880169
Series_7,0.817204,35.897045
Series_7,0.817995,35.905998
Series_7,0.818785,35.907176
Series_7,0.819575,35.901089
Series_7,0.820365,35.888658
Series_7,0.821155,35.871287
Series_7,0.821946,35.850177
Series_7,0.822736,35.826460
Series_7,0.823526,35.801327
Series_7,0.824316,35.775676
Series_7,0.825106,35.750407
Series_7,0.825897,35.725990
Series_7,0.826687,35.702660
Series_7,0.827477,35.680669
Series_7,0.828267,35.660183
Series_7,0.829057,35.641277
Series_7,0.829848,35.624117
Series_7,0.830638,35.609072
Series_7,0.831428,35.596405
Series_7,0.832218,35.586042
Series_7,0.833008,35.577706
Series_7,0.833799,35.571026
Series_7,0.834589,35.565633
Series_7,0.835379,35.561226
Series_7,0.836169,35.557631
Series_7,0.836959,35.554851
Series_7,0.837750,35.553103
Series_7,0.838540,35.552847
Series_7,0.839330,35.554836
Series_7,0.840120,35.560117
Series_7,0.840910,35.569963
Series_7,0.841701,35.585812
Series_7,0.842491,35.609163
Series_7,0.843281,35.641743
Series_7,0.844071,35.684868
Series_7,0.844862,35.739724
Series_7,0.845652,35.807388
Series_7,0.846442,35.888496
Series_7,0.847232,35.983288
Series_7,0.848022,36.091372
Series_7,0.848813,36.212952
Series_7,0.849603,36.348615
Series_7,0.850393,36.498375
Series_7,0.851183,36.660842
Series_7,0.851973,36.832771
Series_7,0.852764,37.009141
Series_7,0.853554,37.184035
Series_7,0.854344,37.350705
Series_7,0.855134,37.501665
Series_7,0.855924,37.629325
Series_7,0.856715,37.728132
Series_7,0.857505,37.794966
Series_7,0.858295,37.828802
Series_7,0.859085,37.830042
Series_7,0.859875,37.800148
Series_7,0.860666,37.741547
Series_7,0.861456,37.658191
Series_7,0.862246,37.555509
Series_7,0.863036,37.438566
Series_7,0.863826,37.311824
Series_7,0.864617,37.179916
Series_7,0.865407,37.047834
Series_7,0.866197,36.920182
Series_7,0.866987,36.800731
Series_7,0.867777,36.692564
Series_7,0.868568,36.597849
Series_7,0.869358,36.517379
Series_7,0.870148,36.450656
Series_7,0.870938,36.396206
Series_7,0.871729,36.352367
Series_7,0.872519,36.317167
Series_7,0.873309,36.288652
Series_7,0.874099,36.265318
Series_7,0.874889,36.246361
Series_7,0.875680,36.230861
Series_7,0.876470,36.217763
Series_7,0.877260,36.206067
Series_7,0.878050,36.194964
Series_7,0.878840,36.183762
Series_7,0.879631,36.172004
Series_7,0.880421,36.159645
Series_7,0.881211,36.147177
Series_7,0.882001,36.135758
Series_7,0.882791,36.127348
Series_7,0.883582,36.124818
Series_7,0.884372,36.132039
Series_7,0.885162,36.153953
Series_7,0.885952,36.196393
Series_7,0.886742,36.265577
Series_7,0.887533,36.366890
Series_7,0.888323,36.503406
Series_7,0.889113,36.675551
Series_7,0.889903,36.881311
Series_7,0.890693,37.116755
Series_7,0.891484,37.377174
Series_7,0.892274,37.657087
Series_7,0.893064,37.950474
Series_7,0.893854,38.249546
Series_7,0.894644,38.545136
Series_7,0.895435,38.827005
Series_7,0.896225,39.084250
Series_7,0.897015,39.305633
Series_7,0.897805,39.481590
Series_7,0.898596,39.605317
Series_7,0.899386,39.673486
Series_7,0.900176,39.686317
Series_7,0.900966,39.647570
Series_7,0.901756,39.564304
Series_7,0.902547,39.446048
Series_7,0.903337,39.303257
Series_7,0.904127,39.145635
Series_7,0.904917,38.981088
Series_7,0.905707,38.815335
Series_7,0.906498,38.652781
Series_7,0.907288,38.496217
Series_7,0.908078,38.347444
Series_7,0.908868,38.207686
Series_7,0.909658,38.077764
Series_7,0.910449,37.957929
Series_7,0.911239,37.847072
Series_7,0.912029,37.742539
Series_7,0.912819,37.640997
Series_7,0.913609,37.537678
Series_7,0.914400,37.426270
Series_7,0.915190,37.300213
Series_7,0.915980,37.153368
Series_7,0.916770,36.980423
Series_7,0.917560,36.777470
Series_7,0.918351,36.543056
Series_7,0.919141,36.278602
Series_7,0.919931,35.987760
Series_7,0.920721,35.676322
Series_7,0.921511,35.351368
Series_7,0.922302,35.020388
Series_7,0.923092,34.690420
Series_7,0.923882,34.370332
Series_7,0.924672,34.071376
Series_7,0.925463,33.806948
Series_7,0.926253,33.589832
Series_7,0.927043,33.429308
Series_7,0.927833,33.329846
Series_7,0.928623,33.290355
Series_7,0.929414,33.308466
Series_7,0.930204,33.381813
Series_7,0.930994,33.508031
Series_7,0.931784,33.684756
Series_7,0.932574,33.905741
Series_7,0.933365,34.160225
Series_7,0.934155,34.433750
Series_7,0.934945,34.708956
Series_7,0.935735,34.968794
Series_7,0.936525,35.198061
Series_7,0.937316,35.384027
Series_7,0.938106,35.516962
Series_7,0.938896,35.590324
Series_7,0.939686,35.600787
Series_7,0.940476,35.548300
Series_7,0.941267,35.436073
Series_7,0.942057,35.270746
Series_7,0.942847,35.062497
Series_7,0.943637,34.824566
Series_7,0.944427,34.571508
Series_7,0.945218,34.316086
Series_7,0.946008,34.069035
Series_7,0.946798,33.839056
Series_7,0.947588,33.633605
Series_7,0.948378,33.458554
Series_7,0.949169,33.317860
Series_7,0.949959,33.213146
Series_7,0.950749,33.144176
Series_7,0.951539,33.109242
Series_7,0.952330,33.106248
Series_7,0.953120,33.132814
Series_7,0.953910,33.186326
Series_7,0.954700,33.264629
Series_7,0.955490,33.365444
Series_7,0.956281,33.485331
Series_7,0.957071,33.619667
Series_7,0.957861,33.765007
Series_7,0.958651,33.918891
Series_7,0.959441,34.079094
Series_7,0.960232,34.244055
Series_7,0.961022,34.412870
Series_7,0.961812,34.585221
Series_7,0.962602,34.760858
Series_7,0.963392,34.939590
Series_7,0.964183,35.121126
Series_7,0.964973,35.303785
Series_7,0.965763,35.484213
Series_7,0.966553,35.657607
Series_7,0.967343,35.820964
Series_7,0.968134,35.973047
Series_7,0.968924,36.113265
Series_7,0.969714,36.241077
Series_7,0.970504,36.356555
Series_7,0.971294,36.460023
Series_7,0.972085,36.552071
Series_7,0.972875,36.633567
Series_7,0.973665,36.705129
Series_7,0.974455,36.767794
Series_7,0.975245,36.822425
Series_7,0.976036,36.868937
Series_7,0.976826,36.907510
Series_7,0.977616,36.938219
Series_7,0.978406,36.960828
Series_7,0.979197,36.974839
Series_7,0.979987,36.979581
Series_7,0.980777,36.974530
Series_7,0.981567,36.959634
Series_7,0.982357,36.934519
Series_7,0.983148,36.898146
Series_7,0.983938,36.849159
Series_7,0.984728,36.785852
Series_7,0.985518,36.706865
Series_7,0.986308,36.611763
Series_7,0.987099,36.501541
Series_7,0.987889,36.379221
Series_7,0.988679,36.249540
Series_7,0.989469,36.115682
Series_7,0.990259,35.979146
Series_7,0.991050,35.840563
Series_7,0.991840,35.699709
Series_7,0.992630,35.555448
Series_7,0.993420,35.406754
Series_7,0.994210,35.253666
Series_7,0.995001,35.097715
Series_7,0.995791,34.941267
Series_7,0.996581,34.787963
Series_7,0.997371,34.643126
Series_7,0.998161,34.513148
Series_7,0.998952,34.402412
Series_7,0.999742,34.313037
Series_7,1.000532,34.244673
Series_7,1.001322,34.194763
Series_7,1.002112,34.160206
Series_7,1.002903,34.137827
Series_7,1.003693,34.125367
Series_7,1.004483,34.122412
Series_7,1.005273,34.129853
Series_7,1.006063,34.149718
Series_7,1.006854,34.184830
Series_7,1.007644,34.238633
Series_7,1.008434,34.314942
Series_7,1.009224,34.417012
Series_7,1.010015,34.547217
Series_7,1.010805,34.706756
Series_7,1.011595,34.894521
Series_7,1.012385,35.106830
Series_7,1.013175,35.337171
Series_7,1.013966,35.576252
Series_7,1.014756,35.814549
Series_7,1.015546,36.044004
Series_7,1.016336,36.257455
Series_7,1.017126,36.449310
Series_7,1.017917,36.615274
Series_7,1.018707,36.751705
Series_7,1.019497,36.856590
Series_7,1.020287,36.929989
Series_7,1.021077,36.974042
Series_7,1.021868,36.992072
Series_7,1.022658,36.987317
Series_7,1.023448,36.962437
Series_7,1.024238,36.919659
Series_7,1.025028,36.861291
Series_7,1.025819,36.790158
Series_7,1.026609,36.709269
Series_7,1.027399,36.620983
Series_7,1.028189,36.527352
Series_7,1.028979,36.430380
Series_7,1.029770,36.331923
Series_7,1.030560,36.232911
Series_7,1.031350,36.133606
Series_7,1.032140,36.034089
Series_7,1.032930,35.934933
Series_7,1.033721,35.837151
Series_7,1.034511,35.741970
Series_7,1.035301,35.651336
Series_7,1.036091,35.568182
Series_7,1.036882,35.496292
Series_7,1.037672,35.440106
Series_7,1.038462,35.404211
Series_7,1.039252,35.392778
Series_7,1.040042,35.408353
Series_7,1.040833,35.451877
Series_7,1.041623,35.523142
Series_7,1.042413,35.621021
Series_7,1.043203,35.743547
Series_7,1.043993,35.887011
Series_7,1.044784,36.045277
Series_7,1.045574,36.209534
Series_7,1.046364,36.370877
Series_7,1.047154,36.520357
Series_7,1.047944,36.649391
Series_7,1.048735,36.750241
Series_7,1.049525,36.816912
Series_7,1.050315,36.845563
Series_7,1.051105,36.834917
Series_7,1.051895,36.786174
Series_7,1.052686,36.703221
Series_7,1.053476,36.592148
Series_7,1.054266,36.460485
Series_7,1.055056,36.315992
Series_7,1.055846,36.164466
Series_7,1.056637,36.009447
Series_7,1.057427,35.852325
Series_7,1.058217,35.692948
Series_7,1.059007,35.529597
Series_7,1.059797,35.360394
Series_7,1.060588,35.184135
Series_7,1.061378,35.001266
Series_7,1.062168,34.812782
Series_7,1.062958,34.620650
Series_7,1.063749,34.427924
Series_7,1.064539,34.238997
Series_7,1.065329,34.058532
Series_7,1.066119,33.890837
Series_7,1.066909,33.740515
Series_7,1.067700,33.612241
Series_7,1.068490,33.509395
Series_7,1.069280,33.433586
Series_7,1.070070,33.384576
Series_7,1.070860,33.361169
Series_7,1.071651,33.360625
Series_7,1.072441,33.379407
Series_7,1.073231,33.413880
Series_7,1.074021,33.460519
Series_7,1.074811,33.516221
Series_7,1.075602,33.578051
Series_7,1.076392,33.642294
Series_7,1.077182,33.704279
Series_7,1.077972,33.759925
Series_7,1.078762,33.805848
Series_7,1.079553,33.839310
Series_7,1.080343,33.859015
Series_7,1.081133,33.864959
Series_7,1.081923,33.858221
Series_7,1.082713,33.840908
Series_7,1.083504,33.816489
Series_7,1.084294,33.787715
Series_7,1.085084,33.756502
Series_7,1.085874,33.724328
Series_7,1.086664,33.692545
Series_7,1.087455,33.662100
Series_7,1.088245,33.633601
Series_7,1.089035,33.608044
Series_7,1.089825,33.586938
Series_7,1.090616,33.571554
Series_7,1.091406,33.563023
Series_7,1.092196,33.562312
Series_7,1.092986,33.570220
Series_7,1.093776,33.587157
Series_7,1.094567,33.613108
Series_7,1.095357,33.647204
Series_7,1.096147,33.688358
Series_7,1.096937,33.736922
Series_7,1.097727,33.794935
Series_7,1.098518,33.866070
Series_7,1.099308,33.954705
Series_7,1.100098,34.065025
Series_7,1.100888,34.199783
Series_7,1.101678,34.359408
Series_7,1.102469,34.541995
Series_7,1.103259,34.744098
Series_7,1.104049,34.962096
Series_7,1.104839,35.191847
Series_7,1.105629,35.429492
Series_7,1.106420,35.671080
Series_7,1.107210,35.912990
Series_7,1.108000,36.151475
Series_7,1.108790,36.382703
Series_7,1.109580,36.605277
Series_7,1.110371,36.819267
Series_7,1.111161,37.025683
Series_7,1.111951,37.225885
Series_7,1.112741,37.422127
Series_7,1.113531,37.616797
